customer_id,signup_date,state,region,customer_segment
C00001,2023-10-21,SP,Sudeste,Mass Market
C00002,2022-07-02,ES,Sudeste,Intermediário
C00003,2025-03-21,MG,Sudeste,Mass Market
C00004,2022-01-06,SC,Sul,Mass Market
C00005,2025-09-09,MS,Centro-Oeste,Mass Market
C00006,2024-03-03,CE,Nordeste,Mass Market
C00007,2024-08-03,MA,Nordeste,Intermediário
C00008,2023-12-15,SP,Sudeste,Intermediário
C00009,2022-07-04,PR,Sul,Mass Market
C00010,2024-05-06,PR,Sul,Intermediário
C00011,2024-11-07,PR,Sul,Intermediário
C00012,2025-04-19,GO,Centro-Oeste,Mass Market
C00013,2023-11-22,MG,Sudeste,Mass Market
C00014,2025-11-08,BA,Nordeste,Intermediário
C00015,2025-02-10,MG,Sudeste,Mass Market
C00016,2025-12-28,SP,Sudeste,Intermediário
C00017,2025-09-18,PR,Sul,Mass Market
C00018,2023-06-27,RS,Sul,Intermediário
C00019,2023-11-24,SP,Sudeste,Mass Market
C00020,2025-06-02,MT,Centro-Oeste,Mass Market
C00021,2025-01-24,RJ,Sudeste,Intermediário
C00022,2025-02-10,RJ,Sudeste,Intermediário
C00023,2022-12-12,PE,Nordeste,Mass Market
C00024,2025-10-24,RJ,Sudeste,Mass Market
C00025,2023-11-18,PR,Sul,Intermediário
C00026,2025-03-10,PE,Nordeste,Intermediário
C00027,2024-03-01,RN,Nordeste,Intermediário
C00028,2022-07-26,MG,Sudeste,Mass Market
C00029,2024-07-24,RN,Nordeste,Mass Market
C00030,2023-02-25,RJ,Sudeste,Mass Market
C00031,2025-11-04,RS,Sul,Mass Market
C00032,2023-11-04,PE,Nordeste,Mass Market
C00033,2024-06-02,MT,Centro-Oeste,Mass Market
C00034,2025-01-10,SP,Sudeste,Intermediário
C00035,2024-08-16,MG,Sudeste,Mass Market
C00036,2024-02-05,SP,Sudeste,Intermediário
C00037,2025-03-07,ES,Sudeste,Intermediário
C00038,2025-01-07,MG,Sudeste,Intermediário
C00039,2023-02-02,TO,Norte,Mass Market
C00040,2022-09-03,PA,Norte,Intermediário
C00041,2024-03-09,RJ,Sudeste,Intermediário
C00042,2024-07-14,MG,Sudeste,Mass Market
C00043,2024-09-10,BA,Nordeste,Mass Market
C00044,2022-06-23,MG,Sudeste,Mass Market
C00045,2022-07-25,CE,Nordeste,Mass Market
C00046,2023-10-05,MS,Centro-Oeste,Premium
C00047,2023-10-12,RJ,Sudeste,Mass Market
C00048,2022-04-20,SP,Sudeste,Intermediário
C00049,2023-04-22,PA,Norte,Mass Market
C00050,2022-04-12,RS,Sul,Mass Market
C00051,2023-08-27,GO,Centro-Oeste,Intermediário
C00052,2023-06-27,DF,Centro-Oeste,Intermediário
C00053,2022-02-25,MS,Centro-Oeste,Mass Market
C00054,2025-10-28,RJ,Sudeste,Mass Market
C00055,2024-08-29,SP,Sudeste,Intermediário
C00056,2022-06-02,SC,Sul,Mass Market
C00057,2024-10-05,SC,Sul,Mass Market
C00058,2025-10-28,RJ,Sudeste,Mass Market
C00059,2022-12-04,SC,Sul,Mass Market
C00060,2025-09-22,RS,Sul,Intermediário
C00061,2024-04-27,MG,Sudeste,Intermediário
C00062,2022-07-29,PB,Nordeste,Mass Market
C00063,2023-03-20,AC,Norte,Mass Market
C00064,2025-09-22,RJ,Sudeste,Intermediário
C00065,2025-03-20,RS,Sul,Mass Market
C00066,2024-02-11,GO,Centro-Oeste,Mass Market
C00067,2025-08-19,ES,Sudeste,Mass Market
C00068,2024-02-28,MS,Centro-Oeste,Mass Market
C00069,2024-08-07,SP,Sudeste,Intermediário
C00070,2023-05-29,PR,Sul,Mass Market
C00071,2024-06-20,MG,Sudeste,Premium
C00072,2022-08-10,RO,Norte,Mass Market
C00073,2025-09-18,BA,Nordeste,Mass Market
C00074,2022-07-15,MA,Nordeste,Intermediário
C00075,2023-11-11,MG,Sudeste,Intermediário
C00076,2025-05-25,PB,Nordeste,Mass Market
C00077,2022-05-27,MG,Sudeste,Mass Market
C00078,2022-12-06,SP,Sudeste,Intermediário
C00079,2023-07-07,SP,Sudeste,Mass Market
C00080,2024-03-26,SP,Sudeste,Mass Market
C00081,2023-01-13,MT,Centro-Oeste,Mass Market
C00082,2025-01-22,DF,Centro-Oeste,Mass Market
C00083,2024-07-17,MA,Nordeste,Mass Market
C00084,2024-04-14,SP,Sudeste,Mass Market
C00085,2023-02-04,RS,Sul,Premium
C00086,2024-04-25,CE,Nordeste,Mass Market
C00087,2025-05-01,RJ,Sudeste,Intermediário
C00088,2022-06-14,SP,Sudeste,Intermediário
C00089,2024-11-20,MG,Sudeste,Mass Market
C00090,2024-10-07,SC,Sul,Mass Market
C00091,2023-07-17,BA,Nordeste,Mass Market
C00092,2025-05-21,MT,Centro-Oeste,Mass Market
C00093,2025-06-18,RJ,Sudeste,Intermediário
C00094,2023-08-15,MG,Sudeste,Mass Market
C00095,2023-11-13,RJ,Sudeste,Mass Market
C00096,2025-02-08,MG,Sudeste,Mass Market
C00097,2022-06-25,PR,Sul,Mass Market
C00098,2022-06-19,MT,Centro-Oeste,Mass Market
C00099,2022-12-04,PR,Sul,Mass Market
C00100,2025-05-25,SP,Sudeste,Mass Market
C00101,2024-06-25,RS,Sul,Mass Market
C00102,2022-10-11,MG,Sudeste,Intermediário
C00103,2024-02-15,PA,Norte,Intermediário
C00104,2024-08-06,MS,Centro-Oeste,Mass Market
C00105,2025-05-28,MT,Centro-Oeste,Intermediário
C00106,2023-12-24,SP,Sudeste,Mass Market
C00107,2023-04-26,MS,Centro-Oeste,Intermediário
C00108,2025-09-19,ES,Sudeste,Mass Market
C00109,2025-03-04,SP,Sudeste,Mass Market
C00110,2025-08-26,SP,Sudeste,Mass Market
C00111,2025-03-10,SP,Sudeste,Intermediário
C00112,2022-10-24,MG,Sudeste,Mass Market
C00113,2024-03-16,SE,Nordeste,Intermediário
C00114,2025-08-16,ES,Sudeste,Premium
C00115,2024-07-17,SP,Sudeste,Mass Market
C00116,2023-12-23,PE,Nordeste,Intermediário
C00117,2024-10-04,GO,Centro-Oeste,Mass Market
C00118,2022-07-18,SC,Sul,Intermediário
C00119,2023-04-21,SP,Sudeste,Mass Market
C00120,2025-02-21,PA,Norte,Mass Market
C00121,2024-03-02,SC,Sul,Mass Market
C00122,2023-01-03,PR,Sul,Intermediário
C00123,2023-03-30,AC,Norte,Premium
C00124,2024-09-01,RJ,Sudeste,Intermediário
C00125,2024-01-21,SP,Sudeste,Premium
C00126,2023-12-07,MA,Nordeste,Mass Market
C00127,2024-03-15,MT,Centro-Oeste,Intermediário
C00128,2024-05-18,ES,Sudeste,Mass Market
C00129,2024-04-13,SE,Nordeste,Mass Market
C00130,2022-07-31,SP,Sudeste,Intermediário
C00131,2022-12-08,GO,Centro-Oeste,Mass Market
C00132,2023-09-26,RJ,Sudeste,Premium
C00133,2025-10-28,MG,Sudeste,Premium
C00134,2025-12-31,SP,Sudeste,Mass Market
C00135,2022-10-24,SC,Sul,Intermediário
C00136,2022-12-22,MG,Sudeste,Mass Market
C00137,2023-08-10,MG,Sudeste,Mass Market
C00138,2025-08-01,AM,Norte,Mass Market
C00139,2023-07-16,RJ,Sudeste,Mass Market
C00140,2024-02-14,PR,Sul,Mass Market
C00141,2025-10-09,SP,Sudeste,Premium
C00142,2023-07-03,SP,Sudeste,Mass Market
C00143,2022-12-08,SC,Sul,Mass Market
C00144,2023-10-11,SP,Sudeste,Premium
C00145,2023-10-13,MG,Sudeste,Intermediário
C00146,2025-01-03,SP,Sudeste,Mass Market
C00147,2025-08-11,RJ,Sudeste,Mass Market
C00148,2022-04-26,SP,Sudeste,Mass Market
C00149,2023-02-26,MG,Sudeste,Mass Market
C00150,2022-06-24,SP,Sudeste,Premium
C00151,2025-01-07,MG,Sudeste,Mass Market
C00152,2025-12-08,SP,Sudeste,Intermediário
C00153,2022-03-14,MG,Sudeste,Mass Market
C00154,2022-02-07,RJ,Sudeste,Intermediário
C00155,2025-04-25,SC,Sul,Mass Market
C00156,2025-05-28,MS,Centro-Oeste,Mass Market
C00157,2025-03-02,SP,Sudeste,Mass Market
C00158,2023-06-04,SC,Sul,Intermediário
C00159,2022-08-20,MG,Sudeste,Intermediário
C00160,2022-07-16,RS,Sul,Premium
C00161,2025-01-22,SP,Sudeste,Mass Market
C00162,2022-10-25,GO,Centro-Oeste,Mass Market
C00163,2024-07-13,RS,Sul,Intermediário
C00164,2022-01-02,RJ,Sudeste,Intermediário
C00165,2025-08-04,MG,Sudeste,Mass Market
C00166,2022-04-01,MG,Sudeste,Mass Market
C00167,2023-01-06,SP,Sudeste,Intermediário
C00168,2025-04-21,SC,Sul,Intermediário
C00169,2025-03-26,ES,Sudeste,Intermediário
C00170,2025-02-10,SP,Sudeste,Premium
C00171,2024-12-21,RJ,Sudeste,Mass Market
C00172,2024-06-13,PA,Norte,Mass Market
C00173,2025-08-01,ES,Sudeste,Intermediário
C00174,2024-07-10,PR,Sul,Mass Market
C00175,2022-02-02,SP,Sudeste,Intermediário
C00176,2024-12-24,MG,Sudeste,Mass Market
C00177,2022-05-15,RJ,Sudeste,Intermediário
C00178,2025-11-06,RS,Sul,Intermediário
C00179,2022-06-06,SP,Sudeste,Intermediário
C00180,2023-08-15,RS,Sul,Mass Market
C00181,2024-06-24,PR,Sul,Mass Market
C00182,2025-04-30,PI,Nordeste,Premium
C00183,2023-11-19,GO,Centro-Oeste,Intermediário
C00184,2025-01-26,MG,Sudeste,Premium
C00185,2022-03-13,MG,Sudeste,Mass Market
C00186,2024-09-24,RJ,Sudeste,Intermediário
C00187,2024-06-13,BA,Nordeste,Intermediário
C00188,2025-01-15,RS,Sul,Mass Market
C00189,2025-08-12,MG,Sudeste,Intermediário
C00190,2024-12-08,MG,Sudeste,Mass Market
C00191,2022-04-22,RJ,Sudeste,Mass Market
C00192,2022-09-08,PE,Nordeste,Mass Market
C00193,2025-05-14,RN,Nordeste,Mass Market
C00194,2023-08-19,PB,Nordeste,Premium
C00195,2025-04-07,ES,Sudeste,Intermediário
C00196,2025-11-22,ES,Sudeste,Mass Market
C00197,2024-05-11,RJ,Sudeste,Mass Market
C00198,2023-01-11,SP,Sudeste,Mass Market
C00199,2025-11-13,RS,Sul,Intermediário
C00200,2022-09-04,RJ,Sudeste,Intermediário
C00201,2023-05-24,GO,Centro-Oeste,Intermediário
C00202,2022-11-26,RR,Norte,Premium
C00203,2023-08-02,SP,Sudeste,Mass Market
C00204,2022-08-14,MT,Centro-Oeste,Intermediário
C00205,2022-05-05,SP,Sudeste,Mass Market
C00206,2025-09-06,PR,Sul,Mass Market
C00207,2025-06-26,AL,Nordeste,Mass Market
C00208,2023-02-17,PR,Sul,Mass Market
C00209,2024-09-03,RJ,Sudeste,Mass Market
C00210,2025-01-24,MS,Centro-Oeste,Mass Market
C00211,2024-05-01,SP,Sudeste,Premium
C00212,2025-10-18,CE,Nordeste,Intermediário
C00213,2022-05-07,TO,Norte,Intermediário
C00214,2023-03-24,RS,Sul,Mass Market
C00215,2024-12-17,SC,Sul,Mass Market
C00216,2025-07-05,CE,Nordeste,Mass Market
C00217,2022-12-21,PA,Norte,Mass Market
C00218,2025-06-22,MG,Sudeste,Intermediário
C00219,2023-06-03,BA,Nordeste,Intermediário
C00220,2025-09-29,MG,Sudeste,Intermediário
C00221,2023-10-23,PA,Norte,Mass Market
C00222,2022-08-21,MS,Centro-Oeste,Premium
C00223,2022-05-09,PB,Nordeste,Mass Market
C00224,2025-08-07,GO,Centro-Oeste,Mass Market
C00225,2023-07-03,MG,Sudeste,Mass Market
C00226,2024-09-17,MT,Centro-Oeste,Mass Market
C00227,2022-08-19,SC,Sul,Mass Market
C00228,2024-02-24,PA,Norte,Mass Market
C00229,2024-12-10,RJ,Sudeste,Intermediário
C00230,2022-09-25,ES,Sudeste,Intermediário
C00231,2022-10-11,SP,Sudeste,Intermediário
C00232,2025-07-29,MT,Centro-Oeste,Mass Market
C00233,2024-01-31,RJ,Sudeste,Intermediário
C00234,2022-08-13,SP,Sudeste,Intermediário
C00235,2024-09-02,RJ,Sudeste,Intermediário
C00236,2024-03-28,SC,Sul,Intermediário
C00237,2025-09-09,RN,Nordeste,Premium
C00238,2024-10-14,SC,Sul,Mass Market
C00239,2025-07-06,PE,Nordeste,Mass Market
C00240,2022-07-26,GO,Centro-Oeste,Mass Market
C00241,2023-07-06,RS,Sul,Intermediário
C00242,2023-11-16,RJ,Sudeste,Mass Market
C00243,2022-01-23,SP,Sudeste,Mass Market
C00244,2025-04-07,RS,Sul,Mass Market
C00245,2024-05-04,GO,Centro-Oeste,Mass Market
C00246,2024-03-22,SP,Sudeste,Mass Market
C00247,2023-06-11,MG,Sudeste,Intermediário
C00248,2024-04-13,AC,Norte,Premium
C00249,2022-06-06,BA,Nordeste,Mass Market
C00250,2022-05-17,SP,Sudeste,Mass Market
C00251,2022-06-20,SE,Nordeste,Mass Market
C00252,2024-01-16,SP,Sudeste,Mass Market
C00253,2023-01-06,RR,Norte,Mass Market
C00254,2023-09-11,SC,Sul,Mass Market
C00255,2024-09-03,PE,Nordeste,Mass Market
C00256,2025-11-16,RS,Sul,Intermediário
C00257,2025-06-12,PR,Sul,Mass Market
C00258,2022-08-16,SP,Sudeste,Mass Market
C00259,2023-02-05,SP,Sudeste,Mass Market
C00260,2025-01-28,RN,Nordeste,Intermediário
C00261,2024-11-28,SP,Sudeste,Intermediário
C00262,2023-03-19,BA,Nordeste,Mass Market
C00263,2025-06-11,RJ,Sudeste,Mass Market
C00264,2025-03-03,MG,Sudeste,Mass Market
C00265,2025-01-23,RR,Norte,Intermediário
C00266,2025-01-26,RS,Sul,Mass Market
C00267,2024-01-31,DF,Centro-Oeste,Mass Market
C00268,2023-10-28,MT,Centro-Oeste,Mass Market
C00269,2022-06-15,SP,Sudeste,Mass Market
C00270,2023-06-05,SP,Sudeste,Intermediário
C00271,2022-04-04,MG,Sudeste,Intermediário
C00272,2025-05-01,CE,Nordeste,Intermediário
C00273,2023-02-03,MT,Centro-Oeste,Intermediário
C00274,2025-10-10,AL,Nordeste,Mass Market
C00275,2025-08-16,GO,Centro-Oeste,Mass Market
C00276,2024-11-30,MG,Sudeste,Mass Market
C00277,2023-02-16,MS,Centro-Oeste,Intermediário
C00278,2025-03-24,RJ,Sudeste,Mass Market
C00279,2023-07-16,SP,Sudeste,Mass Market
C00280,2022-07-15,ES,Sudeste,Mass Market
C00281,2023-07-18,RS,Sul,Mass Market
C00282,2025-09-05,RJ,Sudeste,Mass Market
C00283,2025-03-10,MG,Sudeste,Intermediário
C00284,2024-09-25,SP,Sudeste,Mass Market
C00285,2024-08-01,SP,Sudeste,Intermediário
C00286,2024-09-27,RS,Sul,Mass Market
C00287,2024-01-07,SP,Sudeste,Intermediário
C00288,2024-04-01,SE,Nordeste,Mass Market
C00289,2025-10-26,MG,Sudeste,Mass Market
C00290,2024-05-31,PR,Sul,Mass Market
C00291,2023-11-10,SP,Sudeste,Intermediário
C00292,2024-09-11,MS,Centro-Oeste,Premium
C00293,2024-06-20,RJ,Sudeste,Intermediário
C00294,2022-09-30,GO,Centro-Oeste,Intermediário
C00295,2022-11-21,RS,Sul,Mass Market
C00296,2024-07-07,MT,Centro-Oeste,Intermediário
C00297,2025-06-23,GO,Centro-Oeste,Mass Market
C00298,2023-06-11,RJ,Sudeste,Mass Market
C00299,2024-01-29,SP,Sudeste,Mass Market
C00300,2025-11-20,SP,Sudeste,Premium
C00301,2025-10-29,SP,Sudeste,Mass Market
C00302,2025-07-23,GO,Centro-Oeste,Mass Market
C00303,2023-05-22,MG,Sudeste,Mass Market
C00304,2024-12-17,PB,Nordeste,Intermediário
C00305,2023-02-21,GO,Centro-Oeste,Intermediário
C00306,2022-07-27,GO,Centro-Oeste,Mass Market
C00307,2022-09-11,BA,Nordeste,Intermediário
C00308,2023-12-03,SP,Sudeste,Premium
C00309,2023-05-07,AL,Nordeste,Mass Market
C00310,2025-07-09,SP,Sudeste,Mass Market
C00311,2022-02-05,SP,Sudeste,Mass Market
C00312,2022-10-06,PE,Nordeste,Intermediário
C00313,2023-02-28,MG,Sudeste,Intermediário
C00314,2022-05-25,GO,Centro-Oeste,Mass Market
C00315,2022-02-11,MG,Sudeste,Mass Market
C00316,2024-08-22,AC,Norte,Mass Market
C00317,2022-03-06,AL,Nordeste,Mass Market
C00318,2022-04-11,MT,Centro-Oeste,Mass Market
C00319,2024-11-25,PA,Norte,Mass Market
C00320,2023-04-08,AL,Nordeste,Premium
C00321,2024-03-04,RJ,Sudeste,Mass Market
C00322,2025-09-23,DF,Centro-Oeste,Intermediário
C00323,2023-06-23,RN,Nordeste,Intermediário
C00324,2022-02-24,BA,Nordeste,Mass Market
C00325,2022-05-01,SC,Sul,Intermediário
C00326,2023-06-06,SP,Sudeste,Mass Market
C00327,2025-09-28,PE,Nordeste,Premium
C00328,2024-10-08,RS,Sul,Intermediário
C00329,2022-06-14,PE,Nordeste,Premium
C00330,2023-07-03,SP,Sudeste,Intermediário
C00331,2025-03-05,MA,Nordeste,Mass Market
C00332,2024-05-28,RN,Nordeste,Intermediário
C00333,2024-03-02,PA,Norte,Mass Market
C00334,2023-05-03,RS,Sul,Intermediário
C00335,2023-02-07,SC,Sul,Mass Market
C00336,2024-09-06,RJ,Sudeste,Mass Market
C00337,2025-03-08,SP,Sudeste,Intermediário
C00338,2024-09-20,SP,Sudeste,Mass Market
C00339,2022-12-13,DF,Centro-Oeste,Intermediário
C00340,2025-08-19,SC,Sul,Intermediário
C00341,2024-02-14,SP,Sudeste,Mass Market
C00342,2022-02-01,SC,Sul,Mass Market
C00343,2024-11-11,MA,Nordeste,Intermediário
C00344,2025-09-06,PA,Norte,Mass Market
C00345,2025-07-25,SP,Sudeste,Mass Market
C00346,2025-01-19,PA,Norte,Intermediário
C00347,2024-09-19,MA,Nordeste,Mass Market
C00348,2025-02-19,RJ,Sudeste,Mass Market
C00349,2024-08-20,PE,Nordeste,Mass Market
C00350,2025-02-22,MT,Centro-Oeste,Intermediário
C00351,2024-01-30,RJ,Sudeste,Premium
C00352,2025-01-21,MG,Sudeste,Intermediário
C00353,2024-12-27,PR,Sul,Mass Market
C00354,2022-04-16,CE,Nordeste,Premium
C00355,2024-04-09,MG,Sudeste,Intermediário
C00356,2024-01-20,PA,Norte,Mass Market
C00357,2023-04-11,BA,Nordeste,Intermediário
C00358,2022-01-11,SP,Sudeste,Mass Market
C00359,2024-02-20,PE,Nordeste,Intermediário
C00360,2025-08-19,PA,Norte,Mass Market
C00361,2025-02-21,SC,Sul,Mass Market
C00362,2022-05-26,GO,Centro-Oeste,Intermediário
C00363,2022-10-12,ES,Sudeste,Mass Market
C00364,2023-07-30,SP,Sudeste,Mass Market
C00365,2023-09-20,RJ,Sudeste,Mass Market
C00366,2023-08-11,BA,Nordeste,Intermediário
C00367,2023-06-24,RJ,Sudeste,Mass Market
C00368,2025-07-03,SP,Sudeste,Premium
C00369,2023-06-26,PI,Nordeste,Premium
C00370,2025-04-26,SP,Sudeste,Mass Market
C00371,2023-12-11,SC,Sul,Premium
C00372,2025-05-28,RN,Nordeste,Mass Market
C00373,2023-05-11,MG,Sudeste,Mass Market
C00374,2024-09-26,PA,Norte,Mass Market
C00375,2025-04-05,RJ,Sudeste,Mass Market
C00376,2023-05-19,RS,Sul,Mass Market
C00377,2022-06-20,RS,Sul,Intermediário
C00378,2025-11-27,RJ,Sudeste,Mass Market
C00379,2024-03-11,MG,Sudeste,Mass Market
C00380,2025-06-13,SP,Sudeste,Premium
C00381,2022-10-26,MT,Centro-Oeste,Intermediário
C00382,2022-07-20,PR,Sul,Mass Market
C00383,2022-11-14,CE,Nordeste,Mass Market
C00384,2023-04-20,PE,Nordeste,Mass Market
C00385,2022-11-05,PI,Nordeste,Intermediário
C00386,2024-04-23,BA,Nordeste,Mass Market
C00387,2022-06-01,SP,Sudeste,Mass Market
C00388,2022-06-16,SP,Sudeste,Intermediário
C00389,2025-10-28,RJ,Sudeste,Intermediário
C00390,2025-10-23,RJ,Sudeste,Mass Market
C00391,2023-03-12,SC,Sul,Mass Market
C00392,2022-01-14,MT,Centro-Oeste,Mass Market
C00393,2023-04-15,SP,Sudeste,Mass Market
C00394,2023-03-10,MG,Sudeste,Intermediário
C00395,2023-11-10,SP,Sudeste,Mass Market
C00396,2022-12-15,BA,Nordeste,Mass Market
C00397,2025-08-26,RS,Sul,Premium
C00398,2023-01-02,SP,Sudeste,Intermediário
C00399,2025-08-30,PB,Nordeste,Mass Market
C00400,2022-09-30,PR,Sul,Premium
C00401,2023-08-15,CE,Nordeste,Intermediário
C00402,2023-06-25,PR,Sul,Mass Market
C00403,2022-10-02,RJ,Sudeste,Mass Market
C00404,2025-08-19,MS,Centro-Oeste,Mass Market
C00405,2024-03-22,SP,Sudeste,Premium
C00406,2023-08-17,SC,Sul,Mass Market
C00407,2024-06-25,MG,Sudeste,Intermediário
C00408,2022-12-04,RS,Sul,Mass Market
C00409,2023-08-19,MG,Sudeste,Mass Market
C00410,2022-12-08,PR,Sul,Intermediário
C00411,2023-04-14,MT,Centro-Oeste,Intermediário
C00412,2025-03-17,SP,Sudeste,Mass Market
C00413,2025-03-11,BA,Nordeste,Mass Market
C00414,2022-07-19,AP,Norte,Mass Market
C00415,2025-03-07,RJ,Sudeste,Intermediário
C00416,2025-03-29,MS,Centro-Oeste,Intermediário
C00417,2023-08-13,RJ,Sudeste,Intermediário
C00418,2024-06-01,SC,Sul,Intermediário
C00419,2024-02-20,RJ,Sudeste,Mass Market
C00420,2025-10-15,MS,Centro-Oeste,Mass Market
C00421,2022-09-03,SP,Sudeste,Mass Market
C00422,2024-12-23,SP,Sudeste,Intermediário
C00423,2023-10-08,AL,Nordeste,Intermediário
C00424,2022-07-14,PA,Norte,Intermediário
C00425,2024-04-12,SP,Sudeste,Mass Market
C00426,2025-12-10,RS,Sul,Premium
C00427,2022-01-05,SP,Sudeste,Intermediário
C00428,2025-12-21,PB,Nordeste,Intermediário
C00429,2024-09-30,RJ,Sudeste,Mass Market
C00430,2023-12-25,MS,Centro-Oeste,Mass Market
C00431,2025-07-21,PE,Nordeste,Premium
C00432,2023-09-05,AC,Norte,Mass Market
C00433,2022-05-15,PA,Norte,Intermediário
C00434,2022-11-05,GO,Centro-Oeste,Mass Market
C00435,2024-08-05,CE,Nordeste,Mass Market
C00436,2022-01-01,SP,Sudeste,Intermediário
C00437,2024-03-30,RJ,Sudeste,Intermediário
C00438,2022-07-19,MG,Sudeste,Mass Market
C00439,2023-07-08,BA,Nordeste,Mass Market
C00440,2023-10-20,SP,Sudeste,Intermediário
C00441,2022-03-30,GO,Centro-Oeste,Mass Market
C00442,2024-04-20,CE,Nordeste,Mass Market
C00443,2024-10-10,SP,Sudeste,Mass Market
C00444,2025-07-28,SP,Sudeste,Intermediário
C00445,2023-09-04,SP,Sudeste,Premium
C00446,2023-08-23,MG,Sudeste,Mass Market
C00447,2023-02-04,MS,Centro-Oeste,Mass Market
C00448,2024-06-23,SP,Sudeste,Mass Market
C00449,2022-11-16,CE,Nordeste,Premium
C00450,2022-11-23,MG,Sudeste,Intermediário
C00451,2023-08-20,PB,Nordeste,Mass Market
C00452,2022-02-01,SP,Sudeste,Intermediário
C00453,2024-12-04,MS,Centro-Oeste,Mass Market
C00454,2024-12-24,ES,Sudeste,Mass Market
C00455,2024-01-31,PE,Nordeste,Premium
C00456,2022-11-21,MG,Sudeste,Mass Market
C00457,2024-08-15,BA,Nordeste,Mass Market
C00458,2022-03-18,SP,Sudeste,Intermediário
C00459,2022-10-05,MG,Sudeste,Mass Market
C00460,2024-01-25,MS,Centro-Oeste,Mass Market
C00461,2023-12-04,PI,Nordeste,Intermediário
C00462,2023-05-05,PR,Sul,Mass Market
C00463,2022-10-10,SP,Sudeste,Intermediário
C00464,2023-05-15,MT,Centro-Oeste,Intermediário
C00465,2024-10-17,BA,Nordeste,Mass Market
C00466,2025-05-14,RS,Sul,Intermediário
C00467,2025-05-07,RJ,Sudeste,Mass Market
C00468,2022-09-17,MA,Nordeste,Mass Market
C00469,2025-07-20,SP,Sudeste,Mass Market
C00470,2022-12-22,RJ,Sudeste,Mass Market
C00471,2024-09-20,GO,Centro-Oeste,Mass Market
C00472,2025-06-09,SP,Sudeste,Mass Market
C00473,2025-09-29,SP,Sudeste,Mass Market
C00474,2024-09-11,GO,Centro-Oeste,Mass Market
C00475,2022-10-11,PR,Sul,Mass Market
C00476,2025-07-16,MG,Sudeste,Mass Market
C00477,2024-11-23,RS,Sul,Mass Market
C00478,2023-03-17,GO,Centro-Oeste,Intermediário
C00479,2025-11-25,SP,Sudeste,Mass Market
C00480,2024-07-23,PB,Nordeste,Mass Market
C00481,2023-05-08,RJ,Sudeste,Intermediário
C00482,2024-07-26,SE,Nordeste,Mass Market
C00483,2025-08-21,PA,Norte,Mass Market
C00484,2023-12-06,SP,Sudeste,Mass Market
C00485,2025-04-01,GO,Centro-Oeste,Intermediário
C00486,2023-08-18,BA,Nordeste,Intermediário
C00487,2022-11-23,PR,Sul,Mass Market
C00488,2023-06-19,SP,Sudeste,Mass Market
C00489,2024-06-05,RS,Sul,Mass Market
C00490,2023-10-19,BA,Nordeste,Mass Market
C00491,2024-05-01,MS,Centro-Oeste,Mass Market
C00492,2024-10-14,PR,Sul,Mass Market
C00493,2023-03-11,RS,Sul,Intermediário
C00494,2025-08-27,PE,Nordeste,Mass Market
C00495,2022-04-26,MG,Sudeste,Intermediário
C00496,2022-06-13,BA,Nordeste,Intermediário
C00497,2025-06-23,BA,Nordeste,Mass Market
C00498,2022-10-22,RJ,Sudeste,Mass Market
C00499,2022-08-14,SP,Sudeste,Mass Market
C00500,2022-01-31,RJ,Sudeste,Intermediário
C00501,2025-09-24,MG,Sudeste,Mass Market
C00502,2022-08-09,PA,Norte,Premium
C00503,2022-02-28,AP,Norte,Mass Market
C00504,2024-09-12,AL,Nordeste,Intermediário
C00505,2022-05-21,ES,Sudeste,Mass Market
C00506,2025-04-21,ES,Sudeste,Mass Market
C00507,2025-08-13,MG,Sudeste,Mass Market
C00508,2022-08-28,MG,Sudeste,Mass Market
C00509,2023-04-15,SP,Sudeste,Intermediário
C00510,2024-11-25,RJ,Sudeste,Mass Market
C00511,2025-02-28,PA,Norte,Mass Market
C00512,2023-10-02,SP,Sudeste,Mass Market
C00513,2025-01-10,PE,Nordeste,Mass Market
C00514,2024-02-29,CE,Nordeste,Mass Market
C00515,2024-08-17,CE,Nordeste,Intermediário
C00516,2024-10-23,MG,Sudeste,Premium
C00517,2022-07-30,RS,Sul,Mass Market
C00518,2023-06-09,MA,Nordeste,Intermediário
C00519,2022-11-24,SC,Sul,Premium
C00520,2025-01-17,PE,Nordeste,Intermediário
C00521,2023-01-09,PE,Nordeste,Mass Market
C00522,2022-05-10,BA,Nordeste,Mass Market
C00523,2025-07-31,BA,Nordeste,Intermediário
C00524,2022-02-23,TO,Norte,Intermediário
C00525,2025-09-22,CE,Nordeste,Intermediário
C00526,2023-05-31,SP,Sudeste,Mass Market
C00527,2025-12-23,MG,Sudeste,Intermediário
C00528,2024-04-01,SP,Sudeste,Mass Market
C00529,2025-12-10,RJ,Sudeste,Intermediário
C00530,2024-04-28,PR,Sul,Intermediário
C00531,2024-05-27,DF,Centro-Oeste,Mass Market
C00532,2023-05-11,GO,Centro-Oeste,Mass Market
C00533,2025-10-19,RS,Sul,Mass Market
C00534,2023-04-05,PR,Sul,Mass Market
C00535,2023-06-09,MG,Sudeste,Intermediário
C00536,2025-02-21,SP,Sudeste,Mass Market
C00537,2022-02-06,PE,Nordeste,Intermediário
C00538,2025-06-06,MG,Sudeste,Mass Market
C00539,2024-04-20,SP,Sudeste,Mass Market
C00540,2022-08-21,MG,Sudeste,Mass Market
C00541,2022-07-31,MG,Sudeste,Mass Market
C00542,2023-02-15,RJ,Sudeste,Intermediário
C00543,2023-01-24,SP,Sudeste,Mass Market
C00544,2022-06-07,MG,Sudeste,Intermediário
C00545,2024-06-13,RS,Sul,Mass Market
C00546,2025-07-18,RS,Sul,Premium
C00547,2023-09-28,RS,Sul,Mass Market
C00548,2025-04-04,RJ,Sudeste,Mass Market
C00549,2024-07-09,RN,Nordeste,Mass Market
C00550,2022-02-04,PB,Nordeste,Intermediário
C00551,2024-07-16,PR,Sul,Mass Market
C00552,2024-03-13,SP,Sudeste,Mass Market
C00553,2022-12-13,MA,Nordeste,Mass Market
C00554,2022-10-21,DF,Centro-Oeste,Mass Market
C00555,2024-01-30,MS,Centro-Oeste,Mass Market
C00556,2022-09-18,MG,Sudeste,Mass Market
C00557,2023-12-01,SC,Sul,Mass Market
C00558,2024-07-02,RJ,Sudeste,Mass Market
C00559,2025-10-22,GO,Centro-Oeste,Mass Market
C00560,2025-11-30,SP,Sudeste,Intermediário
C00561,2025-07-20,PE,Nordeste,Mass Market
C00562,2024-02-14,SP,Sudeste,Premium
C00563,2022-04-08,SP,Sudeste,Premium
C00564,2024-03-03,DF,Centro-Oeste,Intermediário
C00565,2024-04-28,RN,Nordeste,Mass Market
C00566,2025-11-26,PR,Sul,Intermediário
C00567,2025-10-26,RS,Sul,Mass Market
C00568,2022-09-02,SP,Sudeste,Mass Market
C00569,2022-09-04,RJ,Sudeste,Mass Market
C00570,2023-10-17,SP,Sudeste,Mass Market
C00571,2024-09-20,ES,Sudeste,Mass Market
C00572,2022-12-24,SP,Sudeste,Mass Market
C00573,2024-02-29,PA,Norte,Mass Market
C00574,2024-07-13,RS,Sul,Mass Market
C00575,2023-01-30,MG,Sudeste,Intermediário
C00576,2022-02-17,PA,Norte,Mass Market
C00577,2025-02-23,BA,Nordeste,Mass Market
C00578,2022-08-06,RS,Sul,Premium
C00579,2024-02-15,RJ,Sudeste,Mass Market
C00580,2024-03-25,MG,Sudeste,Intermediário
C00581,2025-12-23,MT,Centro-Oeste,Mass Market
C00582,2024-04-24,RJ,Sudeste,Mass Market
C00583,2025-04-29,CE,Nordeste,Intermediário
C00584,2023-06-05,PE,Nordeste,Mass Market
C00585,2022-03-03,RS,Sul,Mass Market
C00586,2023-04-10,SP,Sudeste,Mass Market
C00587,2024-04-12,GO,Centro-Oeste,Mass Market
C00588,2023-11-04,SP,Sudeste,Mass Market
C00589,2023-06-12,RJ,Sudeste,Mass Market
C00590,2024-11-22,PA,Norte,Mass Market
C00591,2025-12-04,RS,Sul,Intermediário
C00592,2025-04-21,BA,Nordeste,Intermediário
C00593,2024-03-12,SP,Sudeste,Intermediário
C00594,2022-03-22,SE,Nordeste,Mass Market
C00595,2022-03-19,RN,Nordeste,Mass Market
C00596,2024-10-27,SP,Sudeste,Intermediário
C00597,2024-11-03,PE,Nordeste,Premium
C00598,2022-11-14,RJ,Sudeste,Intermediário
C00599,2025-04-21,PR,Sul,Mass Market
C00600,2024-05-28,RS,Sul,Mass Market
C00601,2025-06-03,BA,Nordeste,Intermediário
C00602,2024-11-21,TO,Norte,Mass Market
C00603,2023-02-20,RS,Sul,Mass Market
C00604,2025-04-08,MT,Centro-Oeste,Intermediário
C00605,2025-09-22,AP,Norte,Mass Market
C00606,2025-01-30,ES,Sudeste,Mass Market
C00607,2024-08-25,SP,Sudeste,Mass Market
C00608,2022-08-18,MG,Sudeste,Premium
C00609,2022-08-11,MG,Sudeste,Mass Market
C00610,2024-02-10,MG,Sudeste,Mass Market
C00611,2024-01-15,ES,Sudeste,Intermediário
C00612,2022-10-30,MA,Nordeste,Mass Market
C00613,2023-07-06,RJ,Sudeste,Mass Market
C00614,2023-09-16,SC,Sul,Mass Market
C00615,2025-03-31,RJ,Sudeste,Mass Market
C00616,2023-03-04,SP,Sudeste,Mass Market
C00617,2022-10-13,RJ,Sudeste,Mass Market
C00618,2022-04-17,SP,Sudeste,Intermediário
C00619,2025-10-06,PR,Sul,Mass Market
C00620,2025-05-13,ES,Sudeste,Mass Market
C00621,2022-11-29,GO,Centro-Oeste,Mass Market
C00622,2022-01-01,GO,Centro-Oeste,Mass Market
C00623,2024-01-09,CE,Nordeste,Mass Market
C00624,2025-02-02,RS,Sul,Intermediário
C00625,2025-06-07,RN,Nordeste,Mass Market
C00626,2024-10-27,RJ,Sudeste,Mass Market
C00627,2024-05-16,MG,Sudeste,Premium
C00628,2023-02-24,SC,Sul,Mass Market
C00629,2025-06-25,CE,Nordeste,Mass Market
C00630,2023-03-19,BA,Nordeste,Premium
C00631,2023-05-16,ES,Sudeste,Mass Market
C00632,2023-02-15,SC,Sul,Intermediário
C00633,2025-08-27,SP,Sudeste,Mass Market
C00634,2025-01-19,RS,Sul,Mass Market
C00635,2023-03-07,PE,Nordeste,Mass Market
C00636,2024-10-28,MS,Centro-Oeste,Intermediário
C00637,2023-02-10,RS,Sul,Mass Market
C00638,2022-06-28,GO,Centro-Oeste,Intermediário
C00639,2025-04-02,PB,Nordeste,Mass Market
C00640,2023-02-22,PR,Sul,Mass Market
C00641,2024-12-03,CE,Nordeste,Mass Market
C00642,2023-08-06,RS,Sul,Mass Market
C00643,2024-08-23,AM,Norte,Mass Market
C00644,2025-07-21,SP,Sudeste,Intermediário
C00645,2022-01-02,SP,Sudeste,Mass Market
C00646,2025-06-30,MT,Centro-Oeste,Premium
C00647,2022-04-14,SP,Sudeste,Mass Market
C00648,2023-06-10,SC,Sul,Mass Market
C00649,2022-02-09,MS,Centro-Oeste,Mass Market
C00650,2024-04-29,CE,Nordeste,Intermediário
C00651,2022-11-15,RJ,Sudeste,Premium
C00652,2025-05-07,PE,Nordeste,Mass Market
C00653,2023-08-09,RR,Norte,Mass Market
C00654,2022-07-19,RJ,Sudeste,Mass Market
C00655,2023-12-02,MG,Sudeste,Intermediário
C00656,2025-10-17,SC,Sul,Intermediário
C00657,2022-10-24,MG,Sudeste,Intermediário
C00658,2024-06-02,RN,Nordeste,Intermediário
C00659,2022-12-14,SP,Sudeste,Mass Market
C00660,2023-02-17,MG,Sudeste,Premium
C00661,2025-02-20,PR,Sul,Intermediário
C00662,2024-06-04,MG,Sudeste,Mass Market
C00663,2022-12-07,MS,Centro-Oeste,Mass Market
C00664,2024-06-13,MS,Centro-Oeste,Mass Market
C00665,2025-05-31,MG,Sudeste,Mass Market
C00666,2023-12-20,RJ,Sudeste,Mass Market
C00667,2024-08-09,SP,Sudeste,Premium
C00668,2025-02-23,BA,Nordeste,Intermediário
C00669,2023-01-02,MA,Nordeste,Mass Market
C00670,2025-05-21,CE,Nordeste,Intermediário
C00671,2024-03-06,SP,Sudeste,Mass Market
C00672,2023-05-03,BA,Nordeste,Mass Market
C00673,2022-08-17,MS,Centro-Oeste,Intermediário
C00674,2025-02-05,RJ,Sudeste,Intermediário
C00675,2025-07-20,MG,Sudeste,Mass Market
C00676,2023-08-04,SP,Sudeste,Intermediário
C00677,2023-02-15,RN,Nordeste,Premium
C00678,2025-03-06,PR,Sul,Premium
C00679,2022-12-07,CE,Nordeste,Intermediário
C00680,2022-06-29,RN,Nordeste,Mass Market
C00681,2023-12-15,BA,Nordeste,Mass Market
C00682,2022-09-29,MG,Sudeste,Intermediário
C00683,2023-10-28,RJ,Sudeste,Mass Market
C00684,2024-07-07,RS,Sul,Mass Market
C00685,2024-04-10,RS,Sul,Mass Market
C00686,2024-05-24,GO,Centro-Oeste,Mass Market
C00687,2022-02-09,SC,Sul,Mass Market
C00688,2024-10-05,MG,Sudeste,Mass Market
C00689,2023-04-27,ES,Sudeste,Mass Market
C00690,2024-11-14,BA,Nordeste,Mass Market
C00691,2023-11-15,RJ,Sudeste,Mass Market
C00692,2023-01-06,MT,Centro-Oeste,Mass Market
C00693,2022-03-23,PB,Nordeste,Mass Market
C00694,2025-11-19,SP,Sudeste,Mass Market
C00695,2024-07-14,SP,Sudeste,Mass Market
C00696,2025-07-21,RS,Sul,Intermediário
C00697,2023-07-05,PR,Sul,Mass Market
C00698,2023-11-12,SP,Sudeste,Intermediário
C00699,2022-02-16,RS,Sul,Mass Market
C00700,2024-09-23,AL,Nordeste,Intermediário
C00701,2023-06-25,GO,Centro-Oeste,Mass Market
C00702,2024-11-15,PR,Sul,Mass Market
C00703,2022-08-07,CE,Nordeste,Mass Market
C00704,2023-01-21,BA,Nordeste,Mass Market
C00705,2024-12-06,PR,Sul,Mass Market
C00706,2022-02-04,PR,Sul,Mass Market
C00707,2024-02-26,SP,Sudeste,Mass Market
C00708,2025-12-29,SC,Sul,Mass Market
C00709,2022-12-13,ES,Sudeste,Intermediário
C00710,2023-09-17,GO,Centro-Oeste,Premium
C00711,2025-10-23,MG,Sudeste,Mass Market
C00712,2024-09-28,RN,Nordeste,Mass Market
C00713,2024-05-15,MG,Sudeste,Intermediário
C00714,2024-07-05,SP,Sudeste,Intermediário
C00715,2023-05-01,GO,Centro-Oeste,Intermediário
C00716,2022-01-29,PR,Sul,Mass Market
C00717,2023-06-13,SP,Sudeste,Mass Market
C00718,2023-10-26,PR,Sul,Mass Market
C00719,2025-04-19,MG,Sudeste,Mass Market
C00720,2022-09-16,PE,Nordeste,Premium
C00721,2022-07-01,TO,Norte,Mass Market
C00722,2025-04-29,ES,Sudeste,Intermediário
C00723,2023-09-01,MS,Centro-Oeste,Mass Market
C00724,2022-09-14,RJ,Sudeste,Intermediário
C00725,2023-04-25,PE,Nordeste,Mass Market
C00726,2022-05-29,RO,Norte,Premium
C00727,2024-04-07,SC,Sul,Mass Market
C00728,2024-08-23,PA,Norte,Mass Market
C00729,2023-06-13,BA,Nordeste,Intermediário
C00730,2024-11-15,GO,Centro-Oeste,Mass Market
C00731,2023-11-25,RJ,Sudeste,Mass Market
C00732,2025-07-08,RJ,Sudeste,Intermediário
C00733,2023-06-24,BA,Nordeste,Mass Market
C00734,2025-04-27,SC,Sul,Mass Market
C00735,2023-12-16,RJ,Sudeste,Premium
C00736,2022-01-03,PR,Sul,Premium
C00737,2022-05-06,RS,Sul,Intermediário
C00738,2024-12-28,RJ,Sudeste,Mass Market
C00739,2025-11-02,SC,Sul,Intermediário
C00740,2023-01-26,GO,Centro-Oeste,Intermediário
C00741,2022-01-08,MG,Sudeste,Mass Market
C00742,2023-01-14,SC,Sul,Intermediário
C00743,2022-05-19,SC,Sul,Intermediário
C00744,2022-01-30,SP,Sudeste,Mass Market
C00745,2025-02-03,MG,Sudeste,Premium
C00746,2022-07-04,PR,Sul,Mass Market
C00747,2023-12-19,SC,Sul,Mass Market
C00748,2023-03-13,SP,Sudeste,Mass Market
C00749,2024-12-16,SP,Sudeste,Intermediário
C00750,2025-05-21,MG,Sudeste,Intermediário
C00751,2025-06-21,PA,Norte,Mass Market
C00752,2023-08-22,GO,Centro-Oeste,Intermediário
C00753,2025-10-04,PR,Sul,Mass Market
C00754,2023-03-07,SC,Sul,Mass Market
C00755,2023-06-19,SP,Sudeste,Intermediário
C00756,2025-08-10,AL,Nordeste,Mass Market
C00757,2025-09-11,SP,Sudeste,Mass Market
C00758,2025-12-18,SC,Sul,Mass Market
C00759,2024-11-08,SP,Sudeste,Mass Market
C00760,2022-12-17,SE,Nordeste,Intermediário
C00761,2024-10-01,SP,Sudeste,Intermediário
C00762,2024-06-05,SP,Sudeste,Intermediário
C00763,2025-03-20,CE,Nordeste,Intermediário
C00764,2022-11-03,MG,Sudeste,Intermediário
C00765,2025-09-19,MG,Sudeste,Intermediário
C00766,2025-07-07,SP,Sudeste,Intermediário
C00767,2025-04-29,PA,Norte,Mass Market
C00768,2025-06-11,SP,Sudeste,Mass Market
C00769,2022-03-28,PE,Nordeste,Mass Market
C00770,2022-08-31,RS,Sul,Mass Market
C00771,2025-09-12,PB,Nordeste,Mass Market
C00772,2024-01-05,MG,Sudeste,Premium
C00773,2023-07-09,PA,Norte,Mass Market
C00774,2023-02-27,RJ,Sudeste,Intermediário
C00775,2024-07-07,SP,Sudeste,Intermediário
C00776,2025-04-04,GO,Centro-Oeste,Mass Market
C00777,2022-04-22,ES,Sudeste,Mass Market
C00778,2022-06-19,SP,Sudeste,Mass Market
C00779,2024-04-05,RN,Nordeste,Intermediário
C00780,2022-04-06,BA,Nordeste,Mass Market
C00781,2024-02-07,RJ,Sudeste,Intermediário
C00782,2022-02-26,ES,Sudeste,Intermediário
C00783,2024-06-20,SP,Sudeste,Mass Market
C00784,2022-09-10,MS,Centro-Oeste,Mass Market
C00785,2023-11-30,MG,Sudeste,Premium
C00786,2022-03-21,SE,Nordeste,Mass Market
C00787,2025-08-03,RJ,Sudeste,Mass Market
C00788,2022-04-26,PR,Sul,Mass Market
C00789,2024-08-20,MG,Sudeste,Mass Market
C00790,2025-02-15,SP,Sudeste,Mass Market
C00791,2023-03-10,MG,Sudeste,Premium
C00792,2024-12-02,SP,Sudeste,Mass Market
C00793,2023-12-27,MA,Nordeste,Mass Market
C00794,2023-09-04,PB,Nordeste,Mass Market
C00795,2024-03-15,RS,Sul,Intermediário
C00796,2022-10-28,PB,Nordeste,Intermediário
C00797,2023-01-15,RS,Sul,Mass Market
C00798,2022-07-23,SP,Sudeste,Mass Market
C00799,2024-01-10,SC,Sul,Intermediário
C00800,2024-12-14,SP,Sudeste,Intermediário
C00801,2024-08-16,MS,Centro-Oeste,Mass Market
C00802,2025-12-23,SP,Sudeste,Intermediário
C00803,2025-01-21,SP,Sudeste,Mass Market
C00804,2022-09-26,BA,Nordeste,Mass Market
C00805,2025-11-28,RS,Sul,Intermediário
C00806,2022-11-25,MT,Centro-Oeste,Mass Market
C00807,2024-03-21,SP,Sudeste,Intermediário
C00808,2024-10-30,SP,Sudeste,Mass Market
C00809,2023-04-17,ES,Sudeste,Mass Market
C00810,2022-04-12,RJ,Sudeste,Intermediário
C00811,2023-07-05,MG,Sudeste,Mass Market
C00812,2025-12-13,SP,Sudeste,Mass Market
C00813,2023-02-28,PE,Nordeste,Intermediário
C00814,2024-01-23,MG,Sudeste,Mass Market
C00815,2025-07-18,PR,Sul,Mass Market
C00816,2024-12-29,SP,Sudeste,Mass Market
C00817,2024-10-12,GO,Centro-Oeste,Mass Market
C00818,2025-01-24,RJ,Sudeste,Mass Market
C00819,2023-03-26,AL,Nordeste,Intermediário
C00820,2024-10-20,MG,Sudeste,Intermediário
C00821,2023-08-12,PR,Sul,Mass Market
C00822,2023-03-02,SP,Sudeste,Premium
C00823,2024-04-12,RS,Sul,Mass Market
C00824,2022-07-13,SP,Sudeste,Premium
C00825,2022-08-23,TO,Norte,Mass Market
C00826,2023-06-23,MG,Sudeste,Mass Market
C00827,2022-05-14,SP,Sudeste,Premium
C00828,2025-10-27,PE,Nordeste,Mass Market
C00829,2023-10-19,DF,Centro-Oeste,Intermediário
C00830,2022-07-29,PE,Nordeste,Mass Market
C00831,2024-07-04,MG,Sudeste,Mass Market
C00832,2022-07-02,GO,Centro-Oeste,Mass Market
C00833,2025-07-26,SC,Sul,Mass Market
C00834,2022-06-04,RJ,Sudeste,Mass Market
C00835,2023-11-15,MS,Centro-Oeste,Intermediário
C00836,2023-04-08,RJ,Sudeste,Intermediário
C00837,2024-09-15,SP,Sudeste,Premium
C00838,2025-02-19,SP,Sudeste,Intermediário
C00839,2025-06-11,RS,Sul,Intermediário
C00840,2023-04-11,BA,Nordeste,Mass Market
C00841,2024-09-26,SC,Sul,Mass Market
C00842,2024-06-02,RJ,Sudeste,Intermediário
C00843,2023-10-19,MT,Centro-Oeste,Mass Market
C00844,2023-09-12,RS,Sul,Mass Market
C00845,2024-05-26,SP,Sudeste,Mass Market
C00846,2022-12-11,RS,Sul,Intermediário
C00847,2023-10-22,SP,Sudeste,Intermediário
C00848,2025-01-05,MG,Sudeste,Mass Market
C00849,2022-12-27,SP,Sudeste,Premium
C00850,2024-10-12,GO,Centro-Oeste,Intermediário
C00851,2023-03-07,RJ,Sudeste,Mass Market
C00852,2025-04-11,RS,Sul,Mass Market
C00853,2022-11-04,PE,Nordeste,Mass Market
C00854,2025-05-25,RJ,Sudeste,Intermediário
C00855,2024-09-10,SP,Sudeste,Mass Market
C00856,2024-11-04,MT,Centro-Oeste,Mass Market
C00857,2024-07-17,SC,Sul,Mass Market
C00858,2024-10-08,RJ,Sudeste,Intermediário
C00859,2024-02-01,SC,Sul,Mass Market
C00860,2023-07-06,BA,Nordeste,Mass Market
C00861,2025-03-15,MG,Sudeste,Mass Market
C00862,2024-07-26,RJ,Sudeste,Intermediário
C00863,2025-06-19,BA,Nordeste,Mass Market
C00864,2023-03-19,RS,Sul,Mass Market
C00865,2024-10-26,SP,Sudeste,Mass Market
C00866,2024-08-14,MG,Sudeste,Mass Market
C00867,2023-08-02,MG,Sudeste,Mass Market
C00868,2024-08-20,MG,Sudeste,Mass Market
C00869,2023-08-08,PE,Nordeste,Intermediário
C00870,2025-10-12,RJ,Sudeste,Mass Market
C00871,2023-12-02,RS,Sul,Mass Market
C00872,2022-03-02,MG,Sudeste,Premium
C00873,2025-11-19,RS,Sul,Intermediário
C00874,2022-01-20,RS,Sul,Mass Market
C00875,2024-07-20,PR,Sul,Mass Market
C00876,2023-03-15,MS,Centro-Oeste,Mass Market
C00877,2025-06-08,RS,Sul,Mass Market
C00878,2023-03-30,SC,Sul,Mass Market
C00879,2022-11-21,BA,Nordeste,Intermediário
C00880,2022-09-01,SP,Sudeste,Mass Market
C00881,2023-12-29,PE,Nordeste,Mass Market
C00882,2023-02-13,SP,Sudeste,Mass Market
C00883,2025-08-15,MG,Sudeste,Mass Market
C00884,2022-06-11,AL,Nordeste,Intermediário
C00885,2025-01-23,PR,Sul,Premium
C00886,2022-01-29,ES,Sudeste,Mass Market
C00887,2025-05-07,GO,Centro-Oeste,Mass Market
C00888,2023-02-16,PA,Norte,Premium
C00889,2025-12-12,RS,Sul,Mass Market
C00890,2023-07-07,PR,Sul,Intermediário
C00891,2022-12-06,MG,Sudeste,Premium
C00892,2023-10-09,RJ,Sudeste,Mass Market
C00893,2022-09-20,ES,Sudeste,Intermediário
C00894,2025-01-24,SP,Sudeste,Mass Market
C00895,2024-05-14,PB,Nordeste,Mass Market
C00896,2024-12-14,RJ,Sudeste,Mass Market
C00897,2023-05-23,SC,Sul,Mass Market
C00898,2025-09-22,MT,Centro-Oeste,Intermediário
C00899,2022-07-20,BA,Nordeste,Mass Market
C00900,2022-11-24,MT,Centro-Oeste,Mass Market
C00901,2022-10-03,PR,Sul,Mass Market
C00902,2025-10-28,ES,Sudeste,Mass Market
C00903,2022-06-18,MG,Sudeste,Mass Market
C00904,2025-06-15,CE,Nordeste,Mass Market
C00905,2023-09-12,SP,Sudeste,Intermediário
C00906,2023-03-17,TO,Norte,Intermediário
C00907,2023-06-24,SP,Sudeste,Mass Market
C00908,2022-02-14,PR,Sul,Intermediário
C00909,2025-08-29,AP,Norte,Mass Market
C00910,2023-03-31,GO,Centro-Oeste,Mass Market
C00911,2025-10-16,SP,Sudeste,Intermediário
C00912,2024-08-04,SP,Sudeste,Premium
C00913,2024-12-10,MG,Sudeste,Mass Market
C00914,2024-10-04,AL,Nordeste,Mass Market
C00915,2023-12-07,ES,Sudeste,Mass Market
C00916,2025-02-17,MG,Sudeste,Intermediário
C00917,2025-05-08,BA,Nordeste,Mass Market
C00918,2023-12-23,TO,Norte,Premium
C00919,2025-12-02,SP,Sudeste,Mass Market
C00920,2025-12-06,SP,Sudeste,Mass Market
C00921,2025-10-26,PA,Norte,Mass Market
C00922,2024-01-02,PR,Sul,Intermediário
C00923,2024-09-18,BA,Nordeste,Intermediário
C00924,2022-09-06,MG,Sudeste,Mass Market
C00925,2022-05-01,BA,Nordeste,Mass Market
C00926,2025-05-08,ES,Sudeste,Intermediário
C00927,2023-06-27,MG,Sudeste,Mass Market
C00928,2025-10-10,ES,Sudeste,Mass Market
C00929,2025-04-30,SP,Sudeste,Mass Market
C00930,2022-07-30,PI,Nordeste,Mass Market
C00931,2025-08-10,PR,Sul,Mass Market
C00932,2022-09-19,TO,Norte,Mass Market
C00933,2022-04-28,RS,Sul,Mass Market
C00934,2023-11-05,SP,Sudeste,Mass Market
C00935,2023-04-19,RJ,Sudeste,Mass Market
C00936,2023-01-08,PB,Nordeste,Premium
C00937,2022-08-24,GO,Centro-Oeste,Mass Market
C00938,2024-03-26,MG,Sudeste,Intermediário
C00939,2024-12-09,RN,Nordeste,Mass Market
C00940,2022-10-28,SC,Sul,Intermediário
C00941,2023-01-02,PR,Sul,Mass Market
C00942,2025-10-31,PA,Norte,Premium
C00943,2023-12-03,ES,Sudeste,Mass Market
C00944,2024-11-03,SP,Sudeste,Mass Market
C00945,2025-05-04,SC,Sul,Mass Market
C00946,2023-03-08,SP,Sudeste,Mass Market
C00947,2025-06-02,PA,Norte,Mass Market
C00948,2024-11-15,PR,Sul,Mass Market
C00949,2023-02-27,SP,Sudeste,Mass Market
C00950,2024-10-08,CE,Nordeste,Mass Market
C00951,2022-06-28,SP,Sudeste,Mass Market
C00952,2023-10-07,TO,Norte,Mass Market
C00953,2024-12-24,SC,Sul,Intermediário
C00954,2025-04-24,MG,Sudeste,Intermediário
C00955,2022-08-30,GO,Centro-Oeste,Intermediário
C00956,2022-08-14,MG,Sudeste,Mass Market
C00957,2025-09-17,PI,Nordeste,Mass Market
C00958,2023-11-02,SP,Sudeste,Mass Market
C00959,2022-03-29,MG,Sudeste,Mass Market
C00960,2023-06-07,GO,Centro-Oeste,Intermediário
C00961,2023-11-19,SC,Sul,Mass Market
C00962,2022-09-23,RJ,Sudeste,Mass Market
C00963,2022-11-19,PI,Nordeste,Mass Market
C00964,2024-05-15,MT,Centro-Oeste,Intermediário
C00965,2022-04-20,CE,Nordeste,Intermediário
C00966,2022-05-06,MG,Sudeste,Intermediário
C00967,2022-10-14,PR,Sul,Intermediário
C00968,2025-07-31,BA,Nordeste,Mass Market
C00969,2023-12-05,SP,Sudeste,Mass Market
C00970,2024-01-02,BA,Nordeste,Premium
C00971,2023-12-05,MG,Sudeste,Mass Market
C00972,2022-09-30,PR,Sul,Mass Market
C00973,2025-02-02,MS,Centro-Oeste,Intermediário
C00974,2023-04-28,PE,Nordeste,Mass Market
C00975,2025-10-10,SP,Sudeste,Mass Market
C00976,2022-04-19,RO,Norte,Premium
C00977,2025-05-31,SP,Sudeste,Mass Market
C00978,2022-01-19,SP,Sudeste,Mass Market
C00979,2022-01-24,GO,Centro-Oeste,Mass Market
C00980,2025-12-17,PA,Norte,Mass Market
C00981,2022-10-19,RJ,Sudeste,Mass Market
C00982,2022-05-20,MG,Sudeste,Intermediário
C00983,2022-05-12,RJ,Sudeste,Mass Market
C00984,2023-08-16,DF,Centro-Oeste,Premium
C00985,2022-11-17,PE,Nordeste,Intermediário
C00986,2023-03-29,RS,Sul,Intermediário
C00987,2022-05-31,PR,Sul,Intermediário
C00988,2023-08-14,MS,Centro-Oeste,Mass Market
C00989,2022-12-15,RN,Nordeste,Mass Market
C00990,2023-11-06,SP,Sudeste,Mass Market
C00991,2022-11-08,PE,Nordeste,Mass Market
C00992,2023-03-24,RS,Sul,Intermediário
C00993,2022-04-25,SP,Sudeste,Mass Market
C00994,2022-02-27,SC,Sul,Mass Market
C00995,2022-02-20,SP,Sudeste,Mass Market
C00996,2023-10-03,AM,Norte,Mass Market
C00997,2025-12-01,SP,Sudeste,Mass Market
C00998,2023-12-03,SP,Sudeste,Mass Market
C00999,2025-01-07,MG,Sudeste,Intermediário
C01000,2024-12-18,SE,Nordeste,Intermediário
C01001,2025-03-16,RJ,Sudeste,Mass Market
C01002,2023-10-24,PE,Nordeste,Intermediário
C01003,2024-08-20,RN,Nordeste,Mass Market
C01004,2024-02-21,PE,Nordeste,Mass Market
C01005,2025-04-22,PE,Nordeste,Intermediário
C01006,2024-03-05,RS,Sul,Intermediário
C01007,2025-01-12,SP,Sudeste,Mass Market
C01008,2025-10-20,PI,Nordeste,Mass Market
C01009,2022-05-25,SP,Sudeste,Mass Market
C01010,2022-03-17,PR,Sul,Intermediário
C01011,2022-06-19,PR,Sul,Mass Market
C01012,2025-03-20,MG,Sudeste,Mass Market
C01013,2024-04-14,AM,Norte,Mass Market
C01014,2022-10-06,MG,Sudeste,Intermediário
C01015,2022-08-29,RJ,Sudeste,Mass Market
C01016,2022-08-25,PB,Nordeste,Intermediário
C01017,2023-07-31,RS,Sul,Premium
C01018,2025-07-03,SP,Sudeste,Intermediário
C01019,2023-08-18,MG,Sudeste,Mass Market
C01020,2022-05-13,ES,Sudeste,Intermediário
C01021,2025-02-15,RJ,Sudeste,Intermediário
C01022,2024-11-02,AC,Norte,Intermediário
C01023,2025-05-01,SP,Sudeste,Mass Market
C01024,2023-04-27,MG,Sudeste,Mass Market
C01025,2024-10-04,AP,Norte,Intermediário
C01026,2024-01-29,CE,Nordeste,Mass Market
C01027,2023-11-02,SP,Sudeste,Mass Market
C01028,2022-09-05,CE,Nordeste,Mass Market
C01029,2025-10-12,CE,Nordeste,Intermediário
C01030,2023-05-02,ES,Sudeste,Mass Market
C01031,2023-01-19,PE,Nordeste,Mass Market
C01032,2022-03-07,RR,Norte,Premium
C01033,2025-11-29,SP,Sudeste,Mass Market
C01034,2022-07-13,BA,Nordeste,Mass Market
C01035,2024-07-24,SP,Sudeste,Intermediário
C01036,2023-07-15,PE,Nordeste,Mass Market
C01037,2024-06-28,PA,Norte,Mass Market
C01038,2025-09-30,PI,Nordeste,Intermediário
C01039,2022-08-07,RJ,Sudeste,Mass Market
C01040,2022-05-22,MG,Sudeste,Intermediário
C01041,2022-05-23,SP,Sudeste,Mass Market
C01042,2025-02-06,SP,Sudeste,Intermediário
C01043,2022-11-30,MS,Centro-Oeste,Mass Market
C01044,2025-11-20,MG,Sudeste,Mass Market
C01045,2022-01-06,SC,Sul,Mass Market
C01046,2022-01-16,SP,Sudeste,Premium
C01047,2023-12-18,PB,Nordeste,Mass Market
C01048,2022-12-01,BA,Nordeste,Mass Market
C01049,2023-08-14,SP,Sudeste,Mass Market
C01050,2022-09-09,MA,Nordeste,Mass Market
C01051,2023-05-18,DF,Centro-Oeste,Intermediário
C01052,2025-04-24,BA,Nordeste,Mass Market
C01053,2024-10-31,DF,Centro-Oeste,Intermediário
C01054,2023-12-13,MG,Sudeste,Mass Market
C01055,2024-10-04,PA,Norte,Premium
C01056,2024-08-23,ES,Sudeste,Premium
C01057,2022-04-01,ES,Sudeste,Mass Market
C01058,2022-08-13,SP,Sudeste,Intermediário
C01059,2022-06-10,RJ,Sudeste,Premium
C01060,2023-04-19,SP,Sudeste,Intermediário
C01061,2023-06-02,RS,Sul,Mass Market
C01062,2022-03-15,SP,Sudeste,Intermediário
C01063,2022-07-28,PR,Sul,Mass Market
C01064,2024-01-18,MG,Sudeste,Mass Market
C01065,2025-09-09,MG,Sudeste,Mass Market
C01066,2025-03-19,CE,Nordeste,Mass Market
C01067,2025-03-25,SP,Sudeste,Mass Market
C01068,2022-08-22,BA,Nordeste,Intermediário
C01069,2025-12-20,SP,Sudeste,Mass Market
C01070,2022-04-06,RJ,Sudeste,Mass Market
C01071,2024-07-25,MG,Sudeste,Intermediário
C01072,2022-08-06,SP,Sudeste,Mass Market
C01073,2023-05-02,RN,Nordeste,Intermediário
C01074,2022-08-12,RJ,Sudeste,Mass Market
C01075,2025-09-08,MG,Sudeste,Mass Market
C01076,2024-04-08,SP,Sudeste,Intermediário
C01077,2022-01-26,SP,Sudeste,Mass Market
C01078,2022-07-29,RS,Sul,Mass Market
C01079,2023-11-15,ES,Sudeste,Mass Market
C01080,2025-05-29,MT,Centro-Oeste,Mass Market
C01081,2024-06-22,PR,Sul,Intermediário
C01082,2025-10-22,MG,Sudeste,Intermediário
C01083,2025-02-28,CE,Nordeste,Mass Market
C01084,2022-10-04,PR,Sul,Mass Market
C01085,2022-11-30,MG,Sudeste,Mass Market
C01086,2023-04-04,DF,Centro-Oeste,Mass Market
C01087,2025-10-08,PE,Nordeste,Mass Market
C01088,2025-03-14,PR,Sul,Mass Market
C01089,2025-08-15,RJ,Sudeste,Premium
C01090,2023-09-30,MG,Sudeste,Mass Market
C01091,2022-11-24,TO,Norte,Mass Market
C01092,2023-08-15,MG,Sudeste,Premium
C01093,2023-11-26,MG,Sudeste,Mass Market
C01094,2024-08-14,PB,Nordeste,Mass Market
C01095,2022-11-30,RN,Nordeste,Premium
C01096,2024-09-14,MG,Sudeste,Mass Market
C01097,2023-09-11,RJ,Sudeste,Mass Market
C01098,2024-06-08,SP,Sudeste,Intermediário
C01099,2024-07-25,BA,Nordeste,Intermediário
C01100,2025-10-18,PA,Norte,Premium
C01101,2022-07-29,PR,Sul,Mass Market
C01102,2022-05-28,MG,Sudeste,Mass Market
C01103,2025-06-07,PB,Nordeste,Mass Market
C01104,2023-03-16,PI,Nordeste,Intermediário
C01105,2025-07-25,RJ,Sudeste,Mass Market
C01106,2022-05-23,SP,Sudeste,Intermediário
C01107,2025-01-29,SP,Sudeste,Intermediário
C01108,2022-04-29,MS,Centro-Oeste,Mass Market
C01109,2025-06-21,GO,Centro-Oeste,Mass Market
C01110,2025-06-14,SC,Sul,Intermediário
C01111,2024-01-12,SP,Sudeste,Mass Market
C01112,2024-06-24,SP,Sudeste,Intermediário
C01113,2024-01-22,MG,Sudeste,Mass Market
C01114,2022-03-23,AC,Norte,Mass Market
C01115,2025-08-25,MG,Sudeste,Mass Market
C01116,2025-09-29,RJ,Sudeste,Mass Market
C01117,2024-01-01,BA,Nordeste,Intermediário
C01118,2023-12-12,SC,Sul,Intermediário
C01119,2022-03-26,MG,Sudeste,Premium
C01120,2025-07-05,CE,Nordeste,Mass Market
C01121,2025-12-05,RN,Nordeste,Intermediário
C01122,2025-11-26,RJ,Sudeste,Mass Market
C01123,2025-12-12,SC,Sul,Intermediário
C01124,2023-08-06,MG,Sudeste,Mass Market
C01125,2023-01-26,DF,Centro-Oeste,Mass Market
C01126,2024-04-11,MG,Sudeste,Mass Market
C01127,2023-05-22,SP,Sudeste,Mass Market
C01128,2024-11-27,SE,Nordeste,Intermediário
C01129,2024-11-20,MG,Sudeste,Mass Market
C01130,2023-04-14,SP,Sudeste,Mass Market
C01131,2025-02-06,PE,Nordeste,Mass Market
C01132,2024-04-10,PE,Nordeste,Intermediário
C01133,2024-12-29,SP,Sudeste,Intermediário
C01134,2022-08-13,RJ,Sudeste,Intermediário
C01135,2025-01-14,SC,Sul,Mass Market
C01136,2023-05-08,GO,Centro-Oeste,Mass Market
C01137,2025-05-10,RS,Sul,Mass Market
C01138,2024-01-11,SP,Sudeste,Mass Market
C01139,2023-12-04,SP,Sudeste,Mass Market
C01140,2022-03-26,MG,Sudeste,Mass Market
C01141,2023-02-23,PB,Nordeste,Mass Market
C01142,2022-07-21,SP,Sudeste,Mass Market
C01143,2024-05-06,MG,Sudeste,Mass Market
C01144,2023-04-22,RS,Sul,Mass Market
C01145,2025-09-02,MG,Sudeste,Intermediário
C01146,2022-12-04,SC,Sul,Premium
C01147,2022-10-29,SP,Sudeste,Intermediário
C01148,2025-03-11,MG,Sudeste,Mass Market
C01149,2023-09-25,SP,Sudeste,Mass Market
C01150,2025-11-13,SP,Sudeste,Intermediário
C01151,2024-06-21,PE,Nordeste,Intermediário
C01152,2025-09-30,MT,Centro-Oeste,Intermediário
C01153,2023-07-31,BA,Nordeste,Mass Market
C01154,2022-10-05,SP,Sudeste,Mass Market
C01155,2023-02-11,MT,Centro-Oeste,Mass Market
C01156,2025-06-25,DF,Centro-Oeste,Mass Market
C01157,2025-11-14,PI,Nordeste,Intermediário
C01158,2025-07-15,AL,Nordeste,Intermediário
C01159,2025-02-10,RJ,Sudeste,Mass Market
C01160,2022-12-21,PR,Sul,Intermediário
C01161,2023-01-10,PA,Norte,Mass Market
C01162,2025-04-09,RJ,Sudeste,Mass Market
C01163,2025-03-17,CE,Nordeste,Mass Market
C01164,2022-05-20,MG,Sudeste,Mass Market
C01165,2022-11-28,PR,Sul,Intermediário
C01166,2023-02-17,MS,Centro-Oeste,Mass Market
C01167,2025-01-02,PR,Sul,Mass Market
C01168,2022-10-14,MG,Sudeste,Intermediário
C01169,2023-06-03,MS,Centro-Oeste,Mass Market
C01170,2024-11-07,SC,Sul,Mass Market
C01171,2024-12-27,RS,Sul,Mass Market
C01172,2023-08-21,GO,Centro-Oeste,Mass Market
C01173,2023-10-31,CE,Nordeste,Mass Market
C01174,2024-05-14,RJ,Sudeste,Mass Market
C01175,2025-06-13,ES,Sudeste,Mass Market
C01176,2024-05-26,AM,Norte,Mass Market
C01177,2025-06-24,SP,Sudeste,Intermediário
C01178,2024-11-28,MG,Sudeste,Intermediário
C01179,2023-09-17,SP,Sudeste,Intermediário
C01180,2023-07-11,GO,Centro-Oeste,Mass Market
C01181,2024-08-14,CE,Nordeste,Intermediário
C01182,2025-07-21,GO,Centro-Oeste,Mass Market
C01183,2025-01-10,SC,Sul,Intermediário
C01184,2024-12-08,PR,Sul,Intermediário
C01185,2025-08-06,BA,Nordeste,Mass Market
C01186,2023-01-09,SP,Sudeste,Intermediário
C01187,2024-03-12,DF,Centro-Oeste,Intermediário
C01188,2024-02-22,TO,Norte,Mass Market
C01189,2024-12-16,MG,Sudeste,Intermediário
C01190,2024-04-30,SP,Sudeste,Mass Market
C01191,2023-04-24,SE,Nordeste,Mass Market
C01192,2025-01-14,RJ,Sudeste,Mass Market
C01193,2024-11-06,SP,Sudeste,Intermediário
C01194,2023-07-30,SP,Sudeste,Intermediário
C01195,2022-09-20,MG,Sudeste,Mass Market
C01196,2023-06-15,SP,Sudeste,Mass Market
C01197,2023-03-24,RS,Sul,Mass Market
C01198,2022-08-03,GO,Centro-Oeste,Premium
C01199,2025-01-31,RJ,Sudeste,Mass Market
C01200,2022-09-30,RS,Sul,Mass Market
C01201,2025-02-18,PR,Sul,Mass Market
C01202,2024-02-10,MG,Sudeste,Mass Market
C01203,2023-02-23,MT,Centro-Oeste,Mass Market
C01204,2023-10-20,SC,Sul,Intermediário
C01205,2024-11-20,PR,Sul,Mass Market
C01206,2025-09-09,RS,Sul,Intermediário
C01207,2023-06-06,ES,Sudeste,Mass Market
C01208,2024-08-09,RS,Sul,Intermediário
C01209,2024-10-18,RS,Sul,Mass Market
C01210,2024-01-26,MT,Centro-Oeste,Mass Market
C01211,2022-08-16,MG,Sudeste,Mass Market
C01212,2025-11-23,MS,Centro-Oeste,Premium
C01213,2024-01-14,RJ,Sudeste,Mass Market
C01214,2022-03-11,MG,Sudeste,Mass Market
C01215,2023-02-23,MT,Centro-Oeste,Mass Market
C01216,2024-08-08,MS,Centro-Oeste,Mass Market
C01217,2024-08-13,SP,Sudeste,Mass Market
C01218,2023-08-23,BA,Nordeste,Intermediário
C01219,2023-04-04,ES,Sudeste,Intermediário
C01220,2023-12-25,TO,Norte,Mass Market
C01221,2025-12-01,RJ,Sudeste,Mass Market
C01222,2025-04-12,SP,Sudeste,Mass Market
C01223,2023-01-19,SC,Sul,Mass Market
C01224,2025-09-26,MG,Sudeste,Mass Market
C01225,2023-05-21,RJ,Sudeste,Mass Market
C01226,2023-10-02,PR,Sul,Premium
C01227,2022-03-01,SC,Sul,Mass Market
C01228,2023-03-02,BA,Nordeste,Mass Market
C01229,2023-05-30,SP,Sudeste,Intermediário
C01230,2023-10-13,PR,Sul,Premium
C01231,2024-09-09,SP,Sudeste,Mass Market
C01232,2024-01-26,SP,Sudeste,Mass Market
C01233,2025-11-12,SP,Sudeste,Intermediário
C01234,2025-10-28,PR,Sul,Mass Market
C01235,2022-06-15,SP,Sudeste,Intermediário
C01236,2022-06-20,MG,Sudeste,Premium
C01237,2025-03-18,AL,Nordeste,Mass Market
C01238,2022-02-05,SP,Sudeste,Premium
C01239,2022-10-26,BA,Nordeste,Mass Market
C01240,2024-04-06,GO,Centro-Oeste,Mass Market
C01241,2023-08-07,SP,Sudeste,Mass Market
C01242,2022-04-16,MG,Sudeste,Intermediário
C01243,2022-03-24,RJ,Sudeste,Mass Market
C01244,2024-04-10,BA,Nordeste,Intermediário
C01245,2025-01-24,SP,Sudeste,Mass Market
C01246,2023-07-25,PI,Nordeste,Premium
C01247,2024-12-06,PR,Sul,Intermediário
C01248,2024-08-20,CE,Nordeste,Mass Market
C01249,2025-06-17,PA,Norte,Mass Market
C01250,2022-04-19,SP,Sudeste,Intermediário
C01251,2024-02-10,PR,Sul,Mass Market
C01252,2022-05-15,AM,Norte,Mass Market
C01253,2025-05-11,RJ,Sudeste,Mass Market
C01254,2022-04-17,PI,Nordeste,Mass Market
C01255,2024-01-16,SP,Sudeste,Mass Market
C01256,2025-03-27,SP,Sudeste,Mass Market
C01257,2024-09-25,MS,Centro-Oeste,Intermediário
C01258,2025-12-23,MT,Centro-Oeste,Mass Market
C01259,2025-12-06,AP,Norte,Mass Market
C01260,2023-04-05,SP,Sudeste,Mass Market
C01261,2024-11-14,RJ,Sudeste,Mass Market
C01262,2024-10-31,RJ,Sudeste,Premium
C01263,2024-10-06,RJ,Sudeste,Intermediário
C01264,2024-02-10,PA,Norte,Intermediário
C01265,2022-07-26,BA,Nordeste,Mass Market
C01266,2023-01-04,RJ,Sudeste,Intermediário
C01267,2022-10-23,RJ,Sudeste,Mass Market
C01268,2023-09-07,CE,Nordeste,Intermediário
C01269,2023-02-22,CE,Nordeste,Mass Market
C01270,2022-11-06,RJ,Sudeste,Mass Market
C01271,2025-02-08,PR,Sul,Mass Market
C01272,2025-10-06,RJ,Sudeste,Mass Market
C01273,2023-04-19,TO,Norte,Mass Market
C01274,2022-05-14,GO,Centro-Oeste,Mass Market
C01275,2022-08-17,MG,Sudeste,Intermediário
C01276,2023-04-30,MG,Sudeste,Mass Market
C01277,2023-02-23,SC,Sul,Mass Market
C01278,2024-10-26,RN,Nordeste,Mass Market
C01279,2024-01-31,RO,Norte,Premium
C01280,2023-04-15,GO,Centro-Oeste,Intermediário
C01281,2022-01-11,PR,Sul,Intermediário
C01282,2024-08-27,MT,Centro-Oeste,Mass Market
C01283,2023-01-24,SP,Sudeste,Intermediário
C01284,2022-02-14,RJ,Sudeste,Intermediário
C01285,2024-07-10,SE,Nordeste,Mass Market
C01286,2025-04-22,SC,Sul,Intermediário
C01287,2025-09-18,SP,Sudeste,Intermediário
C01288,2023-10-26,PE,Nordeste,Mass Market
C01289,2024-12-17,RS,Sul,Intermediário
C01290,2022-06-11,RS,Sul,Intermediário
C01291,2022-10-08,BA,Nordeste,Premium
C01292,2025-11-05,SP,Sudeste,Mass Market
C01293,2024-11-30,RJ,Sudeste,Intermediário
C01294,2025-07-20,MG,Sudeste,Mass Market
C01295,2024-11-07,SP,Sudeste,Mass Market
C01296,2023-03-19,RJ,Sudeste,Intermediário
C01297,2024-05-06,RS,Sul,Mass Market
C01298,2022-01-16,PI,Nordeste,Mass Market
C01299,2024-03-11,MS,Centro-Oeste,Mass Market
C01300,2025-04-12,PR,Sul,Intermediário
C01301,2025-08-05,MG,Sudeste,Mass Market
C01302,2022-09-25,RS,Sul,Mass Market
C01303,2022-08-19,RS,Sul,Mass Market
C01304,2023-05-01,RS,Sul,Intermediário
C01305,2022-01-21,AM,Norte,Intermediário
C01306,2024-04-30,RJ,Sudeste,Intermediário
C01307,2022-11-13,SP,Sudeste,Mass Market
C01308,2024-01-10,GO,Centro-Oeste,Intermediário
C01309,2024-08-27,RJ,Sudeste,Intermediário
C01310,2024-08-26,RJ,Sudeste,Premium
C01311,2024-05-23,SP,Sudeste,Mass Market
C01312,2023-11-18,SP,Sudeste,Intermediário
C01313,2025-01-11,MA,Nordeste,Mass Market
C01314,2022-04-20,PR,Sul,Mass Market
C01315,2024-08-01,ES,Sudeste,Intermediário
C01316,2025-04-16,PE,Nordeste,Mass Market
C01317,2025-04-27,SP,Sudeste,Intermediário
C01318,2023-04-28,BA,Nordeste,Intermediário
C01319,2023-03-12,PE,Nordeste,Mass Market
C01320,2022-08-17,MT,Centro-Oeste,Mass Market
C01321,2022-07-30,PA,Norte,Intermediário
C01322,2024-09-17,SP,Sudeste,Mass Market
C01323,2023-08-21,MG,Sudeste,Premium
C01324,2022-08-17,RS,Sul,Mass Market
C01325,2025-06-05,SC,Sul,Mass Market
C01326,2023-04-19,MG,Sudeste,Premium
C01327,2022-03-17,MT,Centro-Oeste,Mass Market
C01328,2022-04-15,SP,Sudeste,Mass Market
C01329,2023-11-05,SP,Sudeste,Mass Market
C01330,2022-11-17,MA,Nordeste,Intermediário
C01331,2025-01-08,PA,Norte,Mass Market
C01332,2022-12-29,SP,Sudeste,Premium
C01333,2024-11-24,CE,Nordeste,Intermediário
C01334,2023-03-13,MG,Sudeste,Premium
C01335,2023-11-13,SP,Sudeste,Mass Market
C01336,2025-11-06,RS,Sul,Intermediário
C01337,2025-05-08,PA,Norte,Intermediário
C01338,2023-10-27,AC,Norte,Mass Market
C01339,2024-02-29,MG,Sudeste,Premium
C01340,2023-08-22,MA,Nordeste,Mass Market
C01341,2025-11-06,RJ,Sudeste,Mass Market
C01342,2023-01-31,RJ,Sudeste,Mass Market
C01343,2023-03-05,PE,Nordeste,Mass Market
C01344,2024-10-27,RS,Sul,Mass Market
C01345,2023-10-19,PE,Nordeste,Mass Market
C01346,2025-02-17,RJ,Sudeste,Premium
C01347,2022-07-24,PR,Sul,Intermediário
C01348,2024-01-04,PE,Nordeste,Intermediário
C01349,2023-07-01,SP,Sudeste,Mass Market
C01350,2025-12-24,PE,Nordeste,Mass Market
C01351,2024-06-26,RJ,Sudeste,Intermediário
C01352,2022-03-12,SC,Sul,Intermediário
C01353,2023-06-28,AM,Norte,Intermediário
C01354,2024-12-21,SC,Sul,Mass Market
C01355,2022-01-10,SC,Sul,Mass Market
C01356,2025-05-07,PA,Norte,Mass Market
C01357,2025-12-18,RJ,Sudeste,Intermediário
C01358,2022-02-07,AM,Norte,Intermediário
C01359,2024-04-23,SC,Sul,Intermediário
C01360,2022-10-11,MG,Sudeste,Mass Market
C01361,2022-02-02,PR,Sul,Premium
C01362,2023-12-10,SC,Sul,Mass Market
C01363,2024-09-24,MG,Sudeste,Intermediário
C01364,2023-12-18,SP,Sudeste,Mass Market
C01365,2022-11-13,SP,Sudeste,Mass Market
C01366,2025-07-15,RJ,Sudeste,Mass Market
C01367,2022-02-27,RJ,Sudeste,Intermediário
C01368,2025-06-24,ES,Sudeste,Mass Market
C01369,2024-07-19,MG,Sudeste,Mass Market
C01370,2025-09-17,MG,Sudeste,Intermediário
C01371,2022-09-04,GO,Centro-Oeste,Mass Market
C01372,2023-11-14,SC,Sul,Premium
C01373,2023-05-08,MT,Centro-Oeste,Mass Market
C01374,2023-06-05,PR,Sul,Mass Market
C01375,2024-02-14,SP,Sudeste,Intermediário
C01376,2024-12-25,GO,Centro-Oeste,Intermediário
C01377,2023-07-15,SC,Sul,Mass Market
C01378,2023-08-30,MG,Sudeste,Premium
C01379,2022-11-08,AM,Norte,Mass Market
C01380,2022-01-01,SP,Sudeste,Mass Market
C01381,2025-05-13,SP,Sudeste,Premium
C01382,2022-03-25,GO,Centro-Oeste,Intermediário
C01383,2024-10-16,RN,Nordeste,Intermediário
C01384,2025-05-11,SP,Sudeste,Intermediário
C01385,2023-05-07,PR,Sul,Mass Market
C01386,2025-05-03,BA,Nordeste,Mass Market
C01387,2025-11-24,MS,Centro-Oeste,Mass Market
C01388,2023-08-15,DF,Centro-Oeste,Mass Market
C01389,2025-01-05,MT,Centro-Oeste,Mass Market
C01390,2023-01-05,PR,Sul,Mass Market
C01391,2022-02-15,MG,Sudeste,Mass Market
C01392,2023-06-07,SP,Sudeste,Mass Market
C01393,2022-07-09,MA,Nordeste,Mass Market
C01394,2025-01-31,MS,Centro-Oeste,Mass Market
C01395,2025-12-25,MG,Sudeste,Mass Market
C01396,2022-02-06,SP,Sudeste,Intermediário
C01397,2025-01-06,RJ,Sudeste,Mass Market
C01398,2023-01-26,PR,Sul,Mass Market
C01399,2022-09-20,GO,Centro-Oeste,Mass Market
C01400,2025-08-15,PA,Norte,Intermediário
C01401,2023-05-29,PA,Norte,Mass Market
C01402,2023-06-02,ES,Sudeste,Mass Market
C01403,2024-09-05,SP,Sudeste,Mass Market
C01404,2025-10-17,RS,Sul,Premium
C01405,2024-06-03,DF,Centro-Oeste,Mass Market
C01406,2025-06-22,MG,Sudeste,Mass Market
C01407,2023-03-07,SP,Sudeste,Mass Market
C01408,2025-08-31,BA,Nordeste,Intermediário
C01409,2023-10-20,MS,Centro-Oeste,Mass Market
C01410,2022-05-05,MT,Centro-Oeste,Mass Market
C01411,2024-03-22,RJ,Sudeste,Mass Market
C01412,2024-11-19,PE,Nordeste,Mass Market
C01413,2025-07-14,MG,Sudeste,Mass Market
C01414,2024-10-26,RJ,Sudeste,Mass Market
C01415,2023-10-04,MG,Sudeste,Mass Market
C01416,2022-09-11,PR,Sul,Mass Market
C01417,2024-06-06,SP,Sudeste,Mass Market
C01418,2024-09-10,PE,Nordeste,Mass Market
C01419,2023-12-12,MA,Nordeste,Mass Market
C01420,2023-03-01,SC,Sul,Intermediário
C01421,2023-04-03,RS,Sul,Mass Market
C01422,2022-11-10,SC,Sul,Mass Market
C01423,2024-10-25,SP,Sudeste,Intermediário
C01424,2024-03-06,PR,Sul,Intermediário
C01425,2023-09-21,SP,Sudeste,Mass Market
C01426,2022-10-09,BA,Nordeste,Intermediário
C01427,2023-08-19,SP,Sudeste,Intermediário
C01428,2025-01-18,GO,Centro-Oeste,Mass Market
C01429,2024-04-25,PR,Sul,Mass Market
C01430,2022-10-09,BA,Nordeste,Mass Market
C01431,2023-05-25,PI,Nordeste,Mass Market
C01432,2025-05-13,RN,Nordeste,Mass Market
C01433,2023-06-06,CE,Nordeste,Mass Market
C01434,2022-11-30,MG,Sudeste,Mass Market
C01435,2024-07-16,AL,Nordeste,Mass Market
C01436,2022-01-25,DF,Centro-Oeste,Intermediário
C01437,2025-12-10,RJ,Sudeste,Mass Market
C01438,2022-05-31,MG,Sudeste,Intermediário
C01439,2024-05-31,SP,Sudeste,Mass Market
C01440,2023-09-29,PE,Nordeste,Mass Market
C01441,2025-12-14,BA,Nordeste,Mass Market
C01442,2024-05-06,PE,Nordeste,Mass Market
C01443,2022-01-22,PR,Sul,Mass Market
C01444,2023-06-21,MG,Sudeste,Mass Market
C01445,2023-10-29,MG,Sudeste,Mass Market
C01446,2022-03-03,GO,Centro-Oeste,Mass Market
C01447,2025-08-21,SP,Sudeste,Mass Market
C01448,2025-08-15,GO,Centro-Oeste,Intermediário
C01449,2023-07-02,SP,Sudeste,Premium
C01450,2025-04-04,SP,Sudeste,Mass Market
C01451,2023-03-19,PR,Sul,Mass Market
C01452,2022-05-21,SP,Sudeste,Mass Market
C01453,2025-08-21,SP,Sudeste,Mass Market
C01454,2024-01-28,MG,Sudeste,Mass Market
C01455,2025-08-07,SC,Sul,Intermediário
C01456,2023-08-14,SP,Sudeste,Premium
C01457,2023-01-07,CE,Nordeste,Intermediário
C01458,2023-05-24,SP,Sudeste,Mass Market
C01459,2023-06-02,MG,Sudeste,Premium
C01460,2022-09-21,RJ,Sudeste,Mass Market
C01461,2024-05-03,BA,Nordeste,Intermediário
C01462,2023-09-11,PA,Norte,Intermediário
C01463,2022-01-10,GO,Centro-Oeste,Mass Market
C01464,2023-03-17,MA,Nordeste,Premium
C01465,2023-12-18,ES,Sudeste,Mass Market
C01466,2024-04-01,MG,Sudeste,Mass Market
C01467,2022-10-24,RS,Sul,Intermediário
C01468,2024-07-06,BA,Nordeste,Mass Market
C01469,2023-03-19,TO,Norte,Mass Market
C01470,2024-11-25,SP,Sudeste,Intermediário
C01471,2025-11-03,TO,Norte,Intermediário
C01472,2022-06-14,GO,Centro-Oeste,Intermediário
C01473,2022-05-31,SP,Sudeste,Mass Market
C01474,2023-06-23,SP,Sudeste,Intermediário
C01475,2025-12-13,BA,Nordeste,Mass Market
C01476,2024-11-15,PI,Nordeste,Mass Market
C01477,2025-01-11,AP,Norte,Intermediário
C01478,2025-06-03,PA,Norte,Mass Market
C01479,2022-03-01,SP,Sudeste,Intermediário
C01480,2024-08-13,MT,Centro-Oeste,Mass Market
C01481,2023-04-25,RN,Nordeste,Mass Market
C01482,2022-12-31,PE,Nordeste,Premium
C01483,2025-03-23,MS,Centro-Oeste,Mass Market
C01484,2024-06-08,ES,Sudeste,Mass Market
C01485,2024-03-19,SP,Sudeste,Mass Market
C01486,2024-04-30,MG,Sudeste,Mass Market
C01487,2024-10-11,PB,Nordeste,Mass Market
C01488,2023-06-08,RJ,Sudeste,Intermediário
C01489,2023-05-08,SC,Sul,Mass Market
C01490,2024-07-26,RN,Nordeste,Intermediário
C01491,2025-11-13,SP,Sudeste,Premium
C01492,2024-03-28,SP,Sudeste,Intermediário
C01493,2023-11-08,RN,Nordeste,Mass Market
C01494,2025-04-28,ES,Sudeste,Mass Market
C01495,2024-12-27,RJ,Sudeste,Mass Market
C01496,2025-05-23,MT,Centro-Oeste,Intermediário
C01497,2025-03-07,MG,Sudeste,Premium
C01498,2025-03-20,RS,Sul,Mass Market
C01499,2022-07-08,MG,Sudeste,Intermediário
C01500,2024-12-22,RJ,Sudeste,Mass Market
C01501,2023-02-07,SP,Sudeste,Mass Market
C01502,2024-05-20,SC,Sul,Mass Market
C01503,2024-12-08,SP,Sudeste,Premium
C01504,2025-06-04,RJ,Sudeste,Mass Market
C01505,2024-02-27,PR,Sul,Intermediário
C01506,2024-11-26,CE,Nordeste,Mass Market
C01507,2023-10-28,MG,Sudeste,Mass Market
C01508,2022-09-07,RJ,Sudeste,Mass Market
C01509,2024-09-23,RJ,Sudeste,Intermediário
C01510,2023-04-11,PA,Norte,Mass Market
C01511,2022-11-23,RJ,Sudeste,Mass Market
C01512,2022-07-04,RS,Sul,Intermediário
C01513,2022-12-26,SP,Sudeste,Intermediário
C01514,2024-09-24,MT,Centro-Oeste,Intermediário
C01515,2024-01-22,PA,Norte,Mass Market
C01516,2025-04-30,SC,Sul,Intermediário
C01517,2024-12-09,SP,Sudeste,Mass Market
C01518,2022-03-09,RJ,Sudeste,Intermediário
C01519,2023-11-18,RJ,Sudeste,Mass Market
C01520,2025-08-26,MG,Sudeste,Mass Market
C01521,2023-09-06,MG,Sudeste,Mass Market
C01522,2025-05-28,CE,Nordeste,Mass Market
C01523,2023-10-27,SP,Sudeste,Mass Market
C01524,2023-07-20,PR,Sul,Mass Market
C01525,2025-04-03,RJ,Sudeste,Premium
C01526,2025-12-07,SC,Sul,Intermediário
C01527,2024-03-02,MG,Sudeste,Intermediário
C01528,2022-04-27,MG,Sudeste,Intermediário
C01529,2024-06-29,MS,Centro-Oeste,Mass Market
C01530,2025-06-21,RJ,Sudeste,Intermediário
C01531,2025-09-10,PR,Sul,Mass Market
C01532,2022-09-10,PE,Nordeste,Intermediário
C01533,2023-11-12,MT,Centro-Oeste,Mass Market
C01534,2022-02-11,PB,Nordeste,Mass Market
C01535,2024-10-28,MG,Sudeste,Mass Market
C01536,2025-11-04,MG,Sudeste,Mass Market
C01537,2022-07-04,SP,Sudeste,Mass Market
C01538,2025-04-10,RJ,Sudeste,Premium
C01539,2023-03-11,SC,Sul,Intermediário
C01540,2025-09-04,MG,Sudeste,Mass Market
C01541,2024-11-18,RJ,Sudeste,Mass Market
C01542,2024-09-10,MS,Centro-Oeste,Mass Market
C01543,2022-05-16,PR,Sul,Intermediário
C01544,2024-11-10,BA,Nordeste,Mass Market
C01545,2023-12-03,PE,Nordeste,Premium
C01546,2022-07-11,MG,Sudeste,Mass Market
C01547,2023-01-08,RR,Norte,Mass Market
C01548,2022-08-12,MT,Centro-Oeste,Intermediário
C01549,2025-11-28,RS,Sul,Mass Market
C01550,2023-12-22,PI,Nordeste,Intermediário
C01551,2023-12-16,MA,Nordeste,Premium
C01552,2022-10-24,SP,Sudeste,Premium
C01553,2025-11-10,SP,Sudeste,Premium
C01554,2024-05-17,PB,Nordeste,Mass Market
C01555,2025-01-20,RJ,Sudeste,Mass Market
C01556,2025-10-10,RN,Nordeste,Mass Market
C01557,2022-12-24,MS,Centro-Oeste,Intermediário
C01558,2024-12-13,RS,Sul,Mass Market
C01559,2022-05-07,PA,Norte,Mass Market
C01560,2024-08-29,SP,Sudeste,Mass Market
C01561,2025-07-17,RJ,Sudeste,Intermediário
C01562,2022-12-09,AL,Nordeste,Mass Market
C01563,2023-12-30,RJ,Sudeste,Mass Market
C01564,2023-03-08,ES,Sudeste,Mass Market
C01565,2023-07-06,GO,Centro-Oeste,Intermediário
C01566,2024-08-17,SP,Sudeste,Intermediário
C01567,2024-11-06,MA,Nordeste,Mass Market
C01568,2022-12-22,SP,Sudeste,Mass Market
C01569,2022-12-23,GO,Centro-Oeste,Premium
C01570,2022-08-24,MG,Sudeste,Mass Market
C01571,2025-02-21,BA,Nordeste,Intermediário
C01572,2023-07-11,PB,Nordeste,Mass Market
C01573,2025-12-10,SP,Sudeste,Mass Market
C01574,2023-01-18,CE,Nordeste,Premium
C01575,2023-08-18,SP,Sudeste,Mass Market
C01576,2024-07-17,SP,Sudeste,Mass Market
C01577,2024-09-02,MG,Sudeste,Intermediário
C01578,2024-06-27,MT,Centro-Oeste,Mass Market
C01579,2025-07-23,MG,Sudeste,Intermediário
C01580,2024-11-13,DF,Centro-Oeste,Mass Market
C01581,2022-01-06,MG,Sudeste,Mass Market
C01582,2024-10-26,PR,Sul,Premium
C01583,2022-03-09,SC,Sul,Mass Market
C01584,2024-07-25,MG,Sudeste,Mass Market
C01585,2025-05-30,RO,Norte,Mass Market
C01586,2024-08-28,SP,Sudeste,Intermediário
C01587,2025-03-27,PB,Nordeste,Premium
C01588,2024-06-12,RJ,Sudeste,Mass Market
C01589,2023-06-18,RS,Sul,Intermediário
C01590,2025-10-27,PR,Sul,Intermediário
C01591,2022-09-02,SP,Sudeste,Intermediário
C01592,2025-08-07,RS,Sul,Mass Market
C01593,2024-04-30,TO,Norte,Intermediário
C01594,2025-01-07,RJ,Sudeste,Mass Market
C01595,2022-12-01,MA,Nordeste,Premium
C01596,2025-03-15,MG,Sudeste,Mass Market
C01597,2025-05-04,SC,Sul,Intermediário
C01598,2023-11-18,MG,Sudeste,Mass Market
C01599,2025-09-08,RS,Sul,Mass Market
C01600,2023-12-23,RO,Norte,Mass Market
C01601,2023-12-21,RS,Sul,Intermediário
C01602,2025-11-08,SP,Sudeste,Mass Market
C01603,2022-11-20,RS,Sul,Mass Market
C01604,2024-01-24,SP,Sudeste,Mass Market
C01605,2025-01-10,SC,Sul,Mass Market
C01606,2023-11-19,PE,Nordeste,Intermediário
C01607,2024-07-16,SP,Sudeste,Premium
C01608,2025-08-10,RJ,Sudeste,Mass Market
C01609,2024-10-08,PR,Sul,Intermediário
C01610,2023-05-06,SP,Sudeste,Mass Market
C01611,2022-01-06,SP,Sudeste,Mass Market
C01612,2023-04-12,PA,Norte,Mass Market
C01613,2023-04-03,RJ,Sudeste,Premium
C01614,2023-04-03,RJ,Sudeste,Intermediário
C01615,2025-02-15,RJ,Sudeste,Premium
C01616,2024-09-04,MG,Sudeste,Mass Market
C01617,2023-03-13,GO,Centro-Oeste,Intermediário
C01618,2022-02-15,RJ,Sudeste,Premium
C01619,2025-03-29,RJ,Sudeste,Mass Market
C01620,2025-10-27,MG,Sudeste,Premium
C01621,2025-05-13,RS,Sul,Intermediário
C01622,2025-12-08,RJ,Sudeste,Mass Market
C01623,2023-12-23,AL,Nordeste,Intermediário
C01624,2025-05-15,GO,Centro-Oeste,Mass Market
C01625,2023-09-24,SP,Sudeste,Intermediário
C01626,2025-04-19,PB,Nordeste,Intermediário
C01627,2024-07-22,RS,Sul,Mass Market
C01628,2023-08-20,MT,Centro-Oeste,Mass Market
C01629,2024-05-06,SE,Nordeste,Mass Market
C01630,2022-08-16,SP,Sudeste,Mass Market
C01631,2025-02-16,MG,Sudeste,Mass Market
C01632,2023-12-24,PE,Nordeste,Intermediário
C01633,2022-07-06,SP,Sudeste,Mass Market
C01634,2024-04-20,SP,Sudeste,Mass Market
C01635,2025-01-31,ES,Sudeste,Mass Market
C01636,2024-10-11,ES,Sudeste,Mass Market
C01637,2023-05-30,PR,Sul,Mass Market
C01638,2025-02-11,AC,Norte,Mass Market
C01639,2025-03-13,PA,Norte,Intermediário
C01640,2022-02-02,SP,Sudeste,Intermediário
C01641,2024-10-07,SP,Sudeste,Intermediário
C01642,2025-05-27,PE,Nordeste,Intermediário
C01643,2022-06-14,RS,Sul,Intermediário
C01644,2024-09-04,RS,Sul,Premium
C01645,2023-07-25,DF,Centro-Oeste,Mass Market
C01646,2025-12-20,RN,Nordeste,Mass Market
C01647,2025-03-26,SP,Sudeste,Premium
C01648,2024-04-14,PB,Nordeste,Mass Market
C01649,2025-09-28,TO,Norte,Intermediário
C01650,2022-08-20,PI,Nordeste,Mass Market
C01651,2022-10-25,RN,Nordeste,Intermediário
C01652,2024-09-14,ES,Sudeste,Mass Market
C01653,2023-08-06,SP,Sudeste,Mass Market
C01654,2022-03-02,RJ,Sudeste,Mass Market
C01655,2023-09-08,SP,Sudeste,Mass Market
C01656,2024-08-30,PR,Sul,Mass Market
C01657,2023-03-03,RJ,Sudeste,Mass Market
C01658,2023-03-13,PR,Sul,Mass Market
C01659,2022-10-29,CE,Nordeste,Intermediário
C01660,2022-08-11,SC,Sul,Intermediário
C01661,2025-07-24,SP,Sudeste,Mass Market
C01662,2022-02-19,SP,Sudeste,Mass Market
C01663,2024-09-30,GO,Centro-Oeste,Intermediário
C01664,2022-03-04,MG,Sudeste,Mass Market
C01665,2025-05-26,PB,Nordeste,Intermediário
C01666,2022-01-15,SP,Sudeste,Intermediário
C01667,2022-07-11,MG,Sudeste,Mass Market
C01668,2023-09-18,SC,Sul,Mass Market
C01669,2023-03-26,MT,Centro-Oeste,Mass Market
C01670,2023-03-27,MG,Sudeste,Premium
C01671,2022-08-31,SP,Sudeste,Mass Market
C01672,2022-04-07,SC,Sul,Mass Market
C01673,2023-03-22,GO,Centro-Oeste,Intermediário
C01674,2023-12-19,SP,Sudeste,Intermediário
C01675,2025-09-08,PR,Sul,Intermediário
C01676,2025-07-11,PE,Nordeste,Intermediário
C01677,2025-02-08,PR,Sul,Premium
C01678,2022-11-14,SE,Nordeste,Mass Market
C01679,2024-03-21,SP,Sudeste,Intermediário
C01680,2022-06-13,CE,Nordeste,Intermediário
C01681,2024-11-17,RJ,Sudeste,Mass Market
C01682,2024-05-24,RS,Sul,Intermediário
C01683,2023-03-12,SC,Sul,Mass Market
C01684,2023-08-30,RJ,Sudeste,Mass Market
C01685,2024-07-19,CE,Nordeste,Premium
C01686,2022-12-25,MG,Sudeste,Mass Market
C01687,2024-12-19,MG,Sudeste,Intermediário
C01688,2024-08-02,RJ,Sudeste,Mass Market
C01689,2025-10-30,MG,Sudeste,Intermediário
C01690,2024-03-21,MG,Sudeste,Mass Market
C01691,2025-10-02,RO,Norte,Intermediário
C01692,2023-04-05,RS,Sul,Mass Market
C01693,2024-04-17,RJ,Sudeste,Mass Market
C01694,2022-02-15,MG,Sudeste,Mass Market
C01695,2022-12-03,MG,Sudeste,Mass Market
C01696,2025-10-02,AC,Norte,Intermediário
C01697,2024-05-22,PA,Norte,Mass Market
C01698,2022-11-03,SP,Sudeste,Mass Market
C01699,2022-04-28,AL,Nordeste,Mass Market
C01700,2023-04-22,SP,Sudeste,Intermediário
C01701,2023-04-20,RJ,Sudeste,Mass Market
C01702,2023-06-05,SE,Nordeste,Mass Market
C01703,2023-08-24,RN,Nordeste,Mass Market
C01704,2022-07-21,RS,Sul,Intermediário
C01705,2023-11-12,ES,Sudeste,Mass Market
C01706,2023-06-02,SP,Sudeste,Mass Market
C01707,2024-07-07,GO,Centro-Oeste,Mass Market
C01708,2024-12-12,SP,Sudeste,Mass Market
C01709,2022-07-18,SP,Sudeste,Mass Market
C01710,2024-12-27,RO,Norte,Intermediário
C01711,2025-12-08,SC,Sul,Mass Market
C01712,2025-09-03,AL,Nordeste,Mass Market
C01713,2024-08-04,MG,Sudeste,Mass Market
C01714,2022-05-03,RS,Sul,Mass Market
C01715,2025-02-22,AL,Nordeste,Mass Market
C01716,2022-08-09,PE,Nordeste,Mass Market
C01717,2022-11-11,MG,Sudeste,Mass Market
C01718,2025-07-15,RN,Nordeste,Mass Market
C01719,2022-05-18,CE,Nordeste,Premium
C01720,2024-09-12,AL,Nordeste,Premium
C01721,2023-12-16,PR,Sul,Mass Market
C01722,2023-10-25,GO,Centro-Oeste,Mass Market
C01723,2022-06-16,PB,Nordeste,Mass Market
C01724,2024-05-18,ES,Sudeste,Mass Market
C01725,2024-01-09,RN,Nordeste,Mass Market
C01726,2025-08-14,MT,Centro-Oeste,Mass Market
C01727,2024-02-26,GO,Centro-Oeste,Mass Market
C01728,2025-06-27,MS,Centro-Oeste,Mass Market
C01729,2023-05-02,MG,Sudeste,Intermediário
C01730,2023-09-02,MT,Centro-Oeste,Mass Market
C01731,2025-08-15,PA,Norte,Intermediário
C01732,2022-12-25,PA,Norte,Mass Market
C01733,2025-11-15,MG,Sudeste,Intermediário
C01734,2022-04-20,MG,Sudeste,Mass Market
C01735,2022-08-21,SP,Sudeste,Mass Market
C01736,2025-05-02,PB,Nordeste,Mass Market
C01737,2022-07-19,RN,Nordeste,Intermediário
C01738,2025-01-28,PR,Sul,Intermediário
C01739,2025-03-23,MG,Sudeste,Intermediário
C01740,2023-04-07,RO,Norte,Intermediário
C01741,2022-08-04,MT,Centro-Oeste,Mass Market
C01742,2025-11-30,MT,Centro-Oeste,Intermediário
C01743,2024-01-20,PR,Sul,Mass Market
C01744,2023-11-19,PR,Sul,Mass Market
C01745,2022-10-19,SP,Sudeste,Mass Market
C01746,2025-08-30,SP,Sudeste,Intermediário
C01747,2024-02-10,SP,Sudeste,Mass Market
C01748,2022-01-06,SP,Sudeste,Mass Market
C01749,2023-09-17,AL,Nordeste,Intermediário
C01750,2025-08-21,TO,Norte,Mass Market
C01751,2022-04-21,RJ,Sudeste,Mass Market
C01752,2025-02-13,RS,Sul,Mass Market
C01753,2025-01-31,BA,Nordeste,Premium
C01754,2024-01-28,PR,Sul,Intermediário
C01755,2022-03-21,SP,Sudeste,Mass Market
C01756,2024-11-24,GO,Centro-Oeste,Mass Market
C01757,2024-06-26,SP,Sudeste,Mass Market
C01758,2024-12-19,SP,Sudeste,Premium
C01759,2025-11-15,SC,Sul,Intermediário
C01760,2024-12-25,PA,Norte,Premium
C01761,2024-04-24,SP,Sudeste,Mass Market
C01762,2024-01-13,SC,Sul,Intermediário
C01763,2024-01-13,MG,Sudeste,Intermediário
C01764,2023-01-14,DF,Centro-Oeste,Mass Market
C01765,2023-09-17,PE,Nordeste,Mass Market
C01766,2024-01-19,RJ,Sudeste,Mass Market
C01767,2022-04-16,MG,Sudeste,Mass Market
C01768,2025-01-19,PA,Norte,Mass Market
C01769,2024-04-09,PB,Nordeste,Mass Market
C01770,2022-03-31,GO,Centro-Oeste,Intermediário
C01771,2024-06-25,SP,Sudeste,Intermediário
C01772,2024-04-28,SP,Sudeste,Mass Market
C01773,2024-10-07,RS,Sul,Mass Market
C01774,2023-07-08,SE,Nordeste,Mass Market
C01775,2025-01-23,GO,Centro-Oeste,Intermediário
C01776,2022-03-13,PR,Sul,Mass Market
C01777,2023-09-24,BA,Nordeste,Mass Market
C01778,2024-02-27,PR,Sul,Intermediário
C01779,2024-11-04,BA,Nordeste,Mass Market
C01780,2024-02-11,RJ,Sudeste,Intermediário
C01781,2023-07-21,SC,Sul,Mass Market
C01782,2025-08-23,GO,Centro-Oeste,Mass Market
C01783,2023-06-09,SP,Sudeste,Intermediário
C01784,2023-06-10,DF,Centro-Oeste,Intermediário
C01785,2025-09-13,MT,Centro-Oeste,Intermediário
C01786,2022-08-10,CE,Nordeste,Mass Market
C01787,2025-02-24,RS,Sul,Mass Market
C01788,2023-08-01,PE,Nordeste,Intermediário
C01789,2024-12-18,MT,Centro-Oeste,Mass Market
C01790,2022-02-10,AL,Nordeste,Mass Market
C01791,2022-06-25,RJ,Sudeste,Mass Market
C01792,2025-02-09,GO,Centro-Oeste,Mass Market
C01793,2022-10-09,SP,Sudeste,Intermediário
C01794,2022-08-03,PE,Nordeste,Intermediário
C01795,2023-10-24,MG,Sudeste,Mass Market
C01796,2023-01-18,RJ,Sudeste,Mass Market
C01797,2022-03-20,MT,Centro-Oeste,Intermediário
C01798,2024-03-09,RJ,Sudeste,Mass Market
C01799,2025-06-19,ES,Sudeste,Mass Market
C01800,2025-03-14,CE,Nordeste,Mass Market
C01801,2022-05-15,MG,Sudeste,Intermediário
C01802,2023-07-23,RJ,Sudeste,Intermediário
C01803,2023-06-28,SP,Sudeste,Mass Market
C01804,2024-05-18,MT,Centro-Oeste,Mass Market
C01805,2024-07-12,PR,Sul,Mass Market
C01806,2025-12-06,MG,Sudeste,Mass Market
C01807,2025-05-29,RJ,Sudeste,Mass Market
C01808,2025-09-13,RJ,Sudeste,Premium
C01809,2022-10-02,SC,Sul,Mass Market
C01810,2022-10-12,BA,Nordeste,Mass Market
C01811,2023-11-25,PR,Sul,Mass Market
C01812,2023-09-15,MA,Nordeste,Intermediário
C01813,2024-04-05,SC,Sul,Intermediário
C01814,2022-05-11,DF,Centro-Oeste,Intermediário
C01815,2022-01-20,MT,Centro-Oeste,Mass Market
C01816,2024-11-05,PE,Nordeste,Mass Market
C01817,2022-12-31,PE,Nordeste,Mass Market
C01818,2025-12-21,ES,Sudeste,Mass Market
C01819,2022-07-23,SC,Sul,Mass Market
C01820,2022-11-07,SP,Sudeste,Mass Market
C01821,2025-05-25,PI,Nordeste,Mass Market
C01822,2025-04-09,MG,Sudeste,Intermediário
C01823,2022-03-19,RS,Sul,Mass Market
C01824,2025-04-19,RS,Sul,Mass Market
C01825,2024-04-19,SC,Sul,Mass Market
C01826,2023-11-12,GO,Centro-Oeste,Mass Market
C01827,2023-08-30,RS,Sul,Intermediário
C01828,2024-02-10,SP,Sudeste,Mass Market
C01829,2023-04-08,MG,Sudeste,Intermediário
C01830,2024-05-03,SE,Nordeste,Intermediário
C01831,2025-01-31,SP,Sudeste,Mass Market
C01832,2025-10-03,MG,Sudeste,Mass Market
C01833,2024-05-12,RJ,Sudeste,Mass Market
C01834,2024-01-16,PE,Nordeste,Mass Market
C01835,2024-03-13,MA,Nordeste,Intermediário
C01836,2022-10-10,BA,Nordeste,Mass Market
C01837,2022-04-13,MG,Sudeste,Intermediário
C01838,2023-09-08,MA,Nordeste,Mass Market
C01839,2025-05-08,PE,Nordeste,Mass Market
C01840,2023-07-15,RJ,Sudeste,Premium
C01841,2024-01-16,SP,Sudeste,Mass Market
C01842,2023-10-13,PR,Sul,Intermediário
C01843,2025-02-07,BA,Nordeste,Premium
C01844,2023-09-12,MA,Nordeste,Mass Market
C01845,2025-03-20,RS,Sul,Mass Market
C01846,2024-05-19,SP,Sudeste,Mass Market
C01847,2023-04-01,SC,Sul,Mass Market
C01848,2025-10-01,RS,Sul,Mass Market
C01849,2024-01-31,RJ,Sudeste,Intermediário
C01850,2023-10-22,PR,Sul,Mass Market
C01851,2025-07-12,ES,Sudeste,Premium
C01852,2024-04-04,AL,Nordeste,Intermediário
C01853,2023-05-23,MG,Sudeste,Mass Market
C01854,2023-11-08,GO,Centro-Oeste,Mass Market
C01855,2022-05-10,DF,Centro-Oeste,Mass Market
C01856,2024-07-08,BA,Nordeste,Intermediário
C01857,2023-07-09,MG,Sudeste,Intermediário
C01858,2025-10-14,CE,Nordeste,Intermediário
C01859,2022-02-13,ES,Sudeste,Premium
C01860,2023-07-15,SP,Sudeste,Mass Market
C01861,2022-02-26,RJ,Sudeste,Mass Market
C01862,2022-05-12,ES,Sudeste,Mass Market
C01863,2025-11-08,PE,Nordeste,Mass Market
C01864,2022-04-29,SP,Sudeste,Intermediário
C01865,2023-09-26,TO,Norte,Premium
C01866,2022-08-30,SP,Sudeste,Mass Market
C01867,2025-03-25,SC,Sul,Mass Market
C01868,2022-09-12,CE,Nordeste,Mass Market
C01869,2023-09-29,SC,Sul,Intermediário
C01870,2022-03-07,RO,Norte,Intermediário
C01871,2024-02-25,SP,Sudeste,Intermediário
C01872,2024-09-28,RJ,Sudeste,Mass Market
C01873,2022-10-20,SP,Sudeste,Mass Market
C01874,2025-07-06,SP,Sudeste,Intermediário
C01875,2024-09-26,MT,Centro-Oeste,Mass Market
C01876,2024-05-10,SC,Sul,Mass Market
C01877,2024-06-05,PR,Sul,Intermediário
C01878,2025-11-24,AL,Nordeste,Intermediário
C01879,2022-10-24,GO,Centro-Oeste,Mass Market
C01880,2025-10-05,RJ,Sudeste,Intermediário
C01881,2024-10-29,PA,Norte,Mass Market
C01882,2023-06-25,SP,Sudeste,Mass Market
C01883,2025-02-01,RO,Norte,Intermediário
C01884,2025-05-22,SP,Sudeste,Mass Market
C01885,2024-05-16,PR,Sul,Mass Market
C01886,2024-11-02,PB,Nordeste,Intermediário
C01887,2023-12-27,SC,Sul,Mass Market
C01888,2025-07-26,AL,Nordeste,Mass Market
C01889,2023-08-14,PR,Sul,Mass Market
C01890,2025-02-18,PR,Sul,Intermediário
C01891,2023-05-02,MA,Nordeste,Mass Market
C01892,2023-08-14,MG,Sudeste,Premium
C01893,2023-03-28,MA,Nordeste,Mass Market
C01894,2025-05-15,SE,Nordeste,Mass Market
C01895,2025-05-05,MG,Sudeste,Mass Market
C01896,2025-04-03,MG,Sudeste,Premium
C01897,2023-05-13,MG,Sudeste,Intermediário
C01898,2022-04-25,RJ,Sudeste,Mass Market
C01899,2022-10-20,RS,Sul,Mass Market
C01900,2022-01-10,RJ,Sudeste,Mass Market
C01901,2023-07-14,MS,Centro-Oeste,Mass Market
C01902,2022-03-12,ES,Sudeste,Mass Market
C01903,2025-03-07,ES,Sudeste,Premium
C01904,2022-01-29,PE,Nordeste,Intermediário
C01905,2024-10-11,GO,Centro-Oeste,Mass Market
C01906,2022-06-18,CE,Nordeste,Intermediário
C01907,2023-05-12,ES,Sudeste,Intermediário
C01908,2023-09-29,SP,Sudeste,Mass Market
C01909,2025-10-21,MG,Sudeste,Mass Market
C01910,2023-11-18,AM,Norte,Mass Market
C01911,2024-12-16,MS,Centro-Oeste,Intermediário
C01912,2023-01-15,AL,Nordeste,Mass Market
C01913,2022-04-06,SP,Sudeste,Mass Market
C01914,2022-10-26,BA,Nordeste,Mass Market
C01915,2025-02-09,RS,Sul,Premium
C01916,2022-04-03,SP,Sudeste,Intermediário
C01917,2025-12-04,PE,Nordeste,Mass Market
C01918,2022-04-08,RJ,Sudeste,Intermediário
C01919,2022-05-17,MG,Sudeste,Mass Market
C01920,2023-10-18,MG,Sudeste,Mass Market
C01921,2024-05-06,MT,Centro-Oeste,Mass Market
C01922,2023-07-04,RJ,Sudeste,Mass Market
C01923,2022-02-13,PR,Sul,Intermediário
C01924,2025-09-03,RN,Nordeste,Mass Market
C01925,2025-04-09,SC,Sul,Mass Market
C01926,2024-05-30,GO,Centro-Oeste,Mass Market
C01927,2024-04-04,RJ,Sudeste,Mass Market
C01928,2022-03-01,PB,Nordeste,Mass Market
C01929,2024-07-20,SP,Sudeste,Intermediário
C01930,2023-07-09,RS,Sul,Mass Market
C01931,2022-07-17,PR,Sul,Intermediário
C01932,2022-01-15,MG,Sudeste,Mass Market
C01933,2023-07-16,SP,Sudeste,Mass Market
C01934,2022-05-02,RJ,Sudeste,Mass Market
C01935,2022-04-07,SP,Sudeste,Mass Market
C01936,2023-12-25,RJ,Sudeste,Mass Market
C01937,2024-05-02,SP,Sudeste,Mass Market
C01938,2022-12-19,PR,Sul,Premium
C01939,2025-03-03,PR,Sul,Intermediário
C01940,2024-08-29,GO,Centro-Oeste,Intermediário
C01941,2024-05-20,PR,Sul,Mass Market
C01942,2022-01-19,SP,Sudeste,Mass Market
C01943,2024-09-13,MG,Sudeste,Mass Market
C01944,2022-03-14,SP,Sudeste,Intermediário
C01945,2023-12-21,RN,Nordeste,Intermediário
C01946,2025-05-17,BA,Nordeste,Mass Market
C01947,2025-07-23,MS,Centro-Oeste,Intermediário
C01948,2024-05-26,RJ,Sudeste,Mass Market
C01949,2022-01-08,RS,Sul,Mass Market
C01950,2022-03-19,MG,Sudeste,Mass Market
C01951,2024-05-06,MG,Sudeste,Intermediário
C01952,2025-07-16,RR,Norte,Mass Market
C01953,2024-09-21,MS,Centro-Oeste,Intermediário
C01954,2024-09-16,MS,Centro-Oeste,Intermediário
C01955,2025-05-08,PR,Sul,Mass Market
C01956,2025-10-23,RS,Sul,Mass Market
C01957,2022-01-02,DF,Centro-Oeste,Intermediário
C01958,2023-11-09,SP,Sudeste,Mass Market
C01959,2023-04-18,TO,Norte,Intermediário
C01960,2025-10-27,RS,Sul,Intermediário
C01961,2024-04-12,BA,Nordeste,Mass Market
C01962,2024-07-03,PA,Norte,Premium
C01963,2024-06-03,GO,Centro-Oeste,Premium
C01964,2022-05-07,RS,Sul,Mass Market
C01965,2023-09-26,MG,Sudeste,Mass Market
C01966,2022-08-30,SC,Sul,Mass Market
C01967,2022-03-15,RJ,Sudeste,Mass Market
C01968,2024-09-12,SP,Sudeste,Mass Market
C01969,2025-07-17,PR,Sul,Mass Market
C01970,2022-12-11,SP,Sudeste,Mass Market
C01971,2024-10-12,PR,Sul,Mass Market
C01972,2024-08-19,GO,Centro-Oeste,Premium
C01973,2025-12-26,MG,Sudeste,Mass Market
C01974,2023-11-04,PR,Sul,Intermediário
C01975,2025-07-04,PR,Sul,Mass Market
C01976,2025-07-07,GO,Centro-Oeste,Premium
C01977,2025-07-01,PR,Sul,Mass Market
C01978,2023-07-20,MS,Centro-Oeste,Mass Market
C01979,2024-01-26,SP,Sudeste,Premium
C01980,2022-12-02,BA,Nordeste,Mass Market
C01981,2024-05-22,MS,Centro-Oeste,Mass Market
C01982,2022-01-29,RJ,Sudeste,Mass Market
C01983,2022-10-07,SP,Sudeste,Mass Market
C01984,2023-09-09,ES,Sudeste,Intermediário
C01985,2024-07-21,SP,Sudeste,Intermediário
C01986,2023-06-13,MG,Sudeste,Mass Market
C01987,2024-02-03,GO,Centro-Oeste,Premium
C01988,2025-03-09,CE,Nordeste,Intermediário
C01989,2025-08-25,DF,Centro-Oeste,Mass Market
C01990,2025-04-03,GO,Centro-Oeste,Mass Market
C01991,2024-10-17,PA,Norte,Intermediário
C01992,2024-06-04,BA,Nordeste,Mass Market
C01993,2023-02-18,RJ,Sudeste,Intermediário
C01994,2024-06-17,ES,Sudeste,Intermediário
C01995,2023-01-02,DF,Centro-Oeste,Mass Market
C01996,2023-12-21,MT,Centro-Oeste,Mass Market
C01997,2023-07-07,CE,Nordeste,Intermediário
C01998,2022-02-12,TO,Norte,Mass Market
C01999,2022-12-23,SP,Sudeste,Intermediário
C02000,2023-02-22,MG,Sudeste,Intermediário
C02001,2024-02-10,MG,Sudeste,Intermediário
C02002,2022-08-25,RS,Sul,Intermediário
C02003,2023-01-15,MT,Centro-Oeste,Mass Market
C02004,2023-08-10,GO,Centro-Oeste,Mass Market
C02005,2023-12-27,RJ,Sudeste,Mass Market
C02006,2025-12-30,DF,Centro-Oeste,Mass Market
C02007,2022-10-16,RJ,Sudeste,Mass Market
C02008,2024-05-14,DF,Centro-Oeste,Mass Market
C02009,2023-05-18,SE,Nordeste,Intermediário
C02010,2022-09-14,BA,Nordeste,Intermediário
C02011,2022-08-28,RJ,Sudeste,Intermediário
C02012,2022-03-13,RJ,Sudeste,Mass Market
C02013,2022-09-01,RJ,Sudeste,Mass Market
C02014,2025-11-05,PR,Sul,Mass Market
C02015,2024-02-28,SE,Nordeste,Mass Market
C02016,2024-02-26,SP,Sudeste,Mass Market
C02017,2022-01-08,PA,Norte,Mass Market
C02018,2022-05-26,CE,Nordeste,Intermediário
C02019,2024-10-03,SC,Sul,Intermediário
C02020,2024-06-04,MG,Sudeste,Mass Market
C02021,2022-09-13,DF,Centro-Oeste,Mass Market
C02022,2023-04-14,RS,Sul,Mass Market
C02023,2024-07-10,DF,Centro-Oeste,Mass Market
C02024,2023-09-08,MG,Sudeste,Mass Market
C02025,2024-06-29,MG,Sudeste,Mass Market
C02026,2022-01-20,RS,Sul,Mass Market
C02027,2022-11-12,MG,Sudeste,Mass Market
C02028,2022-09-24,MG,Sudeste,Mass Market
C02029,2025-07-24,MG,Sudeste,Mass Market
C02030,2022-10-28,BA,Nordeste,Mass Market
C02031,2023-06-24,PR,Sul,Mass Market
C02032,2024-01-01,MG,Sudeste,Mass Market
C02033,2025-07-31,SP,Sudeste,Intermediário
C02034,2024-10-23,PR,Sul,Intermediário
C02035,2024-12-25,MT,Centro-Oeste,Mass Market
C02036,2022-04-05,GO,Centro-Oeste,Premium
C02037,2025-09-27,PE,Nordeste,Intermediário
C02038,2025-10-22,SP,Sudeste,Mass Market
C02039,2025-09-10,BA,Nordeste,Mass Market
C02040,2022-09-19,MT,Centro-Oeste,Mass Market
C02041,2025-07-08,GO,Centro-Oeste,Mass Market
C02042,2025-10-22,PR,Sul,Mass Market
C02043,2025-01-09,PB,Nordeste,Intermediário
C02044,2024-01-24,MG,Sudeste,Mass Market
C02045,2022-05-25,RS,Sul,Mass Market
C02046,2025-02-07,SC,Sul,Intermediário
C02047,2024-03-20,MG,Sudeste,Mass Market
C02048,2023-08-27,SP,Sudeste,Mass Market
C02049,2025-07-06,PR,Sul,Intermediário
C02050,2023-09-25,SP,Sudeste,Intermediário
C02051,2024-11-25,MT,Centro-Oeste,Mass Market
C02052,2024-08-20,RJ,Sudeste,Mass Market
C02053,2025-07-25,RJ,Sudeste,Mass Market
C02054,2025-11-06,RS,Sul,Mass Market
C02055,2022-03-25,GO,Centro-Oeste,Mass Market
C02056,2024-03-13,PE,Nordeste,Intermediário
C02057,2025-08-13,PE,Nordeste,Intermediário
C02058,2023-09-30,MG,Sudeste,Mass Market
C02059,2025-10-09,MG,Sudeste,Mass Market
C02060,2025-06-30,PR,Sul,Intermediário
C02061,2025-10-28,PR,Sul,Mass Market
C02062,2023-04-08,GO,Centro-Oeste,Mass Market
C02063,2022-06-07,SP,Sudeste,Mass Market
C02064,2023-03-10,RR,Norte,Mass Market
C02065,2023-10-02,SP,Sudeste,Intermediário
C02066,2024-12-15,RJ,Sudeste,Mass Market
C02067,2022-09-10,SC,Sul,Mass Market
C02068,2022-08-02,SP,Sudeste,Mass Market
C02069,2023-04-29,MG,Sudeste,Mass Market
C02070,2025-03-09,MG,Sudeste,Mass Market
C02071,2025-11-15,MG,Sudeste,Mass Market
C02072,2025-02-19,SP,Sudeste,Premium
C02073,2022-11-14,MG,Sudeste,Mass Market
C02074,2024-10-29,SP,Sudeste,Intermediário
C02075,2025-12-03,PR,Sul,Premium
C02076,2025-09-17,MA,Nordeste,Intermediário
C02077,2023-12-09,PA,Norte,Intermediário
C02078,2025-02-17,SP,Sudeste,Mass Market
C02079,2022-01-07,RJ,Sudeste,Mass Market
C02080,2023-06-29,RJ,Sudeste,Mass Market
C02081,2023-10-31,RS,Sul,Mass Market
C02082,2025-02-22,SP,Sudeste,Intermediário
C02083,2023-03-12,AC,Norte,Mass Market
C02084,2025-01-08,DF,Centro-Oeste,Intermediário
C02085,2025-09-15,SP,Sudeste,Intermediário
C02086,2024-10-10,GO,Centro-Oeste,Intermediário
C02087,2025-05-13,CE,Nordeste,Intermediário
C02088,2023-05-09,SP,Sudeste,Premium
C02089,2025-10-03,PR,Sul,Mass Market
C02090,2025-03-17,MG,Sudeste,Premium
C02091,2024-05-28,AC,Norte,Mass Market
C02092,2025-09-07,PE,Nordeste,Intermediário
C02093,2025-01-07,SP,Sudeste,Mass Market
C02094,2025-07-10,PE,Nordeste,Mass Market
C02095,2023-04-09,SE,Nordeste,Mass Market
C02096,2022-01-12,PR,Sul,Intermediário
C02097,2025-07-03,RS,Sul,Mass Market
C02098,2022-05-26,PE,Nordeste,Mass Market
C02099,2023-08-24,SC,Sul,Mass Market
C02100,2022-10-28,MT,Centro-Oeste,Mass Market
C02101,2023-12-13,MG,Sudeste,Mass Market
C02102,2023-04-25,SP,Sudeste,Premium
C02103,2023-05-29,SE,Nordeste,Mass Market
C02104,2022-11-09,RJ,Sudeste,Premium
C02105,2025-03-09,PA,Norte,Intermediário
C02106,2023-08-27,MG,Sudeste,Mass Market
C02107,2023-06-26,SP,Sudeste,Premium
C02108,2022-08-02,SE,Nordeste,Mass Market
C02109,2023-03-06,MS,Centro-Oeste,Intermediário
C02110,2023-06-03,RJ,Sudeste,Mass Market
C02111,2024-12-29,RS,Sul,Mass Market
C02112,2024-03-20,SP,Sudeste,Intermediário
C02113,2022-10-13,PI,Nordeste,Intermediário
C02114,2023-07-06,PR,Sul,Mass Market
C02115,2023-02-25,GO,Centro-Oeste,Intermediário
C02116,2024-08-20,RJ,Sudeste,Intermediário
C02117,2025-06-09,MA,Nordeste,Mass Market
C02118,2024-06-08,RS,Sul,Intermediário
C02119,2025-09-12,PE,Nordeste,Intermediário
C02120,2024-03-08,PR,Sul,Mass Market
C02121,2022-01-21,SP,Sudeste,Mass Market
C02122,2023-06-01,BA,Nordeste,Mass Market
C02123,2024-04-21,DF,Centro-Oeste,Mass Market
C02124,2022-01-07,SC,Sul,Mass Market
C02125,2022-05-30,PA,Norte,Intermediário
C02126,2023-07-27,MS,Centro-Oeste,Premium
C02127,2025-09-22,SP,Sudeste,Mass Market
C02128,2023-06-15,ES,Sudeste,Premium
C02129,2025-11-23,SP,Sudeste,Intermediário
C02130,2025-06-06,SP,Sudeste,Mass Market
C02131,2025-09-29,SP,Sudeste,Mass Market
C02132,2023-04-27,MG,Sudeste,Intermediário
C02133,2023-08-25,BA,Nordeste,Intermediário
C02134,2022-08-23,PE,Nordeste,Mass Market
C02135,2023-04-08,PR,Sul,Mass Market
C02136,2023-04-13,AL,Nordeste,Mass Market
C02137,2025-07-31,MG,Sudeste,Mass Market
C02138,2025-07-18,MG,Sudeste,Premium
C02139,2025-03-29,RJ,Sudeste,Intermediário
C02140,2024-09-07,PR,Sul,Mass Market
C02141,2023-02-26,SP,Sudeste,Intermediário
C02142,2022-08-26,BA,Nordeste,Mass Market
C02143,2025-03-26,SC,Sul,Mass Market
C02144,2024-02-15,PE,Nordeste,Mass Market
C02145,2022-05-16,SP,Sudeste,Mass Market
C02146,2023-07-29,MG,Sudeste,Mass Market
C02147,2025-02-20,SP,Sudeste,Mass Market
C02148,2025-08-01,MA,Nordeste,Intermediário
C02149,2022-06-25,PR,Sul,Intermediário
C02150,2023-09-03,PA,Norte,Mass Market
C02151,2022-04-19,SP,Sudeste,Mass Market
C02152,2023-04-29,MG,Sudeste,Intermediário
C02153,2024-09-04,MG,Sudeste,Intermediário
C02154,2022-10-02,SP,Sudeste,Mass Market
C02155,2022-07-24,GO,Centro-Oeste,Mass Market
C02156,2025-07-30,SP,Sudeste,Mass Market
C02157,2024-09-21,SC,Sul,Mass Market
C02158,2024-06-02,MG,Sudeste,Mass Market
C02159,2023-07-28,SP,Sudeste,Mass Market
C02160,2023-11-24,GO,Centro-Oeste,Intermediário
C02161,2023-05-06,BA,Nordeste,Mass Market
C02162,2024-09-02,RJ,Sudeste,Premium
C02163,2024-07-18,GO,Centro-Oeste,Mass Market
C02164,2023-07-27,RJ,Sudeste,Mass Market
C02165,2022-12-09,PE,Nordeste,Mass Market
C02166,2023-04-01,SP,Sudeste,Mass Market
C02167,2025-08-08,MG,Sudeste,Mass Market
C02168,2022-05-20,MG,Sudeste,Intermediário
C02169,2023-08-08,SP,Sudeste,Premium
C02170,2023-11-02,MG,Sudeste,Intermediário
C02171,2023-09-05,ES,Sudeste,Mass Market
C02172,2024-04-06,RJ,Sudeste,Mass Market
C02173,2024-06-23,SC,Sul,Mass Market
C02174,2025-11-01,GO,Centro-Oeste,Mass Market
C02175,2022-12-22,SP,Sudeste,Mass Market
C02176,2024-05-28,SP,Sudeste,Mass Market
C02177,2025-09-20,MG,Sudeste,Mass Market
C02178,2024-07-13,RO,Norte,Mass Market
C02179,2024-02-18,ES,Sudeste,Intermediário
C02180,2024-03-22,BA,Nordeste,Mass Market
C02181,2025-01-05,SP,Sudeste,Intermediário
C02182,2025-11-24,BA,Nordeste,Intermediário
C02183,2022-07-08,RS,Sul,Intermediário
C02184,2023-01-05,SP,Sudeste,Mass Market
C02185,2025-01-30,SP,Sudeste,Mass Market
C02186,2025-12-04,AL,Nordeste,Mass Market
C02187,2022-10-26,PR,Sul,Intermediário
C02188,2023-10-06,DF,Centro-Oeste,Intermediário
C02189,2022-05-16,RJ,Sudeste,Mass Market
C02190,2025-11-22,PR,Sul,Intermediário
C02191,2025-05-16,PA,Norte,Mass Market
C02192,2022-07-08,DF,Centro-Oeste,Intermediário
C02193,2023-07-17,MG,Sudeste,Mass Market
C02194,2025-11-04,ES,Sudeste,Mass Market
C02195,2022-07-23,RJ,Sudeste,Premium
C02196,2025-12-13,BA,Nordeste,Mass Market
C02197,2024-06-02,GO,Centro-Oeste,Intermediário
C02198,2023-01-20,CE,Nordeste,Mass Market
C02199,2022-07-23,SP,Sudeste,Intermediário
C02200,2022-07-19,PE,Nordeste,Mass Market
C02201,2025-07-01,SP,Sudeste,Intermediário
C02202,2025-09-13,SP,Sudeste,Mass Market
C02203,2024-11-07,SP,Sudeste,Mass Market
C02204,2022-06-16,RJ,Sudeste,Mass Market
C02205,2024-11-10,SP,Sudeste,Mass Market
C02206,2023-04-11,SC,Sul,Mass Market
C02207,2025-12-27,RJ,Sudeste,Intermediário
C02208,2024-08-09,GO,Centro-Oeste,Intermediário
C02209,2022-01-06,MS,Centro-Oeste,Intermediário
C02210,2025-07-25,AL,Nordeste,Mass Market
C02211,2022-11-22,PA,Norte,Mass Market
C02212,2024-01-10,BA,Nordeste,Mass Market
C02213,2025-05-17,SP,Sudeste,Mass Market
C02214,2025-02-10,RJ,Sudeste,Intermediário
C02215,2022-05-04,PR,Sul,Mass Market
C02216,2022-05-17,MA,Nordeste,Mass Market
C02217,2024-09-17,SP,Sudeste,Premium
C02218,2024-12-10,MG,Sudeste,Mass Market
C02219,2024-03-10,MA,Nordeste,Mass Market
C02220,2025-01-19,SP,Sudeste,Intermediário
C02221,2023-11-12,MG,Sudeste,Mass Market
C02222,2025-09-18,RJ,Sudeste,Mass Market
C02223,2024-12-06,BA,Nordeste,Mass Market
C02224,2023-02-23,BA,Nordeste,Mass Market
C02225,2025-12-23,MG,Sudeste,Intermediário
C02226,2025-01-13,CE,Nordeste,Mass Market
C02227,2022-01-21,SC,Sul,Mass Market
C02228,2023-03-07,SP,Sudeste,Mass Market
C02229,2022-02-02,MG,Sudeste,Mass Market
C02230,2022-07-10,PR,Sul,Mass Market
C02231,2024-10-18,SC,Sul,Mass Market
C02232,2025-03-14,ES,Sudeste,Mass Market
C02233,2022-10-01,RJ,Sudeste,Mass Market
C02234,2023-07-08,RJ,Sudeste,Mass Market
C02235,2025-03-19,SC,Sul,Intermediário
C02236,2022-06-19,SC,Sul,Mass Market
C02237,2022-03-16,PB,Nordeste,Intermediário
C02238,2024-01-03,MG,Sudeste,Mass Market
C02239,2023-06-07,PE,Nordeste,Mass Market
C02240,2022-09-09,CE,Nordeste,Mass Market
C02241,2025-07-29,AL,Nordeste,Intermediário
C02242,2025-06-16,RJ,Sudeste,Mass Market
C02243,2025-09-10,RJ,Sudeste,Mass Market
C02244,2024-09-29,SP,Sudeste,Intermediário
C02245,2024-11-21,SP,Sudeste,Mass Market
C02246,2024-08-10,MT,Centro-Oeste,Mass Market
C02247,2022-04-12,PE,Nordeste,Intermediário
C02248,2023-08-06,PR,Sul,Intermediário
C02249,2025-11-22,PA,Norte,Mass Market
C02250,2023-01-01,MG,Sudeste,Premium
C02251,2024-09-18,PE,Nordeste,Mass Market
C02252,2022-02-25,PE,Nordeste,Intermediário
C02253,2023-04-26,SP,Sudeste,Mass Market
C02254,2022-03-21,ES,Sudeste,Intermediário
C02255,2024-10-25,RJ,Sudeste,Mass Market
C02256,2024-03-28,RJ,Sudeste,Mass Market
C02257,2025-09-05,RS,Sul,Mass Market
C02258,2024-06-03,SP,Sudeste,Mass Market
C02259,2024-04-27,BA,Nordeste,Mass Market
C02260,2024-10-19,SP,Sudeste,Mass Market
C02261,2024-08-22,PR,Sul,Intermediário
C02262,2023-01-19,MG,Sudeste,Intermediário
C02263,2022-11-20,SC,Sul,Mass Market
C02264,2023-11-05,AM,Norte,Mass Market
C02265,2025-12-17,SP,Sudeste,Intermediário
C02266,2022-05-31,PI,Nordeste,Intermediário
C02267,2024-08-06,MA,Nordeste,Intermediário
C02268,2024-04-30,SP,Sudeste,Intermediário
C02269,2024-11-21,MG,Sudeste,Mass Market
C02270,2024-01-01,SP,Sudeste,Premium
C02271,2023-04-04,PR,Sul,Mass Market
C02272,2024-09-10,PA,Norte,Mass Market
C02273,2023-04-29,SP,Sudeste,Mass Market
C02274,2022-04-02,PA,Norte,Premium
C02275,2025-11-06,RS,Sul,Mass Market
C02276,2025-10-22,MG,Sudeste,Premium
C02277,2025-11-27,PR,Sul,Mass Market
C02278,2025-03-19,PA,Norte,Mass Market
C02279,2023-02-27,SP,Sudeste,Mass Market
C02280,2025-07-01,MT,Centro-Oeste,Mass Market
C02281,2022-09-01,SP,Sudeste,Mass Market
C02282,2022-10-24,PR,Sul,Mass Market
C02283,2025-09-24,MG,Sudeste,Mass Market
C02284,2023-04-17,RS,Sul,Mass Market
C02285,2022-07-07,SP,Sudeste,Mass Market
C02286,2022-10-11,RJ,Sudeste,Intermediário
C02287,2024-10-20,MG,Sudeste,Mass Market
C02288,2022-04-30,RJ,Sudeste,Mass Market
C02289,2023-08-22,MT,Centro-Oeste,Mass Market
C02290,2025-05-11,RS,Sul,Premium
C02291,2025-03-15,MG,Sudeste,Premium
C02292,2022-04-20,MS,Centro-Oeste,Premium
C02293,2022-02-20,RJ,Sudeste,Premium
C02294,2025-05-09,RJ,Sudeste,Mass Market
C02295,2024-08-25,PR,Sul,Mass Market
C02296,2024-01-13,RJ,Sudeste,Mass Market
C02297,2025-08-30,SP,Sudeste,Mass Market
C02298,2023-08-20,SP,Sudeste,Intermediário
C02299,2023-01-17,RO,Norte,Mass Market
C02300,2023-07-08,PR,Sul,Mass Market
C02301,2024-06-16,AC,Norte,Mass Market
C02302,2022-11-25,SC,Sul,Mass Market
C02303,2023-09-13,DF,Centro-Oeste,Intermediário
C02304,2024-09-10,GO,Centro-Oeste,Mass Market
C02305,2022-10-27,SP,Sudeste,Mass Market
C02306,2023-05-11,MG,Sudeste,Mass Market
C02307,2025-12-01,RJ,Sudeste,Mass Market
C02308,2024-10-31,PR,Sul,Mass Market
C02309,2024-07-10,RJ,Sudeste,Intermediário
C02310,2023-01-25,SP,Sudeste,Mass Market
C02311,2023-07-01,RJ,Sudeste,Mass Market
C02312,2025-09-15,PR,Sul,Premium
C02313,2024-10-11,PR,Sul,Mass Market
C02314,2025-07-28,BA,Nordeste,Mass Market
C02315,2024-06-13,CE,Nordeste,Intermediário
C02316,2025-02-05,MS,Centro-Oeste,Intermediário
C02317,2024-03-07,SP,Sudeste,Mass Market
C02318,2025-11-20,GO,Centro-Oeste,Mass Market
C02319,2025-03-28,ES,Sudeste,Premium
C02320,2023-08-23,MG,Sudeste,Mass Market
C02321,2024-02-13,GO,Centro-Oeste,Intermediário
C02322,2024-05-07,MS,Centro-Oeste,Mass Market
C02323,2024-12-06,BA,Nordeste,Intermediário
C02324,2022-11-27,RJ,Sudeste,Mass Market
C02325,2025-12-19,MA,Nordeste,Mass Market
C02326,2023-02-14,SC,Sul,Intermediário
C02327,2023-02-12,MS,Centro-Oeste,Mass Market
C02328,2024-11-20,RJ,Sudeste,Intermediário
C02329,2025-06-11,RS,Sul,Intermediário
C02330,2023-12-12,BA,Nordeste,Premium
C02331,2024-07-22,RJ,Sudeste,Intermediário
C02332,2024-08-06,BA,Nordeste,Intermediário
C02333,2025-06-26,CE,Nordeste,Mass Market
C02334,2024-12-26,MG,Sudeste,Intermediário
C02335,2024-05-16,MG,Sudeste,Intermediário
C02336,2024-11-26,RN,Nordeste,Mass Market
C02337,2022-01-26,GO,Centro-Oeste,Mass Market
C02338,2023-01-02,GO,Centro-Oeste,Intermediário
C02339,2024-11-24,ES,Sudeste,Premium
C02340,2025-11-19,SC,Sul,Mass Market
C02341,2024-04-04,ES,Sudeste,Mass Market
C02342,2025-08-29,ES,Sudeste,Mass Market
C02343,2024-02-11,SP,Sudeste,Mass Market
C02344,2024-01-28,PE,Nordeste,Mass Market
C02345,2025-02-27,PE,Nordeste,Mass Market
C02346,2022-09-15,PR,Sul,Intermediário
C02347,2022-04-28,MA,Nordeste,Mass Market
C02348,2025-10-05,PB,Nordeste,Intermediário
C02349,2023-10-18,SP,Sudeste,Intermediário
C02350,2024-03-20,AC,Norte,Mass Market
C02351,2025-02-01,ES,Sudeste,Mass Market
C02352,2025-12-26,MG,Sudeste,Mass Market
C02353,2023-07-12,RS,Sul,Mass Market
C02354,2022-12-07,SE,Nordeste,Mass Market
C02355,2023-12-18,MS,Centro-Oeste,Intermediário
C02356,2025-01-25,PR,Sul,Mass Market
C02357,2025-05-19,PA,Norte,Mass Market
C02358,2024-04-23,MT,Centro-Oeste,Mass Market
C02359,2023-03-22,CE,Nordeste,Mass Market
C02360,2024-04-15,BA,Nordeste,Premium
C02361,2023-11-27,MT,Centro-Oeste,Mass Market
C02362,2025-11-25,DF,Centro-Oeste,Premium
C02363,2022-05-12,RJ,Sudeste,Intermediário
C02364,2025-08-17,SE,Nordeste,Intermediário
C02365,2023-05-12,AL,Nordeste,Mass Market
C02366,2024-02-18,BA,Nordeste,Intermediário
C02367,2023-09-23,AM,Norte,Intermediário
C02368,2022-11-08,PR,Sul,Mass Market
C02369,2023-06-29,PE,Nordeste,Premium
C02370,2023-01-03,RJ,Sudeste,Mass Market
C02371,2023-05-18,RS,Sul,Premium
C02372,2025-05-17,SP,Sudeste,Intermediário
C02373,2025-07-24,MG,Sudeste,Mass Market
C02374,2023-11-01,PE,Nordeste,Intermediário
C02375,2022-12-27,SP,Sudeste,Mass Market
C02376,2025-05-10,SP,Sudeste,Mass Market
C02377,2023-01-24,PA,Norte,Mass Market
C02378,2025-02-08,CE,Nordeste,Mass Market
C02379,2023-09-02,MG,Sudeste,Mass Market
C02380,2025-04-07,DF,Centro-Oeste,Mass Market
C02381,2022-08-20,CE,Nordeste,Intermediário
C02382,2025-12-10,SP,Sudeste,Premium
C02383,2022-01-11,SP,Sudeste,Mass Market
C02384,2023-05-10,MG,Sudeste,Intermediário
C02385,2023-08-17,RS,Sul,Mass Market
C02386,2024-11-29,MG,Sudeste,Mass Market
C02387,2025-10-27,SP,Sudeste,Mass Market
C02388,2025-10-14,SP,Sudeste,Mass Market
C02389,2023-07-14,RS,Sul,Mass Market
C02390,2025-06-16,SP,Sudeste,Mass Market
C02391,2023-06-16,PB,Nordeste,Mass Market
C02392,2022-04-02,GO,Centro-Oeste,Mass Market
C02393,2022-08-24,MG,Sudeste,Intermediário
C02394,2024-06-05,RS,Sul,Mass Market
C02395,2025-05-27,PR,Sul,Mass Market
C02396,2024-11-17,MG,Sudeste,Mass Market
C02397,2024-05-19,CE,Nordeste,Mass Market
C02398,2022-09-26,GO,Centro-Oeste,Mass Market
C02399,2023-04-20,SP,Sudeste,Intermediário
C02400,2025-10-14,PA,Norte,Mass Market
C02401,2024-10-16,MS,Centro-Oeste,Intermediário
C02402,2025-07-27,MG,Sudeste,Mass Market
C02403,2024-02-19,GO,Centro-Oeste,Intermediário
C02404,2025-05-04,RJ,Sudeste,Mass Market
C02405,2025-05-13,SC,Sul,Premium
C02406,2023-12-31,SE,Nordeste,Mass Market
C02407,2024-07-07,PR,Sul,Mass Market
C02408,2024-01-18,PE,Nordeste,Mass Market
C02409,2025-10-15,BA,Nordeste,Mass Market
C02410,2022-10-16,CE,Nordeste,Premium
C02411,2025-03-20,AM,Norte,Intermediário
C02412,2025-05-12,SP,Sudeste,Mass Market
C02413,2024-11-05,PE,Nordeste,Intermediário
C02414,2025-11-07,SP,Sudeste,Intermediário
C02415,2025-06-16,SP,Sudeste,Mass Market
C02416,2023-11-29,PR,Sul,Intermediário
C02417,2024-09-09,RJ,Sudeste,Premium
C02418,2024-07-15,PB,Nordeste,Mass Market
C02419,2022-09-30,BA,Nordeste,Mass Market
C02420,2023-11-16,MA,Nordeste,Mass Market
C02421,2025-08-11,RS,Sul,Intermediário
C02422,2023-09-09,RS,Sul,Mass Market
C02423,2025-10-05,SP,Sudeste,Intermediário
C02424,2025-08-31,DF,Centro-Oeste,Mass Market
C02425,2022-03-21,CE,Nordeste,Mass Market
C02426,2023-10-27,MG,Sudeste,Mass Market
C02427,2024-04-15,MG,Sudeste,Mass Market
C02428,2023-12-10,PB,Nordeste,Mass Market
C02429,2025-04-09,RN,Nordeste,Mass Market
C02430,2022-04-26,MG,Sudeste,Intermediário
C02431,2025-06-24,MA,Nordeste,Intermediário
C02432,2023-11-07,PR,Sul,Mass Market
C02433,2025-05-05,SC,Sul,Intermediário
C02434,2024-12-01,RS,Sul,Mass Market
C02435,2022-07-25,CE,Nordeste,Intermediário
C02436,2024-09-22,PR,Sul,Premium
C02437,2025-04-10,PI,Nordeste,Mass Market
C02438,2025-08-04,SP,Sudeste,Intermediário
C02439,2023-01-02,CE,Nordeste,Premium
C02440,2022-05-14,RJ,Sudeste,Mass Market
C02441,2025-09-28,PE,Nordeste,Mass Market
C02442,2025-09-03,SP,Sudeste,Mass Market
C02443,2023-01-13,PR,Sul,Mass Market
C02444,2023-05-30,MT,Centro-Oeste,Intermediário
C02445,2022-06-02,SC,Sul,Intermediário
C02446,2024-07-31,DF,Centro-Oeste,Premium
C02447,2024-10-03,MT,Centro-Oeste,Mass Market
C02448,2022-11-10,PA,Norte,Mass Market
C02449,2022-09-15,RJ,Sudeste,Mass Market
C02450,2023-11-18,RS,Sul,Intermediário
C02451,2023-02-26,GO,Centro-Oeste,Mass Market
C02452,2024-03-23,PI,Nordeste,Mass Market
C02453,2022-09-28,MS,Centro-Oeste,Intermediário
C02454,2024-10-12,CE,Nordeste,Mass Market
C02455,2025-07-10,MG,Sudeste,Premium
C02456,2022-12-26,AP,Norte,Mass Market
C02457,2022-08-12,SP,Sudeste,Intermediário
C02458,2025-03-10,MG,Sudeste,Mass Market
C02459,2023-08-09,PE,Nordeste,Intermediário
C02460,2022-09-22,SP,Sudeste,Intermediário
C02461,2022-05-26,PA,Norte,Mass Market
C02462,2024-09-24,ES,Sudeste,Intermediário
C02463,2025-08-07,RJ,Sudeste,Mass Market
C02464,2022-01-28,SP,Sudeste,Premium
C02465,2022-11-17,MG,Sudeste,Mass Market
C02466,2022-01-17,DF,Centro-Oeste,Mass Market
C02467,2025-11-22,SP,Sudeste,Mass Market
C02468,2025-12-01,SP,Sudeste,Mass Market
C02469,2022-03-16,DF,Centro-Oeste,Mass Market
C02470,2022-10-14,ES,Sudeste,Mass Market
C02471,2025-08-21,MG,Sudeste,Premium
C02472,2025-11-20,RS,Sul,Mass Market
C02473,2024-11-09,SP,Sudeste,Mass Market
C02474,2024-11-14,TO,Norte,Intermediário
C02475,2025-05-31,PA,Norte,Mass Market
C02476,2025-05-11,SC,Sul,Premium
C02477,2025-10-31,CE,Nordeste,Mass Market
C02478,2025-04-27,RJ,Sudeste,Premium
C02479,2022-05-18,BA,Nordeste,Intermediário
C02480,2022-02-27,SP,Sudeste,Intermediário
C02481,2025-03-07,SC,Sul,Mass Market
C02482,2024-08-16,PA,Norte,Premium
C02483,2024-07-23,SP,Sudeste,Mass Market
C02484,2022-10-08,SP,Sudeste,Mass Market
C02485,2025-05-05,MG,Sudeste,Intermediário
C02486,2025-05-05,TO,Norte,Mass Market
C02487,2025-03-13,SP,Sudeste,Mass Market
C02488,2024-01-15,RJ,Sudeste,Intermediário
C02489,2023-04-20,RS,Sul,Mass Market
C02490,2025-05-02,SP,Sudeste,Mass Market
C02491,2024-12-22,RN,Nordeste,Intermediário
C02492,2022-03-01,MS,Centro-Oeste,Intermediário
C02493,2023-01-15,SP,Sudeste,Mass Market
C02494,2025-01-11,SP,Sudeste,Mass Market
C02495,2024-03-14,SC,Sul,Mass Market
C02496,2024-07-17,SP,Sudeste,Mass Market
C02497,2023-12-10,SC,Sul,Intermediário
C02498,2023-08-29,GO,Centro-Oeste,Mass Market
C02499,2024-10-02,PE,Nordeste,Mass Market
C02500,2024-02-12,MG,Sudeste,Mass Market
C02501,2022-07-01,PR,Sul,Mass Market
C02502,2024-12-03,PA,Norte,Intermediário
C02503,2025-05-22,RN,Nordeste,Intermediário
C02504,2022-06-11,RJ,Sudeste,Premium
C02505,2023-09-09,SP,Sudeste,Mass Market
C02506,2023-10-11,RJ,Sudeste,Mass Market
C02507,2025-10-08,GO,Centro-Oeste,Premium
C02508,2024-06-13,CE,Nordeste,Premium
C02509,2023-10-28,SP,Sudeste,Intermediário
C02510,2025-05-20,BA,Nordeste,Mass Market
C02511,2024-08-18,PE,Nordeste,Mass Market
C02512,2025-12-24,SP,Sudeste,Premium
C02513,2025-03-30,PE,Nordeste,Intermediário
C02514,2022-01-20,RJ,Sudeste,Intermediário
C02515,2023-10-20,GO,Centro-Oeste,Intermediário
C02516,2022-02-10,MA,Nordeste,Mass Market
C02517,2025-01-19,BA,Nordeste,Mass Market
C02518,2025-06-13,PR,Sul,Mass Market
C02519,2023-12-26,RJ,Sudeste,Premium
C02520,2025-06-11,MS,Centro-Oeste,Mass Market
C02521,2023-03-02,MG,Sudeste,Mass Market
C02522,2022-03-19,BA,Nordeste,Mass Market
C02523,2022-04-19,RJ,Sudeste,Intermediário
C02524,2025-03-21,RS,Sul,Premium
C02525,2025-11-07,ES,Sudeste,Mass Market
C02526,2025-12-28,SP,Sudeste,Mass Market
C02527,2023-11-13,MG,Sudeste,Premium
C02528,2023-01-03,MG,Sudeste,Mass Market
C02529,2023-11-26,RS,Sul,Mass Market
C02530,2025-12-16,PR,Sul,Mass Market
C02531,2024-11-09,PE,Nordeste,Intermediário
C02532,2023-10-04,MG,Sudeste,Mass Market
C02533,2024-03-26,MG,Sudeste,Intermediário
C02534,2023-04-07,PA,Norte,Intermediário
C02535,2023-11-01,RJ,Sudeste,Intermediário
C02536,2023-12-11,SC,Sul,Intermediário
C02537,2022-08-21,SP,Sudeste,Intermediário
C02538,2025-04-10,AC,Norte,Mass Market
C02539,2023-08-13,PA,Norte,Intermediário
C02540,2023-08-25,PE,Nordeste,Mass Market
C02541,2025-03-17,RJ,Sudeste,Mass Market
C02542,2025-12-20,RS,Sul,Mass Market
C02543,2022-09-23,AL,Nordeste,Intermediário
C02544,2025-08-16,SP,Sudeste,Mass Market
C02545,2022-08-29,SP,Sudeste,Mass Market
C02546,2022-12-14,SP,Sudeste,Intermediário
C02547,2022-03-27,MS,Centro-Oeste,Mass Market
C02548,2022-11-19,SP,Sudeste,Mass Market
C02549,2025-11-05,AM,Norte,Intermediário
C02550,2024-07-20,RS,Sul,Premium
C02551,2023-01-15,PA,Norte,Mass Market
C02552,2024-05-13,MT,Centro-Oeste,Mass Market
C02553,2023-06-02,SP,Sudeste,Intermediário
C02554,2024-12-24,RJ,Sudeste,Premium
C02555,2024-05-09,SP,Sudeste,Mass Market
C02556,2023-05-06,SP,Sudeste,Mass Market
C02557,2022-07-15,SP,Sudeste,Intermediário
C02558,2025-04-22,PE,Nordeste,Mass Market
C02559,2022-11-05,MS,Centro-Oeste,Mass Market
C02560,2025-07-22,BA,Nordeste,Mass Market
C02561,2024-08-18,MG,Sudeste,Mass Market
C02562,2022-10-12,PR,Sul,Intermediário
C02563,2023-12-22,SP,Sudeste,Mass Market
C02564,2024-09-05,MA,Nordeste,Intermediário
C02565,2022-02-08,SP,Sudeste,Intermediário
C02566,2025-08-21,BA,Nordeste,Intermediário
C02567,2025-12-02,SP,Sudeste,Mass Market
C02568,2025-09-03,GO,Centro-Oeste,Mass Market
C02569,2024-09-28,DF,Centro-Oeste,Mass Market
C02570,2024-04-28,MG,Sudeste,Intermediário
C02571,2024-02-22,SP,Sudeste,Mass Market
C02572,2022-01-22,PR,Sul,Mass Market
C02573,2022-04-29,RS,Sul,Mass Market
C02574,2022-07-13,TO,Norte,Mass Market
C02575,2024-06-10,DF,Centro-Oeste,Mass Market
C02576,2024-11-09,PB,Nordeste,Intermediário
C02577,2022-05-14,SP,Sudeste,Mass Market
C02578,2025-05-11,RS,Sul,Intermediário
C02579,2023-01-07,RS,Sul,Intermediário
C02580,2025-04-08,PI,Nordeste,Mass Market
C02581,2022-02-18,MA,Nordeste,Mass Market
C02582,2022-08-30,RJ,Sudeste,Intermediário
C02583,2023-06-08,SP,Sudeste,Mass Market
C02584,2024-12-29,RR,Norte,Mass Market
C02585,2022-12-17,SP,Sudeste,Mass Market
C02586,2022-05-02,ES,Sudeste,Mass Market
C02587,2024-03-09,RJ,Sudeste,Mass Market
C02588,2024-07-22,SP,Sudeste,Mass Market
C02589,2025-02-24,SP,Sudeste,Intermediário
C02590,2022-08-05,SC,Sul,Mass Market
C02591,2022-11-24,BA,Nordeste,Mass Market
C02592,2022-07-13,RS,Sul,Mass Market
C02593,2025-02-26,PR,Sul,Intermediário
C02594,2025-07-04,ES,Sudeste,Intermediário
C02595,2022-12-24,MS,Centro-Oeste,Intermediário
C02596,2023-05-17,RS,Sul,Premium
C02597,2024-12-22,RJ,Sudeste,Mass Market
C02598,2023-08-13,SP,Sudeste,Mass Market
C02599,2025-07-22,SP,Sudeste,Mass Market
C02600,2024-08-19,MS,Centro-Oeste,Mass Market
C02601,2022-05-19,BA,Nordeste,Intermediário
C02602,2025-03-13,MG,Sudeste,Intermediário
C02603,2023-06-26,PR,Sul,Mass Market
C02604,2024-02-20,MA,Nordeste,Mass Market
C02605,2024-07-10,BA,Nordeste,Intermediário
C02606,2025-02-17,RS,Sul,Mass Market
C02607,2024-09-25,SP,Sudeste,Mass Market
C02608,2024-08-26,TO,Norte,Mass Market
C02609,2024-10-27,RS,Sul,Mass Market
C02610,2023-07-22,RJ,Sudeste,Mass Market
C02611,2023-05-09,MT,Centro-Oeste,Mass Market
C02612,2025-09-16,SP,Sudeste,Intermediário
C02613,2022-12-22,RS,Sul,Mass Market
C02614,2025-11-06,SP,Sudeste,Intermediário
C02615,2025-05-03,SP,Sudeste,Mass Market
C02616,2022-05-30,SC,Sul,Mass Market
C02617,2025-12-07,MG,Sudeste,Mass Market
C02618,2025-09-22,PR,Sul,Mass Market
C02619,2023-10-21,GO,Centro-Oeste,Mass Market
C02620,2022-01-16,RJ,Sudeste,Mass Market
C02621,2023-02-11,RS,Sul,Mass Market
C02622,2025-09-07,RJ,Sudeste,Intermediário
C02623,2025-01-29,GO,Centro-Oeste,Intermediário
C02624,2024-03-22,AM,Norte,Intermediário
C02625,2024-12-22,RJ,Sudeste,Mass Market
C02626,2023-03-12,MG,Sudeste,Mass Market
C02627,2025-09-08,ES,Sudeste,Mass Market
C02628,2023-03-16,SP,Sudeste,Intermediário
C02629,2025-12-14,GO,Centro-Oeste,Mass Market
C02630,2022-09-19,PE,Nordeste,Intermediário
C02631,2022-02-07,GO,Centro-Oeste,Intermediário
C02632,2022-07-16,TO,Norte,Mass Market
C02633,2025-11-13,SP,Sudeste,Mass Market
C02634,2024-04-16,RJ,Sudeste,Intermediário
C02635,2022-12-13,GO,Centro-Oeste,Mass Market
C02636,2024-11-13,CE,Nordeste,Mass Market
C02637,2024-05-10,AC,Norte,Mass Market
C02638,2022-03-21,PR,Sul,Mass Market
C02639,2025-08-27,SP,Sudeste,Premium
C02640,2025-10-31,GO,Centro-Oeste,Intermediário
C02641,2024-05-16,PR,Sul,Mass Market
C02642,2022-03-22,RJ,Sudeste,Mass Market
C02643,2025-10-01,MG,Sudeste,Mass Market
C02644,2022-11-16,SC,Sul,Mass Market
C02645,2024-01-23,SP,Sudeste,Mass Market
C02646,2022-08-12,SC,Sul,Intermediário
C02647,2023-03-25,SC,Sul,Mass Market
C02648,2023-12-17,PA,Norte,Intermediário
C02649,2024-03-23,RJ,Sudeste,Mass Market
C02650,2025-01-24,PE,Nordeste,Intermediário
C02651,2025-08-17,SC,Sul,Mass Market
C02652,2024-10-13,MA,Nordeste,Mass Market
C02653,2025-06-27,MG,Sudeste,Mass Market
C02654,2022-10-16,RS,Sul,Intermediário
C02655,2024-12-06,SP,Sudeste,Intermediário
C02656,2023-11-16,PA,Norte,Mass Market
C02657,2024-05-28,SP,Sudeste,Premium
C02658,2025-05-10,RS,Sul,Intermediário
C02659,2024-07-15,PB,Nordeste,Mass Market
C02660,2022-04-28,SP,Sudeste,Intermediário
C02661,2024-02-05,RS,Sul,Premium
C02662,2024-07-23,SC,Sul,Mass Market
C02663,2024-01-17,CE,Nordeste,Mass Market
C02664,2025-02-08,SP,Sudeste,Mass Market
C02665,2025-10-08,RO,Norte,Intermediário
C02666,2022-07-12,SP,Sudeste,Intermediário
C02667,2022-09-22,SP,Sudeste,Premium
C02668,2022-01-21,SP,Sudeste,Mass Market
C02669,2025-08-14,PE,Nordeste,Mass Market
C02670,2024-11-19,GO,Centro-Oeste,Intermediário
C02671,2025-06-28,GO,Centro-Oeste,Mass Market
C02672,2022-06-18,BA,Nordeste,Mass Market
C02673,2023-04-29,SC,Sul,Intermediário
C02674,2025-01-05,SP,Sudeste,Mass Market
C02675,2023-05-12,SP,Sudeste,Mass Market
C02676,2023-11-26,SP,Sudeste,Mass Market
C02677,2024-09-08,BA,Nordeste,Mass Market
C02678,2023-03-01,SP,Sudeste,Mass Market
C02679,2023-04-28,SP,Sudeste,Mass Market
C02680,2023-12-16,RJ,Sudeste,Mass Market
C02681,2023-08-18,SC,Sul,Mass Market
C02682,2024-05-27,DF,Centro-Oeste,Intermediário
C02683,2024-12-03,PE,Nordeste,Mass Market
C02684,2022-07-26,MG,Sudeste,Mass Market
C02685,2023-11-12,ES,Sudeste,Mass Market
C02686,2023-07-01,PE,Nordeste,Mass Market
C02687,2024-03-04,SP,Sudeste,Intermediário
C02688,2025-12-30,GO,Centro-Oeste,Intermediário
C02689,2022-04-05,SP,Sudeste,Mass Market
C02690,2023-11-18,SP,Sudeste,Mass Market
C02691,2024-10-15,GO,Centro-Oeste,Mass Market
C02692,2022-11-26,SP,Sudeste,Intermediário
C02693,2025-09-03,RJ,Sudeste,Mass Market
C02694,2024-03-13,MT,Centro-Oeste,Mass Market
C02695,2025-10-13,MG,Sudeste,Intermediário
C02696,2022-05-27,RO,Norte,Mass Market
C02697,2025-10-16,RJ,Sudeste,Mass Market
C02698,2025-02-04,PE,Nordeste,Mass Market
C02699,2023-06-28,RN,Nordeste,Intermediário
C02700,2024-05-13,SC,Sul,Mass Market
C02701,2025-01-26,RJ,Sudeste,Mass Market
C02702,2023-03-29,SP,Sudeste,Mass Market
C02703,2022-04-01,MG,Sudeste,Premium
C02704,2022-12-05,MA,Nordeste,Intermediário
C02705,2022-05-30,RJ,Sudeste,Mass Market
C02706,2025-03-08,MG,Sudeste,Mass Market
C02707,2023-05-13,MG,Sudeste,Mass Market
C02708,2024-10-09,PE,Nordeste,Mass Market
C02709,2025-01-09,GO,Centro-Oeste,Mass Market
C02710,2023-11-19,PR,Sul,Intermediário
C02711,2025-03-28,SE,Nordeste,Mass Market
C02712,2024-03-01,PE,Nordeste,Mass Market
C02713,2022-11-17,RS,Sul,Mass Market
C02714,2024-07-07,ES,Sudeste,Mass Market
C02715,2025-12-14,MG,Sudeste,Mass Market
C02716,2025-09-29,MS,Centro-Oeste,Intermediário
C02717,2025-12-20,AM,Norte,Mass Market
C02718,2023-01-27,MG,Sudeste,Mass Market
C02719,2023-08-05,CE,Nordeste,Mass Market
C02720,2025-11-12,MG,Sudeste,Mass Market
C02721,2022-04-02,SP,Sudeste,Mass Market
C02722,2023-06-28,RO,Norte,Mass Market
C02723,2025-04-28,PR,Sul,Intermediário
C02724,2022-09-14,RJ,Sudeste,Intermediário
C02725,2025-07-29,SP,Sudeste,Mass Market
C02726,2023-01-29,SC,Sul,Mass Market
C02727,2023-02-08,SC,Sul,Intermediário
C02728,2024-11-27,PE,Nordeste,Mass Market
C02729,2025-05-14,RO,Norte,Mass Market
C02730,2025-06-24,PR,Sul,Intermediário
C02731,2025-11-28,CE,Nordeste,Mass Market
C02732,2022-04-08,MG,Sudeste,Intermediário
C02733,2023-07-13,PR,Sul,Intermediário
C02734,2023-05-05,ES,Sudeste,Intermediário
C02735,2025-06-30,BA,Nordeste,Mass Market
C02736,2023-09-01,RJ,Sudeste,Mass Market
C02737,2024-07-18,CE,Nordeste,Premium
C02738,2024-05-22,SP,Sudeste,Mass Market
C02739,2024-09-25,GO,Centro-Oeste,Intermediário
C02740,2025-02-27,RS,Sul,Mass Market
C02741,2022-02-25,PR,Sul,Mass Market
C02742,2024-02-26,PA,Norte,Mass Market
C02743,2024-02-28,SP,Sudeste,Mass Market
C02744,2022-07-01,MG,Sudeste,Mass Market
C02745,2023-03-06,PR,Sul,Intermediário
C02746,2025-06-21,SP,Sudeste,Intermediário
C02747,2022-04-22,RN,Nordeste,Mass Market
C02748,2022-11-04,MG,Sudeste,Intermediário
C02749,2023-12-15,PB,Nordeste,Mass Market
C02750,2023-11-18,SP,Sudeste,Mass Market
C02751,2022-04-19,BA,Nordeste,Intermediário
C02752,2024-04-16,BA,Nordeste,Intermediário
C02753,2025-02-06,MG,Sudeste,Mass Market
C02754,2023-03-04,RS,Sul,Mass Market
C02755,2025-09-24,TO,Norte,Mass Market
C02756,2024-10-04,SP,Sudeste,Mass Market
C02757,2023-11-05,MG,Sudeste,Mass Market
C02758,2024-12-06,MG,Sudeste,Mass Market
C02759,2024-08-28,SP,Sudeste,Mass Market
C02760,2025-08-28,BA,Nordeste,Mass Market
C02761,2022-01-26,SP,Sudeste,Mass Market
C02762,2025-02-18,PR,Sul,Mass Market
C02763,2023-04-05,SP,Sudeste,Mass Market
C02764,2024-06-24,SP,Sudeste,Mass Market
C02765,2024-09-23,RS,Sul,Mass Market
C02766,2025-03-31,MG,Sudeste,Premium
C02767,2022-07-07,SP,Sudeste,Mass Market
C02768,2024-04-23,CE,Nordeste,Mass Market
C02769,2023-09-01,ES,Sudeste,Mass Market
C02770,2025-11-08,SP,Sudeste,Mass Market
C02771,2023-04-08,MS,Centro-Oeste,Intermediário
C02772,2023-06-17,SP,Sudeste,Intermediário
C02773,2024-07-31,BA,Nordeste,Intermediário
C02774,2024-06-20,RJ,Sudeste,Mass Market
C02775,2023-12-05,RJ,Sudeste,Mass Market
C02776,2022-07-16,AP,Norte,Intermediário
C02777,2022-07-08,RS,Sul,Premium
C02778,2025-05-18,MG,Sudeste,Intermediário
C02779,2023-02-20,SP,Sudeste,Mass Market
C02780,2023-03-12,PE,Nordeste,Intermediário
C02781,2025-07-08,RJ,Sudeste,Mass Market
C02782,2022-06-18,MA,Nordeste,Intermediário
C02783,2025-10-29,PR,Sul,Intermediário
C02784,2022-12-14,MG,Sudeste,Mass Market
C02785,2023-05-24,MG,Sudeste,Intermediário
C02786,2025-12-31,RJ,Sudeste,Intermediário
C02787,2024-02-23,MS,Centro-Oeste,Intermediário
C02788,2023-09-10,RJ,Sudeste,Intermediário
C02789,2022-06-08,PR,Sul,Mass Market
C02790,2023-04-17,MG,Sudeste,Mass Market
C02791,2022-05-29,SC,Sul,Intermediário
C02792,2022-12-05,PA,Norte,Premium
C02793,2024-02-06,CE,Nordeste,Premium
C02794,2023-08-10,MT,Centro-Oeste,Mass Market
C02795,2025-07-06,SP,Sudeste,Mass Market
C02796,2023-02-28,PR,Sul,Mass Market
C02797,2022-01-10,PE,Nordeste,Mass Market
C02798,2022-02-28,MA,Nordeste,Mass Market
C02799,2023-12-19,SC,Sul,Intermediário
C02800,2024-10-09,DF,Centro-Oeste,Mass Market
C02801,2024-08-11,CE,Nordeste,Intermediário
C02802,2025-05-19,SP,Sudeste,Intermediário
C02803,2023-01-26,SP,Sudeste,Intermediário
C02804,2023-12-07,RS,Sul,Mass Market
C02805,2022-11-06,RS,Sul,Premium
C02806,2022-05-07,RJ,Sudeste,Mass Market
C02807,2024-07-26,RS,Sul,Premium
C02808,2025-05-06,RJ,Sudeste,Mass Market
C02809,2024-04-28,PE,Nordeste,Mass Market
C02810,2022-04-05,DF,Centro-Oeste,Mass Market
C02811,2022-08-30,PB,Nordeste,Intermediário
C02812,2023-07-01,GO,Centro-Oeste,Mass Market
C02813,2024-07-27,MG,Sudeste,Mass Market
C02814,2023-12-15,CE,Nordeste,Mass Market
C02815,2022-11-05,GO,Centro-Oeste,Mass Market
C02816,2022-06-24,PE,Nordeste,Mass Market
C02817,2024-06-03,SP,Sudeste,Mass Market
C02818,2024-10-24,SP,Sudeste,Premium
C02819,2024-03-19,SP,Sudeste,Intermediário
C02820,2023-08-29,SP,Sudeste,Mass Market
C02821,2024-05-06,RJ,Sudeste,Intermediário
C02822,2022-02-18,MA,Nordeste,Mass Market
C02823,2023-01-08,SC,Sul,Mass Market
C02824,2023-12-29,SP,Sudeste,Premium
C02825,2023-07-27,PR,Sul,Mass Market
C02826,2022-10-22,PA,Norte,Mass Market
C02827,2023-04-05,MG,Sudeste,Mass Market
C02828,2023-07-24,MT,Centro-Oeste,Mass Market
C02829,2024-06-24,ES,Sudeste,Mass Market
C02830,2025-06-20,AL,Nordeste,Mass Market
C02831,2024-10-22,RS,Sul,Mass Market
C02832,2025-02-06,SP,Sudeste,Mass Market
C02833,2023-06-19,PE,Nordeste,Premium
C02834,2025-12-03,GO,Centro-Oeste,Intermediário
C02835,2024-11-27,SC,Sul,Intermediário
C02836,2025-07-03,GO,Centro-Oeste,Intermediário
C02837,2024-10-09,PR,Sul,Mass Market
C02838,2025-01-18,GO,Centro-Oeste,Intermediário
C02839,2022-12-21,RJ,Sudeste,Intermediário
C02840,2025-07-20,RJ,Sudeste,Mass Market
C02841,2022-10-15,RJ,Sudeste,Mass Market
C02842,2022-10-21,GO,Centro-Oeste,Intermediário
C02843,2025-03-31,MG,Sudeste,Mass Market
C02844,2023-09-07,PR,Sul,Mass Market
C02845,2022-11-30,PR,Sul,Premium
C02846,2022-01-09,MG,Sudeste,Mass Market
C02847,2024-12-25,RN,Nordeste,Mass Market
C02848,2023-03-10,SP,Sudeste,Premium
C02849,2024-02-12,SC,Sul,Mass Market
C02850,2022-03-21,SP,Sudeste,Mass Market
C02851,2024-11-26,PR,Sul,Mass Market
C02852,2022-04-09,GO,Centro-Oeste,Mass Market
C02853,2022-05-15,ES,Sudeste,Mass Market
C02854,2024-07-25,MG,Sudeste,Mass Market
C02855,2022-08-06,SP,Sudeste,Mass Market
C02856,2025-07-11,SC,Sul,Mass Market
C02857,2025-09-18,MG,Sudeste,Intermediário
C02858,2022-11-16,MT,Centro-Oeste,Intermediário
C02859,2022-11-17,RS,Sul,Mass Market
C02860,2023-06-17,MG,Sudeste,Mass Market
C02861,2022-01-23,MG,Sudeste,Mass Market
C02862,2025-10-06,BA,Nordeste,Mass Market
C02863,2024-06-25,DF,Centro-Oeste,Mass Market
C02864,2022-07-11,SP,Sudeste,Intermediário
C02865,2023-08-06,MG,Sudeste,Mass Market
C02866,2024-12-24,SP,Sudeste,Intermediário
C02867,2025-11-26,MA,Nordeste,Intermediário
C02868,2022-10-28,PE,Nordeste,Mass Market
C02869,2024-11-24,BA,Nordeste,Intermediário
C02870,2022-06-01,SP,Sudeste,Mass Market
C02871,2023-04-11,CE,Nordeste,Intermediário
C02872,2025-03-25,BA,Nordeste,Mass Market
C02873,2023-11-28,PE,Nordeste,Mass Market
C02874,2025-12-15,MT,Centro-Oeste,Mass Market
C02875,2022-11-19,MG,Sudeste,Mass Market
C02876,2022-01-31,SP,Sudeste,Mass Market
C02877,2025-11-09,BA,Nordeste,Mass Market
C02878,2024-02-07,GO,Centro-Oeste,Intermediário
C02879,2022-10-29,MG,Sudeste,Premium
C02880,2025-12-29,SP,Sudeste,Mass Market
C02881,2022-11-02,SP,Sudeste,Mass Market
C02882,2025-10-19,MG,Sudeste,Intermediário
C02883,2024-02-01,RJ,Sudeste,Intermediário
C02884,2022-02-03,RJ,Sudeste,Mass Market
C02885,2025-07-03,BA,Nordeste,Mass Market
C02886,2025-12-14,SP,Sudeste,Intermediário
C02887,2022-02-14,BA,Nordeste,Intermediário
C02888,2023-05-06,SP,Sudeste,Mass Market
C02889,2022-07-08,PR,Sul,Mass Market
C02890,2025-05-01,PA,Norte,Mass Market
C02891,2023-07-26,MG,Sudeste,Intermediário
C02892,2025-11-03,BA,Nordeste,Mass Market
C02893,2025-01-02,RS,Sul,Mass Market
C02894,2023-11-12,DF,Centro-Oeste,Mass Market
C02895,2024-03-06,PR,Sul,Mass Market
C02896,2023-09-29,SP,Sudeste,Mass Market
C02897,2024-03-12,PR,Sul,Intermediário
C02898,2023-09-16,GO,Centro-Oeste,Intermediário
C02899,2023-11-02,RS,Sul,Premium
C02900,2025-10-29,MG,Sudeste,Mass Market
C02901,2022-01-03,AL,Nordeste,Mass Market
C02902,2023-04-24,PR,Sul,Mass Market
C02903,2022-03-10,RJ,Sudeste,Intermediário
C02904,2023-02-06,PE,Nordeste,Intermediário
C02905,2023-05-21,SP,Sudeste,Intermediário
C02906,2025-05-04,PE,Nordeste,Mass Market
C02907,2022-03-12,GO,Centro-Oeste,Mass Market
C02908,2024-06-23,MA,Nordeste,Intermediário
C02909,2025-06-22,RJ,Sudeste,Mass Market
C02910,2022-08-17,DF,Centro-Oeste,Mass Market
C02911,2022-02-02,GO,Centro-Oeste,Intermediário
C02912,2023-09-01,MG,Sudeste,Intermediário
C02913,2023-02-15,RJ,Sudeste,Intermediário
C02914,2022-06-25,RS,Sul,Intermediário
C02915,2025-01-13,PI,Nordeste,Mass Market
C02916,2023-12-15,RJ,Sudeste,Intermediário
C02917,2023-10-07,SC,Sul,Intermediário
C02918,2025-11-16,GO,Centro-Oeste,Mass Market
C02919,2022-02-17,RJ,Sudeste,Mass Market
C02920,2022-04-15,CE,Nordeste,Mass Market
C02921,2023-08-10,SP,Sudeste,Mass Market
C02922,2022-02-15,SP,Sudeste,Mass Market
C02923,2025-05-03,SP,Sudeste,Mass Market
C02924,2022-02-05,CE,Nordeste,Mass Market
C02925,2022-03-14,MG,Sudeste,Intermediário
C02926,2025-05-22,SP,Sudeste,Intermediário
C02927,2023-08-27,SP,Sudeste,Mass Market
C02928,2025-05-02,MA,Nordeste,Mass Market
C02929,2024-06-24,SE,Nordeste,Mass Market
C02930,2023-08-06,MG,Sudeste,Mass Market
C02931,2024-08-09,DF,Centro-Oeste,Premium
C02932,2022-07-19,MG,Sudeste,Mass Market
C02933,2024-01-10,MS,Centro-Oeste,Intermediário
C02934,2025-01-03,GO,Centro-Oeste,Mass Market
C02935,2024-03-03,DF,Centro-Oeste,Intermediário
C02936,2022-11-30,PA,Norte,Premium
C02937,2023-07-14,PE,Nordeste,Intermediário
C02938,2025-06-26,MG,Sudeste,Mass Market
C02939,2025-05-31,SP,Sudeste,Intermediário
C02940,2023-06-16,PE,Nordeste,Mass Market
C02941,2025-07-02,GO,Centro-Oeste,Mass Market
C02942,2024-07-08,PR,Sul,Intermediário
C02943,2025-10-14,SP,Sudeste,Intermediário
C02944,2024-02-15,PE,Nordeste,Intermediário
C02945,2025-09-05,GO,Centro-Oeste,Mass Market
C02946,2024-10-10,SP,Sudeste,Mass Market
C02947,2025-12-24,MA,Nordeste,Mass Market
C02948,2025-05-06,RS,Sul,Mass Market
C02949,2022-11-06,SP,Sudeste,Intermediário
C02950,2023-08-23,MG,Sudeste,Premium
C02951,2023-08-21,SP,Sudeste,Mass Market
C02952,2023-06-28,RJ,Sudeste,Mass Market
C02953,2023-01-25,SP,Sudeste,Mass Market
C02954,2022-01-28,MT,Centro-Oeste,Premium
C02955,2025-05-20,RS,Sul,Mass Market
C02956,2023-05-27,PA,Norte,Intermediário
C02957,2022-06-06,RJ,Sudeste,Mass Market
C02958,2023-05-21,GO,Centro-Oeste,Intermediário
C02959,2022-09-27,MG,Sudeste,Mass Market
C02960,2023-12-21,MT,Centro-Oeste,Mass Market
C02961,2023-12-02,MG,Sudeste,Mass Market
C02962,2022-06-20,RS,Sul,Premium
C02963,2023-11-04,PR,Sul,Mass Market
C02964,2022-12-25,GO,Centro-Oeste,Mass Market
C02965,2022-02-10,ES,Sudeste,Mass Market
C02966,2023-09-15,CE,Nordeste,Mass Market
C02967,2023-09-03,MG,Sudeste,Mass Market
C02968,2025-11-21,SP,Sudeste,Mass Market
C02969,2025-04-26,RJ,Sudeste,Intermediário
C02970,2024-10-02,PR,Sul,Mass Market
C02971,2024-09-29,SP,Sudeste,Mass Market
C02972,2022-10-16,SC,Sul,Mass Market
C02973,2025-01-17,SP,Sudeste,Intermediário
C02974,2023-01-29,SP,Sudeste,Intermediário
C02975,2023-05-03,RN,Nordeste,Intermediário
C02976,2025-04-21,BA,Nordeste,Premium
C02977,2022-02-09,SP,Sudeste,Mass Market
C02978,2023-04-24,CE,Nordeste,Premium
C02979,2025-02-09,BA,Nordeste,Intermediário
C02980,2023-08-27,MG,Sudeste,Mass Market
C02981,2022-05-06,AC,Norte,Mass Market
C02982,2023-11-28,SP,Sudeste,Mass Market
C02983,2023-05-14,CE,Nordeste,Mass Market
C02984,2024-07-23,SP,Sudeste,Mass Market
C02985,2022-05-31,RJ,Sudeste,Intermediário
C02986,2024-07-14,SP,Sudeste,Intermediário
C02987,2025-08-12,GO,Centro-Oeste,Intermediário
C02988,2025-07-13,DF,Centro-Oeste,Mass Market
C02989,2024-01-05,PR,Sul,Mass Market
C02990,2022-01-02,SP,Sudeste,Intermediário
C02991,2025-07-23,DF,Centro-Oeste,Premium
C02992,2024-08-26,MG,Sudeste,Mass Market
C02993,2022-06-16,PR,Sul,Mass Market
C02994,2025-04-06,RS,Sul,Mass Market
C02995,2023-12-20,CE,Nordeste,Mass Market
C02996,2024-02-18,PA,Norte,Mass Market
C02997,2025-03-29,MT,Centro-Oeste,Intermediário
C02998,2023-03-19,RJ,Sudeste,Mass Market
C02999,2025-06-30,RS,Sul,Mass Market
C03000,2024-03-31,SC,Sul,Mass Market
C03001,2022-03-06,SP,Sudeste,Mass Market
C03002,2024-12-14,CE,Nordeste,Mass Market
C03003,2022-07-03,PR,Sul,Mass Market
C03004,2024-06-11,DF,Centro-Oeste,Intermediário
C03005,2024-10-12,PA,Norte,Intermediário
C03006,2024-10-20,SP,Sudeste,Premium
C03007,2025-07-08,MG,Sudeste,Intermediário
C03008,2025-08-02,MG,Sudeste,Mass Market
C03009,2024-07-12,MG,Sudeste,Mass Market
C03010,2024-07-14,SP,Sudeste,Mass Market
C03011,2025-11-07,PE,Nordeste,Mass Market
C03012,2023-01-16,MS,Centro-Oeste,Intermediário
C03013,2022-06-23,ES,Sudeste,Mass Market
C03014,2022-05-30,SP,Sudeste,Intermediário
C03015,2024-09-25,SP,Sudeste,Intermediário
C03016,2023-05-28,SP,Sudeste,Mass Market
C03017,2023-11-01,MG,Sudeste,Intermediário
C03018,2024-05-09,GO,Centro-Oeste,Mass Market
C03019,2023-09-01,SP,Sudeste,Mass Market
C03020,2025-02-02,BA,Nordeste,Intermediário
C03021,2022-03-15,PE,Nordeste,Intermediário
C03022,2022-10-20,RN,Nordeste,Mass Market
C03023,2025-02-10,MG,Sudeste,Mass Market
C03024,2022-10-10,PR,Sul,Mass Market
C03025,2025-10-29,PR,Sul,Mass Market
C03026,2025-04-03,ES,Sudeste,Intermediário
C03027,2022-11-21,SC,Sul,Mass Market
C03028,2025-11-09,RJ,Sudeste,Premium
C03029,2023-12-06,RJ,Sudeste,Intermediário
C03030,2023-05-05,SC,Sul,Intermediário
C03031,2025-11-04,RS,Sul,Intermediário
C03032,2023-04-18,PR,Sul,Mass Market
C03033,2022-07-23,SP,Sudeste,Intermediário
C03034,2023-06-17,SE,Nordeste,Mass Market
C03035,2024-01-12,SP,Sudeste,Premium
C03036,2022-08-23,MT,Centro-Oeste,Premium
C03037,2025-11-20,RS,Sul,Mass Market
C03038,2023-01-15,RJ,Sudeste,Mass Market
C03039,2022-04-01,PA,Norte,Mass Market
C03040,2023-01-11,SP,Sudeste,Premium
C03041,2022-05-23,PA,Norte,Intermediário
C03042,2023-07-12,PR,Sul,Mass Market
C03043,2022-05-30,SP,Sudeste,Mass Market
C03044,2023-04-19,RN,Nordeste,Mass Market
C03045,2022-08-01,RJ,Sudeste,Mass Market
C03046,2023-07-29,PE,Nordeste,Premium
C03047,2024-03-24,MG,Sudeste,Mass Market
C03048,2023-03-01,SE,Nordeste,Mass Market
C03049,2022-04-05,MS,Centro-Oeste,Mass Market
C03050,2023-04-07,PI,Nordeste,Mass Market
C03051,2024-08-04,MG,Sudeste,Intermediário
C03052,2025-12-30,SP,Sudeste,Mass Market
C03053,2022-09-16,MG,Sudeste,Mass Market
C03054,2022-03-26,BA,Nordeste,Mass Market
C03055,2022-08-19,RS,Sul,Mass Market
C03056,2024-02-04,MG,Sudeste,Mass Market
C03057,2025-06-03,PR,Sul,Mass Market
C03058,2023-12-15,RN,Nordeste,Mass Market
C03059,2024-02-13,MG,Sudeste,Mass Market
C03060,2025-03-25,MG,Sudeste,Intermediário
C03061,2022-10-25,RS,Sul,Intermediário
C03062,2022-01-17,SP,Sudeste,Premium
C03063,2022-10-06,AL,Nordeste,Mass Market
C03064,2023-09-14,RJ,Sudeste,Mass Market
C03065,2024-04-16,SP,Sudeste,Mass Market
C03066,2023-12-07,SP,Sudeste,Intermediário
C03067,2025-09-02,PA,Norte,Mass Market
C03068,2025-02-11,PA,Norte,Mass Market
C03069,2024-03-31,MG,Sudeste,Intermediário
C03070,2022-08-18,PB,Nordeste,Mass Market
C03071,2022-08-29,AL,Nordeste,Mass Market
C03072,2025-04-15,AL,Nordeste,Mass Market
C03073,2024-03-15,RS,Sul,Mass Market
C03074,2024-02-18,PA,Norte,Intermediário
C03075,2025-09-24,RS,Sul,Mass Market
C03076,2022-01-31,PE,Nordeste,Mass Market
C03077,2024-02-24,RJ,Sudeste,Mass Market
C03078,2023-11-08,ES,Sudeste,Mass Market
C03079,2022-02-15,ES,Sudeste,Mass Market
C03080,2024-08-25,SP,Sudeste,Mass Market
C03081,2023-07-17,PI,Nordeste,Mass Market
C03082,2025-05-20,SC,Sul,Mass Market
C03083,2025-03-12,MG,Sudeste,Mass Market
C03084,2025-03-08,MS,Centro-Oeste,Mass Market
C03085,2024-05-03,SP,Sudeste,Mass Market
C03086,2022-10-20,SP,Sudeste,Mass Market
C03087,2022-09-04,RS,Sul,Premium
C03088,2023-04-10,MG,Sudeste,Intermediário
C03089,2023-04-22,MG,Sudeste,Intermediário
C03090,2023-01-20,MG,Sudeste,Premium
C03091,2025-09-03,SP,Sudeste,Mass Market
C03092,2022-01-26,SP,Sudeste,Intermediário
C03093,2022-06-05,SC,Sul,Mass Market
C03094,2023-08-26,SE,Nordeste,Mass Market
C03095,2025-10-20,SP,Sudeste,Mass Market
C03096,2023-10-16,BA,Nordeste,Mass Market
C03097,2025-08-28,SP,Sudeste,Mass Market
C03098,2022-10-09,PR,Sul,Mass Market
C03099,2023-01-12,MG,Sudeste,Mass Market
C03100,2024-06-22,PA,Norte,Mass Market
C03101,2025-12-25,MT,Centro-Oeste,Intermediário
C03102,2024-08-17,RJ,Sudeste,Mass Market
C03103,2023-11-19,SP,Sudeste,Mass Market
C03104,2022-12-23,MT,Centro-Oeste,Mass Market
C03105,2024-02-03,SP,Sudeste,Intermediário
C03106,2023-10-24,PB,Nordeste,Mass Market
C03107,2024-06-12,MG,Sudeste,Mass Market
C03108,2024-09-13,BA,Nordeste,Mass Market
C03109,2022-07-21,PE,Nordeste,Intermediário
C03110,2024-01-20,MS,Centro-Oeste,Mass Market
C03111,2024-09-14,BA,Nordeste,Intermediário
C03112,2022-10-18,RJ,Sudeste,Premium
C03113,2025-08-23,SP,Sudeste,Mass Market
C03114,2024-07-29,SP,Sudeste,Mass Market
C03115,2022-02-21,MA,Nordeste,Premium
C03116,2024-06-17,SP,Sudeste,Mass Market
C03117,2025-06-30,PR,Sul,Mass Market
C03118,2024-11-22,SP,Sudeste,Intermediário
C03119,2025-12-14,RJ,Sudeste,Mass Market
C03120,2023-01-20,BA,Nordeste,Intermediário
C03121,2025-05-15,RJ,Sudeste,Mass Market
C03122,2025-01-30,RJ,Sudeste,Mass Market
C03123,2024-06-10,MG,Sudeste,Mass Market
C03124,2025-02-15,SP,Sudeste,Mass Market
C03125,2022-02-18,AC,Norte,Mass Market
C03126,2024-07-24,SE,Nordeste,Mass Market
C03127,2023-09-29,SP,Sudeste,Mass Market
C03128,2024-03-15,PR,Sul,Intermediário
C03129,2022-01-29,PB,Nordeste,Mass Market
C03130,2024-03-15,RJ,Sudeste,Mass Market
C03131,2024-09-11,ES,Sudeste,Mass Market
C03132,2024-03-25,MG,Sudeste,Intermediário
C03133,2024-03-31,PA,Norte,Mass Market
C03134,2024-12-17,RJ,Sudeste,Mass Market
C03135,2025-01-13,PE,Nordeste,Premium
C03136,2023-09-16,BA,Nordeste,Intermediário
C03137,2022-11-15,RJ,Sudeste,Intermediário
C03138,2022-10-15,RJ,Sudeste,Intermediário
C03139,2023-07-23,RJ,Sudeste,Intermediário
C03140,2023-09-16,MS,Centro-Oeste,Intermediário
C03141,2023-08-24,PR,Sul,Mass Market
C03142,2024-02-26,GO,Centro-Oeste,Mass Market
C03143,2023-12-02,BA,Nordeste,Mass Market
C03144,2023-08-07,MG,Sudeste,Mass Market
C03145,2023-09-08,MT,Centro-Oeste,Mass Market
C03146,2023-05-11,PR,Sul,Intermediário
C03147,2024-09-22,RJ,Sudeste,Intermediário
C03148,2025-05-17,RJ,Sudeste,Mass Market
C03149,2022-02-23,PA,Norte,Mass Market
C03150,2025-04-17,BA,Nordeste,Intermediário
C03151,2024-02-10,SP,Sudeste,Mass Market
C03152,2023-04-29,ES,Sudeste,Mass Market
C03153,2022-03-30,SP,Sudeste,Mass Market
C03154,2022-11-06,BA,Nordeste,Mass Market
C03155,2022-06-16,RN,Nordeste,Mass Market
C03156,2023-03-18,PR,Sul,Mass Market
C03157,2025-06-16,MG,Sudeste,Mass Market
C03158,2025-04-04,RJ,Sudeste,Intermediário
C03159,2022-02-11,GO,Centro-Oeste,Intermediário
C03160,2023-02-20,MG,Sudeste,Mass Market
C03161,2025-11-27,PE,Nordeste,Mass Market
C03162,2023-11-16,PE,Nordeste,Mass Market
C03163,2023-07-26,RS,Sul,Intermediário
C03164,2024-12-04,GO,Centro-Oeste,Mass Market
C03165,2025-08-02,ES,Sudeste,Mass Market
C03166,2023-08-23,MS,Centro-Oeste,Intermediário
C03167,2023-12-19,RO,Norte,Mass Market
C03168,2022-01-23,RJ,Sudeste,Mass Market
C03169,2024-04-20,SP,Sudeste,Intermediário
C03170,2025-11-14,MT,Centro-Oeste,Mass Market
C03171,2025-12-11,PA,Norte,Intermediário
C03172,2022-04-17,RJ,Sudeste,Intermediário
C03173,2023-09-16,MS,Centro-Oeste,Intermediário
C03174,2025-02-06,GO,Centro-Oeste,Mass Market
C03175,2024-08-19,AL,Nordeste,Intermediário
C03176,2022-05-12,SC,Sul,Mass Market
C03177,2024-07-20,SC,Sul,Mass Market
C03178,2023-07-10,MG,Sudeste,Mass Market
C03179,2024-05-29,SP,Sudeste,Mass Market
C03180,2022-11-30,BA,Nordeste,Mass Market
C03181,2022-12-29,RS,Sul,Mass Market
C03182,2023-12-13,MG,Sudeste,Mass Market
C03183,2025-01-23,RJ,Sudeste,Mass Market
C03184,2024-04-22,RN,Nordeste,Intermediário
C03185,2025-06-13,RJ,Sudeste,Mass Market
C03186,2023-07-06,SP,Sudeste,Mass Market
C03187,2024-03-04,GO,Centro-Oeste,Intermediário
C03188,2024-12-18,SP,Sudeste,Intermediário
C03189,2022-12-26,RJ,Sudeste,Intermediário
C03190,2023-12-11,PE,Nordeste,Mass Market
C03191,2024-04-16,MG,Sudeste,Mass Market
C03192,2022-03-26,SC,Sul,Premium
C03193,2025-04-14,CE,Nordeste,Mass Market
C03194,2024-03-14,SP,Sudeste,Intermediário
C03195,2022-01-29,RS,Sul,Intermediário
C03196,2025-05-01,SP,Sudeste,Mass Market
C03197,2024-11-11,PB,Nordeste,Mass Market
C03198,2024-03-16,MG,Sudeste,Intermediário
C03199,2024-06-10,SP,Sudeste,Mass Market
C03200,2025-10-15,PR,Sul,Intermediário
C03201,2023-04-17,GO,Centro-Oeste,Mass Market
C03202,2024-02-08,RJ,Sudeste,Premium
C03203,2022-10-01,GO,Centro-Oeste,Mass Market
C03204,2025-03-06,PE,Nordeste,Premium
C03205,2022-11-19,PA,Norte,Intermediário
C03206,2024-12-10,MG,Sudeste,Mass Market
C03207,2023-12-31,MG,Sudeste,Mass Market
C03208,2023-05-27,SP,Sudeste,Premium
C03209,2024-06-23,BA,Nordeste,Mass Market
C03210,2022-04-28,BA,Nordeste,Mass Market
C03211,2023-02-22,BA,Nordeste,Mass Market
C03212,2023-04-25,PE,Nordeste,Mass Market
C03213,2022-05-28,SP,Sudeste,Mass Market
C03214,2022-08-13,GO,Centro-Oeste,Intermediário
C03215,2025-11-03,PR,Sul,Mass Market
C03216,2025-02-19,SP,Sudeste,Mass Market
C03217,2023-03-30,CE,Nordeste,Intermediário
C03218,2024-03-19,MS,Centro-Oeste,Intermediário
C03219,2023-01-12,ES,Sudeste,Mass Market
C03220,2023-03-13,MG,Sudeste,Mass Market
C03221,2025-08-10,RJ,Sudeste,Mass Market
C03222,2025-04-02,RJ,Sudeste,Intermediário
C03223,2023-05-12,GO,Centro-Oeste,Mass Market
C03224,2024-04-24,ES,Sudeste,Intermediário
C03225,2023-09-16,MS,Centro-Oeste,Mass Market
C03226,2024-09-07,SP,Sudeste,Premium
C03227,2025-07-05,PA,Norte,Mass Market
C03228,2022-01-30,RJ,Sudeste,Mass Market
C03229,2025-06-07,MG,Sudeste,Mass Market
C03230,2023-06-03,SP,Sudeste,Intermediário
C03231,2025-07-18,MG,Sudeste,Mass Market
C03232,2024-09-18,RS,Sul,Mass Market
C03233,2025-08-24,SP,Sudeste,Mass Market
C03234,2023-02-11,SP,Sudeste,Intermediário
C03235,2025-03-17,MG,Sudeste,Intermediário
C03236,2022-06-11,SP,Sudeste,Mass Market
C03237,2024-05-26,PR,Sul,Intermediário
C03238,2025-06-06,PE,Nordeste,Premium
C03239,2022-10-30,SP,Sudeste,Intermediário
C03240,2022-12-06,MG,Sudeste,Mass Market
C03241,2024-08-11,BA,Nordeste,Mass Market
C03242,2024-06-04,SC,Sul,Mass Market
C03243,2025-01-17,MS,Centro-Oeste,Mass Market
C03244,2023-08-12,PR,Sul,Mass Market
C03245,2025-12-24,RN,Nordeste,Premium
C03246,2023-12-14,GO,Centro-Oeste,Mass Market
C03247,2025-01-29,PE,Nordeste,Intermediário
C03248,2024-06-08,PA,Norte,Intermediário
C03249,2025-02-03,BA,Nordeste,Premium
C03250,2025-04-30,SP,Sudeste,Mass Market
C03251,2024-02-15,MA,Nordeste,Mass Market
C03252,2025-10-27,RN,Nordeste,Intermediário
C03253,2024-08-12,RJ,Sudeste,Intermediário
C03254,2023-10-13,MG,Sudeste,Mass Market
C03255,2022-09-27,GO,Centro-Oeste,Premium
C03256,2025-10-06,ES,Sudeste,Mass Market
C03257,2024-10-02,PA,Norte,Mass Market
C03258,2023-12-09,MG,Sudeste,Mass Market
C03259,2023-10-10,SC,Sul,Mass Market
C03260,2025-12-02,SP,Sudeste,Mass Market
C03261,2024-03-16,PR,Sul,Mass Market
C03262,2025-07-26,SP,Sudeste,Mass Market
C03263,2025-01-06,AL,Nordeste,Mass Market
C03264,2024-10-26,DF,Centro-Oeste,Mass Market
C03265,2022-05-22,SP,Sudeste,Mass Market
C03266,2025-02-03,SP,Sudeste,Mass Market
C03267,2024-12-15,SP,Sudeste,Intermediário
C03268,2025-03-09,GO,Centro-Oeste,Mass Market
C03269,2022-07-25,MT,Centro-Oeste,Mass Market
C03270,2022-04-18,GO,Centro-Oeste,Intermediário
C03271,2023-03-23,MG,Sudeste,Mass Market
C03272,2023-11-21,MG,Sudeste,Mass Market
C03273,2024-09-19,PB,Nordeste,Mass Market
C03274,2025-06-18,PR,Sul,Intermediário
C03275,2024-12-11,DF,Centro-Oeste,Mass Market
C03276,2023-03-06,SE,Nordeste,Mass Market
C03277,2025-09-11,SC,Sul,Intermediário
C03278,2024-01-08,MT,Centro-Oeste,Mass Market
C03279,2022-06-24,SP,Sudeste,Mass Market
C03280,2025-06-28,MG,Sudeste,Mass Market
C03281,2024-05-23,SC,Sul,Intermediário
C03282,2024-06-14,RN,Nordeste,Intermediário
C03283,2022-08-19,SC,Sul,Mass Market
C03284,2024-12-09,SP,Sudeste,Intermediário
C03285,2022-01-10,AC,Norte,Mass Market
C03286,2022-05-24,RJ,Sudeste,Intermediário
C03287,2024-12-27,SP,Sudeste,Intermediário
C03288,2023-02-11,GO,Centro-Oeste,Premium
C03289,2024-09-08,RO,Norte,Mass Market
C03290,2025-07-15,ES,Sudeste,Intermediário
C03291,2025-08-08,SP,Sudeste,Mass Market
C03292,2023-09-07,MA,Nordeste,Mass Market
C03293,2023-11-22,RJ,Sudeste,Mass Market
C03294,2025-07-23,MT,Centro-Oeste,Intermediário
C03295,2025-12-23,SE,Nordeste,Mass Market
C03296,2024-10-22,BA,Nordeste,Mass Market
C03297,2025-03-14,CE,Nordeste,Mass Market
C03298,2025-06-22,MG,Sudeste,Mass Market
C03299,2022-11-05,MT,Centro-Oeste,Mass Market
C03300,2025-08-24,SP,Sudeste,Mass Market
C03301,2022-01-15,BA,Nordeste,Intermediário
C03302,2024-11-22,SP,Sudeste,Mass Market
C03303,2022-04-22,PE,Nordeste,Mass Market
C03304,2024-07-25,MT,Centro-Oeste,Mass Market
C03305,2022-06-10,MA,Nordeste,Intermediário
C03306,2022-10-19,RJ,Sudeste,Mass Market
C03307,2025-04-29,PR,Sul,Mass Market
C03308,2023-05-29,SC,Sul,Premium
C03309,2023-05-23,MS,Centro-Oeste,Mass Market
C03310,2025-02-17,MG,Sudeste,Mass Market
C03311,2024-07-19,ES,Sudeste,Mass Market
C03312,2025-07-30,PA,Norte,Mass Market
C03313,2023-04-17,GO,Centro-Oeste,Mass Market
C03314,2024-07-25,SP,Sudeste,Intermediário
C03315,2022-12-07,MA,Nordeste,Mass Market
C03316,2023-01-13,RO,Norte,Premium
C03317,2023-12-25,RS,Sul,Intermediário
C03318,2023-05-20,BA,Nordeste,Mass Market
C03319,2022-12-13,MG,Sudeste,Mass Market
C03320,2023-09-24,SP,Sudeste,Premium
C03321,2022-02-24,SC,Sul,Intermediário
C03322,2023-02-15,SC,Sul,Mass Market
C03323,2023-01-16,ES,Sudeste,Mass Market
C03324,2023-11-24,BA,Nordeste,Mass Market
C03325,2025-03-08,SP,Sudeste,Intermediário
C03326,2025-09-20,MG,Sudeste,Mass Market
C03327,2024-12-28,MG,Sudeste,Intermediário
C03328,2023-09-04,MA,Nordeste,Intermediário
C03329,2024-05-13,AL,Nordeste,Mass Market
C03330,2023-09-05,GO,Centro-Oeste,Intermediário
C03331,2024-04-12,MG,Sudeste,Intermediário
C03332,2025-10-16,BA,Nordeste,Mass Market
C03333,2025-12-05,RO,Norte,Intermediário
C03334,2024-09-24,MG,Sudeste,Mass Market
C03335,2022-08-24,ES,Sudeste,Mass Market
C03336,2025-06-20,PE,Nordeste,Premium
C03337,2025-01-12,DF,Centro-Oeste,Mass Market
C03338,2024-01-22,MG,Sudeste,Mass Market
C03339,2024-04-18,MG,Sudeste,Mass Market
C03340,2025-05-19,RS,Sul,Premium
C03341,2024-04-27,SP,Sudeste,Mass Market
C03342,2025-08-16,ES,Sudeste,Mass Market
C03343,2025-05-30,MG,Sudeste,Mass Market
C03344,2023-02-24,SP,Sudeste,Mass Market
C03345,2022-03-02,PR,Sul,Mass Market
C03346,2023-11-14,AL,Nordeste,Mass Market
C03347,2025-04-30,PB,Nordeste,Intermediário
C03348,2025-01-14,MG,Sudeste,Mass Market
C03349,2023-07-24,SP,Sudeste,Mass Market
C03350,2023-02-10,DF,Centro-Oeste,Mass Market
C03351,2025-04-22,PR,Sul,Mass Market
C03352,2024-11-29,SP,Sudeste,Mass Market
C03353,2025-06-06,SP,Sudeste,Mass Market
C03354,2022-02-27,PR,Sul,Mass Market
C03355,2025-03-03,MG,Sudeste,Mass Market
C03356,2024-03-13,SP,Sudeste,Mass Market
C03357,2023-10-18,ES,Sudeste,Mass Market
C03358,2022-04-08,RS,Sul,Mass Market
C03359,2025-08-11,GO,Centro-Oeste,Premium
C03360,2025-03-25,ES,Sudeste,Mass Market
C03361,2024-12-24,MG,Sudeste,Mass Market
C03362,2022-10-09,SE,Nordeste,Intermediário
C03363,2022-05-06,MG,Sudeste,Mass Market
C03364,2024-09-28,MG,Sudeste,Mass Market
C03365,2022-08-19,PE,Nordeste,Mass Market
C03366,2025-11-18,MG,Sudeste,Mass Market
C03367,2024-04-19,RJ,Sudeste,Mass Market
C03368,2023-09-30,MT,Centro-Oeste,Mass Market
C03369,2024-09-02,MT,Centro-Oeste,Mass Market
C03370,2022-01-24,BA,Nordeste,Mass Market
C03371,2025-02-02,RJ,Sudeste,Mass Market
C03372,2025-08-13,RJ,Sudeste,Premium
C03373,2024-04-18,GO,Centro-Oeste,Premium
C03374,2022-08-10,SP,Sudeste,Premium
C03375,2024-05-27,RO,Norte,Mass Market
C03376,2022-02-08,MG,Sudeste,Mass Market
C03377,2022-02-08,BA,Nordeste,Mass Market
C03378,2024-07-07,CE,Nordeste,Intermediário
C03379,2023-10-09,PE,Nordeste,Mass Market
C03380,2025-01-13,BA,Nordeste,Mass Market
C03381,2022-02-06,MT,Centro-Oeste,Mass Market
C03382,2023-07-28,RJ,Sudeste,Mass Market
C03383,2025-08-16,GO,Centro-Oeste,Mass Market
C03384,2022-11-05,SC,Sul,Mass Market
C03385,2025-11-21,PB,Nordeste,Mass Market
C03386,2022-10-05,PI,Nordeste,Mass Market
C03387,2024-10-08,RS,Sul,Mass Market
C03388,2023-01-31,SC,Sul,Intermediário
C03389,2025-05-15,MG,Sudeste,Mass Market
C03390,2023-07-19,MG,Sudeste,Mass Market
C03391,2025-01-04,MT,Centro-Oeste,Mass Market
C03392,2022-01-15,RJ,Sudeste,Mass Market
C03393,2024-11-16,PR,Sul,Mass Market
C03394,2024-07-22,PR,Sul,Intermediário
C03395,2022-06-09,SP,Sudeste,Intermediário
C03396,2025-01-25,SP,Sudeste,Mass Market
C03397,2022-07-17,SP,Sudeste,Mass Market
C03398,2023-07-11,PA,Norte,Intermediário
C03399,2023-10-16,BA,Nordeste,Mass Market
C03400,2023-12-31,SC,Sul,Mass Market
C03401,2022-05-31,GO,Centro-Oeste,Mass Market
C03402,2025-09-29,MG,Sudeste,Mass Market
C03403,2022-03-28,SP,Sudeste,Intermediário
C03404,2023-09-09,PE,Nordeste,Intermediário
C03405,2025-09-24,BA,Nordeste,Premium
C03406,2025-06-09,MG,Sudeste,Intermediário
C03407,2023-04-08,SC,Sul,Mass Market
C03408,2022-01-06,RJ,Sudeste,Mass Market
C03409,2022-09-12,SE,Nordeste,Mass Market
C03410,2022-10-30,SP,Sudeste,Mass Market
C03411,2023-02-23,SP,Sudeste,Mass Market
C03412,2023-08-13,CE,Nordeste,Intermediário
C03413,2024-10-20,RJ,Sudeste,Mass Market
C03414,2024-12-15,RS,Sul,Mass Market
C03415,2022-07-14,MT,Centro-Oeste,Mass Market
C03416,2023-07-09,AM,Norte,Mass Market
C03417,2022-08-22,MG,Sudeste,Premium
C03418,2025-06-17,RS,Sul,Mass Market
C03419,2023-06-26,PI,Nordeste,Intermediário
C03420,2022-04-29,RJ,Sudeste,Mass Market
C03421,2025-06-13,PA,Norte,Mass Market
C03422,2024-05-04,GO,Centro-Oeste,Mass Market
C03423,2022-09-19,RJ,Sudeste,Mass Market
C03424,2023-08-05,RJ,Sudeste,Mass Market
C03425,2024-03-16,CE,Nordeste,Mass Market
C03426,2024-03-20,GO,Centro-Oeste,Intermediário
C03427,2024-02-19,SP,Sudeste,Mass Market
C03428,2025-01-13,SE,Nordeste,Intermediário
C03429,2023-03-24,PE,Nordeste,Intermediário
C03430,2025-01-24,SP,Sudeste,Mass Market
C03431,2023-10-11,SC,Sul,Intermediário
C03432,2025-09-01,ES,Sudeste,Premium
C03433,2024-08-11,MG,Sudeste,Premium
C03434,2024-06-02,MG,Sudeste,Mass Market
C03435,2025-12-09,MG,Sudeste,Mass Market
C03436,2023-08-18,CE,Nordeste,Intermediário
C03437,2023-08-28,SP,Sudeste,Mass Market
C03438,2022-04-18,RS,Sul,Mass Market
C03439,2023-04-03,RN,Nordeste,Intermediário
C03440,2023-04-24,DF,Centro-Oeste,Mass Market
C03441,2025-03-10,BA,Nordeste,Mass Market
C03442,2022-09-04,RN,Nordeste,Mass Market
C03443,2024-04-30,RJ,Sudeste,Mass Market
C03444,2023-11-16,RJ,Sudeste,Mass Market
C03445,2024-09-22,PR,Sul,Mass Market
C03446,2025-01-11,RS,Sul,Mass Market
C03447,2025-08-02,SP,Sudeste,Mass Market
C03448,2025-09-08,MG,Sudeste,Mass Market
C03449,2024-03-27,AP,Norte,Mass Market
C03450,2024-08-25,RJ,Sudeste,Premium
C03451,2025-12-15,MT,Centro-Oeste,Mass Market
C03452,2024-06-24,MT,Centro-Oeste,Mass Market
C03453,2023-05-10,BA,Nordeste,Premium
C03454,2022-10-28,SP,Sudeste,Intermediário
C03455,2023-08-17,SP,Sudeste,Intermediário
C03456,2023-01-17,MG,Sudeste,Intermediário
C03457,2024-02-05,MG,Sudeste,Intermediário
C03458,2024-11-13,CE,Nordeste,Mass Market
C03459,2024-02-03,RS,Sul,Intermediário
C03460,2023-11-07,BA,Nordeste,Intermediário
C03461,2023-09-26,RS,Sul,Intermediário
C03462,2024-05-06,PR,Sul,Intermediário
C03463,2022-07-04,SP,Sudeste,Intermediário
C03464,2023-10-25,MG,Sudeste,Intermediário
C03465,2025-06-09,RS,Sul,Mass Market
C03466,2022-11-23,PA,Norte,Mass Market
C03467,2023-03-25,SP,Sudeste,Premium
C03468,2023-11-21,MG,Sudeste,Premium
C03469,2022-05-12,BA,Nordeste,Mass Market
C03470,2022-03-07,CE,Nordeste,Mass Market
C03471,2024-09-19,CE,Nordeste,Intermediário
C03472,2023-02-22,SC,Sul,Mass Market
C03473,2023-12-31,SP,Sudeste,Intermediário
C03474,2025-03-08,MG,Sudeste,Premium
C03475,2022-04-15,SC,Sul,Mass Market
C03476,2025-07-18,MA,Nordeste,Intermediário
C03477,2024-04-09,SP,Sudeste,Mass Market
C03478,2023-06-11,RJ,Sudeste,Mass Market
C03479,2024-12-16,MG,Sudeste,Intermediário
C03480,2023-05-22,SC,Sul,Intermediário
C03481,2023-10-06,RS,Sul,Mass Market
C03482,2023-01-07,MG,Sudeste,Mass Market
C03483,2024-05-14,PB,Nordeste,Premium
C03484,2025-03-22,RJ,Sudeste,Mass Market
C03485,2025-12-25,ES,Sudeste,Mass Market
C03486,2023-02-21,ES,Sudeste,Mass Market
C03487,2022-05-26,RJ,Sudeste,Mass Market
C03488,2023-01-22,ES,Sudeste,Mass Market
C03489,2023-04-12,SP,Sudeste,Intermediário
C03490,2024-06-18,RS,Sul,Premium
C03491,2023-05-15,MG,Sudeste,Mass Market
C03492,2022-08-19,MS,Centro-Oeste,Mass Market
C03493,2023-03-26,MG,Sudeste,Intermediário
C03494,2024-07-01,SP,Sudeste,Mass Market
C03495,2024-05-25,PE,Nordeste,Intermediário
C03496,2025-05-22,MG,Sudeste,Intermediário
C03497,2023-03-12,RJ,Sudeste,Intermediário
C03498,2024-06-04,MG,Sudeste,Mass Market
C03499,2024-12-10,PB,Nordeste,Mass Market
C03500,2023-09-15,MG,Sudeste,Mass Market
C03501,2023-08-06,RJ,Sudeste,Mass Market
C03502,2025-08-02,MG,Sudeste,Mass Market
C03503,2023-12-08,DF,Centro-Oeste,Mass Market
C03504,2023-06-11,MA,Nordeste,Mass Market
C03505,2022-09-24,SP,Sudeste,Intermediário
C03506,2024-12-30,SP,Sudeste,Mass Market
C03507,2023-04-17,GO,Centro-Oeste,Mass Market
C03508,2022-10-29,RS,Sul,Mass Market
C03509,2025-10-22,MG,Sudeste,Intermediário
C03510,2023-01-28,CE,Nordeste,Intermediário
C03511,2023-09-15,MG,Sudeste,Mass Market
C03512,2024-12-31,SC,Sul,Mass Market
C03513,2025-08-10,RS,Sul,Mass Market
C03514,2024-08-23,BA,Nordeste,Intermediário
C03515,2023-10-14,SP,Sudeste,Intermediário
C03516,2024-05-18,MT,Centro-Oeste,Mass Market
C03517,2024-02-08,BA,Nordeste,Mass Market
C03518,2022-12-08,AP,Norte,Intermediário
C03519,2025-08-14,SP,Sudeste,Mass Market
C03520,2023-07-21,RJ,Sudeste,Mass Market
C03521,2025-02-22,RJ,Sudeste,Intermediário
C03522,2025-12-27,RJ,Sudeste,Mass Market
C03523,2023-11-14,SC,Sul,Mass Market
C03524,2024-10-20,RJ,Sudeste,Mass Market
C03525,2025-08-22,DF,Centro-Oeste,Mass Market
C03526,2024-12-24,BA,Nordeste,Mass Market
C03527,2022-03-27,RS,Sul,Intermediário
C03528,2022-10-16,SP,Sudeste,Mass Market
C03529,2024-08-15,PR,Sul,Mass Market
C03530,2025-08-06,DF,Centro-Oeste,Mass Market
C03531,2022-12-15,RJ,Sudeste,Premium
C03532,2025-08-04,RS,Sul,Intermediário
C03533,2022-05-28,PR,Sul,Intermediário
C03534,2022-04-08,RO,Norte,Mass Market
C03535,2022-06-16,PB,Nordeste,Intermediário
C03536,2024-07-25,MG,Sudeste,Intermediário
C03537,2024-10-03,CE,Nordeste,Mass Market
C03538,2023-07-12,MT,Centro-Oeste,Mass Market
C03539,2023-09-01,SC,Sul,Mass Market
C03540,2024-02-20,SP,Sudeste,Intermediário
C03541,2023-10-30,PE,Nordeste,Intermediário
C03542,2022-09-30,SP,Sudeste,Intermediário
C03543,2023-08-14,SP,Sudeste,Mass Market
C03544,2022-11-06,BA,Nordeste,Intermediário
C03545,2024-04-09,SC,Sul,Intermediário
C03546,2023-09-06,CE,Nordeste,Intermediário
C03547,2022-05-18,GO,Centro-Oeste,Mass Market
C03548,2023-11-06,SP,Sudeste,Intermediário
C03549,2022-12-25,BA,Nordeste,Mass Market
C03550,2025-10-07,BA,Nordeste,Intermediário
C03551,2022-11-05,RJ,Sudeste,Mass Market
C03552,2022-06-22,SP,Sudeste,Mass Market
C03553,2023-04-08,SP,Sudeste,Premium
C03554,2022-10-15,PE,Nordeste,Mass Market
C03555,2024-12-02,CE,Nordeste,Mass Market
C03556,2024-07-18,PE,Nordeste,Mass Market
C03557,2025-02-04,AL,Nordeste,Mass Market
C03558,2023-02-12,RJ,Sudeste,Mass Market
C03559,2024-03-23,MG,Sudeste,Mass Market
C03560,2022-10-21,SP,Sudeste,Mass Market
C03561,2023-12-11,RN,Nordeste,Mass Market
C03562,2022-06-02,PI,Nordeste,Mass Market
C03563,2024-07-23,MA,Nordeste,Mass Market
C03564,2022-10-14,SP,Sudeste,Intermediário
C03565,2022-09-30,MG,Sudeste,Mass Market
C03566,2025-05-18,MG,Sudeste,Intermediário
C03567,2022-06-17,SC,Sul,Mass Market
C03568,2023-08-14,PA,Norte,Mass Market
C03569,2023-05-08,RO,Norte,Mass Market
C03570,2025-04-01,MT,Centro-Oeste,Mass Market
C03571,2023-08-09,SP,Sudeste,Mass Market
C03572,2022-05-21,SP,Sudeste,Intermediário
C03573,2022-07-15,SP,Sudeste,Mass Market
C03574,2024-03-14,MS,Centro-Oeste,Premium
C03575,2025-11-01,PE,Nordeste,Intermediário
C03576,2022-07-04,GO,Centro-Oeste,Intermediário
C03577,2022-06-19,MG,Sudeste,Mass Market
C03578,2022-05-13,RS,Sul,Mass Market
C03579,2023-05-13,PR,Sul,Intermediário
C03580,2025-11-11,AL,Nordeste,Intermediário
C03581,2024-11-01,ES,Sudeste,Mass Market
C03582,2022-03-01,GO,Centro-Oeste,Mass Market
C03583,2022-02-08,PA,Norte,Premium
C03584,2023-03-08,PI,Nordeste,Intermediário
C03585,2025-03-05,MG,Sudeste,Intermediário
C03586,2023-09-12,SP,Sudeste,Mass Market
C03587,2024-10-09,RS,Sul,Mass Market
C03588,2025-04-08,PE,Nordeste,Premium
C03589,2025-07-09,CE,Nordeste,Intermediário
C03590,2024-04-12,RJ,Sudeste,Mass Market
C03591,2024-03-25,BA,Nordeste,Mass Market
C03592,2025-04-04,RJ,Sudeste,Mass Market
C03593,2022-01-21,RS,Sul,Mass Market
C03594,2025-11-13,MG,Sudeste,Intermediário
C03595,2023-01-15,ES,Sudeste,Mass Market
C03596,2022-12-29,DF,Centro-Oeste,Mass Market
C03597,2022-05-12,SP,Sudeste,Mass Market
C03598,2025-06-01,SC,Sul,Mass Market
C03599,2023-12-14,PA,Norte,Mass Market
C03600,2025-10-01,BA,Nordeste,Mass Market
C03601,2024-08-09,SP,Sudeste,Mass Market
C03602,2022-08-18,DF,Centro-Oeste,Mass Market
C03603,2024-07-20,MG,Sudeste,Intermediário
C03604,2023-02-10,RS,Sul,Mass Market
C03605,2024-12-22,SE,Nordeste,Mass Market
C03606,2024-08-22,AL,Nordeste,Mass Market
C03607,2025-04-22,BA,Nordeste,Mass Market
C03608,2024-10-26,SP,Sudeste,Mass Market
C03609,2023-05-22,MG,Sudeste,Mass Market
C03610,2023-06-02,DF,Centro-Oeste,Intermediário
C03611,2025-06-07,MA,Nordeste,Intermediário
C03612,2022-05-05,MG,Sudeste,Mass Market
C03613,2025-07-31,RS,Sul,Mass Market
C03614,2023-07-16,RJ,Sudeste,Mass Market
C03615,2025-03-26,RJ,Sudeste,Mass Market
C03616,2022-02-25,GO,Centro-Oeste,Intermediário
C03617,2025-09-21,PE,Nordeste,Mass Market
C03618,2025-03-05,PR,Sul,Intermediário
C03619,2024-10-18,CE,Nordeste,Intermediário
C03620,2025-03-10,MG,Sudeste,Mass Market
C03621,2024-07-08,SC,Sul,Mass Market
C03622,2025-09-10,DF,Centro-Oeste,Mass Market
C03623,2022-02-21,SP,Sudeste,Mass Market
C03624,2023-10-17,SP,Sudeste,Mass Market
C03625,2022-03-09,RS,Sul,Mass Market
C03626,2022-08-25,BA,Nordeste,Mass Market
C03627,2023-08-31,BA,Nordeste,Intermediário
C03628,2022-07-25,ES,Sudeste,Mass Market
C03629,2024-04-05,DF,Centro-Oeste,Mass Market
C03630,2023-05-09,PR,Sul,Mass Market
C03631,2023-07-30,MG,Sudeste,Intermediário
C03632,2025-06-27,PE,Nordeste,Mass Market
C03633,2023-06-25,MG,Sudeste,Intermediário
C03634,2022-11-08,BA,Nordeste,Intermediário
C03635,2023-07-16,SC,Sul,Intermediário
C03636,2023-08-30,RJ,Sudeste,Mass Market
C03637,2025-07-05,MG,Sudeste,Intermediário
C03638,2023-02-20,SP,Sudeste,Intermediário
C03639,2022-12-30,MG,Sudeste,Intermediário
C03640,2024-12-23,BA,Nordeste,Intermediário
C03641,2024-05-06,SP,Sudeste,Mass Market
C03642,2023-01-07,RS,Sul,Mass Market
C03643,2023-05-22,SP,Sudeste,Mass Market
C03644,2025-10-28,RS,Sul,Mass Market
C03645,2025-06-20,SC,Sul,Mass Market
C03646,2025-07-04,ES,Sudeste,Mass Market
C03647,2023-04-17,MG,Sudeste,Mass Market
C03648,2024-05-01,MT,Centro-Oeste,Mass Market
C03649,2022-10-04,GO,Centro-Oeste,Mass Market
C03650,2022-02-04,MT,Centro-Oeste,Mass Market
C03651,2023-04-18,MG,Sudeste,Premium
C03652,2023-09-10,SP,Sudeste,Mass Market
C03653,2025-06-09,MG,Sudeste,Mass Market
C03654,2025-05-23,RS,Sul,Mass Market
C03655,2024-05-13,MG,Sudeste,Intermediário
C03656,2023-12-25,PR,Sul,Mass Market
C03657,2024-07-22,MG,Sudeste,Mass Market
C03658,2022-08-22,PR,Sul,Mass Market
C03659,2025-06-18,GO,Centro-Oeste,Intermediário
C03660,2022-09-11,RS,Sul,Mass Market
C03661,2024-10-15,SP,Sudeste,Premium
C03662,2025-05-13,PE,Nordeste,Mass Market
C03663,2023-08-05,PA,Norte,Intermediário
C03664,2025-05-22,RJ,Sudeste,Intermediário
C03665,2022-09-16,RJ,Sudeste,Mass Market
C03666,2023-01-17,SP,Sudeste,Premium
C03667,2024-01-01,RJ,Sudeste,Mass Market
C03668,2025-04-25,SP,Sudeste,Mass Market
C03669,2024-12-25,PA,Norte,Intermediário
C03670,2022-12-30,PR,Sul,Premium
C03671,2023-06-01,RS,Sul,Mass Market
C03672,2023-12-07,SC,Sul,Premium
C03673,2025-11-01,PB,Nordeste,Mass Market
C03674,2025-12-20,RN,Nordeste,Intermediário
C03675,2023-03-14,SP,Sudeste,Intermediário
C03676,2024-09-19,RJ,Sudeste,Premium
C03677,2023-11-27,MG,Sudeste,Mass Market
C03678,2023-05-12,PA,Norte,Mass Market
C03679,2023-01-14,AP,Norte,Premium
C03680,2024-08-22,PR,Sul,Mass Market
C03681,2023-11-06,MS,Centro-Oeste,Mass Market
C03682,2022-09-27,PE,Nordeste,Mass Market
C03683,2025-09-27,BA,Nordeste,Intermediário
C03684,2023-03-01,SP,Sudeste,Intermediário
C03685,2023-05-31,GO,Centro-Oeste,Mass Market
C03686,2025-01-01,RN,Nordeste,Mass Market
C03687,2024-03-22,PR,Sul,Mass Market
C03688,2022-03-21,SE,Nordeste,Mass Market
C03689,2025-03-26,SP,Sudeste,Mass Market
C03690,2024-07-19,PR,Sul,Mass Market
C03691,2024-04-12,PR,Sul,Premium
C03692,2025-08-21,SP,Sudeste,Mass Market
C03693,2023-11-28,AL,Nordeste,Mass Market
C03694,2025-01-25,GO,Centro-Oeste,Intermediário
C03695,2025-11-09,MG,Sudeste,Mass Market
C03696,2025-07-19,PR,Sul,Mass Market
C03697,2025-11-09,RS,Sul,Mass Market
C03698,2025-04-03,MS,Centro-Oeste,Mass Market
C03699,2024-11-05,MG,Sudeste,Mass Market
C03700,2023-10-01,RS,Sul,Mass Market
C03701,2024-10-01,SC,Sul,Mass Market
C03702,2022-05-06,AC,Norte,Mass Market
C03703,2022-04-22,GO,Centro-Oeste,Premium
C03704,2024-04-17,CE,Nordeste,Mass Market
C03705,2024-03-27,SP,Sudeste,Intermediário
C03706,2024-11-24,SP,Sudeste,Premium
C03707,2023-03-13,AL,Nordeste,Intermediário
C03708,2025-11-02,DF,Centro-Oeste,Intermediário
C03709,2022-06-22,MG,Sudeste,Mass Market
C03710,2022-06-14,RJ,Sudeste,Intermediário
C03711,2022-06-19,MG,Sudeste,Mass Market
C03712,2022-01-26,RJ,Sudeste,Intermediário
C03713,2023-05-15,RJ,Sudeste,Mass Market
C03714,2025-09-26,SP,Sudeste,Intermediário
C03715,2023-06-02,RJ,Sudeste,Intermediário
C03716,2023-08-17,MG,Sudeste,Mass Market
C03717,2024-12-14,PA,Norte,Mass Market
C03718,2023-04-22,PE,Nordeste,Mass Market
C03719,2023-02-27,PE,Nordeste,Mass Market
C03720,2022-01-06,MG,Sudeste,Mass Market
C03721,2022-04-21,SP,Sudeste,Intermediário
C03722,2025-10-18,SC,Sul,Premium
C03723,2025-05-04,PR,Sul,Mass Market
C03724,2022-10-04,SC,Sul,Intermediário
C03725,2022-10-13,SC,Sul,Mass Market
C03726,2022-09-28,SP,Sudeste,Intermediário
C03727,2024-01-22,MG,Sudeste,Mass Market
C03728,2022-09-09,RJ,Sudeste,Mass Market
C03729,2025-08-21,MG,Sudeste,Intermediário
C03730,2024-04-30,BA,Nordeste,Intermediário
C03731,2023-08-18,GO,Centro-Oeste,Mass Market
C03732,2022-02-02,SP,Sudeste,Intermediário
C03733,2023-08-20,RO,Norte,Mass Market
C03734,2023-06-06,MG,Sudeste,Mass Market
C03735,2023-04-12,GO,Centro-Oeste,Mass Market
C03736,2024-11-08,RO,Norte,Intermediário
C03737,2024-11-12,SP,Sudeste,Mass Market
C03738,2022-08-15,SC,Sul,Intermediário
C03739,2024-06-17,MG,Sudeste,Intermediário
C03740,2023-05-17,RS,Sul,Mass Market
C03741,2022-06-04,RJ,Sudeste,Premium
C03742,2023-09-30,SP,Sudeste,Intermediário
C03743,2023-02-02,CE,Nordeste,Mass Market
C03744,2023-01-25,MG,Sudeste,Mass Market
C03745,2022-12-05,PR,Sul,Intermediário
C03746,2025-06-11,SP,Sudeste,Mass Market
C03747,2024-03-26,CE,Nordeste,Intermediário
C03748,2025-11-18,SP,Sudeste,Mass Market
C03749,2024-06-02,CE,Nordeste,Mass Market
C03750,2024-02-22,RS,Sul,Intermediário
C03751,2024-02-05,SP,Sudeste,Mass Market
C03752,2024-03-24,SP,Sudeste,Intermediário
C03753,2025-05-17,SP,Sudeste,Mass Market
C03754,2022-01-09,PE,Nordeste,Mass Market
C03755,2022-04-16,ES,Sudeste,Intermediário
C03756,2022-06-30,PE,Nordeste,Intermediário
C03757,2023-05-28,PA,Norte,Mass Market
C03758,2023-05-09,TO,Norte,Mass Market
C03759,2023-11-13,CE,Nordeste,Premium
C03760,2025-11-01,MG,Sudeste,Mass Market
C03761,2025-09-04,GO,Centro-Oeste,Intermediário
C03762,2023-01-21,PR,Sul,Mass Market
C03763,2025-10-11,SP,Sudeste,Mass Market
C03764,2023-09-16,MG,Sudeste,Premium
C03765,2025-07-03,GO,Centro-Oeste,Mass Market
C03766,2023-05-04,MA,Nordeste,Mass Market
C03767,2022-08-21,MS,Centro-Oeste,Intermediário
C03768,2024-01-24,SP,Sudeste,Mass Market
C03769,2025-11-02,BA,Nordeste,Mass Market
C03770,2024-03-23,DF,Centro-Oeste,Mass Market
C03771,2022-08-07,RJ,Sudeste,Mass Market
C03772,2024-12-04,PR,Sul,Mass Market
C03773,2024-08-29,RS,Sul,Mass Market
C03774,2022-09-25,RS,Sul,Mass Market
C03775,2025-10-21,DF,Centro-Oeste,Mass Market
C03776,2023-04-02,CE,Nordeste,Mass Market
C03777,2022-07-08,GO,Centro-Oeste,Mass Market
C03778,2023-12-13,RJ,Sudeste,Premium
C03779,2025-03-05,MG,Sudeste,Mass Market
C03780,2024-02-24,RS,Sul,Mass Market
C03781,2024-03-24,MG,Sudeste,Mass Market
C03782,2024-01-13,RJ,Sudeste,Mass Market
C03783,2023-07-09,MS,Centro-Oeste,Mass Market
C03784,2022-09-09,ES,Sudeste,Intermediário
C03785,2022-11-04,MG,Sudeste,Premium
C03786,2024-02-01,PA,Norte,Mass Market
C03787,2023-09-10,SP,Sudeste,Mass Market
C03788,2023-11-07,SP,Sudeste,Premium
C03789,2022-07-28,PR,Sul,Mass Market
C03790,2024-04-27,SP,Sudeste,Mass Market
C03791,2022-04-29,GO,Centro-Oeste,Mass Market
C03792,2024-07-06,AL,Nordeste,Mass Market
C03793,2023-06-05,RN,Nordeste,Intermediário
C03794,2022-12-17,SP,Sudeste,Intermediário
C03795,2024-08-03,SP,Sudeste,Mass Market
C03796,2023-08-16,AC,Norte,Intermediário
C03797,2025-11-03,SP,Sudeste,Intermediário
C03798,2025-09-06,SC,Sul,Mass Market
C03799,2024-09-14,SC,Sul,Mass Market
C03800,2022-02-23,PR,Sul,Mass Market
C03801,2024-10-15,SP,Sudeste,Premium
C03802,2025-12-19,BA,Nordeste,Mass Market
C03803,2023-10-15,RR,Norte,Premium
C03804,2025-10-29,SC,Sul,Mass Market
C03805,2022-12-30,RJ,Sudeste,Mass Market
C03806,2023-06-21,CE,Nordeste,Mass Market
C03807,2025-07-17,GO,Centro-Oeste,Premium
C03808,2024-06-12,RR,Norte,Mass Market
C03809,2023-10-04,RJ,Sudeste,Mass Market
C03810,2024-01-24,RJ,Sudeste,Intermediário
C03811,2024-08-13,PR,Sul,Mass Market
C03812,2024-11-21,PE,Nordeste,Intermediário
C03813,2025-03-23,PR,Sul,Intermediário
C03814,2023-01-05,SP,Sudeste,Mass Market
C03815,2023-07-25,DF,Centro-Oeste,Intermediário
C03816,2023-12-17,SP,Sudeste,Mass Market
C03817,2025-02-13,SP,Sudeste,Mass Market
C03818,2024-10-18,MA,Nordeste,Mass Market
C03819,2025-11-15,RS,Sul,Intermediário
C03820,2025-03-18,TO,Norte,Mass Market
C03821,2022-05-26,AL,Nordeste,Intermediário
C03822,2025-09-28,ES,Sudeste,Mass Market
C03823,2025-12-20,SP,Sudeste,Mass Market
C03824,2025-05-15,PE,Nordeste,Mass Market
C03825,2024-05-14,RN,Nordeste,Mass Market
C03826,2023-03-29,PR,Sul,Premium
C03827,2025-09-11,MG,Sudeste,Intermediário
C03828,2023-02-17,RS,Sul,Mass Market
C03829,2024-09-17,PR,Sul,Mass Market
C03830,2024-03-28,RS,Sul,Mass Market
C03831,2025-08-14,RN,Nordeste,Mass Market
C03832,2022-02-09,AP,Norte,Intermediário
C03833,2025-01-20,MG,Sudeste,Intermediário
C03834,2025-05-20,MA,Nordeste,Intermediário
C03835,2024-01-29,PR,Sul,Intermediário
C03836,2023-05-17,AL,Nordeste,Intermediário
C03837,2022-02-05,MG,Sudeste,Mass Market
C03838,2024-06-20,SP,Sudeste,Mass Market
C03839,2024-11-29,RO,Norte,Intermediário
C03840,2024-02-03,BA,Nordeste,Intermediário
C03841,2023-07-05,BA,Nordeste,Intermediário
C03842,2024-11-13,SC,Sul,Intermediário
C03843,2024-03-07,DF,Centro-Oeste,Mass Market
C03844,2024-09-13,RJ,Sudeste,Mass Market
C03845,2023-05-19,SP,Sudeste,Mass Market
C03846,2023-09-18,PR,Sul,Mass Market
C03847,2022-07-01,PR,Sul,Mass Market
C03848,2025-02-25,PR,Sul,Intermediário
C03849,2025-04-24,PE,Nordeste,Mass Market
C03850,2025-11-21,MA,Nordeste,Mass Market
C03851,2024-03-06,ES,Sudeste,Mass Market
C03852,2023-10-22,SE,Nordeste,Mass Market
C03853,2024-08-22,RS,Sul,Intermediário
C03854,2023-08-14,RS,Sul,Mass Market
C03855,2023-08-09,PR,Sul,Mass Market
C03856,2023-09-10,RJ,Sudeste,Intermediário
C03857,2022-12-20,SP,Sudeste,Intermediário
C03858,2022-06-11,PE,Nordeste,Mass Market
C03859,2025-09-06,SC,Sul,Mass Market
C03860,2024-02-02,RJ,Sudeste,Mass Market
C03861,2023-12-16,GO,Centro-Oeste,Intermediário
C03862,2023-11-05,SP,Sudeste,Mass Market
C03863,2025-01-18,RJ,Sudeste,Intermediário
C03864,2025-09-21,SP,Sudeste,Intermediário
C03865,2023-03-30,MG,Sudeste,Mass Market
C03866,2024-10-10,MT,Centro-Oeste,Mass Market
C03867,2022-12-20,MG,Sudeste,Mass Market
C03868,2024-10-29,SP,Sudeste,Mass Market
C03869,2023-11-28,SP,Sudeste,Mass Market
C03870,2023-12-07,PR,Sul,Mass Market
C03871,2022-04-25,MT,Centro-Oeste,Mass Market
C03872,2022-01-09,MG,Sudeste,Intermediário
C03873,2025-10-22,PR,Sul,Mass Market
C03874,2022-03-03,PR,Sul,Mass Market
C03875,2024-07-31,SC,Sul,Intermediário
C03876,2023-03-17,MG,Sudeste,Mass Market
C03877,2022-05-25,MS,Centro-Oeste,Mass Market
C03878,2022-02-19,DF,Centro-Oeste,Intermediário
C03879,2024-08-17,RJ,Sudeste,Mass Market
C03880,2024-07-13,MG,Sudeste,Mass Market
C03881,2024-01-06,SE,Nordeste,Intermediário
C03882,2022-08-27,RJ,Sudeste,Intermediário
C03883,2022-06-17,RS,Sul,Intermediário
C03884,2024-07-16,SP,Sudeste,Mass Market
C03885,2024-06-14,RS,Sul,Intermediário
C03886,2023-09-04,GO,Centro-Oeste,Mass Market
C03887,2022-10-16,SP,Sudeste,Intermediário
C03888,2022-09-09,SP,Sudeste,Intermediário
C03889,2024-03-11,MG,Sudeste,Mass Market
C03890,2023-08-27,MG,Sudeste,Mass Market
C03891,2025-08-10,SP,Sudeste,Mass Market
C03892,2022-01-19,DF,Centro-Oeste,Mass Market
C03893,2023-05-26,SP,Sudeste,Mass Market
C03894,2022-06-20,SP,Sudeste,Intermediário
C03895,2023-03-15,GO,Centro-Oeste,Mass Market
C03896,2022-03-03,SP,Sudeste,Mass Market
C03897,2025-09-01,PA,Norte,Premium
C03898,2024-02-20,RJ,Sudeste,Mass Market
C03899,2025-10-11,BA,Nordeste,Intermediário
C03900,2024-02-03,MG,Sudeste,Intermediário
C03901,2024-05-03,SP,Sudeste,Mass Market
C03902,2022-05-14,SP,Sudeste,Mass Market
C03903,2025-08-18,CE,Nordeste,Mass Market
C03904,2025-11-13,BA,Nordeste,Intermediário
C03905,2025-05-30,RJ,Sudeste,Mass Market
C03906,2024-09-21,GO,Centro-Oeste,Mass Market
C03907,2023-02-01,RJ,Sudeste,Mass Market
C03908,2023-09-04,PE,Nordeste,Intermediário
C03909,2025-01-20,RJ,Sudeste,Mass Market
C03910,2025-09-24,MA,Nordeste,Intermediário
C03911,2024-05-29,SP,Sudeste,Mass Market
C03912,2025-10-24,SE,Nordeste,Mass Market
C03913,2025-05-22,PE,Nordeste,Intermediário
C03914,2024-03-26,MT,Centro-Oeste,Mass Market
C03915,2023-11-22,MG,Sudeste,Mass Market
C03916,2023-02-15,RO,Norte,Mass Market
C03917,2023-12-14,SP,Sudeste,Intermediário
C03918,2024-10-20,ES,Sudeste,Premium
C03919,2024-07-11,MG,Sudeste,Mass Market
C03920,2025-07-18,RJ,Sudeste,Mass Market
C03921,2024-12-18,SP,Sudeste,Mass Market
C03922,2025-11-07,MT,Centro-Oeste,Mass Market
C03923,2024-08-31,MA,Nordeste,Mass Market
C03924,2024-11-08,ES,Sudeste,Intermediário
C03925,2023-12-16,PE,Nordeste,Mass Market
C03926,2023-08-22,ES,Sudeste,Mass Market
C03927,2025-08-07,SP,Sudeste,Mass Market
C03928,2024-01-27,CE,Nordeste,Mass Market
C03929,2022-08-09,PR,Sul,Mass Market
C03930,2022-04-23,SP,Sudeste,Mass Market
C03931,2024-05-30,CE,Nordeste,Mass Market
C03932,2024-12-01,MG,Sudeste,Intermediário
C03933,2024-07-10,MG,Sudeste,Mass Market
C03934,2023-09-20,GO,Centro-Oeste,Intermediário
C03935,2024-03-02,SP,Sudeste,Mass Market
C03936,2025-10-29,PB,Nordeste,Mass Market
C03937,2024-01-29,MG,Sudeste,Intermediário
C03938,2023-04-03,RN,Nordeste,Premium
C03939,2023-03-09,CE,Nordeste,Mass Market
C03940,2024-11-18,SP,Sudeste,Mass Market
C03941,2024-10-13,SC,Sul,Mass Market
C03942,2023-03-24,SP,Sudeste,Mass Market
C03943,2023-08-12,MT,Centro-Oeste,Mass Market
C03944,2024-06-08,MG,Sudeste,Intermediário
C03945,2022-05-14,GO,Centro-Oeste,Mass Market
C03946,2022-01-31,SP,Sudeste,Mass Market
C03947,2023-08-31,MA,Nordeste,Mass Market
C03948,2023-05-17,SP,Sudeste,Mass Market
C03949,2025-06-10,MG,Sudeste,Mass Market
C03950,2024-10-13,MG,Sudeste,Mass Market
C03951,2023-05-15,RJ,Sudeste,Mass Market
C03952,2024-07-12,PB,Nordeste,Intermediário
C03953,2022-08-07,ES,Sudeste,Mass Market
C03954,2025-11-25,GO,Centro-Oeste,Mass Market
C03955,2022-12-18,PA,Norte,Intermediário
C03956,2023-04-10,RJ,Sudeste,Mass Market
C03957,2023-09-01,TO,Norte,Mass Market
C03958,2022-04-03,GO,Centro-Oeste,Mass Market
C03959,2024-09-10,PR,Sul,Mass Market
C03960,2025-02-06,TO,Norte,Premium
C03961,2025-05-23,MG,Sudeste,Intermediário
C03962,2022-08-22,MA,Nordeste,Intermediário
C03963,2022-02-17,PR,Sul,Mass Market
C03964,2024-10-25,SP,Sudeste,Mass Market
C03965,2022-08-19,DF,Centro-Oeste,Intermediário
C03966,2025-09-20,MG,Sudeste,Mass Market
C03967,2022-03-22,MS,Centro-Oeste,Intermediário
C03968,2024-09-16,RS,Sul,Intermediário
C03969,2025-12-25,SP,Sudeste,Mass Market
C03970,2025-12-11,SP,Sudeste,Mass Market
C03971,2025-10-05,RJ,Sudeste,Mass Market
C03972,2024-02-02,BA,Nordeste,Mass Market
C03973,2025-07-31,RS,Sul,Intermediário
C03974,2025-08-06,MT,Centro-Oeste,Intermediário
C03975,2022-06-13,AM,Norte,Mass Market
C03976,2022-09-30,GO,Centro-Oeste,Mass Market
C03977,2022-03-06,SC,Sul,Mass Market
C03978,2022-11-21,BA,Nordeste,Mass Market
C03979,2023-12-05,RO,Norte,Mass Market
C03980,2023-09-13,RJ,Sudeste,Mass Market
C03981,2023-05-06,RJ,Sudeste,Mass Market
C03982,2025-11-22,SP,Sudeste,Mass Market
C03983,2025-06-20,PR,Sul,Mass Market
C03984,2023-10-19,CE,Nordeste,Mass Market
C03985,2023-03-25,PE,Nordeste,Mass Market
C03986,2024-04-21,RS,Sul,Mass Market
C03987,2022-06-10,MG,Sudeste,Mass Market
C03988,2022-08-10,MA,Nordeste,Mass Market
C03989,2024-10-08,SP,Sudeste,Mass Market
C03990,2023-11-06,RS,Sul,Mass Market
C03991,2025-04-03,GO,Centro-Oeste,Premium
C03992,2023-12-26,RS,Sul,Intermediário
C03993,2022-05-26,TO,Norte,Mass Market
C03994,2025-10-04,SP,Sudeste,Mass Market
C03995,2025-03-16,RJ,Sudeste,Mass Market
C03996,2023-04-15,CE,Nordeste,Mass Market
C03997,2023-02-25,SP,Sudeste,Mass Market
C03998,2022-05-09,PA,Norte,Mass Market
C03999,2024-08-12,CE,Nordeste,Intermediário
C04000,2022-11-22,RN,Nordeste,Mass Market
C04001,2024-04-14,AM,Norte,Mass Market
C04002,2023-04-24,SC,Sul,Mass Market
C04003,2024-02-27,SP,Sudeste,Premium
C04004,2022-10-27,RJ,Sudeste,Mass Market
C04005,2023-11-06,PI,Nordeste,Mass Market
C04006,2023-08-04,BA,Nordeste,Intermediário
C04007,2022-12-15,MG,Sudeste,Mass Market
C04008,2023-01-23,SP,Sudeste,Mass Market
C04009,2025-08-27,PB,Nordeste,Mass Market
C04010,2022-05-11,RJ,Sudeste,Mass Market
C04011,2024-07-06,MS,Centro-Oeste,Intermediário
C04012,2023-09-24,SC,Sul,Mass Market
C04013,2023-01-26,SP,Sudeste,Mass Market
C04014,2025-07-06,MG,Sudeste,Intermediário
C04015,2022-06-20,MS,Centro-Oeste,Mass Market
C04016,2024-08-14,PR,Sul,Mass Market
C04017,2022-10-17,ES,Sudeste,Mass Market
C04018,2024-03-08,MG,Sudeste,Mass Market
C04019,2024-04-06,SC,Sul,Premium
C04020,2024-01-20,PA,Norte,Intermediário
C04021,2023-02-27,GO,Centro-Oeste,Mass Market
C04022,2022-09-19,SP,Sudeste,Mass Market
C04023,2022-08-02,RN,Nordeste,Mass Market
C04024,2024-07-09,BA,Nordeste,Mass Market
C04025,2024-02-19,CE,Nordeste,Mass Market
C04026,2023-02-14,SC,Sul,Intermediário
C04027,2023-05-25,SP,Sudeste,Mass Market
C04028,2023-02-12,MG,Sudeste,Mass Market
C04029,2023-08-31,PA,Norte,Mass Market
C04030,2022-01-13,SP,Sudeste,Mass Market
C04031,2025-08-15,ES,Sudeste,Mass Market
C04032,2024-02-18,RS,Sul,Intermediário
C04033,2023-05-28,SP,Sudeste,Mass Market
C04034,2025-08-28,MA,Nordeste,Intermediário
C04035,2024-04-04,CE,Nordeste,Intermediário
C04036,2022-07-16,MA,Nordeste,Intermediário
C04037,2022-04-12,GO,Centro-Oeste,Intermediário
C04038,2025-12-14,MG,Sudeste,Mass Market
C04039,2024-05-24,BA,Nordeste,Intermediário
C04040,2024-06-03,MT,Centro-Oeste,Intermediário
C04041,2022-09-11,PE,Nordeste,Mass Market
C04042,2025-11-06,RJ,Sudeste,Intermediário
C04043,2024-12-12,SC,Sul,Premium
C04044,2024-08-19,PA,Norte,Intermediário
C04045,2025-10-10,PR,Sul,Premium
C04046,2024-03-07,SC,Sul,Mass Market
C04047,2023-10-10,RJ,Sudeste,Mass Market
C04048,2024-03-05,DF,Centro-Oeste,Mass Market
C04049,2024-12-25,PR,Sul,Mass Market
C04050,2025-07-31,SP,Sudeste,Mass Market
C04051,2023-04-29,RS,Sul,Premium
C04052,2024-09-07,SP,Sudeste,Premium
C04053,2025-08-24,MG,Sudeste,Mass Market
C04054,2022-10-26,SP,Sudeste,Mass Market
C04055,2023-12-17,CE,Nordeste,Intermediário
C04056,2024-04-15,RJ,Sudeste,Mass Market
C04057,2025-04-29,RJ,Sudeste,Premium
C04058,2022-12-01,MG,Sudeste,Mass Market
C04059,2022-12-31,SP,Sudeste,Mass Market
C04060,2024-10-15,MT,Centro-Oeste,Mass Market
C04061,2023-04-24,SC,Sul,Mass Market
C04062,2023-11-26,SP,Sudeste,Mass Market
C04063,2025-05-01,RN,Nordeste,Mass Market
C04064,2024-01-16,SP,Sudeste,Intermediário
C04065,2023-11-06,SP,Sudeste,Intermediário
C04066,2022-03-16,RR,Norte,Intermediário
C04067,2022-09-14,BA,Nordeste,Premium
C04068,2022-04-23,PA,Norte,Premium
C04069,2022-12-08,SP,Sudeste,Intermediário
C04070,2023-11-15,MG,Sudeste,Mass Market
C04071,2025-05-12,SP,Sudeste,Mass Market
C04072,2025-03-25,SP,Sudeste,Intermediário
C04073,2023-01-25,MG,Sudeste,Mass Market
C04074,2022-03-14,MG,Sudeste,Mass Market
C04075,2022-07-10,RJ,Sudeste,Mass Market
C04076,2022-07-25,RS,Sul,Intermediário
C04077,2025-04-26,PE,Nordeste,Mass Market
C04078,2023-12-24,MA,Nordeste,Mass Market
C04079,2025-12-13,PA,Norte,Mass Market
C04080,2025-02-15,CE,Nordeste,Intermediário
C04081,2025-02-03,BA,Nordeste,Intermediário
C04082,2023-07-21,MG,Sudeste,Intermediário
C04083,2024-02-15,MT,Centro-Oeste,Mass Market
C04084,2024-04-17,RJ,Sudeste,Mass Market
C04085,2022-03-30,SP,Sudeste,Mass Market
C04086,2022-10-30,MG,Sudeste,Intermediário
C04087,2025-09-02,MA,Nordeste,Intermediário
C04088,2022-08-07,MT,Centro-Oeste,Mass Market
C04089,2022-03-10,MG,Sudeste,Mass Market
C04090,2022-12-24,RR,Norte,Mass Market
C04091,2025-06-25,MG,Sudeste,Mass Market
C04092,2025-07-27,PA,Norte,Mass Market
C04093,2022-08-10,BA,Nordeste,Intermediário
C04094,2025-12-09,RS,Sul,Intermediário
C04095,2024-01-08,MG,Sudeste,Mass Market
C04096,2022-09-07,GO,Centro-Oeste,Mass Market
C04097,2022-06-06,ES,Sudeste,Intermediário
C04098,2024-01-25,SE,Nordeste,Premium
C04099,2024-02-09,CE,Nordeste,Mass Market
C04100,2023-07-05,AM,Norte,Mass Market
C04101,2022-03-16,GO,Centro-Oeste,Mass Market
C04102,2025-02-28,RO,Norte,Intermediário
C04103,2024-06-14,SP,Sudeste,Premium
C04104,2023-10-08,RJ,Sudeste,Mass Market
C04105,2023-07-20,MG,Sudeste,Mass Market
C04106,2024-06-03,RJ,Sudeste,Intermediário
C04107,2024-10-11,PE,Nordeste,Mass Market
C04108,2025-09-16,RJ,Sudeste,Mass Market
C04109,2024-10-31,RS,Sul,Intermediário
C04110,2025-02-28,RJ,Sudeste,Mass Market
C04111,2025-06-17,ES,Sudeste,Premium
C04112,2022-12-23,BA,Nordeste,Mass Market
C04113,2025-09-22,SP,Sudeste,Mass Market
C04114,2022-03-27,GO,Centro-Oeste,Mass Market
C04115,2023-10-23,RS,Sul,Mass Market
C04116,2023-06-06,RJ,Sudeste,Intermediário
C04117,2023-09-17,PR,Sul,Mass Market
C04118,2024-08-15,RJ,Sudeste,Intermediário
C04119,2025-07-30,PA,Norte,Mass Market
C04120,2025-01-23,PA,Norte,Intermediário
C04121,2025-04-05,SP,Sudeste,Mass Market
C04122,2025-06-21,ES,Sudeste,Intermediário
C04123,2023-10-15,PA,Norte,Mass Market
C04124,2025-04-09,MG,Sudeste,Mass Market
C04125,2023-08-16,RS,Sul,Intermediário
C04126,2024-05-20,GO,Centro-Oeste,Intermediário
C04127,2025-06-09,SP,Sudeste,Mass Market
C04128,2024-07-01,SC,Sul,Premium
C04129,2025-01-25,ES,Sudeste,Intermediário
C04130,2025-06-30,SP,Sudeste,Intermediário
C04131,2025-10-05,ES,Sudeste,Intermediário
C04132,2023-09-05,SP,Sudeste,Intermediário
C04133,2023-05-26,SP,Sudeste,Mass Market
C04134,2023-12-23,SP,Sudeste,Intermediário
C04135,2022-12-04,SP,Sudeste,Mass Market
C04136,2023-11-30,RJ,Sudeste,Mass Market
C04137,2025-03-31,SP,Sudeste,Mass Market
C04138,2023-03-10,RJ,Sudeste,Intermediário
C04139,2024-08-03,SP,Sudeste,Intermediário
C04140,2022-11-28,RJ,Sudeste,Mass Market
C04141,2025-06-07,SP,Sudeste,Intermediário
C04142,2025-02-06,SP,Sudeste,Mass Market
C04143,2024-04-02,SP,Sudeste,Mass Market
C04144,2024-08-18,ES,Sudeste,Mass Market
C04145,2023-09-29,BA,Nordeste,Mass Market
C04146,2023-02-10,BA,Nordeste,Mass Market
C04147,2022-08-25,RN,Nordeste,Mass Market
C04148,2025-11-24,PA,Norte,Intermediário
C04149,2022-08-26,SC,Sul,Mass Market
C04150,2025-05-18,SP,Sudeste,Intermediário
C04151,2025-07-20,RS,Sul,Mass Market
C04152,2023-01-30,RJ,Sudeste,Mass Market
C04153,2024-02-16,RN,Nordeste,Intermediário
C04154,2023-05-25,SC,Sul,Mass Market
C04155,2024-04-20,CE,Nordeste,Intermediário
C04156,2024-05-08,MT,Centro-Oeste,Mass Market
C04157,2024-06-12,SP,Sudeste,Intermediário
C04158,2024-05-30,SP,Sudeste,Mass Market
C04159,2022-10-13,SP,Sudeste,Mass Market
C04160,2025-05-07,PA,Norte,Mass Market
C04161,2024-09-04,RN,Nordeste,Mass Market
C04162,2025-11-26,MG,Sudeste,Mass Market
C04163,2023-03-07,SP,Sudeste,Mass Market
C04164,2024-10-08,PA,Norte,Mass Market
C04165,2023-02-24,SP,Sudeste,Mass Market
C04166,2023-01-16,GO,Centro-Oeste,Intermediário
C04167,2022-01-05,SP,Sudeste,Intermediário
C04168,2022-06-10,SP,Sudeste,Mass Market
C04169,2024-07-20,RJ,Sudeste,Premium
C04170,2023-12-14,DF,Centro-Oeste,Mass Market
C04171,2025-03-10,SP,Sudeste,Mass Market
C04172,2022-09-26,GO,Centro-Oeste,Mass Market
C04173,2024-10-21,PE,Nordeste,Mass Market
C04174,2025-04-28,SP,Sudeste,Mass Market
C04175,2023-06-09,RJ,Sudeste,Intermediário
C04176,2023-12-10,PE,Nordeste,Mass Market
C04177,2022-09-29,PE,Nordeste,Mass Market
C04178,2023-02-03,RJ,Sudeste,Intermediário
C04179,2022-12-31,GO,Centro-Oeste,Intermediário
C04180,2025-10-16,SP,Sudeste,Intermediário
C04181,2024-12-16,RS,Sul,Intermediário
C04182,2024-07-20,BA,Nordeste,Mass Market
C04183,2024-09-30,PA,Norte,Mass Market
C04184,2023-01-14,SP,Sudeste,Intermediário
C04185,2022-02-21,PR,Sul,Mass Market
C04186,2023-06-28,MA,Nordeste,Intermediário
C04187,2025-01-02,GO,Centro-Oeste,Mass Market
C04188,2022-11-17,RJ,Sudeste,Mass Market
C04189,2022-03-21,SP,Sudeste,Mass Market
C04190,2025-07-10,RJ,Sudeste,Mass Market
C04191,2023-09-24,SP,Sudeste,Mass Market
C04192,2022-02-11,SP,Sudeste,Mass Market
C04193,2024-02-23,SC,Sul,Mass Market
C04194,2023-03-26,RS,Sul,Mass Market
C04195,2024-01-03,RJ,Sudeste,Intermediário
C04196,2023-08-12,MG,Sudeste,Mass Market
C04197,2022-07-23,SP,Sudeste,Mass Market
C04198,2024-03-12,PI,Nordeste,Mass Market
C04199,2022-10-20,SP,Sudeste,Mass Market
C04200,2024-08-15,PA,Norte,Mass Market
C04201,2025-07-15,SP,Sudeste,Mass Market
C04202,2025-04-21,SP,Sudeste,Intermediário
C04203,2023-03-24,RJ,Sudeste,Mass Market
C04204,2022-01-29,DF,Centro-Oeste,Intermediário
C04205,2025-07-24,SP,Sudeste,Mass Market
C04206,2022-10-10,DF,Centro-Oeste,Intermediário
C04207,2022-09-30,ES,Sudeste,Intermediário
C04208,2022-05-28,MG,Sudeste,Intermediário
C04209,2024-06-07,GO,Centro-Oeste,Mass Market
C04210,2022-07-19,PA,Norte,Premium
C04211,2024-07-22,BA,Nordeste,Premium
C04212,2025-07-22,SC,Sul,Mass Market
C04213,2024-10-04,MG,Sudeste,Intermediário
C04214,2023-03-16,RJ,Sudeste,Mass Market
C04215,2023-06-27,PR,Sul,Intermediário
C04216,2025-02-27,MG,Sudeste,Mass Market
C04217,2023-04-15,BA,Nordeste,Intermediário
C04218,2024-01-23,SP,Sudeste,Mass Market
C04219,2023-12-14,SP,Sudeste,Intermediário
C04220,2025-10-28,PR,Sul,Mass Market
C04221,2024-08-29,SC,Sul,Intermediário
C04222,2023-01-02,SP,Sudeste,Mass Market
C04223,2024-10-26,GO,Centro-Oeste,Intermediário
C04224,2023-04-23,AL,Nordeste,Mass Market
C04225,2024-08-23,ES,Sudeste,Mass Market
C04226,2024-09-26,RS,Sul,Intermediário
C04227,2025-04-27,PA,Norte,Intermediário
C04228,2024-05-17,AL,Nordeste,Mass Market
C04229,2023-07-09,RS,Sul,Intermediário
C04230,2023-11-05,MS,Centro-Oeste,Mass Market
C04231,2024-01-21,RJ,Sudeste,Mass Market
C04232,2025-11-17,PI,Nordeste,Intermediário
C04233,2023-09-25,SP,Sudeste,Premium
C04234,2022-05-26,PR,Sul,Intermediário
C04235,2023-10-14,PB,Nordeste,Mass Market
C04236,2025-10-12,SC,Sul,Intermediário
C04237,2023-01-03,AP,Norte,Mass Market
C04238,2024-08-25,PA,Norte,Mass Market
C04239,2023-05-15,BA,Nordeste,Intermediário
C04240,2025-02-01,MT,Centro-Oeste,Mass Market
C04241,2024-03-17,SP,Sudeste,Mass Market
C04242,2024-02-26,SP,Sudeste,Mass Market
C04243,2023-02-20,RS,Sul,Mass Market
C04244,2022-02-15,RJ,Sudeste,Mass Market
C04245,2022-11-19,SP,Sudeste,Intermediário
C04246,2023-07-04,SP,Sudeste,Mass Market
C04247,2025-06-11,ES,Sudeste,Mass Market
C04248,2022-07-21,MG,Sudeste,Mass Market
C04249,2022-04-14,SP,Sudeste,Mass Market
C04250,2024-06-20,TO,Norte,Mass Market
C04251,2024-07-21,BA,Nordeste,Mass Market
C04252,2024-08-03,SP,Sudeste,Mass Market
C04253,2023-09-01,PR,Sul,Intermediário
C04254,2025-07-22,RS,Sul,Mass Market
C04255,2022-11-08,SP,Sudeste,Mass Market
C04256,2025-03-05,GO,Centro-Oeste,Intermediário
C04257,2025-12-23,SP,Sudeste,Mass Market
C04258,2025-08-15,BA,Nordeste,Mass Market
C04259,2025-09-26,PR,Sul,Mass Market
C04260,2022-03-15,CE,Nordeste,Mass Market
C04261,2023-08-27,MG,Sudeste,Intermediário
C04262,2025-10-02,MG,Sudeste,Mass Market
C04263,2025-09-16,GO,Centro-Oeste,Intermediário
C04264,2024-09-12,SP,Sudeste,Mass Market
C04265,2023-11-15,MG,Sudeste,Mass Market
C04266,2022-06-04,SC,Sul,Intermediário
C04267,2022-05-04,RJ,Sudeste,Intermediário
C04268,2022-10-28,AM,Norte,Premium
C04269,2022-02-22,SP,Sudeste,Premium
C04270,2022-07-17,SP,Sudeste,Mass Market
C04271,2023-11-07,PE,Nordeste,Mass Market
C04272,2022-10-08,SP,Sudeste,Mass Market
C04273,2022-01-17,CE,Nordeste,Intermediário
C04274,2025-07-17,CE,Nordeste,Intermediário
C04275,2025-05-05,CE,Nordeste,Mass Market
C04276,2022-07-03,BA,Nordeste,Mass Market
C04277,2022-07-08,ES,Sudeste,Intermediário
C04278,2024-08-17,PB,Nordeste,Intermediário
C04279,2023-11-04,AL,Nordeste,Intermediário
C04280,2025-04-16,RJ,Sudeste,Intermediário
C04281,2024-06-20,RJ,Sudeste,Mass Market
C04282,2023-07-18,PE,Nordeste,Intermediário
C04283,2022-11-15,RJ,Sudeste,Mass Market
C04284,2023-04-20,SP,Sudeste,Mass Market
C04285,2024-08-13,BA,Nordeste,Intermediário
C04286,2024-03-25,SC,Sul,Mass Market
C04287,2023-06-07,PR,Sul,Mass Market
C04288,2024-01-08,BA,Nordeste,Intermediário
C04289,2022-04-09,MT,Centro-Oeste,Mass Market
C04290,2022-11-27,PE,Nordeste,Mass Market
C04291,2025-03-11,PR,Sul,Mass Market
C04292,2022-05-01,PR,Sul,Mass Market
C04293,2024-11-29,PA,Norte,Mass Market
C04294,2023-04-28,SC,Sul,Intermediário
C04295,2024-02-16,RS,Sul,Mass Market
C04296,2023-07-19,SP,Sudeste,Mass Market
C04297,2022-02-04,SP,Sudeste,Intermediário
C04298,2023-12-27,PI,Nordeste,Mass Market
C04299,2025-03-06,SP,Sudeste,Intermediário
C04300,2023-01-31,SP,Sudeste,Mass Market
C04301,2025-02-20,PR,Sul,Mass Market
C04302,2024-06-08,ES,Sudeste,Intermediário
C04303,2024-11-23,MG,Sudeste,Mass Market
C04304,2025-09-29,GO,Centro-Oeste,Intermediário
C04305,2025-03-23,SP,Sudeste,Intermediário
C04306,2024-02-14,SP,Sudeste,Intermediário
C04307,2023-07-27,SC,Sul,Intermediário
C04308,2024-09-27,MG,Sudeste,Mass Market
C04309,2024-08-27,PE,Nordeste,Mass Market
C04310,2022-08-14,RJ,Sudeste,Mass Market
C04311,2022-09-05,SP,Sudeste,Mass Market
C04312,2025-10-20,MG,Sudeste,Mass Market
C04313,2022-05-29,PR,Sul,Mass Market
C04314,2023-11-06,SP,Sudeste,Mass Market
C04315,2025-08-16,MT,Centro-Oeste,Premium
C04316,2025-08-27,SP,Sudeste,Mass Market
C04317,2024-01-11,RJ,Sudeste,Mass Market
C04318,2022-12-20,MA,Nordeste,Mass Market
C04319,2024-02-11,RS,Sul,Mass Market
C04320,2024-10-22,PA,Norte,Mass Market
C04321,2023-07-29,PR,Sul,Intermediário
C04322,2022-07-11,SP,Sudeste,Mass Market
C04323,2023-06-09,SP,Sudeste,Mass Market
C04324,2022-01-29,ES,Sudeste,Mass Market
C04325,2023-09-28,MG,Sudeste,Mass Market
C04326,2025-07-24,SC,Sul,Mass Market
C04327,2025-05-03,RJ,Sudeste,Intermediário
C04328,2023-10-26,SP,Sudeste,Mass Market
C04329,2022-01-16,MT,Centro-Oeste,Mass Market
C04330,2024-07-15,PR,Sul,Mass Market
C04331,2024-03-15,GO,Centro-Oeste,Mass Market
C04332,2023-01-29,BA,Nordeste,Intermediário
C04333,2023-06-20,RS,Sul,Mass Market
C04334,2023-05-09,SP,Sudeste,Mass Market
C04335,2023-06-24,RN,Nordeste,Intermediário
C04336,2022-02-10,SP,Sudeste,Intermediário
C04337,2023-01-15,BA,Nordeste,Mass Market
C04338,2022-02-24,AM,Norte,Mass Market
C04339,2023-01-22,SC,Sul,Premium
C04340,2025-04-08,BA,Nordeste,Mass Market
C04341,2024-01-17,RJ,Sudeste,Intermediário
C04342,2025-10-01,PE,Nordeste,Mass Market
C04343,2022-06-19,GO,Centro-Oeste,Mass Market
C04344,2022-06-30,PR,Sul,Mass Market
C04345,2023-12-05,SC,Sul,Mass Market
C04346,2023-12-06,MG,Sudeste,Premium
C04347,2024-08-25,RJ,Sudeste,Mass Market
C04348,2025-04-03,SC,Sul,Mass Market
C04349,2022-08-04,MG,Sudeste,Intermediário
C04350,2025-05-20,RN,Nordeste,Premium
C04351,2025-06-01,PA,Norte,Mass Market
C04352,2025-12-04,PR,Sul,Intermediário
C04353,2025-07-18,GO,Centro-Oeste,Mass Market
C04354,2023-03-17,SC,Sul,Intermediário
C04355,2023-01-01,SP,Sudeste,Mass Market
C04356,2022-06-12,SP,Sudeste,Mass Market
C04357,2023-12-06,ES,Sudeste,Intermediário
C04358,2025-04-12,ES,Sudeste,Intermediário
C04359,2024-09-07,PA,Norte,Intermediário
C04360,2024-06-18,MS,Centro-Oeste,Mass Market
C04361,2024-04-03,SP,Sudeste,Intermediário
C04362,2025-02-21,SP,Sudeste,Mass Market
C04363,2025-08-23,PR,Sul,Mass Market
C04364,2023-09-12,SP,Sudeste,Intermediário
C04365,2024-01-17,RJ,Sudeste,Intermediário
C04366,2025-05-10,MG,Sudeste,Mass Market
C04367,2022-12-21,PA,Norte,Mass Market
C04368,2024-04-12,AM,Norte,Mass Market
C04369,2022-11-27,RJ,Sudeste,Intermediário
C04370,2024-03-04,RJ,Sudeste,Mass Market
C04371,2025-03-07,MS,Centro-Oeste,Mass Market
C04372,2022-05-23,CE,Nordeste,Mass Market
C04373,2023-08-07,GO,Centro-Oeste,Intermediário
C04374,2022-08-12,BA,Nordeste,Mass Market
C04375,2023-12-10,AP,Norte,Mass Market
C04376,2023-01-22,SC,Sul,Mass Market
C04377,2025-12-12,MG,Sudeste,Intermediário
C04378,2025-11-25,RJ,Sudeste,Mass Market
C04379,2023-03-07,DF,Centro-Oeste,Mass Market
C04380,2024-04-16,GO,Centro-Oeste,Mass Market
C04381,2024-06-15,SP,Sudeste,Mass Market
C04382,2022-09-15,SP,Sudeste,Mass Market
C04383,2024-02-16,ES,Sudeste,Intermediário
C04384,2025-06-20,PR,Sul,Intermediário
C04385,2024-12-24,PB,Nordeste,Intermediário
C04386,2025-03-18,RJ,Sudeste,Mass Market
C04387,2022-11-22,SE,Nordeste,Mass Market
C04388,2025-05-19,AM,Norte,Mass Market
C04389,2022-01-30,MG,Sudeste,Mass Market
C04390,2022-03-27,ES,Sudeste,Mass Market
C04391,2023-02-08,GO,Centro-Oeste,Mass Market
C04392,2023-09-10,AL,Nordeste,Mass Market
C04393,2023-01-05,MS,Centro-Oeste,Mass Market
C04394,2022-07-03,SP,Sudeste,Intermediário
C04395,2024-06-29,PA,Norte,Intermediário
C04396,2025-05-24,GO,Centro-Oeste,Intermediário
C04397,2024-08-31,RJ,Sudeste,Mass Market
C04398,2024-05-21,GO,Centro-Oeste,Mass Market
C04399,2025-01-04,MS,Centro-Oeste,Mass Market
C04400,2022-10-28,PR,Sul,Mass Market
C04401,2023-09-05,TO,Norte,Intermediário
C04402,2022-10-29,SP,Sudeste,Premium
C04403,2022-10-11,SC,Sul,Mass Market
C04404,2025-03-22,PR,Sul,Premium
C04405,2023-07-17,RJ,Sudeste,Mass Market
C04406,2022-11-13,DF,Centro-Oeste,Intermediário
C04407,2024-06-22,SP,Sudeste,Mass Market
C04408,2023-06-22,SC,Sul,Mass Market
C04409,2022-07-14,RN,Nordeste,Mass Market
C04410,2022-10-11,PR,Sul,Mass Market
C04411,2024-01-12,RJ,Sudeste,Mass Market
C04412,2025-10-13,MA,Nordeste,Mass Market
C04413,2025-11-17,SC,Sul,Intermediário
C04414,2024-03-12,CE,Nordeste,Mass Market
C04415,2025-03-10,PR,Sul,Intermediário
C04416,2022-05-05,PR,Sul,Intermediário
C04417,2022-02-04,RJ,Sudeste,Intermediário
C04418,2023-06-05,MG,Sudeste,Mass Market
C04419,2022-10-01,PE,Nordeste,Mass Market
C04420,2023-07-18,RS,Sul,Mass Market
C04421,2025-09-03,SP,Sudeste,Mass Market
C04422,2023-09-01,PE,Nordeste,Mass Market
C04423,2024-04-05,RJ,Sudeste,Mass Market
C04424,2022-03-30,RJ,Sudeste,Intermediário
C04425,2025-02-04,SP,Sudeste,Intermediário
C04426,2023-06-08,ES,Sudeste,Intermediário
C04427,2025-02-09,GO,Centro-Oeste,Mass Market
C04428,2024-02-07,MA,Nordeste,Mass Market
C04429,2024-06-08,GO,Centro-Oeste,Intermediário
C04430,2025-08-10,SC,Sul,Intermediário
C04431,2023-01-25,SP,Sudeste,Mass Market
C04432,2022-05-22,PE,Nordeste,Mass Market
C04433,2022-08-27,MG,Sudeste,Mass Market
C04434,2022-08-27,RS,Sul,Intermediário
C04435,2025-12-17,PA,Norte,Mass Market
C04436,2025-02-02,PI,Nordeste,Intermediário
C04437,2023-01-17,ES,Sudeste,Mass Market
C04438,2023-09-14,MG,Sudeste,Intermediário
C04439,2023-01-08,MG,Sudeste,Mass Market
C04440,2025-11-25,ES,Sudeste,Intermediário
C04441,2025-02-12,MS,Centro-Oeste,Mass Market
C04442,2023-07-23,MG,Sudeste,Mass Market
C04443,2022-04-20,PE,Nordeste,Mass Market
C04444,2023-04-14,RN,Nordeste,Intermediário
C04445,2023-01-13,RN,Nordeste,Mass Market
C04446,2023-02-07,RJ,Sudeste,Intermediário
C04447,2024-08-22,SP,Sudeste,Premium
C04448,2024-06-14,MG,Sudeste,Mass Market
C04449,2024-01-13,PA,Norte,Mass Market
C04450,2022-01-18,TO,Norte,Mass Market
C04451,2023-05-24,GO,Centro-Oeste,Intermediário
C04452,2024-04-16,PE,Nordeste,Intermediário
C04453,2022-04-13,GO,Centro-Oeste,Mass Market
C04454,2024-05-16,MS,Centro-Oeste,Mass Market
C04455,2025-04-21,MG,Sudeste,Mass Market
C04456,2024-04-30,SP,Sudeste,Intermediário
C04457,2024-10-08,CE,Nordeste,Mass Market
C04458,2025-05-29,SP,Sudeste,Intermediário
C04459,2025-11-15,DF,Centro-Oeste,Mass Market
C04460,2025-05-23,DF,Centro-Oeste,Intermediário
C04461,2024-01-06,GO,Centro-Oeste,Premium
C04462,2023-04-09,MG,Sudeste,Mass Market
C04463,2024-02-07,PI,Nordeste,Mass Market
C04464,2022-03-14,SP,Sudeste,Intermediário
C04465,2025-05-22,MG,Sudeste,Intermediário
C04466,2022-05-06,RJ,Sudeste,Mass Market
C04467,2023-01-07,BA,Nordeste,Intermediário
C04468,2024-01-19,RJ,Sudeste,Mass Market
C04469,2025-02-24,RN,Nordeste,Intermediário
C04470,2024-01-12,PB,Nordeste,Mass Market
C04471,2024-11-23,RR,Norte,Premium
C04472,2025-04-22,GO,Centro-Oeste,Mass Market
C04473,2023-05-26,ES,Sudeste,Intermediário
C04474,2022-09-24,PR,Sul,Mass Market
C04475,2024-12-18,PR,Sul,Mass Market
C04476,2023-06-29,SP,Sudeste,Mass Market
C04477,2024-04-20,SE,Nordeste,Intermediário
C04478,2022-12-18,RS,Sul,Mass Market
C04479,2024-02-09,RJ,Sudeste,Mass Market
C04480,2024-09-20,SP,Sudeste,Mass Market
C04481,2023-03-15,RJ,Sudeste,Mass Market
C04482,2023-04-10,AP,Norte,Mass Market
C04483,2025-02-02,SP,Sudeste,Mass Market
C04484,2024-10-24,SP,Sudeste,Mass Market
C04485,2023-01-25,SP,Sudeste,Mass Market
C04486,2022-12-14,PB,Nordeste,Intermediário
C04487,2023-09-15,SC,Sul,Mass Market
C04488,2025-11-02,PB,Nordeste,Mass Market
C04489,2024-09-24,SC,Sul,Mass Market
C04490,2025-12-16,RJ,Sudeste,Intermediário
C04491,2024-03-07,MA,Nordeste,Mass Market
C04492,2025-06-23,MG,Sudeste,Mass Market
C04493,2025-10-27,PA,Norte,Mass Market
C04494,2023-10-17,MT,Centro-Oeste,Mass Market
C04495,2022-06-30,MG,Sudeste,Mass Market
C04496,2022-02-27,SP,Sudeste,Premium
C04497,2023-08-17,MG,Sudeste,Mass Market
C04498,2024-09-21,RN,Nordeste,Intermediário
C04499,2024-01-31,PR,Sul,Premium
C04500,2023-08-31,DF,Centro-Oeste,Mass Market
C04501,2025-12-08,PR,Sul,Mass Market
C04502,2025-06-05,RJ,Sudeste,Mass Market
C04503,2024-03-02,SC,Sul,Mass Market
C04504,2022-03-22,PA,Norte,Mass Market
C04505,2025-01-27,RJ,Sudeste,Mass Market
C04506,2022-12-28,SP,Sudeste,Mass Market
C04507,2022-08-15,SP,Sudeste,Intermediário
C04508,2025-12-02,MT,Centro-Oeste,Mass Market
C04509,2023-04-08,RN,Nordeste,Mass Market
C04510,2025-05-05,MG,Sudeste,Mass Market
C04511,2025-02-26,BA,Nordeste,Mass Market
C04512,2023-05-03,MS,Centro-Oeste,Mass Market
C04513,2022-03-24,RJ,Sudeste,Intermediário
C04514,2023-07-01,RJ,Sudeste,Mass Market
C04515,2025-10-03,RS,Sul,Intermediário
C04516,2025-08-21,PR,Sul,Premium
C04517,2022-04-09,RN,Nordeste,Intermediário
C04518,2025-11-16,RS,Sul,Mass Market
C04519,2022-03-05,AL,Nordeste,Mass Market
C04520,2023-01-02,PA,Norte,Mass Market
C04521,2024-05-20,AM,Norte,Mass Market
C04522,2024-10-21,RS,Sul,Mass Market
C04523,2024-01-27,MG,Sudeste,Mass Market
C04524,2024-06-05,PR,Sul,Intermediário
C04525,2022-01-05,RS,Sul,Mass Market
C04526,2022-03-29,MG,Sudeste,Intermediário
C04527,2023-05-29,CE,Nordeste,Mass Market
C04528,2025-04-27,RJ,Sudeste,Premium
C04529,2024-05-03,ES,Sudeste,Mass Market
C04530,2024-11-04,SC,Sul,Mass Market
C04531,2023-03-02,MS,Centro-Oeste,Intermediário
C04532,2024-12-25,RJ,Sudeste,Premium
C04533,2023-10-09,BA,Nordeste,Mass Market
C04534,2022-01-27,GO,Centro-Oeste,Intermediário
C04535,2023-03-01,SP,Sudeste,Mass Market
C04536,2023-09-02,PE,Nordeste,Intermediário
C04537,2024-12-25,RS,Sul,Mass Market
C04538,2023-07-29,MS,Centro-Oeste,Mass Market
C04539,2022-12-02,AL,Nordeste,Intermediário
C04540,2023-03-30,SC,Sul,Intermediário
C04541,2023-12-13,SP,Sudeste,Mass Market
C04542,2024-03-18,PA,Norte,Intermediário
C04543,2023-03-30,MG,Sudeste,Mass Market
C04544,2025-12-10,RS,Sul,Mass Market
C04545,2022-07-02,RS,Sul,Mass Market
C04546,2025-05-14,RJ,Sudeste,Mass Market
C04547,2024-02-06,RN,Nordeste,Mass Market
C04548,2023-03-24,SP,Sudeste,Mass Market
C04549,2025-09-08,MA,Nordeste,Intermediário
C04550,2022-08-26,PR,Sul,Mass Market
C04551,2023-07-18,SP,Sudeste,Mass Market
C04552,2024-08-13,MG,Sudeste,Intermediário
C04553,2024-07-02,MT,Centro-Oeste,Mass Market
C04554,2023-08-03,CE,Nordeste,Intermediário
C04555,2024-02-29,GO,Centro-Oeste,Intermediário
C04556,2025-01-22,MS,Centro-Oeste,Mass Market
C04557,2024-06-20,PR,Sul,Mass Market
C04558,2024-10-29,SP,Sudeste,Mass Market
C04559,2022-05-09,MG,Sudeste,Mass Market
C04560,2025-03-15,GO,Centro-Oeste,Mass Market
C04561,2025-07-05,BA,Nordeste,Intermediário
C04562,2022-07-28,RS,Sul,Mass Market
C04563,2024-05-14,DF,Centro-Oeste,Mass Market
C04564,2025-03-24,MG,Sudeste,Mass Market
C04565,2023-04-02,ES,Sudeste,Mass Market
C04566,2024-08-19,BA,Nordeste,Intermediário
C04567,2025-10-16,RN,Nordeste,Premium
C04568,2022-06-29,SP,Sudeste,Intermediário
C04569,2025-05-02,PA,Norte,Mass Market
C04570,2023-05-11,PR,Sul,Intermediário
C04571,2024-02-16,ES,Sudeste,Intermediário
C04572,2022-06-04,SP,Sudeste,Mass Market
C04573,2024-07-05,CE,Nordeste,Intermediário
C04574,2023-08-24,SP,Sudeste,Mass Market
C04575,2024-12-19,RS,Sul,Mass Market
C04576,2025-01-11,BA,Nordeste,Intermediário
C04577,2025-05-10,RS,Sul,Mass Market
C04578,2023-12-04,RS,Sul,Intermediário
C04579,2024-11-29,AM,Norte,Intermediário
C04580,2022-01-03,SP,Sudeste,Mass Market
C04581,2024-09-16,RS,Sul,Intermediário
C04582,2024-11-11,MG,Sudeste,Premium
C04583,2023-05-12,SP,Sudeste,Premium
C04584,2023-07-30,ES,Sudeste,Mass Market
C04585,2024-09-27,MG,Sudeste,Premium
C04586,2023-05-17,SE,Nordeste,Mass Market
C04587,2024-08-06,PA,Norte,Mass Market
C04588,2022-10-23,SP,Sudeste,Mass Market
C04589,2023-03-14,RN,Nordeste,Mass Market
C04590,2023-03-25,SP,Sudeste,Premium
C04591,2025-02-13,SC,Sul,Premium
C04592,2022-08-21,MG,Sudeste,Mass Market
C04593,2024-10-20,SP,Sudeste,Mass Market
C04594,2025-04-19,RS,Sul,Mass Market
C04595,2023-06-24,AL,Nordeste,Mass Market
C04596,2024-09-26,CE,Nordeste,Mass Market
C04597,2024-04-10,RN,Nordeste,Mass Market
C04598,2025-01-28,PR,Sul,Mass Market
C04599,2023-10-28,MT,Centro-Oeste,Mass Market
C04600,2024-10-02,SP,Sudeste,Mass Market
C04601,2022-12-10,SP,Sudeste,Mass Market
C04602,2022-01-14,GO,Centro-Oeste,Intermediário
C04603,2022-01-08,SP,Sudeste,Mass Market
C04604,2023-04-17,PE,Nordeste,Mass Market
C04605,2024-11-03,PI,Nordeste,Premium
C04606,2022-06-13,MG,Sudeste,Mass Market
C04607,2023-05-29,GO,Centro-Oeste,Mass Market
C04608,2023-01-11,GO,Centro-Oeste,Mass Market
C04609,2025-07-20,PE,Nordeste,Intermediário
C04610,2022-07-22,RJ,Sudeste,Intermediário
C04611,2025-01-18,BA,Nordeste,Intermediário
C04612,2022-03-21,MG,Sudeste,Mass Market
C04613,2024-10-13,SP,Sudeste,Mass Market
C04614,2024-06-04,SP,Sudeste,Mass Market
C04615,2023-06-01,PR,Sul,Mass Market
C04616,2023-03-31,RJ,Sudeste,Mass Market
C04617,2023-01-11,RS,Sul,Mass Market
C04618,2024-03-05,PI,Nordeste,Mass Market
C04619,2023-01-11,PE,Nordeste,Premium
C04620,2022-11-14,PB,Nordeste,Mass Market
C04621,2024-08-13,PE,Nordeste,Mass Market
C04622,2022-12-05,PB,Nordeste,Mass Market
C04623,2025-07-26,PA,Norte,Mass Market
C04624,2023-11-01,SP,Sudeste,Mass Market
C04625,2022-12-23,GO,Centro-Oeste,Mass Market
C04626,2023-10-16,SC,Sul,Mass Market
C04627,2022-01-25,TO,Norte,Mass Market
C04628,2025-04-22,RJ,Sudeste,Mass Market
C04629,2023-04-18,PE,Nordeste,Mass Market
C04630,2022-12-23,SP,Sudeste,Intermediário
C04631,2024-03-21,PR,Sul,Mass Market
C04632,2023-12-15,PR,Sul,Mass Market
C04633,2025-10-06,RJ,Sudeste,Intermediário
C04634,2025-07-11,PE,Nordeste,Mass Market
C04635,2022-07-09,SC,Sul,Mass Market
C04636,2024-06-29,SP,Sudeste,Mass Market
C04637,2023-02-23,SP,Sudeste,Intermediário
C04638,2024-06-05,RO,Norte,Mass Market
C04639,2022-04-16,ES,Sudeste,Intermediário
C04640,2025-10-05,PA,Norte,Mass Market
C04641,2023-12-22,RJ,Sudeste,Intermediário
C04642,2022-07-20,AL,Nordeste,Mass Market
C04643,2024-07-09,TO,Norte,Mass Market
C04644,2022-09-24,AL,Nordeste,Mass Market
C04645,2022-02-11,ES,Sudeste,Mass Market
C04646,2023-08-21,MG,Sudeste,Mass Market
C04647,2025-10-03,PR,Sul,Mass Market
C04648,2025-03-29,RJ,Sudeste,Intermediário
C04649,2022-04-11,PA,Norte,Intermediário
C04650,2023-01-03,PE,Nordeste,Mass Market
C04651,2023-05-27,SC,Sul,Mass Market
C04652,2025-09-21,SC,Sul,Mass Market
C04653,2022-09-18,PA,Norte,Mass Market
C04654,2023-02-03,DF,Centro-Oeste,Mass Market
C04655,2022-10-03,RJ,Sudeste,Mass Market
C04656,2024-06-14,SP,Sudeste,Mass Market
C04657,2023-05-25,MA,Nordeste,Mass Market
C04658,2023-04-19,RJ,Sudeste,Premium
C04659,2023-11-17,RS,Sul,Mass Market
C04660,2024-05-23,SP,Sudeste,Mass Market
C04661,2023-10-06,GO,Centro-Oeste,Intermediário
C04662,2022-10-15,MG,Sudeste,Intermediário
C04663,2025-01-05,PR,Sul,Intermediário
C04664,2024-04-26,SP,Sudeste,Mass Market
C04665,2025-12-29,BA,Nordeste,Mass Market
C04666,2023-07-09,TO,Norte,Mass Market
C04667,2024-10-18,CE,Nordeste,Intermediário
C04668,2025-06-21,RJ,Sudeste,Mass Market
C04669,2025-04-19,PR,Sul,Mass Market
C04670,2023-02-06,PA,Norte,Intermediário
C04671,2024-05-08,MT,Centro-Oeste,Mass Market
C04672,2022-07-26,PB,Nordeste,Mass Market
C04673,2024-12-02,RJ,Sudeste,Mass Market
C04674,2025-08-06,SP,Sudeste,Intermediário
C04675,2023-04-18,BA,Nordeste,Mass Market
C04676,2025-08-04,BA,Nordeste,Mass Market
C04677,2025-06-08,PA,Norte,Intermediário
C04678,2025-10-09,MG,Sudeste,Intermediário
C04679,2024-03-08,RS,Sul,Premium
C04680,2023-06-18,BA,Nordeste,Intermediário
C04681,2022-04-26,PR,Sul,Intermediário
C04682,2024-07-04,PE,Nordeste,Mass Market
C04683,2022-12-16,PI,Nordeste,Mass Market
C04684,2025-02-24,RR,Norte,Mass Market
C04685,2023-04-08,SP,Sudeste,Mass Market
C04686,2022-03-31,SP,Sudeste,Intermediário
C04687,2025-06-16,PA,Norte,Mass Market
C04688,2022-11-22,RS,Sul,Intermediário
C04689,2022-07-01,CE,Nordeste,Mass Market
C04690,2022-05-19,RS,Sul,Mass Market
C04691,2022-03-01,PE,Nordeste,Intermediário
C04692,2023-03-13,RJ,Sudeste,Mass Market
C04693,2022-05-25,MG,Sudeste,Mass Market
C04694,2025-06-15,PB,Nordeste,Intermediário
C04695,2025-07-22,RJ,Sudeste,Mass Market
C04696,2024-12-18,PA,Norte,Mass Market
C04697,2025-07-23,SP,Sudeste,Mass Market
C04698,2025-04-25,CE,Nordeste,Intermediário
C04699,2025-12-28,SP,Sudeste,Mass Market
C04700,2023-04-25,RJ,Sudeste,Mass Market
C04701,2025-12-21,RS,Sul,Mass Market
C04702,2025-12-02,PA,Norte,Intermediário
C04703,2025-11-17,SP,Sudeste,Mass Market
C04704,2023-12-14,PR,Sul,Mass Market
C04705,2022-09-03,SP,Sudeste,Intermediário
C04706,2024-10-26,PR,Sul,Premium
C04707,2025-03-01,RJ,Sudeste,Mass Market
C04708,2022-08-10,RJ,Sudeste,Intermediário
C04709,2023-04-09,RJ,Sudeste,Mass Market
C04710,2023-07-27,SP,Sudeste,Mass Market
C04711,2023-04-20,RJ,Sudeste,Mass Market
C04712,2022-09-10,MG,Sudeste,Mass Market
C04713,2022-02-21,RS,Sul,Mass Market
C04714,2024-07-26,ES,Sudeste,Intermediário
C04715,2023-09-28,PE,Nordeste,Intermediário
C04716,2022-04-03,RJ,Sudeste,Mass Market
C04717,2022-02-24,RJ,Sudeste,Intermediário
C04718,2023-04-27,RJ,Sudeste,Intermediário
C04719,2023-05-19,CE,Nordeste,Mass Market
C04720,2025-07-31,PE,Nordeste,Mass Market
C04721,2023-11-02,DF,Centro-Oeste,Intermediário
C04722,2025-04-16,RJ,Sudeste,Mass Market
C04723,2025-07-07,PE,Nordeste,Intermediário
C04724,2025-10-29,RJ,Sudeste,Intermediário
C04725,2024-02-02,MG,Sudeste,Mass Market
C04726,2025-06-04,PI,Nordeste,Mass Market
C04727,2025-01-23,RS,Sul,Mass Market
C04728,2022-12-05,SC,Sul,Mass Market
C04729,2023-01-22,PR,Sul,Intermediário
C04730,2023-04-19,GO,Centro-Oeste,Mass Market
C04731,2024-03-09,PR,Sul,Mass Market
C04732,2024-01-11,SP,Sudeste,Intermediário
C04733,2022-02-15,PA,Norte,Mass Market
C04734,2025-12-12,BA,Nordeste,Intermediário
C04735,2024-08-22,GO,Centro-Oeste,Intermediário
C04736,2023-04-02,SP,Sudeste,Intermediário
C04737,2023-12-25,PE,Nordeste,Intermediário
C04738,2025-07-16,RJ,Sudeste,Mass Market
C04739,2022-11-28,RJ,Sudeste,Intermediário
C04740,2022-07-23,SC,Sul,Mass Market
C04741,2025-02-08,MA,Nordeste,Intermediário
C04742,2023-05-03,PR,Sul,Mass Market
C04743,2024-02-29,BA,Nordeste,Premium
C04744,2023-04-10,MG,Sudeste,Mass Market
C04745,2023-11-26,MS,Centro-Oeste,Mass Market
C04746,2022-08-12,ES,Sudeste,Mass Market
C04747,2024-10-25,SP,Sudeste,Mass Market
C04748,2022-02-19,SP,Sudeste,Mass Market
C04749,2023-10-02,PE,Nordeste,Intermediário
C04750,2022-06-14,SE,Nordeste,Mass Market
C04751,2024-09-12,SP,Sudeste,Mass Market
C04752,2023-05-06,MA,Nordeste,Mass Market
C04753,2022-09-12,RN,Nordeste,Mass Market
C04754,2022-05-14,MS,Centro-Oeste,Mass Market
C04755,2024-01-02,PR,Sul,Intermediário
C04756,2023-01-23,RJ,Sudeste,Mass Market
C04757,2022-03-05,RJ,Sudeste,Mass Market
C04758,2023-01-27,SP,Sudeste,Mass Market
C04759,2024-10-21,SP,Sudeste,Intermediário
C04760,2024-06-11,SP,Sudeste,Intermediário
C04761,2025-05-31,SP,Sudeste,Mass Market
C04762,2024-09-13,SP,Sudeste,Mass Market
C04763,2025-07-10,SP,Sudeste,Mass Market
C04764,2025-05-07,MG,Sudeste,Mass Market
C04765,2025-04-04,PE,Nordeste,Mass Market
C04766,2024-06-17,DF,Centro-Oeste,Mass Market
C04767,2023-01-14,ES,Sudeste,Intermediário
C04768,2022-08-07,PA,Norte,Mass Market
C04769,2024-02-28,MG,Sudeste,Intermediário
C04770,2022-09-19,SP,Sudeste,Mass Market
C04771,2025-10-29,RS,Sul,Mass Market
C04772,2024-09-05,SC,Sul,Mass Market
C04773,2023-07-27,MS,Centro-Oeste,Intermediário
C04774,2022-07-07,SP,Sudeste,Premium
C04775,2025-04-25,SP,Sudeste,Intermediário
C04776,2024-03-07,MG,Sudeste,Mass Market
C04777,2022-07-21,SP,Sudeste,Intermediário
C04778,2025-05-17,PR,Sul,Mass Market
C04779,2024-04-17,PA,Norte,Mass Market
C04780,2024-01-24,PA,Norte,Premium
C04781,2025-09-02,BA,Nordeste,Mass Market
C04782,2022-04-24,MG,Sudeste,Mass Market
C04783,2023-02-14,PB,Nordeste,Intermediário
C04784,2023-07-26,MS,Centro-Oeste,Mass Market
C04785,2022-12-18,RJ,Sudeste,Mass Market
C04786,2023-01-11,RS,Sul,Intermediário
C04787,2022-08-17,RJ,Sudeste,Mass Market
C04788,2024-08-22,SP,Sudeste,Intermediário
C04789,2024-10-01,SP,Sudeste,Mass Market
C04790,2022-03-19,TO,Norte,Mass Market
C04791,2025-04-15,MG,Sudeste,Intermediário
C04792,2023-02-01,RJ,Sudeste,Mass Market
C04793,2023-09-09,GO,Centro-Oeste,Intermediário
C04794,2025-04-06,BA,Nordeste,Mass Market
C04795,2024-08-02,BA,Nordeste,Mass Market
C04796,2022-02-11,PA,Norte,Mass Market
C04797,2023-12-06,RN,Nordeste,Mass Market
C04798,2023-07-14,CE,Nordeste,Mass Market
C04799,2024-12-05,PR,Sul,Premium
C04800,2022-11-11,SP,Sudeste,Mass Market
C04801,2025-02-04,PE,Nordeste,Mass Market
C04802,2024-04-10,MG,Sudeste,Mass Market
C04803,2023-09-18,GO,Centro-Oeste,Mass Market
C04804,2024-08-14,BA,Nordeste,Mass Market
C04805,2024-04-16,RS,Sul,Mass Market
C04806,2023-12-01,RN,Nordeste,Mass Market
C04807,2023-04-22,DF,Centro-Oeste,Intermediário
C04808,2022-10-04,RJ,Sudeste,Mass Market
C04809,2024-12-29,PA,Norte,Mass Market
C04810,2022-12-05,PR,Sul,Mass Market
C04811,2022-03-20,RJ,Sudeste,Mass Market
C04812,2023-03-02,SC,Sul,Mass Market
C04813,2024-10-28,PR,Sul,Mass Market
C04814,2025-09-18,MG,Sudeste,Intermediário
C04815,2025-12-14,PR,Sul,Mass Market
C04816,2022-09-16,PR,Sul,Intermediário
C04817,2022-11-02,PE,Nordeste,Mass Market
C04818,2023-11-16,PR,Sul,Intermediário
C04819,2024-04-19,MG,Sudeste,Intermediário
C04820,2024-10-07,PR,Sul,Mass Market
C04821,2024-10-05,SC,Sul,Mass Market
C04822,2022-01-23,ES,Sudeste,Mass Market
C04823,2023-10-06,SC,Sul,Mass Market
C04824,2022-10-02,PR,Sul,Intermediário
C04825,2023-02-15,CE,Nordeste,Premium
C04826,2025-07-03,RS,Sul,Mass Market
C04827,2022-04-09,SP,Sudeste,Mass Market
C04828,2025-02-18,PR,Sul,Mass Market
C04829,2022-07-14,PA,Norte,Mass Market
C04830,2023-02-27,SP,Sudeste,Intermediário
C04831,2022-01-24,MG,Sudeste,Intermediário
C04832,2025-07-24,SP,Sudeste,Mass Market
C04833,2023-02-07,RJ,Sudeste,Mass Market
C04834,2023-10-09,GO,Centro-Oeste,Mass Market
C04835,2022-12-09,SP,Sudeste,Mass Market
C04836,2022-04-06,SC,Sul,Mass Market
C04837,2023-07-15,CE,Nordeste,Intermediário
C04838,2023-03-27,RJ,Sudeste,Mass Market
C04839,2022-08-02,SC,Sul,Mass Market
C04840,2022-11-04,MS,Centro-Oeste,Mass Market
C04841,2022-08-17,RJ,Sudeste,Mass Market
C04842,2024-08-15,MG,Sudeste,Mass Market
C04843,2022-06-30,PR,Sul,Mass Market
C04844,2023-04-10,SP,Sudeste,Intermediário
C04845,2023-11-29,MT,Centro-Oeste,Intermediário
C04846,2025-02-21,SC,Sul,Mass Market
C04847,2023-12-11,GO,Centro-Oeste,Mass Market
C04848,2025-03-03,PE,Nordeste,Mass Market
C04849,2022-01-14,PE,Nordeste,Intermediário
C04850,2023-03-27,CE,Nordeste,Mass Market
C04851,2024-07-01,BA,Nordeste,Mass Market
C04852,2025-04-09,DF,Centro-Oeste,Intermediário
C04853,2025-05-06,SC,Sul,Mass Market
C04854,2024-05-17,SP,Sudeste,Mass Market
C04855,2022-06-12,ES,Sudeste,Premium
C04856,2022-02-21,RS,Sul,Mass Market
C04857,2024-09-02,MA,Nordeste,Mass Market
C04858,2024-07-10,SP,Sudeste,Intermediário
C04859,2023-05-05,DF,Centro-Oeste,Intermediário
C04860,2024-08-08,PE,Nordeste,Mass Market
C04861,2025-10-17,RO,Norte,Mass Market
C04862,2025-12-28,CE,Nordeste,Intermediário
C04863,2024-10-04,SP,Sudeste,Intermediário
C04864,2022-06-24,CE,Nordeste,Mass Market
C04865,2025-07-30,CE,Nordeste,Intermediário
C04866,2023-05-24,MA,Nordeste,Mass Market
C04867,2022-08-06,PE,Nordeste,Mass Market
C04868,2022-10-23,BA,Nordeste,Mass Market
C04869,2023-06-18,GO,Centro-Oeste,Mass Market
C04870,2025-02-12,RS,Sul,Intermediário
C04871,2024-07-04,SP,Sudeste,Mass Market
C04872,2025-01-31,GO,Centro-Oeste,Intermediário
C04873,2022-07-30,BA,Nordeste,Mass Market
C04874,2025-10-24,SP,Sudeste,Intermediário
C04875,2024-05-06,PR,Sul,Mass Market
C04876,2024-08-03,TO,Norte,Intermediário
C04877,2023-02-08,SP,Sudeste,Mass Market
C04878,2025-04-20,ES,Sudeste,Mass Market
C04879,2023-06-27,RJ,Sudeste,Premium
C04880,2024-04-15,BA,Nordeste,Mass Market
C04881,2023-06-07,SP,Sudeste,Premium
C04882,2022-01-15,RJ,Sudeste,Mass Market
C04883,2022-01-05,SC,Sul,Intermediário
C04884,2024-12-17,MT,Centro-Oeste,Intermediário
C04885,2025-03-03,SP,Sudeste,Mass Market
C04886,2023-01-24,MG,Sudeste,Intermediário
C04887,2023-09-10,SC,Sul,Intermediário
C04888,2024-08-19,MG,Sudeste,Mass Market
C04889,2025-07-14,RS,Sul,Intermediário
C04890,2023-05-01,MS,Centro-Oeste,Mass Market
C04891,2024-02-27,PA,Norte,Intermediário
C04892,2023-10-28,PE,Nordeste,Intermediário
C04893,2024-04-18,MG,Sudeste,Intermediário
C04894,2024-03-17,PE,Nordeste,Mass Market
C04895,2022-05-16,SP,Sudeste,Intermediário
C04896,2024-08-15,SP,Sudeste,Mass Market
C04897,2023-01-18,RS,Sul,Intermediário
C04898,2022-08-15,PR,Sul,Mass Market
C04899,2022-06-18,RJ,Sudeste,Mass Market
C04900,2022-04-13,PA,Norte,Mass Market
C04901,2022-07-08,SP,Sudeste,Mass Market
C04902,2024-04-13,RS,Sul,Mass Market
C04903,2022-09-15,PR,Sul,Mass Market
C04904,2023-04-16,SC,Sul,Mass Market
C04905,2022-11-17,SP,Sudeste,Premium
C04906,2022-10-21,SP,Sudeste,Intermediário
C04907,2025-08-09,GO,Centro-Oeste,Mass Market
C04908,2024-12-02,PB,Nordeste,Mass Market
C04909,2023-11-22,RJ,Sudeste,Intermediário
C04910,2024-06-18,SP,Sudeste,Mass Market
C04911,2023-11-26,ES,Sudeste,Premium
C04912,2023-01-13,MG,Sudeste,Intermediário
C04913,2023-08-08,PR,Sul,Mass Market
C04914,2025-05-16,PR,Sul,Mass Market
C04915,2025-06-15,RN,Nordeste,Premium
C04916,2023-08-21,MS,Centro-Oeste,Premium
C04917,2022-08-23,SP,Sudeste,Mass Market
C04918,2024-04-22,PR,Sul,Mass Market
C04919,2023-06-19,GO,Centro-Oeste,Mass Market
C04920,2023-08-31,GO,Centro-Oeste,Premium
C04921,2022-06-02,PR,Sul,Intermediário
C04922,2024-10-30,RS,Sul,Intermediário
C04923,2025-07-03,MG,Sudeste,Mass Market
C04924,2022-04-13,SC,Sul,Intermediário
C04925,2022-03-23,GO,Centro-Oeste,Mass Market
C04926,2022-10-10,SP,Sudeste,Mass Market
C04927,2022-08-23,GO,Centro-Oeste,Intermediário
C04928,2022-06-25,RS,Sul,Intermediário
C04929,2024-10-22,SP,Sudeste,Mass Market
C04930,2022-02-05,SP,Sudeste,Premium
C04931,2022-06-09,ES,Sudeste,Intermediário
C04932,2024-07-03,SP,Sudeste,Mass Market
C04933,2023-04-28,RJ,Sudeste,Mass Market
C04934,2023-06-16,MS,Centro-Oeste,Premium
C04935,2024-07-10,SP,Sudeste,Mass Market
C04936,2023-10-06,RN,Nordeste,Intermediário
C04937,2023-02-09,BA,Nordeste,Intermediário
C04938,2022-05-26,MT,Centro-Oeste,Mass Market
C04939,2023-05-09,RJ,Sudeste,Premium
C04940,2024-10-18,SP,Sudeste,Premium
C04941,2025-05-02,PE,Nordeste,Intermediário
C04942,2024-08-19,MT,Centro-Oeste,Premium
C04943,2022-04-16,SC,Sul,Mass Market
C04944,2023-12-14,SP,Sudeste,Mass Market
C04945,2022-05-12,MT,Centro-Oeste,Mass Market
C04946,2022-08-24,PE,Nordeste,Mass Market
C04947,2024-05-05,MG,Sudeste,Mass Market
C04948,2023-05-25,MG,Sudeste,Premium
C04949,2024-07-31,RJ,Sudeste,Mass Market
C04950,2025-03-27,SP,Sudeste,Mass Market
C04951,2022-11-13,PR,Sul,Premium
C04952,2022-12-25,MT,Centro-Oeste,Intermediário
C04953,2022-01-28,SP,Sudeste,Intermediário
C04954,2024-09-05,SP,Sudeste,Mass Market
C04955,2024-03-07,MS,Centro-Oeste,Mass Market
C04956,2023-06-06,PE,Nordeste,Mass Market
C04957,2023-11-26,PE,Nordeste,Mass Market
C04958,2023-02-12,GO,Centro-Oeste,Intermediário
C04959,2024-11-27,GO,Centro-Oeste,Mass Market
C04960,2025-06-20,RS,Sul,Premium
C04961,2023-04-30,SP,Sudeste,Mass Market
C04962,2025-04-10,SP,Sudeste,Mass Market
C04963,2023-06-04,PR,Sul,Mass Market
C04964,2022-09-03,RJ,Sudeste,Mass Market
C04965,2025-03-06,SP,Sudeste,Mass Market
C04966,2025-06-04,RJ,Sudeste,Premium
C04967,2022-05-19,MG,Sudeste,Intermediário
C04968,2024-11-10,SP,Sudeste,Premium
C04969,2024-02-28,MG,Sudeste,Mass Market
C04970,2024-06-25,SP,Sudeste,Intermediário
C04971,2025-09-05,SP,Sudeste,Intermediário
C04972,2022-05-13,MG,Sudeste,Mass Market
C04973,2025-12-08,SP,Sudeste,Mass Market
C04974,2024-07-05,MG,Sudeste,Mass Market
C04975,2025-07-03,SC,Sul,Mass Market
C04976,2025-12-11,PE,Nordeste,Intermediário
C04977,2024-06-08,DF,Centro-Oeste,Premium
C04978,2025-12-31,RJ,Sudeste,Mass Market
C04979,2024-01-13,MG,Sudeste,Mass Market
C04980,2024-06-07,DF,Centro-Oeste,Mass Market
C04981,2022-12-05,SP,Sudeste,Mass Market
C04982,2022-07-07,SC,Sul,Mass Market
C04983,2023-01-06,PR,Sul,Mass Market
C04984,2023-09-23,SP,Sudeste,Intermediário
C04985,2022-09-15,MS,Centro-Oeste,Intermediário
C04986,2024-07-01,SP,Sudeste,Mass Market
C04987,2024-07-22,SE,Nordeste,Mass Market
C04988,2023-05-20,MG,Sudeste,Mass Market
C04989,2024-08-20,RJ,Sudeste,Intermediário
C04990,2022-01-03,DF,Centro-Oeste,Intermediário
C04991,2023-11-01,BA,Nordeste,Mass Market
C04992,2024-10-04,RS,Sul,Mass Market
C04993,2023-03-17,SP,Sudeste,Intermediário
C04994,2025-01-15,RJ,Sudeste,Intermediário
C04995,2023-02-06,GO,Centro-Oeste,Mass Market
C04996,2023-03-12,SC,Sul,Mass Market
C04997,2022-12-24,SP,Sudeste,Intermediário
C04998,2022-05-17,RS,Sul,Intermediário
C04999,2022-07-22,MS,Centro-Oeste,Mass Market
C05000,2024-06-16,SP,Sudeste,Premium
