order_id,product_id,quantity,unit_price,discount,unit_cost
O0000001,P104,1,222.07,0.03,137.54
O0000002,P060,2,259.43,0.03,175.94
O0000002,P094,1,350.51,0.05,182.93
O0000003,P041,2,109.39,0.0,52.4
O0000003,P079,4,731.72,0.08,362.64
O0000003,P115,1,88.74,0.0,53.59
O0000003,P046,1,276.85,0.0,203.12
O0000004,P052,1,120.57,0.0,84.4
O0000005,P095,1,631.73,0.0,312.28
O0000005,P001,3,297.43,0.0,151.05
O0000006,P001,3,289.17,0.0,146.05
O0000006,P087,1,603.23,0.0,419.56
O0000007,P069,1,1352.82,0.05,844.41
O0000008,P009,1,121.9,0.08,86.82
O0000009,P097,1,313.46,0.03,210.17
O0000010,P017,1,1793.61,0.0,891.49
O0000011,P055,1,465.0,0.05,272.08
O0000012,P058,1,612.33,0.05,296.25
O0000013,P088,2,102.04,0.05,53.95
O0000014,P050,2,247.96,0.0,144.79
O0000015,P102,1,222.52,0.08,151.52
O0000016,P110,1,53.46,0.05,28.32
O0000017,P006,1,1948.33,0.12,1137.21
O0000018,P055,1,461.5,0.03,268.48
O0000018,P046,1,283.68,0.0,197.45
O0000019,P030,1,217.21,0.0,152.44
O0000020,P023,3,280.89,0.0,127.88
O0000021,P102,1,208.8,0.0,148.16
O0000022,P030,1,205.78,0.03,152.57
O0000023,P057,2,203.67,0.0,112.85
O0000023,P111,1,40.97,0.0,32.59
O0000023,P049,3,82.04,0.03,39.29
O0000024,P073,1,559.45,0.0,292.52
O0000025,P012,1,2329.33,0.0,1404.59
O0000026,P025,1,461.33,0.08,334.63
O0000027,P055,2,471.25,0.0,265.92
O0000028,P029,3,192.11,0.03,108.95
O0000028,P012,1,2291.59,0.0,1331.71
O0000028,P067,1,925.01,0.0,540.5
O0000028,P046,1,259.47,0.0,195.02
O0000029,P030,1,208.6,0.08,149.77
O0000030,P056,1,369.3,0.0,252.17
O0000030,P078,3,890.82,0.03,656.75
O0000031,P105,1,162.13,0.0,98.13
O0000032,P101,1,29.11,0.15,17.15
O0000032,P041,2,104.06,0.0,53.22
O0000033,P088,1,99.29,0.03,55.37
O0000033,P034,1,683.45,0.0,343.46
O0000034,P010,1,1131.48,0.0,597.0
O0000035,P103,1,166.09,0.03,123.78
O0000035,P011,1,1334.62,0.0,769.78
O0000035,P061,1,80.05,0.08,42.4
O0000036,P038,1,213.82,0.03,152.05
O0000036,P062,2,1406.63,0.03,1105.3
O0000036,P104,1,222.27,0.0,131.5
O0000036,P045,1,316.98,0.05,216.07
O0000037,P090,2,171.8,0.05,94.49
O0000038,P032,1,189.86,0.03,97.4
O0000039,P114,1,140.47,0.03,62.68
O0000039,P047,1,307.32,0.0,202.44
O0000040,P027,1,655.81,0.0,374.85
O0000041,P041,1,108.06,0.0,52.74
O0000042,P107,1,237.88,0.12,143.05
O0000042,P001,1,312.21,0.0,153.42
O0000043,P028,2,642.72,0.08,403.41
O0000044,P017,3,1871.57,0.0,849.95
O0000045,P034,1,659.7,0.05,352.13
O0000046,P067,1,933.71,0.0,544.38
O0000047,P069,3,1425.65,0.0,828.97
O0000047,P010,1,1142.88,0.0,602.51
O0000048,P022,2,402.75,0.0,253.13
O0000048,P083,1,253.93,0.0,119.27
O0000049,P047,1,304.92,0.0,200.74
O0000050,P076,1,266.4,0.08,137.86
O0000050,P111,2,41.33,0.0,31.76
O0000050,P112,1,65.07,0.08,37.48
O0000051,P024,4,179.68,0.0,97.68
O0000052,P103,1,174.18,0.05,126.48
O0000053,P013,2,568.73,0.08,361.32
O0000054,P058,1,586.11,0.0,304.93
O0000055,P009,1,123.02,0.0,85.65
O0000055,P028,3,610.89,0.0,420.22
O0000056,P100,1,297.55,0.0,186.92
O0000057,P030,3,214.33,0.03,157.53
O0000057,P103,1,175.8,0.0,126.16
O0000058,P098,1,30.9,0.0,23.66
O0000059,P024,2,185.81,0.0,101.96
O0000059,P094,3,355.67,0.12,191.72
O0000060,P110,2,55.01,0.0,27.83
O0000061,P074,1,77.21,0.0,41.73
O0000062,P059,1,165.29,0.03,97.26
O0000062,P040,1,326.89,0.0,162.76
O0000063,P072,1,54.37,0.0,36.12
O0000063,P071,3,720.63,0.05,336.17
O0000064,P078,2,879.74,0.0,662.81
O0000065,P047,2,315.16,0.0,205.64
O0000066,P022,2,375.82,0.05,251.39
O0000067,P010,1,1181.03,0.03,588.26
O0000067,P099,1,157.15,0.0,101.49
O0000068,P013,1,534.9,0.0,353.51
O0000069,P111,1,41.94,0.0,31.57
O0000069,P057,1,200.38,0.05,111.0
O0000070,P014,2,237.15,0.0,169.15
O0000071,P053,2,82.19,0.0,42.88
O0000072,P029,1,190.65,0.03,114.56
O0000072,P056,1,356.71,0.0,262.16
O0000073,P004,1,1868.35,0.0,906.93
O0000074,P052,1,118.99,0.0,88.62
O0000075,P022,1,378.53,0.05,257.78
O0000076,P114,2,138.46,0.0,60.87
O0000076,P110,1,53.06,0.0,28.39
O0000077,P003,2,1206.57,0.0,672.13
O0000078,P090,1,178.97,0.0,95.42
O0000079,P079,1,734.66,0.0,361.81
O0000080,P023,3,279.34,0.0,131.69
O0000081,P047,1,300.15,0.0,198.85
O0000082,P018,1,1755.4,0.08,1296.18
O0000082,P113,1,113.95,0.03,79.93
O0000082,P043,1,139.51,0.03,75.39
O0000083,P089,2,237.61,0.05,107.51
O0000083,P028,1,659.52,0.03,400.29
O0000083,P102,1,216.18,0.0,148.0
O0000083,P113,4,107.39,0.12,78.95
O0000084,P026,1,169.87,0.0,86.13
O0000084,P049,1,75.8,0.15,39.11
O0000084,P022,1,371.64,0.0,251.71
O0000085,P064,2,533.57,0.08,337.73
O0000086,P111,2,43.38,0.08,32.3
O0000087,P035,1,586.54,0.05,386.07
O0000088,P080,1,939.89,0.0,693.58
O0000089,P093,1,227.7,0.0,110.73
O0000090,P012,1,2327.12,0.03,1356.4
O0000090,P028,1,635.79,0.0,416.09
O0000090,P105,1,153.11,0.0,100.48
O0000091,P051,1,188.67,0.0,95.62
O0000092,P005,2,2026.31,0.0,1334.37
O0000093,P065,1,1019.59,0.0,615.89
O0000093,P117,3,128.89,0.0,94.51
O0000094,P025,1,473.47,0.15,327.38
O0000095,P102,3,222.06,0.08,145.06
O0000096,P018,1,1812.71,0.0,1319.52
O0000097,P038,1,199.76,0.0,152.03
O0000097,P074,1,72.87,0.0,40.79
O0000098,P075,1,1035.56,0.03,581.59
O0000098,P007,2,533.71,0.0,291.78
O0000099,P045,1,302.58,0.08,218.38
O0000099,P032,1,199.68,0.0,97.11
O0000100,P055,2,487.77,0.03,265.14
O0000101,P100,1,295.0,0.0,188.27
O0000102,P035,1,581.17,0.05,394.46
O0000103,P006,1,2028.02,0.0,1138.37
O0000104,P081,1,340.12,0.05,186.15
O0000105,P005,1,2051.05,0.0,1300.44
O0000106,P080,1,1026.07,0.0,663.79
O0000106,P072,1,53.17,0.03,34.62
O0000107,P016,3,1456.18,0.08,997.02
O0000107,P031,1,415.25,0.08,291.54
O0000107,P115,1,89.97,0.0,51.78
O0000107,P100,1,289.7,0.0,187.44
O0000108,P011,1,1357.14,0.0,761.25
O0000109,P095,1,600.66,0.03,315.78
O0000109,P099,2,161.34,0.03,100.89
O0000109,P059,3,162.41,0.0,94.79
O0000110,P101,2,29.49,0.08,17.81
O0000110,P001,1,292.41,0.0,148.24
O0000111,P009,2,112.2,0.0,86.0
O0000112,P017,2,1871.57,0.0,878.89
O0000113,P036,1,253.56,0.03,181.21
O0000113,P014,1,232.87,0.05,168.11
O0000114,P037,1,39.08,0.0,21.51
O0000114,P009,2,120.55,0.0,85.16
O0000115,P110,1,54.27,0.05,27.14
O0000116,P040,2,323.49,0.0,171.07
O0000116,P067,1,948.73,0.0,531.98
O0000117,P037,1,38.55,0.15,20.93
O0000118,P009,1,114.89,0.0,86.28
O0000118,P002,1,2540.85,0.0,1501.02
O0000118,P013,1,586.2,0.03,365.23
O0000119,P060,1,253.08,0.0,172.44
O0000120,P096,2,539.25,0.0,348.86
O0000120,P088,1,101.39,0.0,54.41
O0000121,P078,2,840.14,0.08,647.34
O0000122,P003,1,1255.1,0.0,646.65
O0000123,P009,2,121.08,0.05,86.66
O0000124,P096,1,512.33,0.12,353.17
O0000124,P075,1,1052.22,0.0,608.47
O0000125,P109,1,163.38,0.0,112.52
O0000125,P019,1,2023.0,0.12,1462.49
O0000125,P106,2,203.33,0.0,131.76
O0000126,P056,1,381.85,0.08,255.74
O0000127,P022,1,389.61,0.05,251.1
O0000128,P054,1,156.69,0.0,80.9
O0000129,P083,2,252.0,0.0,120.39
O0000130,P022,1,380.64,0.05,255.44
O0000130,P090,3,168.27,0.03,95.89
O0000130,P014,1,239.83,0.0,162.87
O0000131,P079,1,756.54,0.0,372.43
O0000132,P108,1,43.57,0.0,20.07
O0000133,P020,2,506.38,0.05,373.01
O0000134,P023,1,280.63,0.12,130.5
O0000134,P022,1,375.23,0.03,257.9
O0000134,P031,2,431.45,0.03,285.62
O0000135,P031,3,446.47,0.03,283.79
O0000136,P008,1,1890.7,0.03,1073.61
O0000137,P097,1,305.41,0.0,214.88
O0000138,P108,1,43.49,0.0,20.57
O0000139,P066,1,491.74,0.12,272.07
O0000140,P027,1,639.62,0.0,375.02
O0000141,P092,1,626.55,0.12,390.48
O0000142,P030,1,198.54,0.05,151.27
O0000142,P044,1,336.95,0.03,224.62
O0000143,P007,2,569.04,0.12,298.06
O0000144,P070,1,54.6,0.0,27.99
O0000145,P120,1,148.0,0.05,92.28
O0000146,P107,3,216.21,0.12,147.68
O0000147,P015,1,1180.12,0.0,764.03
O0000147,P027,1,629.03,0.08,385.67
O0000147,P042,2,197.56,0.03,119.99
O0000148,P046,2,283.4,0.0,201.88
O0000149,P002,1,2339.68,0.0,1465.15
O0000150,P091,1,237.84,0.15,159.74
O0000150,P074,1,77.5,0.08,42.02
O0000151,P118,1,76.24,0.03,48.12
O0000152,P019,1,2205.97,0.0,1401.91
O0000153,P053,2,87.33,0.03,41.65
O0000154,P023,1,269.12,0.0,130.5
O0000155,P115,2,92.34,0.0,54.06
O0000156,P078,1,861.45,0.0,653.13
O0000157,P093,3,231.52,0.0,114.11
O0000158,P057,1,208.79,0.0,110.81
O0000159,P105,2,152.95,0.08,99.02
O0000160,P004,1,1806.63,0.0,937.14
O0000160,P120,2,142.27,0.08,90.36
O0000160,P029,1,191.2,0.0,114.61
O0000160,P011,1,1314.1,0.08,776.53
O0000161,P119,2,142.09,0.0,76.26
O0000161,P001,2,285.93,0.0,146.82
O0000162,P089,1,229.71,0.0,108.38
O0000163,P025,2,453.75,0.12,331.69
O0000164,P120,1,144.75,0.03,88.61
O0000164,P102,2,215.17,0.0,146.49
O0000165,P005,1,2082.79,0.03,1313.56
O0000166,P108,1,45.21,0.08,20.18
O0000166,P102,1,225.48,0.0,143.73
O0000166,P027,1,628.46,0.0,391.04
O0000167,P100,2,299.04,0.15,184.48
O0000168,P075,2,1059.24,0.0,611.49
O0000169,P036,2,254.87,0.12,177.17
O0000170,P022,1,401.72,0.05,251.94
O0000171,P053,1,87.81,0.08,42.01
O0000172,P114,2,135.13,0.05,61.89
O0000173,P013,3,578.0,0.0,354.23
O0000173,P102,1,220.7,0.0,149.57
O0000174,P093,1,242.7,0.0,111.9
O0000174,P026,1,161.44,0.0,85.31
O0000175,P040,1,343.37,0.0,168.14
O0000176,P108,2,43.82,0.0,19.9
O0000177,P107,1,226.94,0.0,144.6
O0000178,P070,1,52.58,0.0,28.77
O0000179,P087,2,622.64,0.03,405.75
O0000179,P089,2,229.31,0.12,109.66
O0000180,P003,1,1280.87,0.05,650.43
O0000180,P037,1,37.19,0.0,21.21
O0000181,P010,1,1178.66,0.08,584.5
O0000182,P027,2,618.43,0.0,386.46
O0000183,P006,1,1870.92,0.0,1118.39
O0000184,P107,1,216.49,0.05,145.33
O0000185,P033,3,114.93,0.05,53.95
O0000186,P033,2,112.03,0.05,53.22
O0000187,P120,1,140.66,0.03,88.3
O0000188,P096,2,533.91,0.0,344.96
O0000188,P008,1,1907.89,0.0,1071.73
O0000189,P041,2,104.28,0.03,53.63
O0000190,P020,2,518.25,0.03,357.92
O0000190,P077,2,46.4,0.0,27.38
O0000190,P107,1,229.77,0.0,142.16
O0000190,P015,1,1125.07,0.05,763.73
O0000191,P055,1,478.58,0.0,259.85
O0000192,P018,2,1796.23,0.05,1339.65
O0000193,P088,2,101.47,0.0,53.87
O0000193,P025,1,462.51,0.08,324.1
O0000194,P021,1,344.97,0.0,200.59
O0000194,P119,2,141.78,0.03,80.54
O0000194,P120,1,151.68,0.08,90.61
O0000195,P063,2,219.11,0.12,99.52
O0000195,P028,1,608.3,0.0,411.96
O0000196,P030,2,213.3,0.05,153.43
O0000197,P083,1,233.54,0.05,123.05
O0000198,P100,1,287.07,0.08,186.75
O0000199,P020,3,505.01,0.0,361.97
O0000200,P090,1,183.91,0.0,93.68
O0000201,P073,2,601.36,0.0,299.18
O0000201,P011,4,1280.65,0.0,757.77
O0000202,P082,2,115.81,0.0,65.44
O0000202,P091,1,227.26,0.0,159.96
O0000202,P081,1,358.84,0.0,192.62
O0000203,P079,1,774.6,0.0,373.35
O0000204,P049,1,82.15,0.0,37.96
O0000204,P078,1,849.84,0.05,640.59
O0000205,P094,2,362.34,0.12,187.06
O0000206,P021,3,345.04,0.05,205.88
O0000207,P011,2,1282.0,0.0,765.31
O0000208,P093,1,243.56,0.0,110.58
O0000209,P035,1,570.81,0.0,397.35
O0000210,P017,2,1794.61,0.0,896.21
O0000211,P001,1,295.2,0.05,145.46
O0000212,P106,1,199.6,0.0,134.96
O0000212,P071,1,746.8,0.12,347.87
O0000212,P031,2,429.23,0.0,286.44
O0000213,P034,1,715.47,0.12,333.44
O0000214,P007,1,554.7,0.0,291.06
O0000214,P087,3,573.93,0.0,419.64
O0000214,P071,2,741.38,0.05,342.55
O0000214,P030,2,202.07,0.0,150.8
O0000215,P015,1,1173.13,0.0,736.47
O0000216,P017,3,1875.11,0.0,853.05
O0000217,P026,1,172.77,0.12,83.37
O0000217,P035,1,575.82,0.0,392.86
O0000218,P113,2,109.41,0.08,77.94
O0000219,P006,2,2016.46,0.08,1169.62
O0000219,P008,1,1872.1,0.0,1053.72
O0000220,P056,1,372.65,0.08,250.2
O0000220,P080,3,951.75,0.05,678.57
O0000221,P092,2,614.01,0.0,394.03
O0000222,P022,2,380.03,0.03,249.36
O0000223,P072,2,57.51,0.05,36.3
O0000224,P064,2,532.32,0.0,344.53
O0000225,P093,1,236.49,0.0,114.92
O0000226,P082,2,110.92,0.0,67.03
O0000226,P110,2,53.97,0.0,28.04
O0000226,P017,1,1949.67,0.0,859.96
O0000227,P006,1,1911.02,0.0,1115.44
O0000227,P100,1,304.8,0.0,184.96
O0000228,P039,2,379.35,0.0,171.71
O0000229,P041,1,100.38,0.0,54.0
O0000230,P021,1,352.95,0.05,207.97
O0000231,P032,1,194.1,0.0,102.3
O0000232,P104,1,211.98,0.12,134.32
O0000232,P085,4,274.41,0.03,201.11
O0000233,P081,1,341.32,0.0,190.0
O0000234,P028,1,634.37,0.0,405.17
O0000234,P013,2,542.24,0.08,372.01
O0000235,P079,1,755.74,0.08,353.64
O0000235,P067,4,938.36,0.05,534.29
O0000236,P064,1,544.58,0.0,340.6
O0000236,P037,1,38.24,0.12,20.89
O0000237,P098,1,32.7,0.0,23.56
O0000238,P053,1,82.39,0.08,42.32
O0000238,P113,1,116.29,0.15,81.29
O0000238,P062,1,1417.93,0.0,1046.58
O0000238,P107,1,217.22,0.0,145.38
O0000239,P060,4,262.72,0.03,182.68
O0000240,P011,3,1324.82,0.0,753.4
O0000241,P008,1,1870.02,0.0,1066.53
O0000241,P018,1,1794.51,0.12,1323.27
O0000242,P006,1,1893.23,0.0,1149.87
O0000242,P062,1,1435.23,0.03,1047.17
O0000243,P067,1,972.48,0.08,558.72
O0000244,P019,1,2069.98,0.0,1452.84
O0000245,P109,1,175.16,0.08,113.3
O0000245,P082,2,118.75,0.0,63.98
O0000245,P070,1,51.73,0.0,28.42
O0000246,P067,1,898.59,0.12,533.63
O0000247,P032,1,196.96,0.08,102.61
O0000248,P118,2,79.91,0.05,49.36
O0000249,P048,1,502.27,0.05,300.93
O0000250,P026,1,173.4,0.0,86.17
O0000251,P083,1,243.61,0.08,118.97
O0000252,P063,1,229.96,0.0,99.22
O0000252,P083,2,243.26,0.0,117.84
O0000253,P015,1,1124.47,0.0,759.5
O0000253,P006,1,1909.95,0.03,1165.34
O0000253,P023,1,269.46,0.0,129.39
O0000254,P016,1,1370.37,0.03,959.83
O0000254,P081,2,351.03,0.0,188.02
O0000255,P058,1,607.06,0.03,307.67
O0000255,P006,1,1929.24,0.12,1158.56
O0000256,P083,2,248.93,0.0,122.74
O0000256,P053,1,81.73,0.08,41.45
O0000257,P084,1,440.86,0.0,324.13
O0000258,P091,1,245.69,0.0,164.81
O0000259,P120,1,138.58,0.0,91.53
O0000260,P017,3,1900.85,0.0,894.46
O0000260,P054,2,148.37,0.08,81.6
O0000261,P079,1,789.9,0.0,368.03
O0000262,P011,1,1326.58,0.03,772.03
O0000263,P101,1,29.66,0.03,17.13
O0000264,P078,2,866.43,0.0,662.99
O0000265,P119,1,146.61,0.0,78.32
O0000265,P043,1,132.78,0.0,75.09
O0000266,P108,2,44.78,0.0,20.04
O0000267,P094,1,337.55,0.05,185.97
O0000268,P099,1,165.16,0.08,101.05
O0000269,P055,4,454.3,0.0,273.77
O0000269,P062,1,1417.28,0.0,1059.91
O0000270,P026,1,162.61,0.0,85.63
O0000270,P077,3,49.25,0.0,27.95
O0000271,P085,3,276.28,0.0,206.51
O0000272,P011,1,1336.57,0.0,759.49
O0000273,P120,1,144.05,0.0,87.88
O0000274,P037,1,38.06,0.0,21.59
O0000275,P097,2,317.37,0.0,213.99
O0000276,P043,1,128.01,0.08,75.73
O0000277,P094,1,345.99,0.0,187.82
O0000277,P016,1,1362.77,0.0,977.81
O0000278,P052,3,120.06,0.0,89.05
O0000279,P024,1,183.45,0.0,100.23
O0000279,P085,1,275.89,0.03,196.38
O0000280,P051,1,206.19,0.0,94.07
O0000281,P043,1,131.02,0.08,74.27
O0000281,P113,1,112.14,0.08,79.8
O0000282,P071,1,739.25,0.0,350.47
O0000283,P017,1,1804.6,0.08,858.07
O0000284,P073,2,609.69,0.08,295.27
O0000285,P031,1,420.85,0.05,279.52
O0000286,P100,1,298.55,0.0,180.81
O0000286,P071,1,744.05,0.08,337.58
O0000286,P119,1,141.88,0.0,78.06
O0000287,P113,1,114.46,0.03,79.44
O0000287,P009,1,116.79,0.0,86.6
O0000288,P120,1,147.86,0.0,88.1
O0000288,P101,1,28.01,0.0,17.72
O0000289,P054,1,143.9,0.0,77.7
O0000290,P019,1,2057.85,0.0,1403.58
O0000291,P005,3,2143.69,0.08,1360.34
O0000292,P027,1,606.35,0.0,378.97
O0000293,P039,1,379.48,0.0,177.71
O0000293,P006,1,1951.13,0.0,1141.95
O0000294,P028,2,645.74,0.08,419.71
O0000295,P027,1,659.44,0.0,388.09
O0000296,P004,2,1755.05,0.12,906.68
O0000297,P052,1,119.76,0.03,85.33
O0000298,P061,1,83.94,0.08,42.22
O0000299,P023,1,282.99,0.0,129.61
O0000299,P086,1,445.36,0.0,335.25
O0000300,P017,1,1897.24,0.0,890.57
O0000301,P006,1,1960.29,0.05,1129.51
O0000302,P116,2,105.35,0.03,49.25
O0000302,P017,1,1876.51,0.0,884.8
O0000302,P090,1,174.96,0.0,97.31
O0000303,P082,2,116.89,0.05,66.84
O0000304,P070,1,53.44,0.05,28.89
O0000304,P097,1,318.14,0.0,218.2
O0000305,P048,1,526.4,0.0,301.92
O0000305,P042,1,194.55,0.12,116.32
O0000305,P069,4,1402.77,0.12,818.04
O0000306,P080,1,1025.22,0.08,680.49
O0000307,P060,1,258.05,0.03,174.45
O0000308,P009,2,119.14,0.0,86.07
O0000309,P087,2,626.28,0.0,418.04
O0000310,P016,1,1429.38,0.0,986.91
O0000311,P047,3,313.61,0.12,201.36
O0000312,P058,2,599.66,0.05,301.47
O0000313,P024,1,192.22,0.12,102.04
O0000314,P094,1,368.04,0.0,185.84
O0000315,P019,1,2029.49,0.0,1424.08
O0000316,P056,2,357.07,0.0,257.09
O0000317,P010,1,1122.24,0.05,595.53
O0000318,P021,1,359.79,0.0,208.41
O0000319,P055,1,483.81,0.0,263.28
O0000320,P025,1,480.93,0.0,331.7
O0000321,P025,1,489.72,0.0,343.38
O0000321,P077,1,45.73,0.0,27.12
O0000322,P040,1,321.75,0.05,166.67
O0000322,P076,1,279.02,0.0,132.64
O0000323,P034,1,715.33,0.05,350.52
O0000323,P102,1,207.71,0.08,145.3
O0000324,P109,1,174.67,0.0,109.61
O0000325,P047,1,319.08,0.0,203.71
O0000325,P110,1,50.92,0.08,27.36
O0000326,P022,2,400.89,0.0,254.39
O0000327,P006,1,1995.18,0.08,1145.58
O0000328,P073,2,603.07,0.0,292.02
O0000328,P059,1,157.33,0.05,97.25
O0000329,P103,1,161.12,0.12,123.2
O0000330,P070,2,52.36,0.0,28.32
O0000331,P115,3,89.76,0.0,53.82
O0000332,P094,2,349.06,0.05,186.63
O0000333,P035,2,619.83,0.03,391.79
O0000334,P007,1,526.72,0.05,289.51
O0000335,P033,2,111.45,0.03,52.15
O0000336,P105,2,148.6,0.05,100.89
O0000337,P115,1,87.44,0.0,54.04
O0000338,P086,1,443.01,0.0,324.65
O0000339,P070,1,52.61,0.0,28.93
O0000340,P109,2,171.96,0.05,114.55
O0000340,P051,1,190.81,0.08,94.97
O0000340,P024,2,186.15,0.0,97.19
O0000341,P013,1,541.67,0.0,367.22
O0000341,P090,1,173.12,0.0,93.43
O0000342,P114,1,140.04,0.0,62.36
O0000343,P093,2,242.13,0.0,110.67
O0000343,P075,2,1050.76,0.0,585.76
O0000344,P071,1,702.05,0.0,351.42
O0000345,P011,1,1248.55,0.0,790.44
O0000346,P068,1,1190.74,0.03,650.76
O0000347,P021,2,344.11,0.0,205.48
O0000348,P006,1,1876.51,0.0,1148.11
O0000348,P095,1,623.33,0.08,309.41
O0000349,P003,1,1243.24,0.0,671.32
O0000349,P115,1,92.22,0.0,54.03
O0000349,P114,1,129.76,0.0,60.16
O0000350,P082,1,117.29,0.0,64.86
O0000351,P110,3,52.95,0.0,27.87
O0000352,P017,1,1913.52,0.08,861.47
O0000353,P035,1,620.05,0.08,382.9
O0000354,P098,4,31.86,0.05,22.53
O0000355,P110,1,52.71,0.0,26.93
O0000356,P038,1,216.08,0.0,158.81
O0000356,P007,2,561.6,0.0,304.71
O0000356,P031,3,442.43,0.0,282.59
O0000356,P014,1,234.69,0.05,170.08
O0000357,P079,2,805.43,0.03,370.56
O0000358,P031,1,415.68,0.0,277.5
O0000359,P096,1,505.52,0.05,339.0
O0000360,P090,1,168.39,0.03,95.85
O0000360,P015,1,1131.42,0.0,758.89
O0000361,P118,1,80.31,0.0,47.97
O0000361,P077,1,45.48,0.0,27.67
O0000361,P087,1,570.7,0.0,402.65
O0000362,P005,1,2068.1,0.08,1307.1
O0000362,P076,2,275.14,0.03,134.23
O0000363,P078,1,855.18,0.08,638.48
O0000363,P097,1,330.61,0.12,208.42
O0000363,P064,2,543.52,0.0,330.67
O0000364,P115,1,88.51,0.0,51.11
O0000365,P112,1,62.16,0.03,37.1
O0000365,P062,1,1467.75,0.0,1098.55
O0000365,P005,2,2226.25,0.08,1320.1
O0000366,P017,1,1926.71,0.0,888.1
O0000367,P003,1,1210.57,0.12,672.26
O0000367,P100,1,304.08,0.05,182.77
O0000368,P003,2,1184.08,0.0,648.16
O0000369,P096,1,548.73,0.03,344.58
O0000370,P075,1,1032.45,0.03,604.62
O0000371,P064,1,566.48,0.05,331.27
O0000371,P115,1,91.56,0.05,53.5
O0000372,P023,2,286.54,0.0,125.03
O0000373,P027,2,650.29,0.05,376.59
O0000374,P013,1,536.65,0.05,365.0
O0000375,P120,1,149.1,0.05,91.43
O0000376,P016,2,1450.89,0.12,991.95
O0000377,P010,1,1206.4,0.08,583.95
O0000378,P096,1,547.94,0.12,350.42
O0000379,P036,1,259.07,0.0,182.0
O0000380,P107,1,226.72,0.0,143.69
O0000381,P003,1,1279.15,0.0,661.13
O0000382,P037,2,38.55,0.0,21.53
O0000383,P113,4,113.52,0.0,82.06
O0000384,P034,1,691.8,0.0,352.48
O0000385,P023,1,268.71,0.05,130.6
O0000385,P005,2,2152.4,0.0,1302.02
O0000386,P092,2,666.72,0.12,403.05
O0000386,P062,3,1462.85,0.0,1043.43
O0000387,P036,1,239.97,0.05,177.12
O0000388,P065,1,1044.8,0.0,618.3
O0000388,P087,2,591.83,0.05,419.43
O0000389,P075,1,1035.25,0.0,602.23
O0000390,P086,1,474.38,0.05,335.3
O0000391,P016,1,1368.1,0.08,984.71
O0000392,P072,1,55.48,0.0,35.2
O0000393,P111,2,41.93,0.0,31.62
O0000394,P064,1,537.55,0.0,336.7
O0000394,P050,2,247.93,0.03,141.14
O0000395,P046,1,277.27,0.05,199.62
O0000395,P031,2,416.54,0.05,277.37
O0000396,P001,2,290.07,0.03,150.49
O0000397,P041,1,104.57,0.05,55.27
O0000398,P064,1,567.45,0.0,332.74
O0000399,P025,1,487.48,0.0,341.11
O0000400,P004,1,1869.47,0.03,910.76
O0000401,P032,2,196.77,0.0,97.85
O0000402,P072,3,54.13,0.0,35.83
O0000403,P012,1,2292.02,0.0,1351.99
O0000404,P020,1,533.6,0.12,371.67
O0000404,P117,2,131.16,0.0,93.04
O0000404,P097,1,323.9,0.0,214.1
O0000405,P086,1,459.47,0.0,342.7
O0000406,P029,1,180.9,0.0,110.42
O0000407,P003,1,1223.36,0.12,650.42
O0000407,P020,1,494.28,0.08,374.51
O0000408,P058,2,573.1,0.0,294.6
O0000409,P075,1,1077.42,0.08,580.95
O0000410,P013,1,553.47,0.0,351.02
O0000411,P025,1,470.86,0.0,334.55
O0000412,P004,1,1783.31,0.0,917.6
O0000413,P108,3,44.53,0.0,19.87
O0000414,P081,1,334.27,0.05,183.48
O0000415,P028,2,642.32,0.12,403.6
O0000416,P111,1,43.82,0.08,31.97
O0000417,P011,2,1320.24,0.05,779.98
O0000418,P002,2,2355.08,0.0,1475.02
O0000418,P104,1,214.91,0.0,131.64
O0000419,P081,1,344.74,0.12,191.74
O0000420,P052,2,120.09,0.0,86.33
O0000421,P019,1,2103.98,0.05,1410.9
O0000422,P030,2,208.52,0.0,155.07
O0000423,P081,2,353.44,0.03,183.3
O0000424,P012,2,2264.23,0.0,1379.67
O0000425,P006,1,1862.39,0.0,1134.58
O0000426,P109,1,168.55,0.0,110.85
O0000427,P028,1,607.14,0.05,397.27
O0000427,P080,1,954.04,0.0,657.94
O0000427,P026,3,175.65,0.0,85.03
O0000428,P118,1,77.58,0.12,48.8
O0000429,P072,2,56.01,0.0,35.33
O0000430,P078,1,846.8,0.08,646.63
O0000431,P057,1,209.91,0.0,113.68
O0000432,P023,1,273.51,0.15,130.59
O0000433,P018,1,1823.85,0.0,1317.32
O0000433,P017,1,1863.81,0.0,875.3
O0000433,P003,1,1259.57,0.0,655.5
O0000434,P010,2,1102.33,0.0,588.08
O0000435,P016,1,1447.86,0.0,1001.91
O0000436,P070,1,51.53,0.12,29.11
O0000437,P018,1,1841.81,0.0,1317.46
O0000438,P030,1,208.49,0.05,156.87
O0000439,P039,1,355.03,0.05,170.57
O0000439,P029,1,181.29,0.0,113.91
O0000439,P061,2,81.95,0.0,41.4
O0000440,P018,1,1789.69,0.0,1288.98
O0000441,P030,1,210.17,0.05,151.11
O0000442,P081,2,326.36,0.0,188.19
O0000443,P044,2,317.38,0.0,227.23
O0000444,P092,1,613.37,0.03,386.71
O0000445,P029,1,191.39,0.0,113.81
O0000446,P064,3,557.85,0.0,329.15
O0000446,P044,2,335.3,0.0,226.55
O0000447,P069,2,1351.58,0.0,851.97
O0000448,P115,2,96.19,0.0,53.93
O0000449,P029,1,189.19,0.0,112.64
O0000450,P015,1,1136.77,0.0,735.94
O0000451,P020,1,533.45,0.05,357.79
O0000452,P072,1,56.04,0.0,35.37
O0000453,P006,3,1873.31,0.0,1170.31
O0000454,P110,1,50.67,0.0,27.41
O0000455,P073,1,611.02,0.0,306.43
O0000456,P026,1,170.56,0.0,83.95
O0000457,P022,2,380.62,0.0,257.83
O0000458,P011,1,1338.39,0.0,766.36
O0000459,P054,3,147.11,0.0,79.56
O0000459,P083,2,252.25,0.08,118.24
O0000459,P077,3,48.98,0.12,28.25
O0000459,P117,1,133.67,0.05,95.66
O0000460,P099,1,157.92,0.03,102.79
O0000460,P084,1,439.0,0.08,328.37
O0000460,P118,1,80.71,0.0,49.44
O0000461,P117,1,122.21,0.0,95.15
O0000462,P034,2,686.69,0.05,342.75
O0000463,P002,1,2567.33,0.0,1468.26
O0000464,P071,2,737.77,0.05,344.93
O0000465,P079,2,752.93,0.0,361.12
O0000466,P098,2,30.99,0.0,22.89
O0000467,P009,1,122.0,0.0,82.58
O0000467,P058,1,555.31,0.0,295.99
O0000468,P044,1,344.51,0.12,223.05
O0000469,P109,1,176.67,0.0,112.62
O0000469,P062,2,1452.39,0.0,1080.03
O0000469,P057,1,215.6,0.03,112.46
O0000469,P091,1,232.94,0.0,162.79
O0000470,P011,1,1253.16,0.15,774.11
O0000470,P053,3,85.16,0.08,42.69
O0000471,P099,1,167.03,0.03,105.2
O0000472,P072,2,56.51,0.0,35.54
O0000473,P008,2,1869.46,0.03,1058.54
O0000473,P068,1,1163.78,0.0,647.06
O0000473,P003,2,1261.66,0.0,670.67
O0000474,P091,2,229.84,0.0,162.11
O0000475,P002,2,2339.26,0.03,1531.04
O0000475,P022,1,409.08,0.0,257.12
O0000475,P021,1,359.45,0.0,200.75
O0000476,P107,1,225.06,0.05,145.7
O0000477,P010,1,1112.56,0.12,582.29
O0000478,P073,1,596.28,0.08,298.96
O0000478,P051,1,191.17,0.05,97.9
O0000479,P084,1,442.91,0.15,332.05
O0000480,P099,1,158.57,0.0,103.64
O0000481,P030,3,206.47,0.03,149.97
O0000482,P108,3,42.75,0.0,19.94
O0000482,P033,2,118.77,0.03,53.45
O0000483,P013,1,575.31,0.03,371.84
O0000483,P080,1,951.19,0.05,682.44
O0000483,P069,1,1432.45,0.0,856.46
O0000484,P060,1,259.03,0.05,176.16
O0000484,P063,1,219.47,0.0,101.06
O0000485,P098,1,33.27,0.0,23.27
O0000485,P001,2,296.77,0.0,151.25
O0000486,P060,1,246.65,0.08,178.72
O0000486,P026,1,166.36,0.0,86.14
O0000487,P090,1,173.77,0.0,97.08
O0000488,P075,2,995.23,0.08,593.69
O0000489,P026,1,165.93,0.05,82.35
O0000490,P095,1,625.85,0.0,305.84
O0000490,P002,1,2477.5,0.0,1504.75
O0000490,P010,1,1126.78,0.0,598.4
O0000491,P008,1,1890.59,0.0,1102.69
O0000492,P061,1,83.96,0.15,42.36
O0000492,P099,1,159.17,0.0,102.3
O0000492,P111,1,43.85,0.03,31.41
O0000493,P098,2,31.02,0.0,22.7
O0000493,P020,2,503.56,0.0,373.55
O0000494,P052,1,114.54,0.03,89.27
O0000495,P119,1,147.12,0.0,76.42
O0000496,P073,1,599.58,0.0,292.18
O0000497,P061,1,86.43,0.08,41.53
O0000498,P003,1,1181.29,0.0,650.18
O0000499,P023,1,270.39,0.0,128.85
O0000500,P105,1,150.98,0.0,99.57
O0000500,P054,1,151.48,0.0,78.78
O0000501,P075,1,1057.02,0.0,580.18
O0000502,P067,1,934.88,0.08,544.19
O0000503,P039,1,369.13,0.05,173.38
O0000504,P007,1,562.67,0.08,293.94
O0000505,P094,2,346.89,0.0,189.59
O0000506,P037,1,35.99,0.0,21.63
O0000506,P042,2,201.76,0.0,118.73
O0000506,P093,1,232.44,0.03,110.5
O0000506,P038,3,202.52,0.03,157.49
O0000507,P030,1,202.21,0.08,151.37
O0000508,P071,1,712.67,0.05,349.89
O0000508,P058,1,568.94,0.0,294.52
O0000508,P119,2,144.71,0.03,79.99
O0000508,P104,3,218.25,0.05,136.61
O0000509,P029,1,196.62,0.0,113.01
O0000510,P023,1,277.14,0.0,127.0
O0000510,P033,2,119.79,0.03,52.7
O0000511,P003,1,1259.89,0.0,671.34
O0000512,P049,1,82.63,0.0,39.07
O0000513,P113,1,111.47,0.0,78.23
O0000513,P054,2,146.54,0.05,80.92
O0000513,P068,1,1176.47,0.0,660.91
O0000514,P021,1,335.1,0.0,206.76
O0000515,P099,1,152.2,0.0,104.92
O0000516,P091,2,232.36,0.0,165.12
O0000517,P014,1,227.93,0.0,168.12
O0000517,P047,1,300.12,0.0,203.41
O0000518,P059,1,161.24,0.0,91.9
O0000519,P093,3,236.7,0.03,114.91
O0000520,P011,1,1258.36,0.05,775.31
O0000521,P064,1,555.4,0.05,338.47
O0000522,P026,1,168.46,0.15,83.07
O0000523,P056,1,360.76,0.0,259.89
O0000523,P096,3,533.5,0.0,342.57
O0000524,P031,1,423.07,0.03,289.81
O0000525,P094,1,349.57,0.08,184.03
O0000526,P040,1,335.41,0.0,165.74
O0000527,P068,2,1107.44,0.0,644.96
O0000527,P117,2,132.32,0.08,95.73
O0000527,P019,1,2157.94,0.12,1403.23
O0000527,P073,1,606.01,0.05,300.93
O0000528,P033,1,114.01,0.03,52.15
O0000529,P100,1,296.64,0.0,183.35
O0000530,P037,1,39.12,0.08,20.97
O0000530,P076,1,262.12,0.03,132.94
O0000531,P080,1,962.85,0.12,692.7
O0000532,P002,1,2517.43,0.0,1545.15
O0000532,P030,1,205.07,0.0,149.95
O0000533,P001,1,294.91,0.0,153.36
O0000534,P040,2,322.57,0.0,171.72
O0000534,P031,2,443.32,0.12,289.72
O0000535,P092,1,620.3,0.12,389.94
O0000536,P107,1,229.02,0.0,141.5
O0000536,P119,1,147.52,0.03,77.16
O0000537,P022,1,406.24,0.05,252.4
O0000538,P100,1,292.1,0.08,190.15
O0000539,P035,1,566.46,0.15,375.85
O0000540,P027,1,660.84,0.08,384.79
O0000540,P082,1,112.22,0.0,65.3
O0000541,P088,2,94.52,0.0,55.48
O0000542,P012,3,2159.9,0.05,1350.7
O0000542,P008,2,1772.64,0.08,1094.17
O0000543,P066,1,449.6,0.0,262.08
O0000544,P107,1,224.77,0.0,141.62
O0000545,P059,3,161.59,0.03,94.9
O0000545,P100,2,312.27,0.0,190.56
O0000546,P017,1,1808.39,0.08,844.35
O0000547,P068,1,1170.18,0.0,671.81
O0000548,P088,2,100.58,0.0,55.47
O0000548,P030,2,197.7,0.12,157.8
O0000549,P028,1,642.97,0.15,414.87
O0000550,P040,3,316.53,0.0,164.81
O0000550,P002,1,2423.86,0.0,1487.7
O0000551,P029,1,179.94,0.05,109.41
O0000551,P080,1,1013.29,0.0,686.97
O0000552,P021,1,340.28,0.08,197.28
O0000553,P110,1,51.17,0.0,27.82
O0000553,P068,1,1157.5,0.08,666.9
O0000553,P009,3,117.57,0.0,86.04
O0000553,P004,1,1849.34,0.0,905.23
O0000554,P028,1,632.26,0.05,400.16
O0000555,P082,1,115.07,0.08,65.56
O0000555,P089,1,238.77,0.0,108.97
O0000555,P020,2,502.85,0.0,356.83
O0000556,P070,1,51.51,0.0,28.16
O0000556,P017,1,1929.82,0.0,874.95
O0000557,P032,1,187.56,0.12,97.5
O0000558,P017,3,1960.85,0.0,894.33
O0000559,P022,2,392.56,0.03,246.95
O0000560,P042,1,188.25,0.0,119.93
O0000561,P119,2,137.67,0.0,77.12
O0000561,P057,1,219.52,0.0,114.14
O0000562,P075,1,1080.52,0.03,580.72
O0000563,P108,1,44.69,0.12,20.28
O0000564,P084,1,447.87,0.0,328.93
O0000564,P054,1,156.07,0.08,79.13
O0000565,P026,1,161.05,0.0,86.22
O0000565,P095,1,619.07,0.0,300.48
O0000566,P019,4,2101.42,0.0,1423.45
O0000566,P042,1,193.24,0.0,117.66
O0000567,P105,2,150.01,0.0,99.35
O0000568,P057,1,211.69,0.0,113.08
O0000569,P093,1,228.56,0.0,110.88
O0000570,P009,1,121.76,0.05,82.03
O0000571,P008,1,1927.92,0.08,1092.38
O0000572,P104,4,228.11,0.0,133.96
O0000573,P018,1,1759.69,0.08,1312.48
O0000573,P050,2,243.6,0.0,140.01
O0000574,P044,1,319.14,0.0,217.47
O0000575,P044,1,340.73,0.0,227.78
O0000576,P059,1,157.85,0.03,96.17
O0000577,P114,1,141.08,0.05,62.66
O0000578,P081,1,354.13,0.0,192.35
O0000579,P120,1,152.06,0.05,90.19
O0000579,P033,1,115.97,0.12,52.12
O0000579,P028,1,642.67,0.05,404.66
O0000580,P004,1,1711.93,0.0,911.8
O0000580,P104,2,214.61,0.12,134.52
O0000581,P020,1,505.05,0.03,374.11
O0000582,P022,2,387.33,0.05,248.27
O0000583,P115,2,91.08,0.05,52.62
O0000584,P097,2,318.12,0.03,215.77
O0000584,P106,1,207.96,0.0,135.5
O0000585,P094,3,339.44,0.08,181.2
O0000586,P105,4,162.68,0.05,97.09
O0000586,P019,2,2194.89,0.05,1450.35
O0000587,P052,1,118.39,0.12,85.66
O0000588,P099,2,151.73,0.03,105.07
O0000588,P087,1,612.12,0.0,424.36
O0000589,P009,1,121.93,0.0,83.45
O0000590,P054,2,150.56,0.08,78.54
O0000591,P012,1,2302.42,0.05,1362.61
O0000592,P025,1,470.64,0.0,339.06
O0000593,P084,1,466.52,0.0,334.98
O0000594,P114,4,137.54,0.03,62.5
O0000594,P077,1,49.99,0.0,28.35
O0000595,P116,2,104.86,0.03,51.52
O0000595,P056,3,355.42,0.0,257.4
O0000596,P041,1,107.75,0.0,52.78
O0000597,P082,2,115.96,0.15,64.33
O0000598,P006,2,1970.99,0.15,1162.13
O0000599,P090,2,176.45,0.12,95.17
O0000599,P089,2,234.17,0.0,106.86
O0000600,P118,1,77.69,0.0,49.77
O0000600,P028,1,659.93,0.05,407.43
O0000601,P017,1,1807.91,0.0,889.55
O0000602,P120,3,143.18,0.05,88.52
O0000603,P061,3,86.06,0.0,42.01
O0000604,P033,1,120.29,0.12,52.56
O0000605,P119,1,147.95,0.05,79.54
O0000606,P063,1,221.22,0.0,102.57
O0000607,P062,1,1406.94,0.0,1093.97
O0000608,P112,1,59.43,0.0,38.67
O0000609,P069,2,1354.69,0.0,858.27
O0000610,P017,1,1959.52,0.0,858.75
O0000611,P016,3,1463.09,0.03,953.87
O0000611,P010,1,1154.41,0.0,596.64
O0000612,P094,1,368.74,0.08,190.24
O0000612,P016,1,1400.48,0.0,970.41
O0000612,P107,2,222.94,0.0,147.07
O0000613,P034,1,698.44,0.03,333.5
O0000614,P118,1,77.86,0.0,49.28
O0000614,P079,1,786.82,0.0,363.68
O0000615,P055,4,470.55,0.12,265.6
O0000616,P081,1,352.57,0.0,192.15
O0000617,P092,1,665.79,0.03,385.95
O0000618,P093,1,226.23,0.12,112.01
O0000618,P024,1,191.6,0.05,96.9
O0000619,P093,3,230.54,0.0,115.18
O0000620,P095,3,613.21,0.0,308.24
O0000621,P071,1,707.86,0.12,341.35
O0000621,P078,1,844.48,0.15,647.87
O0000622,P091,1,229.72,0.0,159.77
O0000623,P058,1,555.78,0.0,296.83
O0000623,P093,1,224.15,0.0,116.8
O0000623,P016,1,1487.11,0.0,956.13
O0000624,P020,2,526.19,0.0,358.8
O0000625,P083,1,240.39,0.0,122.92
O0000626,P002,2,2472.6,0.05,1508.54
O0000626,P067,2,904.63,0.08,534.28
O0000626,P017,1,1900.91,0.03,875.36
O0000627,P070,1,52.15,0.03,28.3
O0000628,P002,1,2350.08,0.03,1463.89
O0000629,P068,1,1135.18,0.0,645.39
O0000629,P043,1,135.36,0.0,74.91
O0000630,P095,1,613.13,0.0,312.07
O0000631,P009,2,116.05,0.03,82.63
O0000632,P075,2,1016.07,0.05,598.82
O0000633,P039,1,366.55,0.0,172.46
O0000634,P055,1,451.67,0.08,261.03
O0000635,P117,1,124.97,0.08,92.67
O0000636,P079,1,762.05,0.0,374.13
O0000637,P117,1,131.83,0.05,93.8
O0000638,P085,1,291.64,0.0,204.29
O0000639,P020,1,518.01,0.0,369.35
O0000640,P074,2,71.2,0.0,40.78
O0000641,P014,1,237.6,0.05,170.75
O0000641,P071,1,737.93,0.0,351.76
O0000642,P017,1,1855.98,0.0,855.06
O0000642,P005,2,2053.26,0.03,1343.73
O0000643,P048,1,534.3,0.05,300.65
O0000643,P010,2,1114.08,0.0,600.82
O0000644,P042,2,198.06,0.0,121.09
O0000645,P006,1,1874.78,0.0,1149.28
O0000645,P055,1,472.34,0.0,270.17
O0000645,P069,3,1407.12,0.0,816.7
O0000645,P118,2,81.29,0.0,47.52
O0000646,P031,1,443.86,0.0,278.62
O0000647,P049,1,76.82,0.0,39.23
O0000648,P001,1,312.65,0.03,151.46
O0000649,P022,1,384.78,0.03,250.34
O0000650,P052,1,122.52,0.05,84.99
O0000651,P036,2,255.94,0.03,181.26
O0000652,P039,1,359.51,0.12,172.63
O0000653,P014,1,235.75,0.08,162.71
O0000654,P086,1,446.07,0.0,323.08
O0000655,P080,1,945.06,0.0,686.65
O0000656,P014,1,235.27,0.0,162.47
O0000657,P063,1,218.64,0.0,99.42
O0000657,P079,3,804.95,0.05,357.34
O0000658,P113,1,115.65,0.0,80.28
O0000659,P099,1,166.06,0.0,104.74
O0000660,P027,2,617.0,0.0,389.84
O0000661,P096,1,540.32,0.0,337.45
O0000661,P066,2,494.81,0.0,260.07
O0000661,P018,1,1796.58,0.0,1312.75
O0000661,P055,2,476.22,0.0,260.25
O0000662,P080,1,949.32,0.05,675.37
O0000663,P036,3,253.77,0.03,182.47
O0000664,P035,2,591.81,0.0,375.25
O0000665,P017,1,1931.91,0.0,859.07
O0000665,P102,1,219.89,0.03,144.78
O0000666,P001,1,284.53,0.05,147.92
O0000667,P093,4,236.91,0.05,113.74
O0000667,P088,1,97.71,0.0,54.45
O0000668,P051,1,203.99,0.03,96.69
O0000669,P072,1,53.02,0.05,35.22
O0000669,P015,1,1165.94,0.0,739.3
O0000669,P073,2,594.23,0.03,303.46
O0000669,P082,1,109.7,0.0,66.76
O0000670,P049,3,81.05,0.0,39.94
O0000670,P023,1,270.65,0.15,127.22
O0000671,P053,1,83.46,0.0,41.38
O0000672,P015,1,1127.21,0.0,726.02
O0000673,P049,1,82.74,0.0,38.27
O0000674,P020,1,499.65,0.0,368.46
O0000675,P041,1,102.45,0.0,53.82
O0000676,P105,3,155.91,0.03,96.51
O0000677,P032,1,193.97,0.0,101.73
O0000678,P022,1,392.82,0.12,245.71
O0000679,P075,4,1049.21,0.03,592.94
O0000680,P097,2,319.23,0.05,211.14
O0000680,P021,1,366.98,0.0,205.0
O0000681,P013,1,562.26,0.03,361.49
O0000681,P029,2,189.85,0.0,111.09
O0000682,P094,1,338.87,0.0,190.89
O0000683,P022,1,392.89,0.0,253.34
O0000683,P054,1,154.38,0.05,78.4
O0000683,P024,1,189.35,0.0,97.65
O0000684,P103,1,176.29,0.05,123.53
O0000685,P017,1,1931.15,0.05,885.29
O0000686,P075,1,991.16,0.0,578.18
O0000687,P093,1,232.97,0.0,116.48
O0000687,P062,1,1461.84,0.03,1042.74
O0000688,P071,1,728.82,0.0,337.56
O0000689,P115,2,87.69,0.0,52.38
O0000689,P014,1,230.36,0.0,171.15
O0000689,P045,1,316.0,0.0,212.01
O0000690,P084,1,457.38,0.03,341.1
O0000691,P087,2,620.53,0.05,416.07
O0000691,P007,2,542.48,0.0,304.63
O0000692,P073,1,569.72,0.0,301.76
O0000693,P043,2,139.83,0.0,74.66
O0000694,P116,2,105.27,0.05,50.15
O0000695,P040,1,317.8,0.05,170.71
O0000696,P037,3,37.06,0.08,21.23
O0000697,P105,2,160.21,0.05,97.49
O0000697,P019,1,2015.68,0.0,1410.82
O0000698,P008,1,1812.75,0.03,1092.5
O0000698,P050,4,253.4,0.08,146.65
O0000699,P039,2,369.43,0.03,179.66
O0000700,P015,2,1224.01,0.0,733.92
O0000700,P101,1,30.12,0.08,17.44
O0000701,P006,1,1978.08,0.0,1162.59
O0000702,P019,3,2032.31,0.05,1469.22
O0000703,P064,1,530.67,0.0,326.62
O0000703,P048,1,526.38,0.0,291.02
O0000704,P090,2,182.71,0.0,96.65
O0000704,P106,1,200.35,0.0,134.14
O0000705,P071,1,758.33,0.03,353.43
O0000705,P091,3,239.74,0.0,164.52
O0000706,P080,2,1001.71,0.0,692.63
O0000707,P065,2,1054.08,0.05,625.31
O0000708,P065,1,1050.36,0.05,625.22
O0000708,P075,1,1075.0,0.05,590.24
O0000708,P003,1,1268.72,0.0,668.98
O0000709,P095,1,586.43,0.0,305.55
O0000710,P052,2,112.96,0.0,88.58
O0000711,P112,1,62.67,0.0,37.17
O0000711,P017,1,1829.25,0.15,846.87
O0000711,P088,1,93.89,0.08,54.43
O0000712,P002,2,2388.23,0.0,1501.1
O0000713,P092,1,654.08,0.0,386.14
O0000714,P060,1,268.4,0.0,173.13
O0000714,P059,2,167.81,0.03,95.73
O0000714,P047,2,293.73,0.08,197.34
O0000715,P017,1,1929.88,0.0,856.36
O0000716,P014,3,224.26,0.0,170.36
O0000717,P043,1,129.01,0.0,75.37
O0000717,P083,1,254.32,0.0,122.22
O0000718,P020,2,504.06,0.03,373.23
O0000719,P009,2,122.53,0.0,82.0
O0000720,P066,4,487.38,0.0,259.47
O0000721,P105,1,158.44,0.05,100.13
O0000722,P048,1,493.92,0.0,295.65
O0000722,P106,1,216.72,0.05,135.52
O0000722,P060,2,250.04,0.0,177.62
O0000723,P023,1,277.96,0.0,125.57
O0000724,P089,1,236.03,0.0,108.92
O0000725,P116,1,99.77,0.08,51.21
O0000726,P071,1,733.3,0.0,348.34
O0000727,P038,1,213.2,0.0,153.34
O0000728,P085,1,297.55,0.0,205.66
O0000728,P113,1,115.75,0.03,78.22
O0000729,P087,1,595.51,0.08,412.95
O0000730,P100,1,301.41,0.03,183.7
O0000730,P013,2,560.0,0.0,356.35
O0000731,P066,2,490.65,0.03,262.42
O0000732,P117,1,124.33,0.0,94.22
O0000732,P004,1,1740.32,0.05,951.26
O0000732,P030,1,203.32,0.05,150.48
O0000733,P016,1,1427.91,0.03,952.64
O0000734,P001,1,311.45,0.05,149.57
O0000735,P024,3,191.19,0.05,97.77
O0000736,P114,1,140.99,0.0,63.23
O0000737,P087,1,588.7,0.0,413.63
O0000738,P062,1,1467.92,0.08,1074.95
O0000738,P049,1,79.8,0.0,39.47
O0000739,P026,1,163.8,0.0,86.25
O0000740,P031,1,444.76,0.05,288.74
O0000741,P001,2,300.52,0.0,151.98
O0000742,P041,2,105.19,0.0,54.82
O0000742,P018,1,1773.13,0.05,1321.96
O0000742,P033,1,120.09,0.0,51.73
O0000742,P120,1,149.64,0.0,89.51
O0000743,P076,3,267.5,0.0,133.98
O0000744,P053,1,85.63,0.0,40.63
O0000744,P116,1,104.07,0.03,49.31
O0000745,P111,1,40.72,0.0,31.58
O0000746,P082,1,117.53,0.0,65.24
O0000746,P062,2,1446.05,0.0,1085.44
O0000747,P016,3,1445.82,0.0,955.02
O0000748,P059,1,164.24,0.0,96.58
O0000748,P063,1,228.05,0.0,99.47
O0000749,P082,1,119.76,0.03,65.68
O0000749,P019,1,2066.24,0.03,1430.67
O0000750,P015,1,1132.59,0.05,735.58
O0000751,P049,1,78.38,0.05,39.94
O0000752,P114,3,132.17,0.0,63.03
O0000753,P048,1,490.37,0.03,306.92
O0000753,P040,1,313.04,0.08,170.71
O0000753,P014,1,236.84,0.0,162.08
O0000754,P027,1,629.21,0.03,395.65
O0000754,P087,1,593.14,0.0,424.68
O0000755,P044,1,338.38,0.08,225.35
O0000756,P004,2,1817.52,0.05,911.03
O0000757,P014,1,237.89,0.03,161.73
O0000757,P098,1,32.09,0.03,23.17
O0000758,P110,1,52.42,0.0,26.93
O0000759,P102,1,227.46,0.03,147.87
O0000759,P075,1,1036.74,0.08,581.06
O0000760,P051,1,205.91,0.0,93.98
O0000761,P090,2,171.25,0.05,95.4
O0000761,P098,1,32.91,0.03,23.22
O0000762,P077,1,49.85,0.0,28.39
O0000762,P061,1,83.96,0.05,43.38
O0000763,P090,1,171.65,0.0,95.02
O0000764,P075,2,1062.61,0.05,587.53
O0000765,P056,1,375.01,0.0,258.62
O0000766,P025,1,486.24,0.0,333.28
O0000766,P106,2,201.22,0.0,130.99
O0000766,P044,2,331.23,0.12,218.42
O0000767,P060,4,259.05,0.0,180.35
O0000768,P102,1,219.79,0.0,146.06
O0000769,P066,1,470.34,0.0,272.84
O0000769,P031,1,411.69,0.0,278.49
O0000769,P032,1,188.43,0.0,101.63
O0000770,P031,1,435.99,0.0,281.2
O0000771,P031,1,446.53,0.0,280.44
O0000772,P113,1,108.37,0.03,81.11
O0000773,P008,1,1809.8,0.0,1071.45
O0000774,P031,1,415.93,0.0,286.16
O0000775,P029,1,195.15,0.0,109.83
O0000775,P014,1,227.67,0.0,170.69
O0000776,P115,1,91.38,0.0,52.8
O0000776,P073,2,611.9,0.0,304.75
O0000776,P052,1,123.12,0.0,85.16
O0000776,P076,2,271.82,0.0,133.83
O0000777,P061,1,78.28,0.05,42.23
O0000778,P034,1,684.57,0.03,340.05
O0000778,P075,1,1026.37,0.05,603.78
O0000779,P083,1,253.54,0.0,120.1
O0000780,P054,1,147.38,0.12,81.58
O0000781,P089,1,234.24,0.08,106.07
O0000782,P036,3,260.48,0.08,174.6
O0000782,P010,1,1156.05,0.05,582.65
O0000783,P059,1,165.66,0.12,96.17
O0000784,P035,2,621.43,0.0,378.67
O0000785,P006,1,1978.23,0.0,1134.98
O0000785,P061,4,81.86,0.0,43.54
O0000785,P024,1,189.31,0.0,96.95
O0000786,P033,1,120.35,0.0,51.4
O0000786,P019,1,2152.98,0.12,1397.39
O0000787,P027,1,651.01,0.0,386.64
O0000788,P036,1,238.03,0.0,176.55
O0000788,P095,3,598.97,0.08,299.28
O0000788,P085,1,286.32,0.0,201.84
O0000789,P069,1,1398.77,0.03,827.41
O0000789,P093,1,238.11,0.0,115.84
O0000790,P112,1,59.0,0.0,38.07
O0000791,P120,1,151.78,0.0,89.64
O0000792,P046,1,260.5,0.05,196.47
O0000793,P099,1,154.79,0.12,101.45
O0000794,P007,2,565.37,0.08,299.45
O0000795,P066,1,484.86,0.0,260.5
O0000795,P005,2,2212.9,0.0,1324.88
O0000796,P018,1,1802.09,0.0,1274.94
O0000796,P029,1,179.22,0.0,109.09
O0000797,P008,1,1868.5,0.0,1059.49
O0000798,P088,1,100.89,0.0,53.94
O0000799,P001,1,310.56,0.03,149.27
O0000800,P002,1,2369.07,0.0,1514.56
O0000800,P119,2,146.52,0.08,76.66
O0000800,P090,4,180.1,0.03,97.18
O0000801,P012,2,2225.85,0.0,1346.66
O0000801,P108,1,43.52,0.0,20.11
O0000801,P120,1,140.8,0.0,88.2
O0000801,P072,2,55.42,0.03,36.49
O0000802,P071,1,717.64,0.0,343.01
O0000803,P084,1,466.93,0.15,332.68
O0000803,P015,1,1235.01,0.05,763.28
O0000804,P082,1,114.73,0.0,65.46
O0000805,P067,2,963.57,0.08,541.97
O0000806,P058,1,600.97,0.0,294.3
O0000806,P059,2,159.42,0.0,95.12
O0000806,P115,1,90.77,0.0,53.91
O0000807,P060,1,257.67,0.0,181.35
O0000807,P078,1,906.04,0.0,634.53
O0000807,P084,4,466.87,0.05,337.0
O0000807,P054,1,157.84,0.0,78.35
O0000808,P017,1,1815.36,0.0,853.3
O0000809,P094,1,372.79,0.03,191.55
O0000810,P009,1,113.1,0.05,83.57
O0000811,P038,1,218.5,0.05,152.69
O0000811,P116,1,105.42,0.0,51.33
O0000811,P046,4,279.33,0.12,201.29
O0000812,P094,2,349.91,0.03,191.72
O0000812,P076,3,272.64,0.0,139.21
O0000812,P019,1,2042.25,0.0,1399.11
O0000812,P008,3,1924.73,0.0,1050.29
O0000813,P045,2,308.7,0.0,219.46
O0000814,P107,1,230.93,0.12,146.2
O0000814,P009,1,116.71,0.05,83.04
O0000814,P038,1,199.61,0.0,157.23
O0000815,P024,1,190.38,0.05,98.07
O0000816,P068,1,1124.3,0.08,635.93
O0000817,P037,2,36.44,0.0,21.52
O0000818,P025,2,446.71,0.12,336.25
O0000819,P066,2,451.77,0.0,259.81
O0000820,P120,1,146.89,0.0,87.55
O0000821,P045,2,318.36,0.0,219.87
O0000822,P020,2,489.18,0.0,366.67
O0000823,P099,1,156.6,0.0,105.45
O0000824,P031,1,415.85,0.12,278.84
O0000825,P039,1,365.06,0.0,172.06
O0000825,P026,2,175.67,0.0,83.03
O0000826,P008,2,1929.24,0.0,1090.34
O0000827,P102,2,217.99,0.05,147.96
O0000828,P033,1,115.84,0.0,53.11
O0000828,P039,1,371.77,0.0,180.11
O0000829,P059,2,171.95,0.05,92.31
O0000830,P039,1,356.72,0.0,171.31
O0000831,P002,1,2554.76,0.0,1497.26
O0000831,P105,1,160.96,0.08,101.57
O0000831,P044,1,330.76,0.0,217.6
O0000832,P033,1,111.51,0.0,50.92
O0000832,P080,2,1016.59,0.03,663.6
O0000833,P073,3,585.21,0.0,299.91
O0000834,P114,2,129.72,0.0,60.26
O0000835,P108,1,44.99,0.0,20.15
O0000835,P020,1,510.67,0.05,373.49
O0000836,P066,2,450.33,0.0,268.39
O0000837,P099,1,155.48,0.0,100.68
O0000838,P078,2,866.74,0.0,665.03
O0000839,P036,3,250.71,0.05,180.71
O0000840,P022,2,386.38,0.05,255.42
O0000841,P065,2,1050.9,0.0,621.45
O0000841,P052,1,121.87,0.03,85.15
O0000842,P067,1,968.79,0.0,559.87
O0000843,P035,2,598.09,0.05,393.24
O0000843,P061,4,86.33,0.0,41.79
O0000844,P079,3,770.59,0.0,367.14
O0000845,P050,1,255.06,0.0,146.68
O0000845,P012,2,2181.64,0.0,1356.96
O0000846,P038,1,217.0,0.08,157.37
O0000847,P110,1,55.66,0.0,26.9
O0000847,P005,1,2076.08,0.03,1297.04
O0000848,P104,1,226.65,0.12,129.99
O0000848,P118,1,78.7,0.0,47.43
O0000849,P102,1,224.43,0.12,144.75
O0000850,P016,1,1362.69,0.0,965.2
O0000851,P027,1,630.48,0.08,386.76
O0000852,P046,1,277.18,0.12,194.98
O0000853,P060,1,255.08,0.0,178.27
O0000853,P072,1,52.5,0.15,35.79
O0000854,P092,1,663.11,0.0,382.22
O0000855,P076,1,271.47,0.03,135.22
O0000856,P017,1,1801.67,0.08,861.08
O0000856,P059,4,156.03,0.03,97.24
O0000856,P097,1,305.3,0.05,214.24
O0000857,P003,1,1215.02,0.0,640.91
O0000857,P062,1,1407.76,0.0,1082.55
O0000858,P038,1,211.59,0.0,158.36
O0000859,P112,1,61.44,0.0,37.55
O0000860,P044,2,315.82,0.0,227.51
O0000860,P055,1,481.35,0.0,265.57
O0000861,P040,1,335.26,0.03,165.11
O0000862,P096,3,512.71,0.08,343.29
O0000863,P117,1,127.98,0.0,91.66
O0000863,P034,1,720.09,0.05,343.16
O0000863,P087,4,612.16,0.0,410.29
O0000863,P040,2,335.52,0.03,169.67
O0000864,P113,1,111.32,0.0,79.49
O0000864,P017,2,1793.8,0.0,862.72
O0000865,P058,1,604.39,0.0,298.93
O0000866,P037,1,37.33,0.05,21.86
O0000866,P018,2,1768.3,0.0,1335.47
O0000867,P077,3,47.87,0.05,27.58
O0000868,P010,2,1134.15,0.12,611.6
O0000869,P049,2,78.26,0.0,38.94
O0000870,P021,1,352.8,0.03,208.3
O0000870,P120,1,144.37,0.0,91.84
O0000870,P030,2,197.52,0.05,157.99
O0000871,P024,1,193.91,0.0,99.97
O0000872,P061,1,78.43,0.05,43.0
O0000873,P029,1,192.2,0.03,113.0
O0000874,P012,1,2305.93,0.08,1380.11
O0000874,P089,1,234.12,0.03,109.62
O0000875,P047,1,316.47,0.03,202.49
O0000875,P061,1,85.82,0.0,41.96
O0000876,P023,1,265.47,0.03,132.49
O0000876,P034,3,668.61,0.0,337.18
O0000877,P045,2,329.45,0.03,216.12
O0000878,P109,1,179.1,0.0,111.85
O0000879,P024,1,186.82,0.0,101.37
O0000880,P027,1,630.97,0.03,394.33
O0000881,P007,2,552.64,0.0,296.36
O0000882,P037,2,38.79,0.0,21.82
O0000882,P002,1,2552.41,0.0,1463.19
O0000883,P088,1,99.7,0.0,55.37
O0000883,P106,1,219.81,0.0,135.73
O0000884,P024,1,189.9,0.0,99.56
O0000885,P079,2,741.74,0.15,353.51
O0000886,P070,1,52.0,0.0,28.29
O0000887,P002,3,2342.03,0.0,1539.4
O0000888,P118,1,75.27,0.0,49.06
O0000889,P018,1,1854.35,0.05,1281.64
O0000890,P001,1,311.28,0.0,146.89
O0000891,P075,1,1075.24,0.0,607.03
O0000892,P027,1,626.73,0.0,380.93
O0000892,P037,1,36.32,0.05,21.51
O0000893,P083,1,237.98,0.0,123.43
O0000894,P008,2,1839.65,0.0,1090.58
O0000895,P043,2,128.76,0.03,74.37
O0000896,P107,1,224.14,0.05,146.67
O0000897,P029,1,179.38,0.0,110.4
O0000897,P032,1,197.06,0.0,99.22
O0000897,P033,2,113.75,0.0,51.21
O0000898,P074,2,73.19,0.0,41.68
O0000899,P114,1,139.09,0.12,60.86
O0000900,P088,1,102.51,0.0,54.15
O0000901,P057,1,203.69,0.0,110.87
O0000902,P053,3,82.0,0.12,41.67
O0000903,P019,1,2150.62,0.03,1434.47
O0000904,P053,1,88.99,0.05,40.63
O0000905,P051,1,200.93,0.0,98.16
O0000905,P021,1,351.04,0.0,206.63
O0000905,P089,3,241.87,0.05,109.26
O0000906,P102,1,213.34,0.0,146.47
O0000907,P020,2,518.93,0.08,367.17
O0000907,P013,4,545.78,0.0,365.78
O0000908,P017,1,1974.38,0.0,891.4
O0000909,P076,1,266.4,0.0,135.36
O0000910,P020,1,528.73,0.0,371.23
O0000911,P016,1,1391.31,0.0,959.48
O0000912,P024,1,180.65,0.15,98.0
O0000913,P033,1,115.82,0.03,50.95
O0000914,P057,1,201.44,0.05,110.02
O0000914,P090,1,178.91,0.0,92.78
O0000915,P098,1,31.81,0.0,22.94
O0000916,P028,1,626.78,0.05,414.35
O0000917,P014,1,228.39,0.05,165.67
O0000918,P040,2,322.47,0.0,162.97
O0000919,P026,2,175.29,0.0,84.08
O0000919,P025,3,446.71,0.08,328.88
O0000920,P016,1,1409.31,0.08,1004.72
O0000921,P106,1,220.04,0.0,131.26
O0000921,P024,1,185.01,0.0,97.11
O0000922,P120,1,151.52,0.05,89.31
O0000923,P078,1,847.09,0.0,639.74
O0000924,P001,1,312.7,0.12,148.99
O0000924,P008,1,1810.17,0.08,1104.97
O0000925,P093,1,247.1,0.08,110.7
O0000925,P038,1,205.85,0.0,157.13
O0000926,P019,3,2207.72,0.0,1426.19
O0000927,P013,3,537.03,0.0,357.93
O0000927,P029,1,182.94,0.0,112.46
O0000928,P080,2,950.8,0.0,676.55
O0000929,P028,2,651.09,0.05,399.3
O0000930,P057,2,217.74,0.0,112.26
O0000931,P017,2,1922.64,0.0,864.88
O0000932,P008,3,1772.54,0.0,1048.44
O0000933,P012,1,2280.38,0.05,1366.39
O0000934,P087,1,579.25,0.0,421.17
O0000935,P094,1,361.86,0.0,181.36
O0000935,P057,3,219.05,0.03,109.81
O0000936,P102,1,217.4,0.12,144.34
O0000936,P027,2,638.12,0.05,387.85
O0000936,P075,1,1007.7,0.03,601.2
O0000937,P056,1,379.77,0.03,263.74
O0000938,P086,1,448.47,0.0,342.41
O0000939,P007,1,563.42,0.0,300.13
O0000940,P046,1,267.51,0.0,194.62
O0000941,P102,1,210.12,0.0,148.62
O0000941,P091,1,231.81,0.0,160.73
O0000941,P107,1,237.6,0.05,147.02
O0000942,P032,1,190.38,0.08,99.08
O0000943,P015,1,1152.99,0.0,723.33
O0000944,P079,1,762.91,0.0,373.69
O0000945,P007,1,555.89,0.05,289.0
O0000946,P102,2,207.58,0.03,146.7
O0000947,P038,3,203.24,0.12,157.05
O0000948,P066,1,481.95,0.0,264.52
O0000949,P044,1,320.3,0.08,226.47
O0000950,P042,3,198.56,0.03,121.99
O0000951,P060,1,261.72,0.08,178.32
O0000951,P006,1,2015.24,0.0,1169.72
O0000952,P038,4,204.03,0.08,151.22
O0000953,P080,2,951.34,0.12,675.96
O0000954,P052,1,114.93,0.0,86.06
O0000955,P012,1,2149.67,0.03,1345.86
O0000956,P005,1,2165.15,0.0,1321.01
O0000957,P017,3,1906.89,0.0,853.59
O0000958,P049,1,82.53,0.0,39.01
O0000958,P079,1,743.03,0.0,364.57
O0000958,P100,1,301.81,0.0,190.5
O0000959,P117,1,122.93,0.05,94.69
O0000960,P031,1,434.73,0.0,280.21
O0000960,P109,1,176.66,0.0,113.83
O0000961,P049,1,80.78,0.05,38.22
O0000962,P017,1,1817.47,0.0,862.14
O0000963,P037,2,35.95,0.0,20.89
O0000964,P120,2,143.91,0.0,89.73
O0000964,P051,2,195.62,0.0,97.19
O0000964,P102,1,218.69,0.0,151.28
O0000965,P031,1,418.05,0.05,283.99
O0000966,P031,2,446.71,0.15,277.63
O0000967,P058,1,587.83,0.05,299.16
O0000968,P041,1,109.48,0.03,52.34
O0000969,P105,1,153.29,0.0,101.78
O0000969,P085,2,277.85,0.0,199.17
O0000969,P055,1,455.05,0.08,264.31
O0000970,P020,1,519.3,0.08,362.17
O0000971,P013,1,549.53,0.05,357.53
O0000972,P034,1,691.54,0.0,342.52
O0000973,P111,1,44.11,0.05,32.17
O0000974,P044,1,345.81,0.12,224.19
O0000975,P084,1,447.53,0.05,328.16
O0000976,P113,1,113.16,0.0,82.31
O0000977,P039,1,360.35,0.0,178.24
O0000978,P051,4,191.97,0.15,96.29
O0000978,P030,1,212.1,0.05,158.29
O0000979,P087,1,585.57,0.05,401.14
O0000980,P006,1,1875.9,0.08,1163.56
O0000981,P039,2,353.88,0.0,172.42
O0000982,P030,1,206.43,0.05,149.74
O0000983,P085,2,275.59,0.12,201.79
O0000984,P024,1,186.85,0.0,99.04
O0000985,P047,1,315.41,0.0,199.01
O0000986,P064,1,573.35,0.0,345.49
O0000987,P028,1,644.43,0.0,417.35
O0000988,P072,1,55.32,0.0,35.98
O0000989,P015,1,1127.52,0.0,755.17
O0000990,P054,1,149.05,0.0,80.64
O0000991,P093,1,233.05,0.05,111.67
O0000992,P071,2,728.19,0.0,339.81
O0000993,P071,1,753.79,0.08,339.76
O0000994,P023,1,268.36,0.0,130.87
O0000995,P006,2,1899.95,0.0,1111.83
O0000995,P002,2,2554.16,0.0,1511.89
O0000995,P105,1,162.61,0.0,97.3
O0000996,P004,1,1719.36,0.0,943.76
O0000996,P025,1,478.28,0.08,338.41
O0000996,P038,1,214.22,0.12,151.62
O0000996,P044,1,342.18,0.0,218.96
O0000997,P045,2,329.85,0.0,220.7
O0000998,P026,1,165.43,0.0,84.94
O0000999,P023,1,272.6,0.0,130.91
O0001000,P067,2,949.07,0.0,550.45
O0001000,P038,1,202.72,0.08,150.91
O0001001,P054,1,145.92,0.0,82.44
O0001002,P018,1,1836.94,0.08,1281.36
O0001003,P016,1,1423.61,0.12,955.24
O0001003,P072,1,54.75,0.03,35.54
O0001004,P094,3,368.85,0.0,191.75
O0001005,P004,3,1788.08,0.03,951.86
O0001006,P004,1,1869.67,0.0,932.86
O0001006,P092,2,624.13,0.0,398.21
O0001006,P046,1,271.93,0.0,196.68
O0001007,P036,1,251.0,0.0,173.78
O0001008,P013,1,562.78,0.0,370.89
O0001009,P035,1,577.16,0.0,392.63
O0001010,P065,2,1070.41,0.03,605.65
O0001010,P118,1,77.41,0.0,47.9
O0001010,P066,1,451.16,0.03,266.31
O0001011,P059,1,162.1,0.05,96.87
O0001011,P060,1,264.06,0.0,181.19
O0001011,P080,1,1029.88,0.05,679.25
O0001012,P019,2,2184.76,0.0,1434.07
O0001013,P042,1,188.63,0.03,117.26
O0001013,P015,1,1226.59,0.0,750.03
O0001013,P078,1,906.44,0.12,644.79
O0001014,P011,1,1359.73,0.03,753.08
O0001014,P107,1,236.82,0.0,140.19
O0001015,P088,1,101.83,0.05,54.22
O0001015,P063,2,216.8,0.0,102.64
O0001015,P055,1,492.93,0.05,270.87
O0001016,P020,2,527.44,0.0,372.23
O0001017,P036,1,242.9,0.0,175.68
O0001017,P026,1,172.56,0.08,82.32
O0001017,P117,1,129.96,0.0,92.13
O0001018,P039,3,360.18,0.08,179.32
O0001019,P014,1,231.03,0.0,169.9
O0001019,P018,1,1853.97,0.05,1265.01
O0001020,P092,3,634.2,0.05,391.74
O0001021,P037,1,38.41,0.0,21.24
O0001022,P084,2,484.21,0.0,331.33
O0001023,P115,4,91.9,0.08,52.94
O0001023,P054,1,148.2,0.0,81.58
O0001023,P035,2,602.37,0.0,378.06
O0001024,P035,3,615.66,0.0,377.69
O0001024,P008,2,1762.26,0.0,1051.06
O0001024,P031,1,429.72,0.03,286.11
O0001025,P057,3,204.52,0.0,112.16
O0001026,P109,2,172.05,0.0,111.5
O0001027,P044,1,326.23,0.03,226.27
O0001027,P038,3,201.03,0.0,152.8
O0001028,P071,1,726.41,0.0,345.87
O0001029,P120,1,142.77,0.0,91.72
O0001030,P077,1,49.95,0.08,27.04
O0001030,P025,1,466.2,0.05,338.56
O0001030,P013,3,587.8,0.03,361.08
O0001031,P091,1,235.8,0.0,155.53
O0001032,P063,1,227.39,0.0,104.42
O0001033,P067,1,939.13,0.08,542.89
O0001033,P091,1,240.59,0.08,157.08
O0001033,P001,1,304.37,0.05,149.89
O0001034,P079,1,786.8,0.0,361.0
O0001034,P019,1,2030.23,0.15,1449.64
O0001035,P045,1,330.11,0.03,214.3
O0001036,P012,1,2247.04,0.03,1386.88
O0001036,P091,1,232.87,0.08,159.28
O0001037,P070,1,53.17,0.0,27.78
O0001038,P109,1,171.05,0.0,109.13
O0001039,P055,1,455.65,0.05,260.71
O0001040,P007,1,532.87,0.0,304.87
O0001041,P021,3,334.45,0.08,204.14
O0001042,P098,1,30.35,0.0,22.82
O0001043,P018,1,1742.31,0.03,1326.88
O0001044,P107,2,228.35,0.0,142.25
O0001045,P040,1,317.13,0.0,167.59
O0001046,P070,1,54.18,0.05,27.54
O0001047,P010,1,1106.3,0.0,581.16
O0001047,P069,1,1391.61,0.0,843.77
O0001048,P097,1,316.27,0.05,212.63
O0001049,P033,2,118.4,0.03,53.97
O0001049,P020,1,501.05,0.03,370.19
O0001050,P103,3,172.25,0.0,128.34
O0001051,P058,3,590.02,0.0,300.55
O0001051,P046,2,265.96,0.0,199.81
O0001052,P040,1,324.69,0.08,164.64
O0001053,P074,2,70.83,0.0,42.76
O0001053,P032,1,192.75,0.0,98.75
O0001054,P077,2,45.47,0.0,28.13
O0001055,P095,1,604.85,0.12,310.59
O0001055,P115,1,90.68,0.05,52.13
O0001055,P108,2,44.89,0.0,19.52
O0001055,P110,2,54.16,0.0,28.16
O0001056,P117,2,132.59,0.03,93.59
O0001057,P049,2,82.49,0.0,39.54
O0001058,P003,2,1183.22,0.05,665.29
O0001059,P079,1,765.1,0.0,362.09
O0001060,P036,1,257.32,0.0,179.87
O0001060,P034,1,670.89,0.0,351.92
O0001060,P052,1,114.83,0.03,84.69
O0001060,P050,2,255.59,0.0,139.84
O0001061,P007,1,568.11,0.0,296.36
O0001062,P035,1,563.22,0.05,377.92
O0001063,P033,1,113.63,0.0,53.64
O0001064,P002,1,2399.45,0.0,1542.96
O0001065,P075,1,1012.45,0.03,603.28
O0001066,P023,3,267.21,0.05,127.02
O0001067,P041,2,102.07,0.0,52.56
O0001068,P109,2,169.63,0.08,111.36
O0001068,P072,1,57.43,0.05,35.01
O0001069,P113,1,110.87,0.0,78.35
O0001069,P038,2,211.35,0.08,154.35
O0001070,P063,1,227.57,0.0,101.64
O0001071,P067,2,900.91,0.08,555.1
O0001072,P106,2,203.16,0.0,136.34
O0001073,P028,1,659.8,0.15,400.79
O0001074,P069,1,1474.31,0.0,834.55
O0001074,P024,1,188.83,0.0,96.54
O0001074,P034,1,708.12,0.0,341.61
O0001075,P015,1,1123.65,0.08,766.32
O0001076,P086,2,450.87,0.0,327.88
O0001077,P025,2,445.61,0.08,337.94
O0001077,P019,2,2164.46,0.03,1453.62
O0001077,P061,1,83.87,0.05,43.36
O0001078,P010,1,1196.39,0.05,585.76
O0001078,P001,2,312.03,0.0,149.02
O0001079,P060,1,257.49,0.0,180.68
O0001079,P082,1,111.81,0.03,66.61
O0001080,P020,2,500.7,0.0,366.06
O0001080,P026,1,164.23,0.08,83.12
O0001081,P013,3,580.93,0.0,370.23
O0001082,P006,1,1884.26,0.0,1164.26
O0001083,P026,1,166.62,0.12,84.43
O0001083,P049,1,79.04,0.12,38.04
O0001084,P021,1,334.82,0.12,200.95
O0001084,P006,1,1994.21,0.12,1116.36
O0001084,P065,2,1058.87,0.0,621.08
O0001085,P072,1,56.19,0.0,35.12
O0001086,P038,1,201.62,0.05,156.32
O0001086,P010,2,1184.73,0.15,596.32
O0001087,P032,1,196.58,0.0,103.05
O0001088,P023,1,276.51,0.0,130.02
O0001089,P001,1,296.25,0.12,152.99
O0001090,P059,1,160.31,0.15,93.8
O0001090,P028,1,645.59,0.05,419.81
O0001091,P035,3,564.19,0.0,392.59
O0001092,P012,3,2180.23,0.08,1371.58
O0001092,P093,3,229.49,0.0,113.55
O0001092,P026,1,159.59,0.0,85.86
O0001093,P111,1,41.1,0.05,31.84
O0001094,P027,1,636.32,0.03,382.47
O0001095,P059,2,169.14,0.0,92.84
O0001095,P051,1,200.25,0.03,94.66
O0001095,P070,2,53.05,0.12,27.71
O0001096,P046,1,281.91,0.0,197.43
O0001097,P100,4,311.93,0.0,187.51
O0001098,P099,1,161.33,0.08,99.65
O0001099,P103,1,171.75,0.0,127.34
O0001100,P019,1,2017.8,0.08,1472.98
O0001100,P118,3,79.21,0.03,48.17
O0001100,P011,1,1288.91,0.0,777.8
O0001101,P062,2,1424.78,0.0,1099.41
O0001102,P112,2,61.85,0.0,36.75
O0001103,P064,1,542.73,0.0,336.14
O0001103,P079,1,741.77,0.0,361.89
O0001104,P072,2,52.99,0.05,35.92
O0001104,P037,1,39.39,0.08,21.71
O0001105,P114,1,135.93,0.0,60.94
O0001106,P019,3,2073.47,0.0,1437.96
O0001107,P066,2,474.87,0.05,265.69
O0001108,P014,1,241.02,0.0,166.22
O0001109,P101,2,29.7,0.0,17.63
O0001110,P071,1,708.43,0.03,352.03
O0001111,P057,1,213.49,0.0,110.12
O0001112,P101,2,28.62,0.05,17.77
O0001113,P038,2,218.49,0.12,152.48
O0001114,P109,1,166.36,0.0,110.02
O0001114,P076,3,267.31,0.15,133.63
O0001115,P050,1,244.53,0.0,147.96
O0001116,P014,3,227.77,0.0,166.89
O0001117,P023,4,284.98,0.03,130.0
O0001118,P028,1,622.69,0.05,420.57
O0001118,P023,1,289.09,0.05,128.02
O0001118,P043,2,131.56,0.0,75.5
O0001119,P066,1,452.37,0.0,269.12
O0001120,P016,1,1381.62,0.0,976.61
O0001121,P036,2,256.29,0.0,175.61
O0001122,P082,1,109.5,0.12,64.92
O0001123,P093,1,235.7,0.0,112.91
O0001124,P045,1,319.35,0.0,212.01
O0001125,P012,1,2165.91,0.08,1386.77
O0001126,P049,2,79.74,0.0,38.51
O0001127,P064,1,551.97,0.0,334.16
O0001127,P018,2,1776.65,0.05,1280.85
O0001128,P007,1,572.76,0.0,290.07
O0001128,P015,1,1235.0,0.12,757.69
O0001128,P089,1,240.84,0.0,105.12
O0001129,P059,1,171.54,0.0,93.44
O0001130,P058,3,582.87,0.08,308.46
O0001131,P039,1,384.39,0.03,175.4
O0001132,P034,2,716.45,0.05,349.52
O0001133,P031,2,421.62,0.08,284.87
O0001133,P090,1,174.39,0.0,93.8
O0001134,P025,2,468.12,0.0,333.21
O0001134,P038,1,218.02,0.05,150.19
O0001135,P084,1,464.83,0.12,328.3
O0001135,P013,1,551.39,0.05,353.3
O0001136,P091,1,229.28,0.0,156.0
O0001137,P002,1,2505.65,0.05,1498.37
O0001138,P066,1,483.73,0.12,272.59
O0001139,P032,1,193.96,0.05,101.79
O0001139,P003,1,1271.04,0.08,663.4
O0001140,P011,1,1256.43,0.08,761.11
O0001141,P062,2,1416.9,0.0,1058.82
O0001141,P105,1,148.39,0.0,102.3
O0001142,P067,1,930.99,0.08,548.96
O0001143,P008,3,1919.49,0.0,1050.73
O0001144,P118,1,78.32,0.08,48.69
O0001145,P018,1,1764.52,0.0,1296.5
O0001146,P016,1,1461.01,0.12,951.59
O0001147,P088,1,103.06,0.0,52.9
O0001147,P061,1,83.34,0.08,42.09
O0001148,P104,1,214.27,0.03,131.97
O0001149,P075,1,1066.95,0.05,583.15
O0001150,P014,1,223.56,0.03,168.44
O0001151,P060,1,252.45,0.08,172.55
O0001151,P016,1,1483.5,0.0,963.96
O0001152,P080,1,1006.26,0.0,654.55
O0001153,P101,2,30.19,0.0,17.09
O0001154,P001,1,307.9,0.12,144.66
O0001154,P031,2,423.82,0.0,287.3
O0001154,P105,1,156.02,0.03,101.94
O0001155,P058,2,609.57,0.08,298.45
O0001156,P051,2,198.61,0.0,94.02
O0001157,P015,1,1223.68,0.0,758.03
O0001158,P079,4,748.37,0.0,369.07
O0001159,P090,3,185.07,0.0,94.38
O0001160,P008,3,1888.45,0.0,1094.14
O0001161,P086,1,465.18,0.0,326.61
O0001162,P088,1,99.32,0.03,54.91
O0001163,P091,2,232.73,0.0,159.67
O0001164,P005,1,2027.63,0.0,1297.97
O0001164,P059,1,168.81,0.03,97.35
O0001165,P030,1,208.12,0.05,150.58
O0001165,P078,2,847.09,0.08,630.13
O0001166,P067,1,949.62,0.0,553.41
O0001167,P056,1,376.4,0.03,258.54
O0001168,P052,2,115.79,0.12,85.49
O0001169,P058,2,575.33,0.0,303.67
O0001170,P028,1,628.24,0.05,402.52
O0001171,P061,3,81.11,0.05,43.57
O0001171,P085,1,295.95,0.0,195.23
O0001172,P022,1,377.13,0.05,253.85
O0001172,P057,2,199.81,0.0,113.06
O0001173,P096,1,551.45,0.0,344.99
O0001173,P017,3,1838.0,0.05,877.93
O0001174,P082,2,112.82,0.0,65.25
O0001174,P028,1,636.57,0.0,408.64
O0001175,P059,1,162.25,0.08,96.23
O0001175,P010,1,1180.79,0.08,611.66
O0001176,P028,2,646.11,0.05,419.67
O0001177,P034,1,663.98,0.0,333.54
O0001178,P081,1,355.31,0.08,185.05
O0001179,P120,1,148.95,0.0,87.13
O0001179,P105,1,150.85,0.0,96.71
O0001179,P104,2,230.99,0.0,135.09
O0001180,P027,1,628.2,0.0,391.05
O0001180,P047,2,293.29,0.08,203.28
O0001181,P067,2,892.71,0.03,544.69
O0001181,P018,1,1741.71,0.0,1298.39
O0001181,P058,2,560.02,0.12,293.93
O0001182,P024,1,191.94,0.03,96.96
O0001182,P067,1,903.07,0.12,531.24
O0001183,P109,4,173.84,0.05,109.64
O0001183,P022,1,395.98,0.0,253.69
O0001184,P090,2,183.72,0.0,97.16
O0001185,P014,3,230.66,0.0,169.02
O0001186,P022,3,397.64,0.0,249.04
O0001187,P033,2,116.85,0.08,53.55
O0001187,P013,3,573.55,0.0,361.82
O0001188,P089,2,228.39,0.03,107.59
O0001189,P073,1,579.81,0.0,299.81
O0001190,P068,1,1171.76,0.08,651.37
O0001190,P043,2,138.54,0.0,73.71
O0001191,P117,1,124.59,0.05,92.07
O0001192,P023,1,264.29,0.15,131.69
O0001192,P106,1,201.83,0.05,137.64
O0001193,P006,1,1936.0,0.0,1161.41
O0001194,P028,1,604.5,0.08,400.9
O0001195,P021,2,356.94,0.12,199.31
O0001196,P075,1,989.99,0.08,591.69
O0001196,P001,2,290.34,0.0,153.12
O0001197,P049,1,77.26,0.0,39.63
O0001198,P097,1,304.04,0.0,206.57
O0001199,P116,1,99.33,0.03,50.84
O0001200,P021,1,340.78,0.08,208.38
O0001201,P072,3,52.71,0.05,35.77
O0001202,P033,2,112.5,0.0,53.47
O0001203,P012,1,2294.06,0.05,1346.4
O0001203,P017,1,1827.62,0.12,888.67
O0001204,P012,1,2243.51,0.0,1377.25
O0001205,P066,1,467.38,0.0,263.81
O0001206,P031,1,412.58,0.05,287.55
O0001207,P084,1,470.29,0.0,332.49
O0001207,P103,3,164.03,0.08,126.87
O0001208,P105,1,152.95,0.0,99.24
O0001209,P044,1,324.37,0.05,227.26
O0001210,P037,4,35.99,0.03,21.34
O0001210,P028,1,613.84,0.0,403.58
O0001210,P111,1,44.41,0.0,31.81
O0001211,P079,1,789.18,0.03,368.51
O0001212,P063,1,232.77,0.0,100.75
O0001213,P037,3,37.25,0.05,21.66
O0001214,P120,2,143.86,0.0,92.11
O0001215,P071,1,749.6,0.0,343.34
O0001216,P017,2,1914.81,0.05,895.92
O0001217,P012,1,2207.94,0.0,1393.71
O0001218,P071,1,722.51,0.0,348.12
O0001219,P086,1,446.54,0.08,340.49
O0001219,P105,1,159.83,0.0,100.63
O0001220,P052,2,117.38,0.05,84.61
O0001220,P072,1,52.99,0.0,35.09
O0001221,P094,1,355.03,0.03,189.08
O0001222,P004,2,1705.81,0.03,956.8
O0001222,P066,1,476.53,0.03,269.3
O0001222,P010,1,1100.15,0.03,616.21
O0001223,P027,1,628.88,0.0,382.16
O0001224,P033,1,115.24,0.0,53.43
O0001225,P014,1,238.18,0.0,166.07
O0001226,P112,1,62.59,0.03,37.3
O0001227,P030,1,197.87,0.12,155.66
O0001228,P017,1,1808.24,0.08,867.0
O0001229,P031,1,447.38,0.08,286.11
O0001230,P120,2,150.23,0.0,87.3
O0001231,P037,1,36.35,0.0,21.37
O0001232,P034,2,714.36,0.0,336.99
O0001233,P010,1,1190.68,0.05,584.6
O0001233,P046,1,279.89,0.0,194.94
O0001233,P078,1,881.81,0.05,643.92
O0001233,P043,1,136.2,0.0,76.07
O0001234,P018,1,1742.71,0.05,1312.5
O0001235,P107,1,222.18,0.08,147.01
O0001235,P002,1,2343.77,0.0,1523.36
O0001236,P105,2,150.96,0.0,101.61
O0001237,P086,1,438.87,0.0,330.99
O0001238,P096,1,523.53,0.0,354.67
O0001238,P069,2,1467.45,0.0,815.68
O0001239,P099,1,155.38,0.05,99.94
O0001240,P036,4,261.92,0.03,173.37
O0001240,P040,1,331.76,0.03,170.22
O0001241,P017,2,1874.06,0.12,871.01
O0001242,P024,2,186.34,0.0,97.71
O0001243,P079,1,775.81,0.03,369.08
O0001244,P027,4,646.83,0.15,377.21
O0001245,P034,2,725.37,0.0,334.83
O0001246,P007,2,559.94,0.08,304.47
O0001247,P015,2,1189.55,0.15,742.61
O0001248,P068,1,1117.18,0.0,645.49
O0001249,P042,1,194.69,0.08,119.32
O0001250,P068,1,1211.26,0.12,638.82
O0001251,P113,1,111.72,0.0,81.12
O0001251,P014,1,222.97,0.0,170.94
O0001252,P028,1,652.37,0.05,417.47
O0001253,P049,1,76.51,0.0,40.07
O0001253,P081,2,351.5,0.0,188.76
O0001254,P088,1,103.15,0.0,53.07
O0001254,P064,1,558.79,0.0,329.37
O0001254,P106,2,208.13,0.03,133.9
O0001255,P059,1,165.77,0.0,96.37
O0001255,P034,2,714.76,0.12,352.37
O0001256,P080,1,969.41,0.05,685.26
O0001257,P069,2,1386.26,0.05,817.74
O0001257,P072,2,56.79,0.08,35.41
O0001258,P019,1,2139.27,0.03,1436.18
O0001259,P016,1,1367.83,0.05,978.52
O0001259,P002,3,2569.59,0.03,1476.08
O0001260,P029,2,197.68,0.03,114.51
O0001260,P026,1,170.46,0.03,82.73
O0001261,P013,1,532.55,0.08,368.95
O0001262,P106,1,207.48,0.0,134.97
O0001263,P041,2,100.48,0.15,52.55
O0001264,P022,3,380.35,0.0,252.56
O0001265,P041,1,105.68,0.03,52.61
O0001266,P116,2,101.35,0.0,49.03
O0001267,P085,1,295.62,0.0,198.1
O0001268,P073,1,606.05,0.0,299.48
O0001269,P073,1,575.9,0.0,298.56
O0001269,P106,1,216.47,0.0,133.66
O0001270,P048,4,512.18,0.0,303.84
O0001270,P057,2,202.88,0.0,114.17
O0001271,P080,1,973.83,0.08,683.95
O0001272,P051,2,203.71,0.0,96.49
O0001273,P028,3,656.07,0.08,399.2
O0001274,P120,1,148.49,0.0,88.0
O0001275,P034,1,658.99,0.05,335.25
O0001276,P080,1,1018.01,0.0,676.08
O0001277,P023,1,279.28,0.0,126.42
O0001278,P058,1,592.21,0.0,300.3
O0001278,P077,1,47.47,0.0,28.18
O0001278,P005,1,2078.45,0.03,1314.28
O0001279,P100,2,289.44,0.0,189.72
O0001280,P021,2,333.91,0.05,201.31
O0001281,P022,1,407.75,0.0,258.25
O0001281,P103,1,164.79,0.0,125.66
O0001281,P056,2,355.5,0.0,250.08
O0001282,P055,2,450.8,0.05,260.69
O0001282,P045,2,303.35,0.12,215.28
O0001282,P059,2,159.8,0.08,92.8
O0001282,P006,2,1985.19,0.0,1147.9
O0001283,P003,3,1220.36,0.0,657.06
O0001283,P051,1,202.34,0.12,96.04
O0001283,P021,1,355.04,0.0,208.09
O0001284,P118,3,76.26,0.0,50.1
O0001285,P012,2,2267.11,0.12,1332.32
O0001285,P047,1,313.45,0.0,198.46
O0001286,P033,1,117.9,0.05,51.76
O0001287,P107,1,216.65,0.03,143.75
O0001288,P010,1,1146.78,0.0,591.59
O0001289,P071,1,754.03,0.08,336.54
O0001290,P120,2,148.27,0.0,92.04
O0001290,P049,2,81.44,0.05,39.17
O0001291,P106,1,213.22,0.0,131.82
O0001291,P099,1,160.51,0.0,104.0
O0001292,P072,1,56.89,0.0,34.72
O0001292,P096,2,525.72,0.0,338.89
O0001293,P109,1,163.24,0.05,112.31
O0001294,P010,1,1096.23,0.08,596.57
O0001294,P038,1,212.94,0.0,158.03
O0001295,P118,3,80.48,0.05,47.77
O0001296,P110,1,55.16,0.05,27.05
O0001297,P107,1,236.08,0.0,145.77
O0001298,P037,1,37.69,0.0,20.71
O0001299,P008,2,1860.07,0.0,1068.27
O0001300,P038,2,198.97,0.03,158.01
O0001301,P072,1,57.16,0.0,36.68
O0001302,P038,1,217.69,0.0,150.35
O0001302,P005,1,2032.99,0.12,1362.31
O0001303,P111,1,42.53,0.0,31.18
O0001304,P038,1,217.8,0.12,150.62
O0001305,P056,1,381.13,0.08,264.77
O0001305,P049,1,78.47,0.0,39.12
O0001306,P097,1,304.58,0.0,211.56
O0001307,P086,1,458.18,0.0,336.77
O0001308,P120,1,148.81,0.03,88.61
O0001309,P116,3,107.8,0.0,49.17
O0001310,P093,2,230.13,0.0,110.05
O0001310,P072,1,57.59,0.0,35.79
O0001311,P080,2,937.02,0.05,673.44
O0001312,P025,2,478.31,0.0,341.9
O0001312,P052,2,121.93,0.0,87.33
O0001313,P022,1,404.78,0.05,249.23
O0001314,P079,2,770.81,0.05,368.66
O0001315,P067,1,948.25,0.0,556.47
O0001315,P051,3,196.05,0.05,98.7
O0001316,P001,1,288.48,0.0,147.41
O0001317,P030,1,213.86,0.0,155.16
O0001318,P086,2,449.04,0.05,335.31
O0001318,P037,3,39.06,0.15,20.98
O0001319,P118,1,79.18,0.0,47.57
O0001319,P094,2,348.66,0.0,185.99
O0001320,P073,2,582.76,0.0,298.7
O0001321,P111,1,41.75,0.0,32.45
O0001322,P113,1,110.15,0.0,81.24
O0001323,P032,1,202.73,0.05,99.03
O0001324,P043,1,133.82,0.0,76.24
O0001325,P042,1,187.31,0.08,116.97
O0001326,P026,1,166.9,0.0,86.63
O0001326,P037,3,36.52,0.0,21.24
O0001327,P024,1,180.27,0.08,99.01
O0001328,P082,1,114.25,0.0,66.1
O0001329,P088,1,98.45,0.0,55.29
O0001330,P118,4,81.9,0.03,50.12
O0001331,P059,1,165.8,0.03,95.3
O0001332,P098,2,33.51,0.12,23.53
O0001333,P058,1,568.68,0.0,299.39
O0001334,P031,1,413.91,0.0,287.63
O0001334,P004,3,1832.41,0.05,941.0
O0001335,P075,4,1010.63,0.0,601.4
O0001336,P001,4,303.86,0.03,153.13
O0001336,P067,1,934.21,0.08,543.49
O0001336,P013,2,580.41,0.0,359.47
O0001336,P108,3,44.5,0.08,20.26
O0001337,P012,1,2255.0,0.12,1387.57
O0001338,P013,1,533.92,0.0,368.3
O0001338,P017,1,1839.85,0.0,859.58
O0001339,P035,1,578.23,0.03,380.51
O0001340,P072,2,57.16,0.0,35.59
O0001341,P008,2,1931.69,0.0,1043.49
O0001342,P107,1,237.05,0.0,143.53
O0001343,P038,1,201.54,0.08,151.67
O0001343,P065,1,1022.6,0.0,601.76
O0001344,P056,2,374.83,0.0,256.72
O0001345,P079,2,734.91,0.0,361.18
O0001346,P001,1,292.21,0.05,145.02
O0001347,P027,2,599.66,0.0,388.21
O0001348,P048,1,488.66,0.03,301.18
O0001348,P061,1,84.46,0.03,43.09
O0001349,P113,2,113.68,0.05,81.53
O0001350,P103,1,171.6,0.0,124.28
O0001351,P028,2,618.54,0.0,396.71
O0001351,P095,1,633.32,0.08,309.18
O0001351,P085,1,290.87,0.08,205.24
O0001352,P006,2,1866.2,0.12,1161.01
O0001353,P057,1,214.74,0.0,113.18
O0001353,P044,1,323.8,0.0,218.5
O0001354,P015,1,1171.16,0.0,740.74
O0001354,P023,2,274.51,0.0,130.94
O0001354,P008,2,1814.52,0.0,1102.57
O0001355,P051,1,189.17,0.03,95.74
O0001356,P110,1,54.99,0.0,28.47
O0001357,P023,1,266.42,0.03,128.25
O0001358,P049,1,78.79,0.03,39.82
O0001359,P044,2,321.98,0.05,226.63
O0001359,P037,1,39.1,0.05,21.18
O0001360,P062,1,1446.01,0.08,1058.47
O0001360,P050,1,233.5,0.0,141.56
O0001360,P002,1,2450.38,0.0,1522.93
O0001361,P072,2,53.31,0.0,35.33
O0001362,P011,1,1334.75,0.0,754.37
O0001363,P094,2,364.53,0.08,187.05
O0001364,P054,1,152.79,0.05,80.75
O0001365,P016,1,1412.0,0.03,953.94
O0001366,P034,1,659.37,0.05,335.18
O0001366,P068,2,1106.17,0.0,637.8
O0001367,P055,1,447.47,0.0,271.33
O0001368,P024,1,183.31,0.03,99.51
O0001369,P015,2,1150.25,0.0,738.53
O0001369,P044,1,325.58,0.05,226.37
O0001370,P025,1,449.29,0.0,326.24
O0001371,P038,2,209.48,0.0,149.79
O0001371,P106,1,214.83,0.12,131.22
O0001371,P034,1,699.2,0.0,350.63
O0001372,P107,2,219.09,0.03,140.36
O0001373,P007,2,549.82,0.0,292.78
O0001373,P038,1,215.53,0.03,150.37
O0001374,P065,3,1064.91,0.0,620.46
O0001375,P038,2,200.0,0.05,154.58
O0001376,P055,4,490.1,0.03,260.74
O0001376,P073,2,594.15,0.15,297.93
O0001376,P090,2,183.67,0.08,94.71
O0001377,P002,3,2485.67,0.0,1521.05
O0001377,P102,1,208.93,0.03,145.83
O0001377,P019,3,2033.04,0.03,1459.84
O0001378,P003,2,1231.21,0.08,652.65
O0001379,P085,2,275.35,0.03,203.9
O0001380,P091,2,228.55,0.0,162.33
O0001381,P112,1,59.73,0.0,38.09
O0001382,P111,1,41.43,0.0,31.81
O0001382,P119,2,140.18,0.0,76.83
O0001382,P099,1,157.17,0.0,99.66
O0001383,P114,1,137.99,0.03,62.05
O0001384,P075,1,1044.2,0.03,576.82
O0001384,P016,1,1380.18,0.0,959.17
O0001384,P088,2,96.7,0.08,55.61
O0001385,P083,1,236.07,0.03,119.83
O0001386,P088,2,98.06,0.0,53.59
O0001387,P060,1,255.39,0.0,177.54
O0001388,P004,1,1748.17,0.0,931.56
O0001389,P027,1,617.52,0.15,382.15
O0001390,P036,2,256.0,0.0,174.12
O0001391,P065,1,1082.4,0.03,602.85
O0001392,P091,1,225.4,0.0,164.7
O0001393,P114,2,139.03,0.0,60.15
O0001394,P028,1,623.22,0.0,403.18
O0001395,P014,1,219.38,0.0,169.87
O0001395,P040,1,321.58,0.12,170.09
O0001396,P045,2,320.1,0.08,212.97
O0001397,P074,1,71.33,0.08,43.01
O0001398,P100,2,305.44,0.08,187.57
O0001398,P030,1,214.59,0.0,157.16
O0001399,P004,3,1717.84,0.08,944.47
O0001399,P029,1,187.07,0.03,111.85
O0001400,P022,2,396.15,0.0,258.29
O0001401,P088,2,94.35,0.05,52.86
O0001401,P086,1,434.62,0.05,329.59
O0001402,P066,2,490.13,0.03,267.09
O0001403,P119,1,138.37,0.0,80.52
O0001404,P030,2,216.89,0.05,156.66
O0001405,P096,2,542.78,0.0,349.21
O0001406,P012,1,2340.72,0.0,1357.19
O0001407,P070,1,51.9,0.0,28.22
O0001407,P032,2,190.4,0.05,97.29
O0001407,P098,2,30.37,0.03,23.03
O0001408,P038,1,211.0,0.0,154.59
O0001408,P065,1,1095.97,0.08,605.66
O0001409,P009,2,119.41,0.05,84.62
O0001409,P106,2,216.81,0.0,131.46
O0001409,P063,1,227.55,0.15,101.04
O0001410,P057,1,214.65,0.05,114.59
O0001410,P019,1,2203.75,0.0,1464.23
O0001411,P039,1,379.15,0.0,178.32
O0001412,P117,2,127.78,0.03,92.43
O0001413,P008,1,1766.93,0.12,1077.37
O0001414,P080,1,947.01,0.03,658.09
O0001415,P039,2,382.52,0.0,180.3
O0001415,P101,2,28.62,0.05,17.62
O0001415,P010,1,1190.15,0.0,591.74
O0001415,P094,3,362.02,0.03,186.36
O0001416,P031,1,447.95,0.0,289.72
O0001417,P027,1,633.42,0.03,381.57
O0001417,P066,1,463.21,0.05,269.24
O0001418,P002,1,2377.67,0.0,1513.12
O0001418,P026,1,168.72,0.0,83.27
O0001419,P095,1,598.76,0.0,303.78
O0001419,P114,1,138.56,0.0,62.63
O0001419,P081,1,338.53,0.05,186.1
O0001419,P049,1,81.13,0.0,38.08
O0001420,P070,1,53.21,0.0,28.88
O0001421,P057,1,220.52,0.0,108.68
O0001421,P090,1,175.66,0.0,95.13
O0001421,P109,1,165.12,0.0,113.51
O0001422,P010,1,1159.37,0.05,596.29
O0001422,P078,1,886.04,0.0,663.4
O0001423,P059,1,165.44,0.0,95.69
O0001424,P030,1,202.6,0.0,153.6
O0001425,P035,1,588.6,0.05,379.3
O0001426,P104,2,224.81,0.08,133.57
O0001427,P063,1,225.02,0.0,105.2
O0001427,P112,1,62.73,0.05,38.51
O0001428,P119,1,139.64,0.0,76.89
O0001429,P096,2,511.07,0.0,350.96
O0001429,P063,1,225.83,0.08,101.75
O0001430,P104,1,220.85,0.05,137.81
O0001430,P063,2,216.62,0.08,99.95
O0001430,P082,1,115.18,0.12,66.4
O0001431,P041,1,109.52,0.0,53.9
O0001431,P066,1,454.93,0.0,262.63
O0001432,P035,2,588.06,0.0,379.87
O0001433,P107,1,222.77,0.03,143.09
O0001434,P055,1,457.19,0.08,265.2
O0001434,P066,2,476.83,0.12,260.25
O0001435,P060,1,256.23,0.0,178.94
O0001436,P043,1,129.05,0.0,73.8
O0001437,P038,1,198.72,0.03,151.81
O0001438,P044,1,341.67,0.08,218.56
O0001439,P115,1,93.06,0.0,51.84
O0001440,P013,3,577.24,0.0,354.23
O0001441,P018,1,1848.38,0.0,1306.3
O0001441,P016,1,1425.29,0.12,958.93
O0001441,P090,2,178.26,0.0,95.54
O0001442,P013,1,552.0,0.0,351.6
O0001442,P117,1,129.85,0.12,92.33
O0001443,P013,1,534.36,0.0,362.07
O0001444,P063,1,215.46,0.05,99.74
O0001445,P082,2,110.19,0.0,66.56
O0001446,P070,2,55.37,0.0,28.4
O0001447,P004,2,1719.76,0.0,913.63
O0001447,P078,1,900.14,0.08,630.3
O0001448,P079,1,731.4,0.0,371.85
O0001449,P068,1,1164.25,0.08,644.1
O0001449,P023,1,264.34,0.0,126.81
O0001450,P025,2,479.85,0.12,333.55
O0001451,P110,1,54.45,0.0,28.45
O0001452,P070,1,55.74,0.05,27.69
O0001453,P066,1,465.52,0.0,273.71
O0001453,P064,1,535.86,0.0,342.38
O0001453,P071,2,718.93,0.05,344.41
O0001454,P081,2,337.97,0.0,187.06
O0001454,P003,1,1226.67,0.0,649.54
O0001454,P036,2,261.55,0.0,177.74
O0001455,P069,1,1339.71,0.0,852.91
O0001455,P057,1,219.45,0.0,111.46
O0001456,P012,1,2339.43,0.0,1354.16
O0001457,P007,1,559.0,0.0,290.68
O0001457,P014,1,224.34,0.0,164.8
O0001458,P057,1,214.33,0.0,113.74
O0001458,P053,1,89.63,0.0,41.12
O0001459,P064,3,572.19,0.0,339.26
O0001460,P036,1,257.05,0.0,174.3
O0001461,P045,1,317.6,0.0,209.97
O0001462,P103,2,175.3,0.0,127.98
O0001463,P115,2,95.43,0.05,54.24
O0001464,P097,1,311.21,0.0,213.1
O0001465,P091,1,228.16,0.0,161.74
O0001465,P054,2,158.09,0.08,78.02
O0001465,P116,2,102.48,0.0,51.16
O0001466,P043,1,139.74,0.0,74.27
O0001466,P069,1,1391.27,0.05,823.51
O0001466,P008,2,1926.7,0.0,1072.0
O0001467,P108,1,44.75,0.03,19.68
O0001468,P092,1,653.58,0.0,382.43
O0001469,P004,1,1698.96,0.0,922.66
O0001470,P029,1,192.5,0.05,111.81
O0001471,P045,2,303.64,0.0,218.74
O0001471,P024,1,188.19,0.0,96.34
O0001471,P052,1,115.81,0.0,88.43
O0001472,P002,1,2497.41,0.0,1484.72
O0001473,P110,1,54.14,0.08,28.14
O0001474,P065,2,1023.07,0.08,614.28
O0001474,P075,1,995.65,0.0,598.58
O0001474,P056,1,391.03,0.05,261.82
O0001475,P007,1,532.96,0.0,295.45
O0001476,P104,1,227.13,0.0,133.71
O0001477,P075,1,1075.49,0.08,584.07
O0001478,P090,1,172.95,0.08,96.14
O0001478,P059,1,169.51,0.0,92.75
O0001479,P083,1,247.74,0.05,124.71
O0001480,P110,2,54.73,0.0,27.71
O0001481,P111,1,41.81,0.0,31.11
O0001482,P027,1,627.56,0.05,373.25
O0001482,P120,1,144.08,0.0,87.17
O0001482,P082,1,113.18,0.0,64.4
O0001482,P063,1,220.1,0.0,104.34
O0001483,P028,2,608.47,0.0,406.63
O0001483,P006,3,1908.32,0.0,1144.53
O0001484,P112,2,59.63,0.03,38.13
O0001484,P120,1,152.03,0.15,89.01
O0001485,P014,1,221.75,0.08,163.4
O0001485,P008,3,1882.33,0.05,1069.92
O0001486,P061,2,83.24,0.05,41.42
O0001487,P098,1,31.83,0.0,22.7
O0001487,P065,3,1049.65,0.0,624.39
O0001487,P010,1,1167.45,0.0,601.22
O0001488,P013,1,561.0,0.0,362.62
O0001489,P079,1,768.99,0.0,361.95
O0001490,P010,1,1184.66,0.03,605.45
O0001491,P015,1,1206.31,0.08,749.84
O0001491,P026,1,175.47,0.03,86.8
O0001492,P002,2,2480.01,0.08,1517.25
O0001493,P075,2,1002.35,0.0,607.33
O0001494,P030,1,207.52,0.0,158.5
O0001495,P056,3,387.87,0.0,260.29
O0001495,P102,1,227.46,0.03,148.23
O0001496,P102,1,213.28,0.12,151.53
O0001496,P031,1,420.02,0.0,278.82
O0001496,P114,2,133.49,0.12,63.18
O0001497,P070,3,53.19,0.05,28.37
O0001497,P055,3,469.45,0.0,263.99
O0001497,P004,1,1832.44,0.0,910.72
O0001498,P004,1,1825.96,0.0,924.65
O0001499,P105,1,160.44,0.05,102.19
O0001500,P093,1,238.55,0.03,110.34
O0001501,P010,1,1133.92,0.0,589.8
O0001502,P067,1,968.55,0.0,533.62
O0001503,P018,1,1840.82,0.03,1307.35
O0001504,P015,1,1189.22,0.0,727.58
O0001504,P120,1,149.9,0.05,92.09
O0001505,P065,2,1076.67,0.12,622.15
O0001506,P085,3,288.75,0.0,204.69
O0001506,P030,1,205.57,0.03,155.67
O0001507,P011,2,1341.44,0.0,763.78
O0001508,P093,2,245.64,0.03,114.0
O0001509,P036,2,260.34,0.03,181.48
O0001510,P025,2,460.39,0.08,328.47
O0001510,P073,2,568.81,0.0,301.08
O0001510,P064,2,560.87,0.0,342.04
O0001511,P096,2,547.22,0.0,338.77
O0001512,P019,1,2120.57,0.12,1417.07
O0001512,P010,2,1146.68,0.08,587.76
O0001512,P031,3,411.5,0.0,288.01
O0001513,P037,1,38.23,0.05,21.3
O0001514,P016,2,1474.78,0.0,977.62
O0001515,P096,1,523.33,0.12,339.58
O0001516,P100,1,286.64,0.05,189.92
O0001517,P086,1,458.79,0.03,323.98
O0001517,P022,1,405.83,0.05,254.25
O0001518,P075,1,1064.0,0.03,578.93
O0001518,P067,2,901.23,0.0,562.14
O0001519,P114,1,140.53,0.0,61.66
O0001520,P077,2,47.98,0.08,27.14
O0001521,P075,4,1053.64,0.08,580.62
O0001521,P045,1,321.88,0.0,208.83
O0001521,P043,1,126.99,0.0,75.19
O0001522,P022,2,388.88,0.03,251.89
O0001523,P115,1,89.87,0.0,51.52
O0001524,P003,1,1251.34,0.03,663.24
O0001525,P010,1,1135.71,0.0,588.24
O0001526,P025,3,480.76,0.0,325.62
O0001526,P033,2,120.62,0.0,50.88
O0001527,P120,1,145.7,0.08,90.87
O0001528,P105,1,153.61,0.0,96.81
O0001529,P104,1,228.79,0.03,134.57
O0001530,P014,1,241.49,0.08,170.58
O0001531,P099,2,158.32,0.0,100.29
O0001532,P112,3,64.16,0.0,38.57
O0001533,P060,1,267.93,0.0,181.21
O0001534,P052,1,120.88,0.0,85.4
O0001535,P060,1,254.76,0.12,172.75
O0001535,P098,1,32.04,0.03,22.82
O0001536,P103,2,169.19,0.0,125.63
O0001537,P052,2,122.61,0.0,88.81
O0001538,P101,1,29.03,0.12,17.01
O0001539,P049,1,80.45,0.0,38.54
O0001540,P075,2,1009.24,0.0,604.57
O0001540,P039,1,368.07,0.08,172.99
O0001540,P108,1,41.28,0.05,20.35
O0001540,P059,1,163.85,0.05,95.34
O0001541,P047,1,294.38,0.0,204.09
O0001542,P072,1,57.55,0.0,35.13
O0001543,P026,1,161.57,0.0,84.93
O0001544,P092,1,610.35,0.0,394.32
O0001545,P019,1,2027.55,0.08,1406.47
O0001546,P108,1,42.14,0.0,19.56
O0001546,P003,1,1249.02,0.03,643.17
O0001547,P072,3,54.41,0.05,35.87
O0001548,P021,1,347.33,0.05,202.96
O0001548,P010,1,1104.52,0.08,606.44
O0001549,P098,1,32.64,0.0,23.67
O0001550,P018,2,1772.92,0.0,1314.89
O0001551,P073,1,607.71,0.0,306.17
O0001552,P073,1,611.6,0.0,291.74
O0001553,P012,1,2183.35,0.08,1369.81
O0001554,P078,3,864.15,0.12,630.73
O0001555,P067,2,887.03,0.0,535.78
O0001556,P018,1,1723.02,0.03,1338.54
O0001556,P108,3,45.38,0.0,20.12
O0001557,P049,1,78.86,0.0,38.78
O0001558,P114,1,134.19,0.0,60.26
O0001559,P072,2,56.79,0.03,34.63
O0001559,P047,3,316.82,0.0,206.59
O0001560,P111,2,44.73,0.03,31.34
O0001560,P022,2,404.67,0.03,249.23
O0001561,P037,1,38.3,0.08,21.22
O0001561,P024,1,192.9,0.0,99.08
O0001562,P113,4,110.43,0.03,82.36
O0001563,P089,1,228.07,0.0,107.2
O0001564,P060,1,269.12,0.0,179.86
O0001565,P118,2,80.08,0.03,49.18
O0001566,P120,1,138.83,0.0,87.52
O0001566,P069,2,1451.07,0.08,849.11
O0001567,P062,2,1398.03,0.05,1073.76
O0001568,P051,2,203.45,0.05,93.73
O0001568,P119,1,149.3,0.0,77.97
O0001569,P094,1,341.82,0.0,184.84
O0001570,P013,1,552.12,0.12,351.17
O0001571,P113,1,107.11,0.08,80.61
O0001571,P043,1,131.36,0.0,75.05
O0001571,P082,1,111.78,0.03,67.33
O0001571,P001,2,284.53,0.0,147.27
O0001572,P027,1,655.18,0.03,377.54
O0001573,P092,1,667.26,0.0,399.71
O0001574,P112,1,61.24,0.05,37.01
O0001574,P004,1,1869.82,0.05,954.98
O0001575,P066,2,472.63,0.05,263.02
O0001575,P067,2,933.92,0.0,534.25
O0001575,P120,2,148.31,0.0,90.41
O0001576,P031,1,437.58,0.05,291.26
O0001577,P008,1,1878.11,0.03,1065.14
O0001577,P042,2,184.74,0.08,119.42
O0001578,P106,1,213.96,0.0,135.16
O0001578,P018,1,1832.93,0.0,1309.31
O0001579,P088,2,99.49,0.08,53.48
O0001580,P032,3,191.14,0.0,100.73
O0001581,P080,1,1002.34,0.08,656.18
O0001581,P075,2,1064.59,0.05,607.34
O0001582,P078,1,855.65,0.03,659.57
O0001582,P014,2,236.83,0.0,168.06
O0001583,P113,1,109.38,0.0,80.9
O0001584,P034,1,709.29,0.0,336.13
O0001584,P079,1,783.26,0.0,355.43
O0001585,P062,2,1492.7,0.0,1061.36
O0001586,P053,2,82.03,0.0,42.89
O0001587,P110,1,51.57,0.0,27.88
O0001587,P023,1,284.67,0.0,132.42
O0001587,P009,1,118.16,0.05,86.07
O0001587,P030,1,202.29,0.0,154.23
O0001588,P010,1,1125.08,0.15,601.26
O0001589,P032,1,189.48,0.0,102.11
O0001589,P038,2,218.46,0.0,156.33
O0001590,P110,1,51.18,0.08,28.13
O0001591,P063,3,216.55,0.08,102.86
O0001592,P082,1,116.62,0.05,64.51
O0001593,P060,1,248.01,0.05,179.93
O0001593,P045,1,314.73,0.03,213.65
O0001594,P056,1,391.73,0.15,265.15
O0001594,P055,2,454.31,0.0,260.33
O0001594,P050,1,237.68,0.03,147.34
O0001595,P078,4,850.85,0.0,649.52
O0001596,P043,1,131.67,0.0,74.61
O0001597,P117,2,124.01,0.05,91.52
O0001598,P081,1,341.26,0.05,192.05
O0001599,P112,3,60.74,0.0,37.18
O0001599,P033,1,116.78,0.03,52.61
O0001599,P014,1,224.29,0.0,169.55
O0001600,P032,1,202.25,0.0,97.6
O0001601,P093,2,226.6,0.0,112.44
O0001601,P091,1,238.79,0.08,161.46
O0001602,P013,2,534.52,0.0,367.15
O0001603,P026,1,163.26,0.0,85.67
O0001603,P111,1,42.38,0.0,32.17
O0001604,P060,1,268.07,0.0,180.86
O0001605,P062,1,1465.71,0.0,1062.07
O0001605,P074,1,71.29,0.12,40.83
O0001605,P020,3,502.66,0.03,360.32
O0001606,P065,1,1046.74,0.12,615.06
O0001606,P053,1,86.12,0.0,42.83
O0001607,P102,1,225.7,0.0,151.32
O0001607,P035,2,572.49,0.03,389.9
O0001608,P037,1,35.72,0.0,21.86
O0001609,P010,1,1144.26,0.03,600.47
O0001610,P099,2,153.21,0.08,105.35
O0001610,P058,1,578.73,0.0,298.41
O0001611,P040,4,342.51,0.0,164.35
O0001612,P095,1,600.36,0.0,301.83
O0001613,P092,1,657.96,0.0,390.29
O0001613,P063,1,218.75,0.08,99.62
O0001614,P013,2,583.23,0.08,360.5
O0001615,P023,1,274.53,0.08,128.86
O0001615,P004,1,1707.69,0.0,943.68
O0001616,P062,1,1500.37,0.0,1057.4
O0001616,P040,1,315.39,0.0,169.71
O0001616,P010,2,1165.8,0.05,615.12
O0001617,P092,2,613.21,0.08,384.51
O0001618,P116,1,107.43,0.0,51.71
O0001618,P099,1,161.98,0.08,104.16
O0001618,P008,1,1873.92,0.0,1096.44
O0001619,P036,1,251.4,0.0,173.21
O0001619,P103,1,163.44,0.12,125.58
O0001620,P005,1,2045.18,0.03,1301.89
O0001620,P033,2,111.04,0.12,53.14
O0001621,P046,1,265.9,0.0,201.2
O0001622,P027,1,627.86,0.0,373.91
O0001623,P070,1,52.52,0.08,27.99
O0001624,P091,1,243.05,0.0,162.81
O0001624,P103,1,166.09,0.03,128.47
O0001625,P098,2,30.83,0.0,23.53
O0001625,P089,1,237.55,0.0,109.14
O0001626,P027,1,635.81,0.03,378.58
O0001626,P015,2,1176.06,0.0,746.49
O0001627,P069,1,1380.46,0.0,862.09
O0001628,P032,1,201.44,0.08,97.61
O0001629,P050,1,257.19,0.05,147.2
O0001630,P113,2,116.63,0.0,81.27
O0001630,P035,1,619.11,0.0,377.9
O0001631,P019,2,2142.82,0.03,1410.93
O0001632,P067,2,927.6,0.0,536.0
O0001633,P025,1,483.73,0.05,339.71
O0001634,P092,1,669.96,0.0,394.54
O0001635,P062,1,1472.18,0.0,1085.61
O0001635,P036,2,261.24,0.0,178.96
O0001636,P103,1,170.67,0.08,122.35
O0001637,P086,1,435.41,0.05,333.19
O0001638,P028,2,648.35,0.0,405.37
O0001639,P074,1,75.59,0.0,41.97
O0001640,P075,1,1037.61,0.0,604.13
O0001640,P080,3,935.9,0.0,684.55
O0001641,P051,3,202.36,0.12,95.14
O0001642,P030,1,217.13,0.08,155.68
O0001643,P049,1,79.72,0.0,38.19
O0001644,P099,1,162.47,0.03,100.4
O0001645,P053,1,89.98,0.0,40.93
O0001646,P028,1,652.14,0.05,417.47
O0001647,P048,2,520.77,0.0,295.06
O0001648,P013,2,585.09,0.05,358.79
O0001649,P024,1,180.7,0.05,99.77
O0001650,P027,3,622.28,0.03,377.45
O0001651,P056,3,382.69,0.03,259.48
O0001652,P118,2,78.63,0.08,47.46
O0001653,P019,1,2182.49,0.03,1459.22
O0001654,P022,1,409.59,0.0,256.02
O0001655,P049,3,79.2,0.0,39.86
O0001655,P025,1,461.58,0.0,323.69
O0001655,P029,1,193.91,0.0,110.99
O0001656,P030,3,197.34,0.0,152.68
O0001657,P084,1,483.85,0.0,333.22
O0001658,P047,2,303.35,0.0,198.49
O0001659,P085,2,295.0,0.0,198.93
O0001659,P044,2,322.3,0.0,222.89
O0001660,P006,2,2008.81,0.0,1105.2
O0001660,P045,4,329.09,0.05,214.1
O0001661,P036,2,240.82,0.08,181.08
O0001661,P005,1,2118.52,0.08,1343.34
O0001661,P072,2,54.11,0.08,35.45
O0001662,P026,4,169.77,0.0,84.54
O0001663,P094,3,364.5,0.08,184.77
O0001663,P008,1,1823.97,0.0,1050.74
O0001663,P056,2,363.48,0.03,257.12
O0001664,P023,1,282.36,0.0,125.79
O0001665,P109,1,169.6,0.05,110.65
O0001666,P087,1,579.18,0.0,420.62
O0001667,P097,1,320.51,0.0,210.75
O0001667,P002,1,2556.13,0.08,1499.63
O0001668,P072,1,54.39,0.03,36.26
O0001669,P023,1,267.13,0.03,130.87
O0001669,P012,1,2270.12,0.05,1397.87
O0001670,P025,1,456.64,0.05,343.07
O0001671,P085,1,285.36,0.05,194.95
O0001672,P052,1,120.23,0.03,88.71
O0001672,P044,1,313.71,0.0,224.84
O0001673,P103,1,162.42,0.05,123.59
O0001674,P090,1,172.72,0.0,95.08
O0001674,P019,2,2136.71,0.05,1451.33
O0001674,P066,2,469.93,0.0,259.56
O0001675,P040,2,325.25,0.05,163.49
O0001676,P041,2,107.95,0.08,52.4
O0001677,P082,1,109.68,0.08,65.28
O0001677,P032,1,192.9,0.12,100.11
O0001678,P032,1,200.01,0.05,103.0
O0001678,P091,2,227.19,0.08,162.77
O0001679,P101,4,30.16,0.0,17.23
O0001680,P097,1,313.33,0.05,218.6
O0001681,P096,1,528.33,0.03,342.54
O0001682,P020,1,533.25,0.0,377.77
O0001683,P065,1,1067.95,0.0,619.4
O0001684,P056,1,367.06,0.0,252.5
O0001684,P031,1,428.05,0.0,284.67
O0001684,P111,1,42.27,0.0,32.36
O0001685,P049,1,81.98,0.0,39.19
O0001686,P108,1,41.97,0.0,20.45
O0001687,P091,1,244.55,0.0,158.82
O0001688,P057,1,214.38,0.0,112.32
O0001688,P045,2,328.62,0.0,214.73
O0001689,P008,3,1811.33,0.0,1096.94
O0001689,P024,1,176.9,0.05,99.8
O0001690,P032,1,191.77,0.12,100.33
O0001691,P059,3,158.17,0.0,94.55
O0001692,P014,1,220.27,0.03,169.6
O0001693,P005,1,2144.47,0.0,1323.03
O0001694,P102,1,212.66,0.0,152.27
O0001695,P074,2,75.36,0.0,41.46
O0001696,P021,1,362.97,0.0,199.29
O0001697,P004,2,1814.4,0.12,918.38
O0001697,P087,1,571.17,0.0,405.77
O0001698,P079,2,731.5,0.12,362.98
O0001699,P029,2,191.22,0.0,112.6
O0001700,P032,1,198.97,0.0,98.16
O0001700,P017,3,1927.48,0.0,888.17
O0001701,P028,4,651.93,0.15,413.65
O0001702,P114,1,132.07,0.08,62.88
O0001703,P039,1,371.87,0.05,171.25
O0001704,P056,3,374.75,0.03,252.23
O0001705,P031,1,434.1,0.08,281.4
O0001706,P106,1,208.09,0.0,133.37
O0001707,P094,3,347.82,0.03,191.95
O0001707,P011,2,1252.14,0.0,765.93
O0001707,P064,1,551.0,0.0,331.84
O0001708,P070,1,51.48,0.0,29.19
O0001709,P014,1,230.13,0.05,163.29
O0001710,P012,2,2257.09,0.0,1342.42
O0001711,P022,1,394.12,0.0,251.04
O0001712,P038,1,214.83,0.0,154.85
O0001712,P014,1,219.3,0.05,162.03
O0001713,P104,1,219.56,0.0,136.91
O0001714,P113,2,116.6,0.03,78.99
O0001715,P094,1,341.25,0.05,190.48
O0001715,P013,1,554.93,0.12,364.09
O0001716,P008,1,1801.38,0.03,1094.13
O0001717,P010,1,1172.04,0.0,590.45
O0001718,P071,3,717.06,0.0,340.72
O0001719,P012,1,2196.93,0.0,1407.36
O0001719,P061,1,82.1,0.05,42.02
O0001720,P038,1,203.36,0.0,157.38
O0001721,P038,1,211.37,0.12,150.02
O0001722,P026,1,171.39,0.0,85.26
O0001722,P002,1,2538.46,0.03,1512.98
O0001723,P033,1,116.03,0.0,52.71
O0001723,P021,2,355.53,0.03,201.75
O0001724,P053,1,83.7,0.0,42.38
O0001725,P026,2,162.15,0.0,83.66
O0001725,P117,1,124.23,0.0,92.83
O0001725,P118,2,80.06,0.05,49.49
O0001726,P080,1,1015.42,0.0,665.2
O0001727,P113,1,112.42,0.05,78.12
O0001728,P108,1,41.81,0.0,19.5
O0001729,P029,1,193.1,0.0,109.57
O0001730,P115,2,94.97,0.05,53.14
O0001731,P021,2,339.53,0.0,206.41
O0001731,P060,1,265.33,0.0,176.64
O0001731,P091,1,226.76,0.0,159.12
O0001731,P038,1,215.89,0.03,154.06
O0001732,P002,2,2534.57,0.0,1481.54
O0001732,P088,4,95.93,0.03,54.98
O0001733,P093,4,234.07,0.0,112.04
O0001734,P079,1,779.67,0.08,367.54
O0001735,P097,1,315.9,0.08,215.49
O0001736,P104,1,211.34,0.03,131.16
O0001737,P114,1,137.82,0.0,63.69
O0001738,P113,2,109.82,0.0,78.36
O0001739,P038,1,201.75,0.0,151.85
O0001740,P016,1,1374.79,0.0,951.71
O0001741,P029,3,180.99,0.15,114.48
O0001742,P032,2,200.64,0.05,100.86
O0001742,P008,2,1772.98,0.0,1071.22
O0001743,P088,1,97.31,0.0,52.68
O0001744,P020,1,538.13,0.0,375.07
O0001744,P032,2,191.97,0.0,100.5
O0001745,P084,2,484.3,0.0,324.57
O0001746,P110,2,53.81,0.0,26.88
O0001747,P022,2,383.92,0.05,247.21
O0001748,P001,2,300.01,0.03,149.06
O0001748,P100,2,313.33,0.0,186.15
O0001749,P028,1,633.64,0.0,412.66
O0001750,P058,2,559.78,0.0,308.54
O0001751,P002,1,2381.93,0.05,1510.66
O0001752,P080,4,979.74,0.12,669.5
O0001753,P007,3,565.49,0.05,295.17
O0001754,P056,1,364.25,0.12,263.29
O0001755,P063,1,212.27,0.0,104.28
O0001755,P012,2,2194.48,0.08,1336.31
O0001756,P007,1,561.54,0.0,296.18
O0001756,P033,2,118.42,0.0,53.66
O0001757,P056,2,361.67,0.0,252.35
O0001758,P048,1,512.09,0.05,296.2
O0001758,P092,1,628.47,0.0,385.65
O0001759,P062,1,1464.9,0.0,1042.2
O0001759,P010,1,1127.83,0.05,599.82
O0001759,P017,2,1834.31,0.0,852.28
O0001760,P008,2,1886.95,0.0,1044.74
O0001761,P070,2,52.34,0.0,28.92
O0001762,P043,1,130.72,0.0,73.34
O0001763,P025,1,482.12,0.12,328.29
O0001764,P069,2,1400.38,0.0,839.43
O0001764,P061,2,82.59,0.08,42.55
O0001764,P011,2,1330.04,0.05,772.18
O0001765,P014,1,219.32,0.0,167.72
O0001766,P038,2,211.55,0.0,158.38
O0001767,P063,1,232.97,0.0,104.15
O0001767,P108,2,42.27,0.0,19.98
O0001768,P042,1,195.59,0.0,121.74
O0001769,P075,1,1045.51,0.0,576.16
O0001770,P002,1,2422.91,0.0,1503.68
O0001771,P012,1,2228.33,0.05,1353.7
O0001772,P003,1,1163.57,0.0,674.11
O0001773,P003,2,1247.49,0.0,656.6
O0001773,P034,1,705.68,0.0,349.59
O0001773,P035,3,576.33,0.0,376.55
O0001774,P062,1,1521.44,0.05,1087.89
O0001775,P059,1,163.82,0.08,96.38
O0001776,P100,1,289.11,0.0,188.47
O0001776,P059,1,161.19,0.0,95.12
O0001777,P010,1,1111.54,0.08,585.57
O0001777,P013,1,585.89,0.05,365.45
O0001778,P059,2,170.56,0.03,97.24
O0001778,P046,3,262.98,0.05,203.31
O0001778,P067,1,914.01,0.0,539.7
O0001779,P031,1,413.88,0.0,280.66
O0001779,P115,2,87.94,0.0,54.18
O0001780,P007,1,567.15,0.0,292.12
O0001781,P111,1,41.71,0.0,32.61
O0001782,P071,1,704.22,0.0,337.39
O0001782,P089,4,231.65,0.12,109.49
O0001783,P004,1,1794.11,0.08,934.48
O0001784,P047,1,309.34,0.0,203.79
O0001785,P044,1,323.51,0.05,226.83
O0001786,P062,2,1495.4,0.05,1074.69
O0001787,P109,4,163.16,0.0,110.23
O0001787,P009,1,120.16,0.0,86.48
O0001787,P035,4,563.33,0.08,394.31
O0001788,P104,1,229.58,0.0,132.1
O0001788,P087,2,585.51,0.0,422.86
O0001789,P081,1,347.07,0.05,192.75
O0001789,P083,1,250.32,0.03,120.49
O0001790,P049,1,81.05,0.0,39.3
O0001791,P050,1,252.47,0.0,140.58
O0001791,P021,1,336.38,0.08,204.94
O0001792,P008,1,1906.77,0.03,1061.92
O0001793,P044,1,333.35,0.0,225.68
O0001794,P051,1,194.69,0.0,97.37
O0001795,P111,2,44.17,0.0,31.52
O0001796,P114,1,139.68,0.0,60.42
O0001797,P040,3,339.62,0.0,168.95
O0001798,P035,1,583.41,0.05,384.7
O0001799,P073,1,582.76,0.08,301.83
O0001799,P083,1,246.61,0.0,119.2
O0001800,P118,1,80.33,0.15,47.39
O0001801,P033,2,117.64,0.0,51.45
O0001802,P031,1,448.81,0.0,278.29
O0001802,P011,1,1322.94,0.05,759.27
O0001803,P005,1,2185.31,0.08,1319.63
O0001804,P073,1,579.14,0.05,292.44
O0001804,P051,1,201.38,0.05,95.25
O0001805,P001,1,286.82,0.05,150.96
O0001805,P062,1,1429.78,0.0,1070.12
O0001805,P030,1,217.74,0.0,157.45
O0001806,P057,1,201.76,0.0,111.21
O0001807,P103,1,166.79,0.03,125.08
O0001808,P078,1,828.21,0.0,641.46
O0001809,P116,1,99.43,0.03,49.93
O0001809,P090,2,169.11,0.08,97.18
O0001810,P064,1,560.16,0.0,332.9
O0001811,P062,1,1512.25,0.08,1066.55
O0001812,P058,1,563.42,0.0,297.97
O0001813,P016,1,1374.08,0.0,1005.5
O0001814,P048,3,510.3,0.0,297.33
O0001815,P044,1,320.79,0.12,225.47
O0001816,P069,4,1445.62,0.08,862.6
O0001816,P011,1,1298.05,0.08,784.49
O0001817,P024,1,183.39,0.0,98.17
O0001817,P081,3,325.52,0.0,188.15
O0001818,P023,1,284.6,0.05,132.41
O0001818,P045,1,304.77,0.12,215.86
O0001819,P093,1,236.34,0.03,110.54
O0001820,P087,1,566.94,0.12,403.6
O0001821,P015,1,1213.57,0.05,724.38
O0001822,P105,4,156.01,0.0,100.56
O0001822,P104,1,226.97,0.0,130.42
O0001822,P012,1,2330.26,0.12,1364.79
O0001822,P018,2,1827.18,0.05,1304.86
O0001823,P007,1,569.84,0.0,301.2
O0001824,P120,1,145.59,0.0,87.95
O0001825,P088,2,93.7,0.0,54.53
O0001826,P024,1,190.44,0.0,99.5
O0001827,P031,1,435.73,0.0,291.38
O0001828,P119,2,137.99,0.05,80.58
O0001829,P043,3,139.02,0.12,72.74
O0001830,P012,1,2309.27,0.0,1380.39
O0001831,P050,1,242.18,0.05,141.81
O0001831,P118,2,79.62,0.08,48.59
O0001831,P013,3,574.36,0.05,357.31
O0001832,P069,1,1344.76,0.0,843.38
O0001833,P052,2,116.41,0.0,86.39
O0001834,P015,2,1228.35,0.08,764.91
O0001834,P005,1,2077.72,0.03,1367.83
O0001835,P034,1,691.25,0.0,338.69
O0001835,P089,2,233.46,0.0,105.75
O0001836,P021,1,357.72,0.0,203.25
O0001837,P064,1,525.43,0.0,334.73
O0001837,P016,2,1500.14,0.0,1006.48
O0001838,P026,1,173.45,0.0,82.55
O0001838,P103,1,167.17,0.0,122.68
O0001839,P036,1,262.38,0.03,174.39
O0001840,P039,1,384.27,0.0,173.4
O0001841,P076,1,266.28,0.0,132.27
O0001842,P085,1,281.79,0.12,205.4
O0001843,P056,1,364.31,0.08,254.78
O0001844,P112,1,59.28,0.0,38.2
O0001844,P059,1,157.2,0.03,96.82
O0001845,P076,1,273.75,0.0,134.34
O0001845,P066,1,474.86,0.0,264.19
O0001845,P007,2,559.42,0.0,290.95
O0001846,P004,1,1725.73,0.0,952.5
O0001847,P096,1,512.45,0.05,352.8
O0001847,P031,1,446.94,0.0,283.39
O0001848,P115,1,89.45,0.0,53.9
O0001848,P065,1,1030.46,0.03,615.04
O0001849,P041,2,108.34,0.0,55.16
O0001849,P118,2,81.84,0.12,48.75
O0001850,P020,1,535.24,0.05,357.01
O0001851,P087,2,582.41,0.0,405.82
O0001851,P103,2,172.81,0.0,122.95
O0001851,P111,2,44.15,0.0,32.17
O0001852,P104,1,226.69,0.0,134.35
O0001853,P034,1,667.2,0.0,345.71
O0001853,P073,2,609.47,0.0,300.35
O0001854,P006,1,1923.72,0.0,1165.3
O0001855,P092,2,658.48,0.0,389.07
O0001856,P027,3,648.64,0.05,388.13
O0001856,P012,2,2158.71,0.03,1376.84
O0001857,P051,1,198.3,0.0,97.95
O0001858,P079,1,753.08,0.0,371.38
O0001859,P033,1,116.9,0.15,51.27
O0001860,P027,1,626.63,0.05,384.37
O0001861,P085,1,275.92,0.05,201.22
O0001862,P029,3,194.17,0.0,113.03
O0001862,P014,2,224.8,0.0,165.08
O0001862,P056,1,355.42,0.0,260.36
O0001862,P015,1,1139.46,0.0,764.9
O0001863,P074,1,76.17,0.03,43.02
O0001863,P069,1,1459.88,0.0,852.48
O0001864,P048,1,494.7,0.03,297.01
O0001865,P048,2,517.37,0.15,306.44
O0001865,P064,1,565.02,0.0,332.43
O0001866,P025,1,478.13,0.12,337.48
O0001867,P003,3,1283.45,0.0,660.97
O0001868,P034,2,696.35,0.0,352.37
O0001868,P015,1,1180.88,0.0,763.93
O0001869,P074,1,72.27,0.0,41.41
O0001869,P041,1,108.54,0.05,54.54
O0001870,P072,3,55.55,0.12,34.78
O0001871,P038,1,204.19,0.0,152.31
O0001872,P009,1,112.4,0.0,83.55
O0001873,P067,1,965.34,0.12,551.34
O0001873,P103,2,167.41,0.0,127.2
O0001873,P007,2,568.29,0.0,304.13
O0001874,P015,3,1128.93,0.0,741.59
O0001874,P019,1,2105.05,0.05,1414.62
O0001875,P044,3,319.75,0.0,219.28
O0001875,P112,1,63.17,0.0,37.35
O0001876,P001,1,297.92,0.08,148.84
O0001877,P084,1,461.43,0.0,331.65
O0001877,P076,1,271.99,0.0,134.15
O0001877,P006,1,1899.66,0.0,1132.21
O0001878,P096,1,548.53,0.05,344.48
O0001879,P118,1,82.23,0.12,50.04
O0001879,P102,1,219.05,0.0,148.73
O0001880,P006,1,1854.47,0.0,1141.92
O0001881,P001,1,299.63,0.0,148.66
O0001881,P037,1,35.86,0.05,21.16
O0001882,P118,1,75.11,0.05,47.43
O0001882,P027,2,616.3,0.05,373.53
O0001882,P011,1,1298.61,0.0,788.28
O0001883,P045,1,304.29,0.0,210.43
O0001884,P111,1,41.36,0.03,31.54
O0001884,P053,1,86.36,0.03,41.31
O0001885,P008,1,1897.99,0.03,1067.23
O0001886,P086,1,460.53,0.0,322.86
O0001887,P092,1,643.55,0.0,388.28
O0001887,P035,1,574.4,0.0,381.49
O0001887,P069,1,1443.83,0.03,860.38
O0001887,P001,1,288.96,0.0,148.78
O0001888,P009,2,114.83,0.0,85.38
O0001888,P078,2,874.21,0.0,664.48
O0001889,P113,3,111.48,0.12,81.74
O0001890,P024,1,180.87,0.03,97.81
O0001891,P081,1,346.05,0.05,186.0
O0001891,P019,1,2015.57,0.12,1441.82
O0001892,P020,1,520.2,0.0,376.98
O0001892,P052,4,115.69,0.05,85.01
O0001893,P015,1,1194.08,0.0,727.75
O0001894,P103,1,160.84,0.05,123.14
O0001895,P037,3,37.17,0.08,21.53
O0001896,P078,2,850.87,0.05,642.2
O0001897,P052,1,117.76,0.05,87.41
O0001897,P041,1,103.09,0.0,53.84
O0001897,P075,1,1081.72,0.12,600.71
O0001898,P054,1,148.44,0.05,79.23
O0001899,P064,2,558.86,0.0,341.08
O0001899,P042,2,195.39,0.05,119.63
O0001900,P040,1,329.44,0.0,166.09
O0001900,P066,1,467.49,0.0,272.02
O0001900,P021,2,340.27,0.0,201.06
O0001901,P103,1,163.08,0.0,128.39
O0001901,P107,2,234.78,0.03,143.77
O0001902,P045,1,329.28,0.0,216.07
O0001903,P036,2,261.95,0.0,178.42
O0001904,P007,2,551.06,0.15,296.75
O0001904,P093,1,247.44,0.0,111.2
O0001905,P117,1,132.92,0.0,91.2
O0001906,P025,4,470.76,0.12,340.39
O0001907,P084,3,478.4,0.05,327.75
O0001907,P029,3,191.25,0.03,110.81
O0001908,P096,1,538.42,0.12,344.77
O0001908,P070,4,56.27,0.0,28.02
O0001909,P051,2,189.39,0.0,98.79
O0001910,P005,2,2052.04,0.08,1340.68
O0001910,P057,1,218.26,0.0,110.78
O0001910,P120,2,147.06,0.0,90.45
O0001911,P023,1,288.08,0.0,129.76
O0001912,P071,2,692.48,0.05,354.01
O0001912,P059,2,160.72,0.0,93.01
O0001913,P090,1,179.53,0.15,92.93
O0001914,P091,1,246.57,0.03,162.4
O0001915,P105,3,152.25,0.03,97.11
O0001916,P120,1,149.43,0.0,90.62
O0001917,P018,2,1730.82,0.0,1320.64
O0001918,P010,1,1186.84,0.0,586.3
O0001919,P075,1,1042.52,0.03,608.26
O0001920,P068,1,1189.29,0.0,672.65
O0001921,P034,1,668.31,0.03,353.1
O0001921,P005,1,2227.04,0.0,1371.16
O0001922,P041,1,104.63,0.0,53.06
O0001922,P033,2,116.15,0.03,53.42
O0001923,P018,3,1751.11,0.0,1312.69
O0001924,P023,1,274.22,0.0,125.43
O0001924,P002,1,2360.11,0.0,1505.1
O0001925,P066,1,493.51,0.0,269.72
O0001926,P052,2,116.12,0.03,84.32
O0001926,P029,1,180.11,0.0,115.06
O0001927,P093,2,243.16,0.05,114.05
O0001927,P046,1,270.15,0.0,192.42
O0001928,P059,3,160.82,0.08,96.19
O0001928,P117,4,127.23,0.0,92.63
O0001929,P020,2,501.87,0.0,368.35
O0001929,P015,1,1221.83,0.0,734.51
O0001929,P091,1,246.04,0.05,162.91
O0001930,P118,2,81.66,0.0,47.52
O0001931,P008,1,1790.85,0.03,1043.29
O0001932,P116,2,105.8,0.05,50.11
O0001933,P089,1,219.8,0.03,109.77
O0001933,P009,1,117.37,0.03,86.12
O0001934,P025,1,475.87,0.05,324.45
O0001935,P063,1,213.82,0.03,101.88
O0001936,P085,1,295.97,0.0,196.45
O0001937,P098,1,30.91,0.03,23.45
O0001938,P038,1,215.94,0.0,154.14
O0001939,P024,1,193.07,0.08,99.38
O0001940,P093,2,239.59,0.05,115.61
O0001941,P005,2,2073.72,0.0,1312.98
O0001941,P039,1,376.03,0.05,179.71
O0001942,P060,2,248.91,0.05,176.03
O0001943,P019,1,2150.21,0.0,1446.82
O0001944,P002,1,2345.79,0.0,1475.35
O0001944,P033,2,118.45,0.08,52.3
O0001945,P080,1,953.86,0.0,668.99
O0001946,P014,1,226.7,0.0,163.68
O0001946,P013,1,585.53,0.12,351.53
O0001947,P020,1,511.57,0.0,366.87
O0001948,P109,1,175.89,0.0,109.45
O0001949,P110,1,54.91,0.03,28.25
O0001949,P093,2,243.3,0.0,115.21
O0001950,P023,1,269.41,0.0,129.62
O0001951,P088,1,97.46,0.0,53.12
O0001952,P031,2,437.42,0.03,279.34
O0001953,P045,2,307.48,0.03,219.06
O0001953,P074,1,72.81,0.0,41.79
O0001954,P018,1,1766.05,0.05,1308.38
O0001954,P004,1,1810.87,0.03,952.22
O0001955,P071,3,740.73,0.05,345.94
O0001956,P068,1,1188.22,0.0,666.47
O0001956,P033,1,118.01,0.05,52.6
O0001957,P086,2,452.36,0.08,341.69
O0001957,P079,2,791.61,0.0,361.82
O0001958,P010,1,1119.21,0.12,581.75
O0001959,P003,3,1187.44,0.0,654.71
O0001960,P119,1,142.03,0.0,78.91
O0001960,P041,1,104.58,0.08,53.06
O0001961,P097,1,330.13,0.0,211.06
O0001962,P048,1,492.31,0.08,293.45
O0001963,P032,1,201.7,0.05,99.41
O0001964,P119,1,141.49,0.03,76.5
O0001965,P066,1,464.61,0.0,271.54
O0001965,P017,1,1829.43,0.15,892.77
O0001965,P034,1,706.16,0.0,344.33
O0001965,P005,1,2054.06,0.0,1340.07
O0001966,P094,3,359.2,0.0,191.72
O0001967,P076,1,269.59,0.05,136.9
O0001968,P077,1,49.97,0.08,27.08
O0001968,P116,1,107.64,0.0,49.03
O0001969,P020,1,514.61,0.05,369.28
O0001970,P026,3,170.22,0.0,82.64
O0001971,P098,2,33.41,0.0,23.09
O0001972,P014,3,233.9,0.0,171.02
O0001973,P006,1,1988.63,0.0,1121.97
O0001973,P023,1,281.54,0.0,127.5
O0001974,P056,2,363.39,0.0,253.09
O0001975,P027,1,660.38,0.0,378.54
O0001976,P063,1,232.07,0.12,102.2
O0001976,P074,2,72.23,0.0,42.12
O0001977,P007,3,550.8,0.0,305.01
O0001978,P005,1,2031.81,0.08,1337.99
O0001978,P052,1,118.4,0.08,88.37
O0001978,P024,2,193.16,0.05,97.23
O0001979,P001,1,288.03,0.08,150.35
O0001980,P033,1,112.3,0.0,53.87
O0001980,P093,1,245.47,0.12,114.97
O0001980,P051,1,196.07,0.03,95.47
O0001981,P055,2,456.14,0.05,268.51
O0001982,P025,1,479.53,0.0,330.94
O0001983,P089,1,231.93,0.15,110.41
O0001984,P101,1,28.2,0.0,17.19
O0001985,P060,1,255.81,0.03,182.43
O0001985,P036,2,257.91,0.12,177.15
O0001986,P003,1,1165.81,0.08,664.16
O0001987,P018,1,1761.12,0.0,1313.53
O0001988,P076,1,273.03,0.08,139.29
O0001989,P093,1,225.24,0.05,113.02
O0001990,P031,1,434.87,0.03,292.64
O0001991,P012,2,2168.04,0.05,1397.42
O0001992,P023,1,276.68,0.05,132.02
O0001993,P116,1,107.32,0.08,49.97
O0001994,P061,1,80.55,0.08,43.42
O0001995,P055,2,462.8,0.0,264.75
O0001995,P007,2,571.42,0.0,297.62
O0001996,P062,1,1451.12,0.08,1065.29
O0001997,P082,1,119.54,0.0,65.51
O0001998,P025,1,449.1,0.03,339.72
O0001999,P025,2,477.66,0.05,339.41
O0002000,P045,2,315.97,0.08,212.16
O0002001,P049,1,77.7,0.08,37.99
O0002002,P009,3,112.93,0.0,85.04
O0002003,P058,1,568.57,0.12,297.33
O0002003,P102,1,223.41,0.08,144.57
O0002003,P047,1,299.1,0.0,205.21
O0002004,P099,1,151.67,0.0,103.26
O0002005,P016,1,1417.12,0.0,989.22
O0002006,P058,1,593.85,0.0,309.34
O0002007,P009,4,116.49,0.12,83.74
O0002008,P037,3,38.99,0.0,20.85
O0002009,P057,1,214.47,0.12,111.65
O0002010,P042,1,192.03,0.0,119.78
O0002011,P069,1,1359.87,0.05,829.65
O0002012,P045,1,324.33,0.08,213.37
O0002013,P058,3,572.39,0.0,298.79
O0002014,P116,1,100.01,0.0,49.08
O0002015,P022,1,407.16,0.03,249.53
O0002016,P116,1,97.92,0.0,50.44
O0002016,P065,2,1022.74,0.0,601.72
O0002017,P009,1,119.07,0.0,84.23
O0002017,P028,1,628.95,0.0,408.12
O0002017,P004,1,1702.49,0.08,957.07
O0002018,P005,1,2202.05,0.08,1308.03
O0002019,P120,1,148.3,0.0,90.94
O0002020,P046,1,283.63,0.0,197.04
O0002021,P009,1,115.91,0.05,85.61
O0002022,P064,2,530.83,0.0,326.8
O0002022,P082,3,115.17,0.0,65.14
O0002022,P036,2,247.94,0.08,177.83
O0002023,P053,1,82.81,0.12,41.63
O0002024,P012,1,2227.44,0.0,1350.87
O0002024,P017,3,1932.67,0.12,878.73
O0002024,P036,2,241.01,0.12,177.67
O0002025,P036,1,258.85,0.0,176.8
O0002026,P015,2,1182.99,0.03,727.93
O0002027,P094,3,356.59,0.0,187.26
O0002028,P092,1,617.57,0.08,400.67
O0002029,P010,4,1127.98,0.0,591.57
O0002029,P062,1,1532.22,0.0,1058.02
O0002029,P088,2,95.04,0.03,53.0
O0002030,P074,1,70.88,0.0,41.94
O0002031,P014,1,231.28,0.0,168.47
O0002032,P114,1,128.03,0.0,63.45
O0002033,P034,2,666.79,0.0,347.22
O0002033,P093,1,228.92,0.0,112.4
O0002034,P091,2,228.31,0.15,161.09
O0002035,P070,1,52.22,0.0,27.66
O0002035,P067,1,967.84,0.05,544.16
O0002036,P093,2,229.26,0.0,110.35
O0002036,P032,2,188.89,0.05,97.44
O0002036,P002,3,2487.16,0.12,1495.12
O0002036,P027,3,637.62,0.08,383.2
O0002037,P024,1,187.79,0.0,100.01
O0002038,P021,4,338.61,0.0,203.68
O0002038,P009,1,118.33,0.03,86.05
O0002038,P096,1,528.38,0.0,346.59
O0002039,P019,1,2200.31,0.0,1424.52
O0002040,P110,1,52.39,0.0,28.04
O0002041,P022,2,401.57,0.0,249.26
O0002042,P056,1,374.35,0.0,251.8
O0002042,P038,1,201.9,0.0,152.85
O0002042,P001,1,285.95,0.05,148.85
O0002043,P088,1,102.79,0.05,54.82
O0002044,P013,1,584.93,0.12,371.34
O0002045,P028,4,646.17,0.05,414.2
O0002046,P027,2,598.95,0.05,384.07
O0002047,P110,1,50.83,0.03,27.71
O0002048,P085,1,294.87,0.03,200.31
O0002049,P032,1,190.32,0.0,100.89
O0002049,P006,1,1878.36,0.0,1166.31
O0002050,P036,1,249.46,0.0,177.36
O0002051,P073,1,597.36,0.12,299.66
O0002051,P035,2,564.97,0.08,374.9
O0002051,P027,2,629.55,0.03,379.54
O0002052,P056,1,382.93,0.12,250.14
O0002052,P111,1,44.09,0.0,31.35
O0002053,P004,2,1861.44,0.0,909.65
O0002054,P070,1,55.91,0.0,28.5
O0002054,P059,3,169.2,0.0,92.93
O0002055,P073,1,581.21,0.12,296.77
O0002056,P056,1,386.58,0.15,259.96
O0002057,P024,1,180.74,0.0,98.77
O0002058,P041,3,100.89,0.03,52.45
O0002059,P025,3,484.18,0.0,340.74
O0002059,P042,1,199.14,0.0,118.43
O0002060,P103,1,169.23,0.03,127.73
O0002061,P028,1,623.87,0.05,404.2
O0002061,P005,1,2035.15,0.08,1312.95
O0002062,P051,1,197.66,0.0,94.87
O0002063,P119,1,148.96,0.0,76.44
O0002064,P005,1,2192.08,0.03,1353.64
O0002065,P013,1,572.6,0.03,371.33
O0002066,P046,1,261.0,0.12,197.08
O0002067,P012,2,2340.5,0.0,1352.2
O0002067,P037,1,37.53,0.0,21.43
O0002067,P062,1,1503.31,0.0,1097.67
O0002068,P002,2,2412.45,0.0,1462.34
O0002069,P111,1,43.58,0.08,31.09
O0002070,P115,1,89.01,0.03,52.98
O0002070,P042,1,193.58,0.0,117.1
O0002071,P117,1,131.3,0.03,96.02
O0002072,P040,1,311.7,0.0,169.44
O0002072,P095,4,607.53,0.08,312.11
O0002073,P012,1,2196.95,0.08,1360.23
O0002073,P011,1,1319.18,0.12,773.49
O0002074,P116,1,104.5,0.08,49.02
O0002075,P033,1,119.42,0.0,53.63
O0002076,P009,1,113.1,0.0,85.08
O0002077,P005,1,2204.21,0.0,1349.95
O0002078,P062,1,1432.77,0.0,1050.83
O0002079,P112,1,60.38,0.0,37.19
O0002079,P120,1,142.36,0.05,89.06
O0002079,P013,2,534.75,0.05,357.41
O0002079,P047,2,298.64,0.05,207.99
O0002080,P109,1,168.56,0.0,111.41
O0002081,P010,1,1201.73,0.12,591.25
O0002082,P021,1,341.34,0.0,207.77
O0002083,P086,1,461.47,0.0,324.39
O0002084,P005,2,2192.67,0.0,1300.46
O0002084,P044,2,341.25,0.03,227.34
O0002085,P110,1,54.52,0.12,28.49
O0002085,P022,1,377.55,0.03,259.87
O0002086,P056,1,388.54,0.0,263.87
O0002087,P031,1,434.22,0.05,278.2
O0002088,P053,2,89.39,0.03,41.67
O0002089,P091,2,241.99,0.03,159.7
O0002090,P041,2,107.04,0.05,52.65
O0002091,P012,1,2310.8,0.0,1342.07
O0002092,P042,1,201.83,0.05,120.03
O0002092,P071,1,746.39,0.0,353.2
O0002092,P077,1,49.33,0.0,27.26
O0002093,P056,1,389.42,0.03,260.76
O0002094,P008,1,1853.13,0.03,1057.72
O0002095,P083,1,240.64,0.0,121.61
O0002096,P030,2,214.99,0.0,158.14
O0002097,P010,1,1134.24,0.0,595.93
O0002097,P058,3,573.8,0.08,292.5
O0002098,P005,1,2189.03,0.12,1365.74
O0002098,P036,1,262.32,0.0,182.35
O0002099,P009,2,115.63,0.03,85.76
O0002100,P085,1,291.99,0.0,202.98
O0002100,P073,1,567.3,0.08,296.34
O0002100,P051,1,196.21,0.0,93.74
O0002100,P036,2,242.91,0.0,174.42
O0002101,P052,1,117.85,0.0,85.36
O0002102,P010,1,1184.99,0.0,589.29
O0002102,P102,3,226.86,0.12,149.99
O0002102,P093,1,230.13,0.0,116.25
O0002103,P116,1,103.67,0.03,50.36
O0002104,P061,3,84.57,0.03,41.59
O0002105,P027,2,629.7,0.0,392.58
O0002105,P009,1,117.38,0.0,86.95
O0002106,P030,1,200.93,0.03,151.62
O0002107,P094,1,355.29,0.0,188.18
O0002108,P073,1,590.41,0.0,294.68
O0002108,P117,1,124.19,0.0,91.26
O0002109,P031,1,447.22,0.05,280.82
O0002110,P046,3,269.29,0.0,199.64
O0002111,P040,1,317.88,0.0,170.73
O0002112,P002,3,2518.3,0.0,1501.95
O0002112,P103,3,174.85,0.0,121.88
O0002113,P105,1,162.35,0.0,96.64
O0002114,P073,1,607.4,0.05,306.42
O0002114,P110,1,53.25,0.05,28.2
O0002115,P025,2,489.88,0.15,325.83
O0002115,P069,3,1456.45,0.0,822.97
O0002115,P103,2,175.63,0.05,124.66
O0002116,P092,1,653.98,0.0,395.79
O0002117,P091,1,228.71,0.0,164.72
O0002118,P059,3,163.54,0.0,95.22
O0002119,P070,3,51.76,0.0,28.23
O0002120,P068,2,1149.63,0.08,669.94
O0002120,P102,1,211.95,0.03,145.26
O0002121,P039,1,378.7,0.03,175.54
O0002122,P109,1,175.08,0.15,114.18
O0002122,P019,1,2105.58,0.03,1417.73
O0002123,P118,2,76.7,0.0,47.63
O0002123,P062,1,1435.86,0.03,1064.56
O0002124,P062,1,1447.92,0.0,1066.47
O0002125,P027,2,657.36,0.0,383.83
O0002126,P105,1,152.3,0.0,100.26
O0002127,P041,1,108.01,0.05,52.58
O0002128,P005,1,2073.37,0.0,1334.96
O0002128,P060,1,265.57,0.08,182.22
O0002128,P028,4,624.25,0.05,414.2
O0002129,P094,3,344.69,0.08,192.26
O0002129,P035,1,576.08,0.0,393.49
O0002129,P031,1,410.36,0.0,285.72
O0002130,P039,1,358.23,0.05,178.11
O0002131,P038,2,207.04,0.0,152.47
O0002132,P107,1,227.09,0.08,140.64
O0002132,P104,1,232.58,0.15,130.86
O0002133,P085,1,289.24,0.0,203.24
O0002134,P090,1,176.71,0.0,96.77
O0002135,P022,1,380.3,0.08,255.17
O0002136,P067,2,899.95,0.0,546.73
O0002137,P051,1,189.57,0.03,97.27
O0002137,P033,1,110.61,0.0,51.09
O0002137,P080,2,1012.43,0.03,685.9
O0002137,P031,1,445.14,0.0,287.57
O0002138,P065,1,1099.03,0.15,608.92
O0002139,P078,1,836.72,0.0,664.46
O0002139,P006,2,1985.95,0.05,1159.26
O0002140,P091,1,224.13,0.12,164.27
O0002141,P024,1,188.98,0.0,97.83
O0002141,P073,1,561.27,0.0,305.95
O0002141,P041,3,103.67,0.0,52.61
O0002141,P045,2,330.29,0.08,214.58
O0002142,P023,1,269.44,0.08,126.48
O0002143,P008,1,1864.36,0.0,1102.68
O0002144,P079,2,774.36,0.03,354.39
O0002145,P083,1,246.19,0.0,121.19
O0002146,P117,1,125.67,0.05,95.58
O0002146,P066,3,494.3,0.0,268.87
O0002147,P106,1,216.08,0.08,137.92
O0002147,P083,1,242.07,0.08,122.09
O0002147,P053,1,86.38,0.15,42.01
O0002148,P106,1,204.26,0.12,132.8
O0002149,P082,1,112.28,0.12,66.91
O0002149,P105,1,150.11,0.0,97.3
O0002150,P070,1,51.47,0.03,28.74
O0002151,P066,1,461.37,0.08,269.93
O0002152,P025,1,483.96,0.0,334.7
O0002153,P085,2,275.51,0.0,206.95
O0002154,P118,4,75.55,0.03,49.54
O0002155,P005,1,2066.04,0.15,1298.1
O0002156,P019,1,2192.87,0.0,1420.12
O0002157,P069,1,1394.16,0.0,833.16
O0002158,P033,1,112.55,0.0,53.73
O0002159,P024,2,193.81,0.03,101.38
O0002159,P059,1,167.09,0.03,94.99
O0002159,P010,1,1190.85,0.12,583.18
O0002159,P061,2,84.74,0.03,42.18
O0002160,P053,1,90.12,0.0,42.21
O0002161,P093,1,227.17,0.15,113.9
O0002161,P025,1,474.8,0.0,334.07
O0002162,P034,2,677.68,0.0,334.12
O0002163,P016,1,1394.53,0.03,962.89
O0002164,P029,1,190.53,0.08,111.72
O0002164,P020,1,522.63,0.0,369.85
O0002165,P011,1,1268.45,0.0,761.81
O0002165,P036,1,241.96,0.0,172.84
O0002166,P038,1,215.2,0.08,152.14
O0002167,P035,1,582.7,0.0,381.17
O0002168,P010,1,1138.21,0.0,584.09
O0002169,P023,1,265.33,0.08,129.61
O0002170,P002,1,2472.62,0.12,1528.64
O0002170,P040,1,325.36,0.03,167.55
O0002171,P098,2,33.1,0.03,23.18
O0002172,P058,2,566.22,0.0,299.88
O0002173,P034,2,700.29,0.08,346.14
O0002174,P046,2,262.06,0.0,201.93
O0002174,P069,1,1415.86,0.03,864.55
O0002175,P049,3,76.74,0.12,39.79
O0002175,P013,3,580.17,0.0,353.73
O0002175,P014,1,226.56,0.0,169.83
O0002176,P053,2,88.04,0.0,42.21
O0002177,P096,1,553.79,0.0,355.33
O0002177,P075,1,1025.05,0.0,578.0
O0002178,P084,1,478.72,0.05,336.78
O0002179,P067,1,964.76,0.0,535.12
O0002180,P002,1,2527.53,0.0,1492.04
O0002180,P038,1,210.9,0.05,152.52
O0002180,P090,3,179.69,0.0,95.42
O0002181,P013,1,549.66,0.05,355.07
O0002182,P050,1,248.92,0.0,143.81
O0002183,P097,1,305.31,0.08,208.08
O0002183,P013,1,534.43,0.0,369.5
O0002184,P016,1,1453.73,0.0,986.6
O0002185,P092,1,614.59,0.0,398.67
O0002185,P009,2,116.44,0.0,85.39
O0002185,P010,1,1132.26,0.0,605.85
O0002186,P027,1,601.71,0.08,387.87
O0002187,P019,1,2199.4,0.12,1481.28
O0002188,P029,1,184.99,0.08,110.81
O0002188,P081,2,353.85,0.0,190.05
O0002188,P040,1,311.5,0.03,164.28
O0002188,P045,1,319.47,0.15,213.39
O0002189,P113,2,115.34,0.08,80.95
O0002190,P032,1,202.25,0.05,103.06
O0002190,P023,2,285.46,0.0,127.03
O0002191,P111,1,41.45,0.0,31.48
O0002192,P050,1,253.2,0.03,144.53
O0002192,P085,1,287.97,0.0,203.42
O0002193,P004,1,1820.69,0.0,953.01
O0002193,P082,1,119.61,0.0,64.8
O0002194,P013,3,541.36,0.0,367.49
O0002195,P001,1,286.21,0.0,152.57
O0002196,P067,1,972.44,0.03,539.73
O0002197,P027,1,613.81,0.0,385.7
O0002198,P050,1,233.35,0.0,143.64
O0002199,P040,1,332.96,0.12,171.76
O0002200,P085,1,275.06,0.12,202.01
O0002200,P036,2,238.99,0.12,176.61
O0002201,P068,1,1195.39,0.03,665.8
O0002202,P046,1,284.56,0.0,195.34
O0002203,P013,2,580.22,0.15,361.08
O0002203,P046,1,281.52,0.05,201.61
O0002203,P015,1,1213.5,0.12,754.41
O0002204,P016,1,1403.33,0.0,956.79
O0002204,P034,1,717.67,0.0,340.43
O0002204,P049,3,81.29,0.0,37.86
O0002205,P083,1,235.31,0.0,121.08
O0002206,P107,3,225.37,0.0,143.52
O0002206,P024,1,181.49,0.05,101.42
O0002206,P072,1,53.09,0.0,36.31
O0002207,P017,1,1824.13,0.0,880.1
O0002208,P021,1,351.63,0.0,204.56
O0002209,P068,1,1200.03,0.0,648.79
O0002210,P064,1,571.94,0.05,328.44
O0002211,P008,1,1842.29,0.03,1087.22
O0002212,P110,1,55.75,0.12,26.89
O0002213,P028,3,611.49,0.0,399.08
O0002214,P110,2,53.95,0.0,27.85
O0002215,P051,3,199.86,0.0,95.83
O0002216,P079,1,767.15,0.08,360.26
O0002217,P028,2,603.6,0.0,409.61
O0002217,P070,1,54.8,0.0,29.17
O0002218,P111,1,44.55,0.03,31.08
O0002219,P027,1,604.73,0.0,389.62
O0002219,P049,1,76.29,0.0,38.87
O0002219,P065,1,1093.39,0.05,622.89
O0002220,P070,1,55.23,0.0,27.67
O0002220,P061,1,78.58,0.0,43.46
O0002221,P054,2,151.79,0.0,82.32
O0002221,P068,1,1157.95,0.08,658.96
O0002221,P101,2,29.04,0.03,17.24
O0002222,P112,1,64.07,0.0,37.6
O0002223,P076,1,259.2,0.0,138.14
O0002224,P021,1,338.11,0.08,203.65
O0002225,P088,2,93.84,0.0,53.65
O0002226,P091,3,238.16,0.0,160.62
O0002227,P050,2,242.75,0.05,148.21
O0002227,P001,1,287.19,0.05,147.37
O0002227,P112,2,60.0,0.0,37.56
O0002228,P028,1,650.47,0.0,415.7
O0002229,P065,2,1086.84,0.0,607.23
O0002229,P091,2,228.31,0.12,160.01
O0002230,P062,1,1485.15,0.0,1070.14
O0002230,P097,1,310.18,0.0,209.56
O0002231,P055,2,456.17,0.0,262.57
O0002232,P018,2,1714.5,0.05,1329.63
O0002232,P014,1,238.7,0.12,162.88
O0002232,P038,1,218.45,0.05,153.58
O0002233,P060,1,252.12,0.05,179.82
O0002233,P051,1,186.96,0.0,98.88
O0002234,P084,3,450.3,0.03,324.97
O0002235,P044,1,332.94,0.0,216.1
O0002236,P065,1,1031.76,0.0,625.76
O0002236,P112,1,63.76,0.05,38.62
O0002237,P037,2,36.18,0.15,21.63
O0002238,P091,1,235.24,0.03,159.25
O0002239,P095,2,596.15,0.05,302.96
O0002240,P001,1,301.78,0.0,149.25
O0002241,P019,1,2118.63,0.05,1402.67
O0002242,P068,2,1199.39,0.08,671.36
O0002243,P019,1,2062.47,0.05,1400.22
O0002244,P102,2,207.58,0.15,143.75
O0002244,P053,1,87.8,0.0,42.39
O0002244,P056,1,362.78,0.0,261.51
O0002245,P070,1,52.08,0.0,28.04
O0002246,P072,1,56.6,0.03,34.89
O0002247,P039,1,385.66,0.08,177.68
O0002247,P003,1,1232.55,0.05,659.2
O0002248,P071,1,738.98,0.03,343.61
O0002249,P018,2,1700.13,0.03,1277.61
O0002250,P001,3,309.81,0.0,146.78
O0002251,P022,1,391.83,0.0,250.1
O0002252,P087,1,596.43,0.0,422.5
O0002253,P019,2,2163.95,0.0,1473.79
O0002254,P040,1,320.8,0.0,162.61
O0002255,P071,1,753.91,0.08,347.12
O0002255,P085,2,274.48,0.0,203.99
O0002256,P078,1,892.29,0.03,657.0
O0002257,P065,1,1053.88,0.05,611.66
O0002258,P003,2,1170.54,0.05,666.49
O0002258,P016,1,1498.11,0.03,964.35
O0002259,P025,1,470.36,0.08,342.56
O0002260,P011,2,1275.91,0.05,769.54
O0002261,P047,1,323.48,0.05,198.62
O0002262,P033,1,115.39,0.0,50.9
O0002263,P025,1,458.0,0.0,323.91
O0002263,P078,2,909.16,0.0,641.38
O0002264,P100,3,307.09,0.05,183.68
O0002265,P118,1,74.87,0.03,49.94
O0002266,P075,2,1008.06,0.0,588.47
O0002267,P011,1,1359.23,0.0,780.71
O0002268,P037,1,39.41,0.12,21.75
O0002269,P063,1,222.95,0.0,99.63
O0002269,P055,3,481.45,0.03,268.06
O0002269,P018,1,1782.32,0.0,1285.28
O0002270,P076,1,276.52,0.05,137.92
O0002271,P102,1,210.15,0.03,149.12
O0002272,P118,1,76.32,0.0,50.08
O0002273,P022,1,388.4,0.0,247.63
O0002274,P070,1,53.18,0.0,28.67
O0002275,P045,1,306.52,0.0,214.36
O0002276,P049,1,80.09,0.0,39.05
O0002276,P027,3,621.74,0.05,378.38
O0002276,P067,1,950.46,0.0,542.8
O0002277,P105,2,149.98,0.08,99.44
O0002277,P089,1,229.89,0.15,111.27
O0002278,P045,1,319.2,0.05,218.71
O0002279,P030,1,214.7,0.05,157.38
O0002280,P084,2,481.24,0.0,340.29
O0002281,P103,1,173.38,0.08,126.51
O0002282,P067,1,897.69,0.0,541.37
O0002282,P091,1,246.19,0.03,160.11
O0002283,P070,1,52.21,0.08,28.57
O0002284,P002,1,2366.1,0.0,1517.97
O0002285,P101,1,28.02,0.03,17.42
O0002286,P090,1,182.38,0.0,95.36
O0002287,P026,1,173.64,0.05,83.55
O0002288,P031,1,438.15,0.08,280.15
O0002289,P036,1,257.02,0.0,179.89
O0002289,P119,1,151.21,0.0,78.51
O0002289,P013,1,570.76,0.05,361.65
O0002290,P079,1,743.83,0.15,373.78
O0002291,P070,1,55.8,0.0,29.01
O0002292,P066,1,452.14,0.05,265.09
O0002293,P098,2,30.42,0.03,22.75
O0002294,P007,1,579.17,0.05,289.99
O0002295,P079,3,782.46,0.0,364.76
O0002296,P057,3,202.39,0.05,109.68
O0002297,P022,1,372.78,0.12,255.71
O0002298,P024,1,189.76,0.05,98.8
O0002299,P096,3,524.15,0.05,349.09
O0002299,P102,1,207.16,0.0,144.03
O0002300,P045,2,324.62,0.0,217.65
O0002300,P038,1,211.9,0.0,151.38
O0002300,P017,2,1959.24,0.0,894.02
O0002300,P080,1,970.19,0.0,665.21
O0002301,P031,1,452.09,0.12,286.67
O0002302,P067,1,907.08,0.0,551.49
O0002303,P089,1,236.15,0.0,109.93
O0002303,P069,2,1377.71,0.0,836.88
O0002304,P068,1,1176.24,0.0,672.38
O0002304,P009,2,114.44,0.03,82.07
O0002305,P117,1,133.52,0.0,94.9
O0002306,P006,1,1872.02,0.0,1171.09
O0002306,P063,1,227.36,0.0,100.56
O0002307,P092,1,625.5,0.0,402.44
O0002308,P108,1,43.75,0.05,19.62
O0002308,P023,1,266.44,0.0,126.28
O0002308,P061,2,80.59,0.03,43.71
O0002309,P079,1,742.7,0.03,370.83
O0002310,P020,1,495.49,0.03,363.76
O0002310,P063,1,222.97,0.0,100.68
O0002311,P089,1,236.09,0.08,107.56
O0002312,P064,1,528.55,0.0,340.79
O0002313,P079,1,789.2,0.03,360.12
O0002314,P044,1,313.56,0.0,215.8
O0002315,P090,1,181.46,0.0,94.04
O0002316,P077,3,48.18,0.0,27.31
O0002316,P033,4,111.79,0.0,53.94
O0002317,P055,1,490.21,0.0,265.13
O0002318,P034,1,672.11,0.0,350.32
O0002318,P047,4,317.37,0.0,201.78
O0002319,P011,2,1326.17,0.0,756.83
O0002320,P010,1,1110.85,0.0,582.73
O0002320,P114,3,129.2,0.03,63.8
O0002321,P015,1,1212.95,0.0,761.99
O0002322,P074,1,72.18,0.03,41.88
O0002322,P048,1,525.36,0.0,306.83
O0002323,P073,2,583.82,0.08,294.19
O0002324,P022,1,382.3,0.0,258.87
O0002324,P085,1,293.64,0.08,204.18
O0002325,P084,1,464.57,0.05,337.8
O0002326,P026,1,172.97,0.0,82.22
O0002327,P018,1,1771.39,0.08,1321.4
O0002328,P037,1,35.99,0.03,21.29
O0002329,P075,1,1043.7,0.03,576.83
O0002330,P116,2,99.15,0.08,49.07
O0002331,P009,1,121.46,0.0,85.18
O0002332,P111,1,42.47,0.03,32.32
O0002333,P038,1,212.1,0.05,155.15
O0002334,P027,1,639.24,0.0,380.67
O0002335,P018,3,1714.17,0.05,1295.38
O0002335,P014,2,238.19,0.0,166.4
O0002335,P030,1,209.53,0.05,158.52
O0002336,P013,3,584.15,0.0,360.17
O0002337,P029,2,184.61,0.05,109.61
O0002337,P037,1,38.08,0.03,21.5
O0002338,P088,1,94.94,0.0,54.67
O0002338,P086,1,435.25,0.12,328.85
O0002338,P018,2,1730.89,0.03,1267.54
O0002339,P043,2,139.01,0.0,75.21
O0002340,P029,1,187.01,0.05,115.12
O0002341,P120,1,139.79,0.05,92.23
O0002342,P048,3,484.89,0.0,299.97
O0002343,P083,3,253.42,0.0,120.95
O0002344,P074,1,74.75,0.0,42.19
O0002344,P038,1,210.19,0.0,152.32
O0002344,P011,1,1287.51,0.0,753.11
O0002345,P089,1,237.96,0.08,110.16
O0002346,P018,1,1766.89,0.03,1293.32
O0002346,P060,3,250.88,0.05,177.97
O0002347,P013,2,563.93,0.0,365.94
O0002348,P081,1,340.98,0.0,191.91
O0002349,P118,1,77.38,0.0,48.32
O0002349,P102,1,207.67,0.0,150.36
O0002350,P022,1,391.22,0.0,257.78
O0002351,P011,2,1355.76,0.0,773.35
O0002352,P060,1,253.88,0.0,176.8
O0002353,P012,1,2280.44,0.0,1405.53
O0002354,P033,1,118.0,0.0,52.25
O0002355,P110,1,52.53,0.03,27.91
O0002356,P031,2,436.09,0.05,281.97
O0002356,P098,1,32.66,0.03,23.45
O0002357,P049,1,75.53,0.08,38.83
O0002358,P020,2,534.9,0.0,359.92
O0002359,P038,1,205.76,0.05,153.95
O0002359,P064,2,550.62,0.0,343.9
O0002360,P106,1,210.35,0.0,130.58
O0002360,P076,1,272.62,0.03,138.35
O0002361,P105,1,148.84,0.12,97.75
O0002361,P059,1,158.04,0.05,95.0
O0002362,P036,1,255.88,0.0,172.97
O0002363,P085,1,290.92,0.0,198.92
O0002364,P018,2,1746.99,0.0,1283.82
O0002365,P020,2,502.5,0.0,372.67
O0002365,P090,4,180.24,0.03,93.8
O0002366,P061,2,86.06,0.05,43.68
O0002367,P014,1,237.35,0.08,166.0
O0002367,P068,3,1173.5,0.05,673.81
O0002368,P031,2,424.66,0.0,282.32
O0002369,P006,1,1920.37,0.0,1170.94
O0002370,P086,1,465.42,0.0,331.22
O0002370,P110,2,55.03,0.03,27.88
O0002371,P021,1,365.86,0.0,206.31
O0002372,P036,1,240.73,0.03,178.91
O0002373,P038,2,204.72,0.05,156.3
O0002374,P002,1,2362.75,0.0,1537.41
O0002375,P034,2,719.47,0.12,342.55
O0002376,P090,1,171.22,0.0,94.77
O0002377,P042,1,185.62,0.12,120.24
O0002378,P025,1,448.61,0.05,342.92
O0002379,P008,1,1936.33,0.0,1080.11
O0002380,P092,1,625.08,0.08,401.05
O0002381,P078,1,852.97,0.12,667.2
O0002382,P016,1,1447.24,0.0,973.44
O0002383,P075,2,1049.31,0.0,601.87
O0002383,P106,1,199.79,0.0,138.0
O0002384,P106,1,203.75,0.12,130.43
O0002385,P023,1,271.45,0.0,127.85
O0002386,P023,2,271.48,0.0,131.22
O0002387,P040,1,321.61,0.08,164.8
O0002387,P092,3,665.28,0.0,401.04
O0002387,P038,1,200.96,0.0,153.83
O0002387,P064,1,553.64,0.0,344.72
O0002388,P012,1,2213.98,0.0,1383.9
O0002389,P011,1,1304.31,0.0,771.99
O0002389,P028,3,639.01,0.0,420.61
O0002390,P041,1,106.42,0.0,54.46
O0002390,P026,2,162.07,0.08,84.21
O0002391,P054,2,151.81,0.0,77.79
O0002392,P028,1,623.89,0.12,402.16
O0002392,P107,2,223.95,0.08,139.53
O0002393,P073,3,587.84,0.0,302.14
O0002393,P019,1,2123.92,0.0,1468.77
O0002394,P088,2,97.38,0.12,54.09
O0002395,P006,1,1969.04,0.08,1157.73
O0002395,P020,2,494.24,0.0,369.57
O0002396,P061,1,84.26,0.0,43.56
O0002397,P024,1,185.36,0.03,97.49
O0002397,P095,1,633.41,0.0,304.78
O0002398,P074,1,73.98,0.0,41.88
O0002399,P031,1,420.18,0.05,279.16
O0002399,P055,1,484.44,0.05,261.79
O0002399,P035,2,590.93,0.0,384.05
O0002400,P045,2,317.02,0.0,221.1
O0002401,P012,1,2147.58,0.0,1380.76
O0002402,P062,4,1430.66,0.0,1049.47
O0002403,P001,1,286.2,0.08,151.41
O0002404,P002,1,2353.49,0.0,1539.36
O0002405,P064,1,544.3,0.0,339.57
O0002406,P099,3,160.19,0.12,100.4
O0002406,P097,1,326.55,0.03,212.9
O0002407,P090,2,176.74,0.05,94.34
O0002408,P008,1,1761.1,0.0,1075.82
O0002408,P003,1,1173.67,0.05,659.15
O0002409,P049,1,76.24,0.05,39.07
O0002409,P025,1,485.34,0.0,327.0
O0002410,P032,2,200.0,0.0,101.43
O0002410,P112,1,64.77,0.15,37.44
O0002411,P051,1,198.22,0.05,94.46
O0002412,P028,1,640.79,0.08,401.59
O0002413,P072,1,57.41,0.0,36.11
O0002413,P039,1,352.73,0.08,177.09
O0002414,P102,1,207.46,0.15,150.52
O0002415,P026,1,162.41,0.0,86.81
O0002416,P043,3,132.67,0.0,74.96
O0002417,P008,2,1830.13,0.0,1099.13
O0002418,P055,1,450.21,0.12,268.03
O0002419,P027,1,616.61,0.0,387.0
O0002419,P083,1,252.23,0.05,120.68
O0002419,P112,1,59.77,0.05,38.54
O0002419,P054,2,157.72,0.0,77.75
O0002420,P055,1,484.43,0.0,266.87
O0002421,P019,1,2165.3,0.0,1433.53
O0002421,P112,4,60.9,0.0,36.55
O0002421,P065,1,1052.0,0.0,611.51
O0002422,P060,1,252.74,0.08,174.0
O0002423,P003,1,1189.15,0.0,647.64
O0002424,P006,1,1936.92,0.08,1151.97
O0002424,P028,1,640.93,0.0,397.48
O0002425,P008,1,1830.59,0.03,1056.94
O0002425,P093,1,232.75,0.05,116.69
O0002426,P102,1,211.55,0.0,145.39
O0002427,P009,4,115.33,0.03,83.38
O0002427,P117,1,122.02,0.05,91.69
O0002428,P102,3,214.85,0.0,144.83
O0002429,P009,2,118.16,0.12,83.25
O0002430,P047,3,302.73,0.0,197.63
O0002431,P069,3,1431.27,0.08,816.37
O0002432,P094,3,358.88,0.0,182.9
O0002432,P089,2,228.96,0.03,108.43
O0002432,P116,1,99.89,0.0,50.3
O0002433,P007,1,530.95,0.0,294.3
O0002434,P089,1,238.29,0.0,109.13
O0002435,P056,3,390.38,0.0,263.95
O0002435,P028,1,652.15,0.0,410.57
O0002435,P030,1,198.43,0.05,156.23
O0002435,P054,1,153.65,0.05,81.07
O0002436,P039,1,386.36,0.0,175.48
O0002437,P005,3,2182.26,0.0,1320.23
O0002438,P024,1,183.78,0.0,101.64
O0002438,P031,2,433.05,0.0,280.39
O0002438,P026,1,174.45,0.15,82.96
O0002439,P012,2,2325.23,0.03,1363.68
O0002440,P098,1,31.88,0.05,23.09
O0002440,P072,1,54.23,0.05,35.95
O0002441,P003,1,1222.32,0.0,651.79
O0002442,P086,2,458.74,0.03,323.58
O0002443,P030,2,214.02,0.0,152.05
O0002443,P059,2,161.19,0.0,96.64
O0002444,P008,1,1869.9,0.05,1077.43
O0002445,P056,1,359.09,0.03,261.91
O0002445,P100,1,292.17,0.0,188.78
O0002445,P006,2,1877.76,0.0,1136.32
O0002446,P069,1,1377.43,0.05,816.55
O0002447,P088,1,98.6,0.05,53.43
O0002447,P104,2,219.59,0.12,134.64
O0002448,P081,1,347.99,0.0,189.66
O0002449,P019,2,2135.8,0.0,1396.08
O0002450,P024,2,188.01,0.03,99.4
O0002451,P029,2,180.8,0.0,111.3
O0002452,P018,1,1834.46,0.0,1339.2
O0002452,P031,2,438.71,0.0,285.13
O0002452,P093,1,240.85,0.0,112.69
O0002453,P044,1,324.15,0.05,215.43
O0002454,P079,2,757.8,0.0,373.35
O0002454,P016,1,1362.3,0.03,971.14
O0002454,P038,1,204.24,0.0,154.19
O0002454,P032,1,189.4,0.0,102.15
O0002455,P010,1,1203.42,0.0,605.32
O0002456,P112,1,60.98,0.0,38.08
O0002457,P114,1,127.88,0.08,63.49
O0002458,P008,2,1931.79,0.03,1052.65
O0002459,P116,1,100.93,0.05,51.87
O0002459,P104,1,232.77,0.0,133.53
O0002460,P027,1,619.02,0.05,375.94
O0002461,P076,1,264.32,0.08,138.19
O0002462,P015,2,1201.41,0.0,747.67
O0002463,P116,1,104.73,0.0,49.47
O0002464,P011,1,1364.15,0.0,790.59
O0002465,P079,2,756.84,0.05,370.54
O0002466,P103,2,170.48,0.15,128.85
O0002466,P016,3,1478.85,0.0,951.8
O0002467,P035,3,599.67,0.0,380.25
O0002467,P008,2,1794.06,0.03,1051.58
O0002467,P086,1,467.2,0.0,326.41
O0002468,P018,1,1809.95,0.08,1332.83
O0002469,P112,1,62.63,0.03,38.07
O0002470,P055,1,487.78,0.05,259.95
O0002470,P037,1,39.47,0.08,21.79
O0002471,P019,1,2148.79,0.0,1410.03
O0002471,P035,1,567.52,0.0,381.78
O0002471,P078,1,865.46,0.08,661.74
O0002472,P042,1,198.04,0.0,116.54
O0002473,P068,2,1197.94,0.08,665.6
O0002474,P076,2,261.2,0.12,132.93
O0002475,P039,1,350.92,0.0,175.75
O0002476,P004,3,1873.85,0.0,930.45
O0002477,P021,1,333.06,0.03,199.7
O0002477,P039,1,362.2,0.05,175.99
O0002477,P118,1,78.06,0.08,47.29
O0002478,P089,1,241.13,0.08,106.98
O0002478,P024,1,184.72,0.05,102.06
O0002478,P088,1,102.5,0.0,54.98
O0002478,P017,3,1861.07,0.0,846.06
O0002479,P088,1,98.56,0.0,55.38
O0002480,P089,1,236.94,0.15,107.1
O0002481,P104,2,220.66,0.0,133.24
O0002481,P099,2,158.91,0.0,101.41
O0002482,P091,1,225.84,0.0,159.89
O0002483,P014,1,220.96,0.08,165.38
O0002484,P075,3,1071.48,0.05,610.35
O0002484,P088,2,95.56,0.0,54.31
O0002485,P108,1,43.42,0.0,19.85
O0002486,P042,1,199.05,0.0,117.33
O0002487,P089,2,226.96,0.0,109.3
O0002488,P057,1,217.85,0.03,111.68
O0002488,P021,1,346.37,0.0,198.37
O0002489,P034,1,705.3,0.12,348.38
O0002490,P058,1,560.3,0.08,301.53
O0002491,P027,2,643.69,0.0,391.35
O0002492,P038,1,204.16,0.08,153.05
O0002492,P068,1,1147.76,0.05,672.45
O0002492,P027,2,652.89,0.0,375.39
O0002493,P027,3,631.43,0.0,389.02
O0002494,P069,1,1460.63,0.08,845.86
O0002494,P062,1,1455.41,0.0,1054.59
O0002495,P061,1,83.13,0.0,42.49
O0002495,P010,1,1170.55,0.05,600.62
O0002495,P006,1,1873.38,0.05,1135.99
O0002495,P105,1,158.41,0.0,100.35
O0002496,P029,1,180.08,0.0,114.81
O0002497,P106,1,211.36,0.12,131.36
O0002497,P067,2,890.99,0.05,557.01
O0002497,P048,1,507.36,0.0,306.09
O0002498,P065,3,1035.29,0.05,625.82
O0002499,P004,3,1752.85,0.03,929.78
O0002500,P038,1,198.92,0.05,157.65
O0002500,P114,2,135.66,0.0,63.84
O0002501,P042,2,196.07,0.05,119.74
O0002501,P011,2,1336.21,0.05,779.09
O0002501,P045,1,312.42,0.0,209.4
O0002502,P107,1,229.99,0.03,146.95
O0002503,P013,1,541.61,0.08,351.43
O0002504,P036,1,240.41,0.05,175.17
O0002505,P103,3,161.43,0.0,126.25
O0002506,P037,2,39.06,0.0,20.73
O0002507,P062,1,1408.12,0.0,1091.32
O0002508,P018,2,1802.48,0.0,1324.86
O0002509,P087,2,569.0,0.0,410.48
O0002510,P029,1,195.99,0.03,109.48
O0002510,P120,3,141.42,0.0,89.68
O0002511,P002,2,2415.49,0.0,1544.59
O0002512,P034,1,714.61,0.0,345.25
O0002513,P085,2,279.56,0.0,204.18
O0002514,P042,1,200.21,0.05,119.88
O0002514,P087,2,606.7,0.05,403.49
O0002515,P012,1,2293.09,0.05,1340.42
O0002516,P064,1,551.87,0.0,343.36
O0002517,P040,1,337.89,0.03,164.57
O0002518,P004,1,1725.49,0.0,921.22
O0002519,P073,1,558.49,0.0,294.68
O0002520,P042,1,184.25,0.05,117.67
O0002521,P035,2,600.07,0.05,392.04
O0002521,P065,1,1001.57,0.08,620.87
O0002522,P074,1,72.68,0.0,40.78
O0002522,P096,2,519.79,0.0,357.22
O0002522,P065,1,1004.38,0.0,609.42
O0002523,P014,2,240.33,0.0,163.89
O0002524,P093,1,239.56,0.0,112.75
O0002525,P001,1,298.66,0.0,148.71
O0002526,P113,1,116.3,0.0,80.19
O0002526,P030,1,201.12,0.0,154.47
O0002526,P048,1,496.17,0.0,291.13
O0002527,P036,1,254.51,0.0,176.95
O0002528,P065,1,1025.07,0.0,597.44
O0002529,P092,1,624.77,0.0,403.69
O0002530,P114,2,135.34,0.0,63.06
O0002531,P021,4,344.88,0.0,200.04
O0002531,P066,2,472.88,0.0,261.21
O0002532,P070,1,56.24,0.15,27.99
O0002533,P027,1,634.24,0.05,374.81
O0002534,P037,1,38.69,0.0,21.87
O0002535,P094,4,358.35,0.0,182.56
O0002536,P022,2,403.64,0.0,257.89
O0002537,P113,1,110.6,0.0,78.43
O0002538,P066,1,485.58,0.03,269.76
O0002539,P021,3,357.88,0.03,199.73
O0002540,P004,1,1809.32,0.0,924.84
O0002541,P071,2,743.18,0.05,350.93
O0002542,P105,1,153.2,0.05,97.48
O0002543,P035,1,563.76,0.12,381.07
O0002543,P016,1,1390.54,0.0,985.77
O0002543,P100,1,303.73,0.0,181.67
O0002544,P034,1,708.23,0.08,348.07
O0002545,P013,1,586.54,0.0,367.41
O0002546,P039,1,381.7,0.08,176.0
O0002547,P075,1,1065.76,0.0,578.75
O0002548,P014,1,229.83,0.0,170.89
O0002548,P078,1,847.89,0.08,631.17
O0002549,P110,1,52.63,0.0,27.24
O0002550,P045,2,306.68,0.0,220.87
O0002551,P107,1,216.19,0.0,144.05
O0002551,P096,1,508.46,0.08,341.9
O0002552,P093,4,243.69,0.0,114.85
O0002552,P100,1,287.31,0.0,183.75
O0002553,P011,3,1355.8,0.05,776.53
O0002554,P040,1,319.59,0.0,165.0
O0002555,P027,2,653.82,0.0,383.02
O0002556,P037,1,38.0,0.05,21.5
O0002556,P086,2,466.47,0.0,336.79
O0002557,P008,1,1798.17,0.03,1091.44
O0002558,P002,1,2564.45,0.0,1517.77
O0002559,P085,3,274.87,0.0,205.6
O0002559,P071,1,731.17,0.0,347.64
O0002560,P111,2,40.56,0.0,31.15
O0002561,P067,1,901.62,0.05,533.86
O0002562,P113,2,114.64,0.0,82.09
O0002563,P076,2,269.67,0.03,135.14
O0002564,P052,3,114.41,0.03,85.13
O0002565,P018,1,1770.91,0.03,1318.11
O0002566,P005,1,2039.65,0.0,1336.22
O0002566,P055,2,446.36,0.0,272.91
O0002567,P033,1,112.6,0.0,53.64
O0002568,P061,1,79.58,0.12,43.49
O0002568,P097,1,302.54,0.0,213.2
O0002569,P108,1,43.87,0.0,19.98
O0002570,P057,1,219.93,0.05,113.6
O0002571,P097,2,316.84,0.0,211.95
O0002571,P054,1,154.77,0.15,80.8
O0002572,P084,1,479.75,0.05,327.95
O0002573,P043,1,128.79,0.0,74.83
O0002574,P095,2,620.07,0.03,305.4
O0002574,P056,1,381.48,0.0,260.8
O0002574,P115,1,90.21,0.0,54.07
O0002575,P062,1,1467.56,0.03,1062.35
O0002576,P015,3,1124.78,0.0,756.04
O0002577,P020,1,519.75,0.05,367.98
O0002578,P115,1,91.91,0.0,51.4
O0002579,P040,3,312.51,0.0,163.49
O0002580,P003,2,1205.24,0.0,669.93
O0002581,P013,1,549.79,0.08,364.63
O0002582,P075,1,1081.32,0.12,576.45
O0002582,P095,3,584.76,0.0,311.03
O0002583,P099,2,164.36,0.08,100.25
O0002583,P091,1,226.53,0.08,159.24
O0002584,P035,1,607.75,0.0,391.23
O0002584,P025,1,470.9,0.05,333.22
O0002585,P024,1,192.28,0.0,100.29
O0002585,P007,1,542.67,0.03,289.53
O0002586,P112,3,64.7,0.0,37.74
O0002586,P005,1,2027.07,0.0,1362.26
O0002587,P072,1,53.54,0.05,36.69
O0002587,P109,1,173.47,0.0,114.58
O0002588,P072,1,57.68,0.08,35.24
O0002588,P105,2,148.1,0.0,100.24
O0002589,P048,1,505.99,0.03,299.46
O0002590,P039,1,377.01,0.0,178.98
O0002591,P074,2,71.35,0.0,42.25
O0002592,P076,1,274.77,0.0,132.75
O0002592,P032,1,188.73,0.0,100.58
O0002592,P092,1,631.17,0.03,383.91
O0002592,P008,1,1798.68,0.03,1098.68
O0002593,P100,3,292.67,0.05,182.19
O0002593,P049,1,75.39,0.05,39.14
O0002593,P015,1,1138.59,0.0,725.67
O0002594,P075,1,1023.69,0.05,594.99
O0002595,P006,1,2009.17,0.0,1105.55
O0002595,P063,1,229.42,0.0,103.19
O0002596,P093,1,245.0,0.12,114.21
O0002597,P057,3,218.8,0.0,114.82
O0002598,P109,1,169.07,0.08,112.23
O0002598,P037,1,38.03,0.0,21.55
O0002599,P071,1,687.97,0.0,342.64
O0002600,P040,1,327.94,0.08,171.26
O0002601,P033,1,112.43,0.0,52.29
O0002602,P078,1,897.53,0.08,662.37
O0002603,P027,2,643.67,0.0,377.32
O0002603,P070,1,55.57,0.0,27.86
O0002603,P025,1,490.08,0.0,323.7
O0002604,P003,3,1206.34,0.03,657.01
O0002604,P041,1,105.59,0.12,52.45
O0002605,P114,1,139.47,0.0,60.56
O0002605,P004,1,1797.71,0.05,938.92
O0002606,P029,2,191.61,0.0,111.86
O0002607,P007,1,550.88,0.0,304.26
O0002608,P078,2,890.46,0.0,649.17
O0002609,P043,1,137.14,0.03,73.53
O0002609,P044,1,322.04,0.0,221.95
O0002609,P010,4,1148.62,0.05,608.51
O0002609,P011,1,1249.17,0.0,758.46
O0002610,P010,1,1157.08,0.08,598.17
O0002611,P041,1,107.64,0.05,54.68
O0002612,P101,1,28.83,0.0,17.26
O0002613,P010,2,1169.77,0.03,584.66
O0002614,P008,1,1915.37,0.0,1075.71
O0002614,P036,1,249.04,0.03,176.99
O0002615,P067,2,919.57,0.0,531.9
O0002616,P010,1,1104.8,0.0,608.99
O0002616,P030,2,207.32,0.0,157.0
O0002616,P105,1,162.45,0.12,98.57
O0002616,P036,3,245.02,0.03,177.79
O0002617,P067,1,924.21,0.0,561.62
O0002618,P102,1,216.47,0.12,149.12
O0002619,P093,2,224.93,0.0,111.02
O0002620,P094,1,353.92,0.0,188.11
O0002621,P007,2,566.4,0.05,294.86
O0002622,P014,1,240.82,0.12,166.34
O0002623,P052,2,117.66,0.0,88.86
O0002624,P036,1,261.67,0.0,180.52
O0002624,P032,1,189.94,0.05,98.35
O0002625,P039,1,352.49,0.0,172.66
O0002626,P019,1,2117.85,0.0,1418.22
O0002627,P102,2,206.43,0.0,151.31
O0002628,P033,1,120.19,0.0,51.83
O0002629,P112,3,59.85,0.03,36.58
O0002629,P111,1,43.92,0.0,32.3
O0002630,P029,2,189.7,0.0,110.37
O0002631,P004,1,1744.72,0.0,937.35
O0002632,P005,3,2214.72,0.0,1351.15
O0002633,P083,2,234.09,0.0,122.46
O0002633,P019,1,2093.53,0.0,1451.27
O0002634,P037,1,38.95,0.0,21.24
O0002635,P081,1,347.42,0.0,192.71
O0002635,P024,2,177.73,0.05,97.77
O0002635,P008,1,1881.53,0.0,1101.82
O0002636,P029,2,179.68,0.0,108.86
O0002636,P098,1,31.11,0.0,23.5
O0002637,P002,1,2447.56,0.0,1511.73
O0002638,P085,1,290.16,0.05,206.9
O0002639,P093,1,244.29,0.0,110.27
O0002640,P115,3,92.67,0.03,51.14
O0002641,P008,2,1773.66,0.12,1057.35
O0002641,P068,1,1134.75,0.0,658.76
O0002642,P014,2,220.17,0.0,164.37
O0002642,P021,1,349.83,0.0,204.83
O0002642,P045,1,312.82,0.0,212.29
O0002642,P017,1,1970.94,0.0,890.36
O0002643,P034,1,681.44,0.05,350.26
O0002643,P012,2,2330.62,0.0,1359.16
O0002644,P071,1,752.48,0.05,350.7
O0002645,P025,1,458.89,0.0,340.23
O0002646,P092,1,669.23,0.05,385.05
O0002646,P034,1,669.38,0.0,344.42
O0002647,P064,2,540.47,0.0,343.3
O0002648,P009,1,112.31,0.08,85.77
O0002649,P081,2,332.07,0.05,192.0
O0002649,P031,2,429.14,0.0,289.01
O0002649,P089,1,240.99,0.0,106.78
O0002650,P021,1,344.76,0.12,204.23
O0002651,P045,1,307.18,0.15,216.05
O0002652,P085,2,299.19,0.0,198.5
O0002653,P017,1,1843.66,0.0,866.18
O0002654,P025,3,478.72,0.0,333.87
O0002654,P088,4,98.18,0.0,55.18
O0002655,P023,2,285.63,0.0,130.68
O0002656,P105,1,156.75,0.03,99.42
O0002657,P111,2,44.1,0.03,32.05
O0002658,P016,1,1474.57,0.03,986.35
O0002659,P003,1,1264.14,0.08,674.2
O0002660,P115,3,93.24,0.03,51.66
O0002661,P005,1,2064.27,0.0,1373.12
O0002662,P026,1,166.95,0.0,84.48
O0002663,P043,1,138.21,0.0,75.74
O0002664,P041,1,105.58,0.0,53.41
O0002664,P054,1,148.76,0.0,79.6
O0002664,P012,1,2338.64,0.08,1379.69
O0002665,P005,2,2024.91,0.05,1356.94
O0002666,P103,1,174.51,0.03,125.79
O0002667,P049,1,82.38,0.0,39.9
O0002668,P060,1,261.04,0.0,178.28
O0002669,P112,2,63.22,0.08,36.72
O0002670,P010,1,1153.93,0.0,604.82
O0002671,P036,2,242.83,0.0,172.99
O0002672,P119,1,140.0,0.0,79.0
O0002672,P042,4,196.38,0.03,116.47
O0002673,P036,2,262.47,0.03,179.35
O0002674,P067,1,880.56,0.0,545.87
O0002675,P022,2,409.24,0.12,245.94
O0002675,P044,1,320.89,0.0,227.15
O0002675,P036,1,257.92,0.0,174.28
O0002676,P068,1,1169.65,0.05,653.0
O0002676,P076,1,272.09,0.08,134.58
O0002677,P088,2,102.02,0.05,52.59
O0002678,P095,2,606.93,0.03,304.5
O0002679,P112,1,64.65,0.08,37.63
O0002680,P048,1,518.5,0.0,298.96
O0002681,P007,1,535.46,0.12,302.55
O0002682,P032,1,192.96,0.05,101.44
O0002683,P114,1,131.81,0.0,63.74
O0002684,P099,3,165.25,0.0,103.84
O0002684,P087,2,584.42,0.0,424.5
O0002685,P100,1,288.79,0.0,188.18
O0002686,P039,1,356.45,0.03,173.62
O0002687,P060,2,263.59,0.0,183.07
O0002688,P021,1,354.93,0.05,200.24
O0002689,P084,2,449.52,0.0,327.09
O0002690,P006,3,1920.06,0.0,1133.34
O0002691,P075,1,1080.34,0.0,598.28
O0002691,P055,1,492.08,0.03,271.57
O0002692,P008,1,1767.2,0.0,1065.75
O0002692,P013,1,532.09,0.03,369.1
O0002693,P048,2,509.53,0.0,291.25
O0002694,P018,2,1729.25,0.0,1321.32
O0002695,P072,1,56.97,0.03,36.25
O0002695,P087,3,614.2,0.08,413.37
O0002696,P015,4,1155.25,0.08,722.49
O0002696,P043,2,126.68,0.03,72.86
O0002696,P049,1,78.17,0.03,38.69
O0002697,P025,1,484.74,0.0,335.91
O0002698,P105,3,152.45,0.0,100.04
O0002699,P005,3,2173.49,0.0,1304.71
O0002700,P104,1,231.63,0.05,134.89
O0002701,P025,1,455.53,0.12,343.33
O0002702,P111,1,42.26,0.0,31.71
O0002702,P101,1,28.71,0.0,17.24
O0002702,P067,1,954.44,0.05,531.6
O0002703,P034,1,662.68,0.08,337.79
O0002704,P084,1,473.07,0.0,329.9
O0002704,P095,2,619.78,0.05,304.08
O0002704,P096,2,543.22,0.05,339.9
O0002705,P036,1,250.48,0.15,176.67
O0002706,P079,1,788.88,0.05,366.79
O0002707,P089,1,239.44,0.08,108.15
O0002707,P037,1,36.02,0.0,21.9
O0002708,P029,1,187.05,0.15,110.81
O0002709,P069,1,1439.36,0.0,822.74
O0002709,P105,1,155.39,0.0,96.61
O0002710,P101,1,28.81,0.12,17.07
O0002711,P045,1,330.97,0.12,211.33
O0002711,P025,1,456.78,0.05,338.91
O0002711,P095,2,595.0,0.0,313.2
O0002712,P039,1,377.01,0.08,169.84
O0002712,P007,1,579.83,0.0,289.89
O0002713,P053,1,84.97,0.05,41.04
O0002714,P012,2,2161.7,0.05,1360.25
O0002714,P015,1,1126.2,0.0,733.8
O0002715,P038,1,206.74,0.12,152.42
O0002715,P074,1,74.23,0.0,42.1
O0002716,P060,3,259.13,0.0,173.4
O0002716,P032,1,200.59,0.0,101.46
O0002717,P040,2,328.88,0.0,169.99
O0002717,P070,1,55.54,0.08,28.99
O0002718,P002,1,2568.01,0.0,1500.97
O0002719,P006,2,1998.48,0.03,1146.76
O0002719,P117,2,129.8,0.12,93.97
O0002720,P105,1,159.15,0.03,98.38
O0002720,P059,1,171.86,0.0,92.51
O0002720,P009,2,119.92,0.0,82.8
O0002721,P064,1,545.61,0.0,333.72
O0002722,P082,1,110.19,0.08,67.49
O0002722,P109,2,168.79,0.08,111.64
O0002722,P081,1,353.06,0.12,184.88
O0002723,P053,2,84.39,0.0,41.27
O0002723,P050,3,236.72,0.0,144.67
O0002723,P078,2,911.43,0.0,665.74
O0002724,P041,1,107.68,0.0,55.22
O0002725,P021,4,343.08,0.05,197.28
O0002726,P089,1,239.89,0.0,106.94
O0002727,P093,2,238.47,0.0,116.76
O0002727,P103,1,165.93,0.03,125.79
O0002727,P007,3,543.98,0.0,295.84
O0002728,P102,2,218.18,0.0,149.0
O0002729,P003,1,1171.5,0.05,672.47
O0002730,P097,1,304.36,0.05,206.79
O0002730,P004,2,1760.22,0.08,911.43
O0002730,P017,3,1897.2,0.05,844.79
O0002731,P064,1,522.22,0.0,335.88
O0002732,P023,1,265.22,0.03,125.29
O0002733,P034,2,718.69,0.05,334.64
O0002733,P120,1,152.54,0.0,89.06
O0002734,P088,1,94.4,0.0,53.4
O0002735,P019,2,2015.02,0.12,1401.85
O0002736,P013,1,537.28,0.08,350.97
O0002736,P018,1,1752.6,0.03,1323.52
O0002737,P028,1,632.4,0.0,407.51
O0002738,P041,1,100.11,0.0,53.48
O0002739,P089,1,219.58,0.0,111.31
O0002740,P026,2,171.02,0.0,82.64
O0002741,P024,1,186.16,0.12,100.65
O0002742,P095,1,604.31,0.05,310.61
O0002743,P050,1,237.62,0.0,148.28
O0002744,P068,4,1186.42,0.0,664.61
O0002745,P030,1,214.87,0.0,156.14
O0002746,P111,2,42.82,0.08,31.83
O0002746,P103,3,161.55,0.12,122.05
O0002747,P063,3,225.04,0.0,105.32
O0002748,P118,1,75.01,0.0,49.09
O0002749,P109,1,165.85,0.0,112.91
O0002749,P094,1,363.31,0.0,182.37
O0002750,P097,1,331.02,0.05,215.8
O0002750,P042,1,202.8,0.03,121.39
O0002751,P015,1,1176.28,0.0,759.89
O0002751,P119,1,140.8,0.0,80.61
O0002752,P043,2,133.77,0.0,74.82
O0002753,P111,1,41.29,0.0,30.83
O0002754,P040,1,333.8,0.08,167.64
O0002755,P103,2,170.58,0.03,123.84
O0002756,P017,1,1799.58,0.03,856.91
O0002757,P093,1,228.38,0.0,114.93
O0002758,P098,1,31.01,0.0,22.48
O0002759,P034,1,712.14,0.0,337.92
O0002759,P118,1,75.36,0.05,50.05
O0002760,P110,2,53.92,0.0,27.92
O0002761,P055,2,488.32,0.05,268.04
O0002762,P078,1,827.96,0.08,666.73
O0002763,P003,2,1284.34,0.0,642.96
O0002764,P027,3,650.7,0.0,382.81
O0002765,P098,2,32.9,0.0,23.73
O0002766,P053,1,89.71,0.05,42.2
O0002766,P118,1,77.51,0.0,48.29
O0002767,P019,1,2116.63,0.0,1445.95
O0002768,P113,1,107.86,0.0,77.99
O0002769,P054,1,156.46,0.0,80.74
O0002770,P025,2,472.86,0.0,334.51
O0002771,P018,2,1763.87,0.03,1323.72
O0002772,P044,1,333.06,0.0,219.96
O0002773,P100,2,305.74,0.08,188.79
O0002774,P018,1,1698.51,0.0,1309.82
O0002775,P034,1,669.66,0.0,339.3
O0002776,P096,3,538.73,0.08,339.67
O0002777,P009,1,116.49,0.05,87.0
O0002778,P046,1,279.42,0.0,199.82
O0002779,P077,2,47.68,0.0,28.61
O0002779,P043,2,133.0,0.0,74.37
O0002780,P011,1,1267.06,0.03,759.37
O0002781,P054,1,152.67,0.03,81.01
O0002782,P009,1,118.35,0.0,86.15
O0002783,P069,1,1424.23,0.0,838.44
O0002784,P106,1,212.72,0.03,131.5
O0002784,P074,1,75.38,0.0,42.13
O0002785,P006,1,1879.12,0.08,1151.04
O0002785,P045,2,333.17,0.03,210.19
O0002785,P026,2,162.82,0.0,83.8
O0002786,P005,1,2046.58,0.12,1349.34
O0002787,P090,1,181.6,0.0,93.41
O0002788,P003,1,1255.02,0.0,674.67
O0002789,P030,1,204.28,0.05,154.88
O0002790,P039,2,387.26,0.0,179.24
O0002790,P050,1,256.26,0.15,141.49
O0002791,P003,1,1239.22,0.0,650.72
O0002792,P015,1,1155.52,0.12,738.27
O0002793,P050,1,256.77,0.0,139.89
O0002794,P009,1,120.36,0.08,83.95
O0002794,P052,1,117.89,0.0,87.66
O0002794,P011,1,1345.42,0.0,760.11
O0002794,P018,2,1857.54,0.0,1311.52
O0002795,P090,1,185.19,0.03,93.11
O0002796,P015,3,1196.69,0.0,763.42
O0002796,P029,1,191.28,0.0,112.62
O0002797,P017,1,1938.15,0.0,873.78
O0002797,P101,1,28.51,0.05,17.6
O0002797,P063,2,214.0,0.08,100.95
O0002798,P065,2,1100.52,0.05,595.44
O0002799,P118,1,80.11,0.03,49.18
O0002800,P016,1,1409.54,0.0,977.18
O0002800,P056,1,378.1,0.0,255.85
O0002801,P003,1,1203.01,0.12,645.45
O0002801,P110,2,53.99,0.0,26.97
O0002802,P020,1,532.68,0.12,358.04
O0002802,P071,1,747.19,0.08,354.37
O0002803,P097,1,308.12,0.03,212.33
O0002804,P021,1,336.1,0.0,198.4
O0002805,P027,1,616.71,0.03,376.75
O0002806,P033,1,116.34,0.0,53.54
O0002807,P001,1,306.19,0.0,146.34
O0002808,P054,2,155.82,0.0,80.3
O0002809,P004,1,1793.24,0.08,910.45
O0002809,P023,2,267.84,0.0,127.73
O0002810,P026,1,173.77,0.0,86.72
O0002811,P018,2,1703.33,0.0,1301.95
O0002811,P021,1,353.69,0.05,208.04
O0002811,P034,1,694.01,0.0,352.34
O0002812,P021,4,342.65,0.05,206.65
O0002813,P039,2,368.69,0.0,176.41
O0002814,P040,2,331.19,0.0,170.39
O0002814,P069,1,1472.55,0.05,858.79
O0002815,P048,1,498.45,0.03,298.68
O0002816,P063,1,224.91,0.0,101.4
O0002817,P009,1,116.64,0.0,84.56
O0002818,P090,3,182.95,0.05,92.99
O0002819,P063,1,220.86,0.12,101.4
O0002820,P077,1,48.28,0.08,27.81
O0002821,P079,1,791.66,0.03,369.86
O0002822,P114,2,136.77,0.08,62.05
O0002823,P062,1,1522.93,0.05,1073.82
O0002824,P090,1,176.86,0.0,93.13
O0002824,P046,3,281.18,0.03,195.88
O0002824,P051,1,203.46,0.05,94.75
O0002825,P015,1,1236.59,0.12,724.1
O0002825,P032,2,188.52,0.05,98.18
O0002826,P026,3,167.63,0.05,85.53
O0002827,P005,1,2103.61,0.12,1342.06
O0002828,P059,1,169.93,0.03,93.23
O0002829,P011,1,1348.35,0.03,778.78
O0002829,P024,1,177.99,0.03,96.73
O0002829,P015,1,1226.07,0.05,766.79
O0002830,P095,2,629.47,0.0,308.75
O0002831,P002,1,2564.8,0.0,1538.63
O0002832,P057,1,205.61,0.08,113.53
O0002833,P016,1,1360.1,0.0,961.84
O0002834,P003,1,1178.73,0.03,672.99
O0002835,P011,1,1332.53,0.0,778.94
O0002836,P099,1,166.28,0.0,105.12
O0002837,P101,1,28.9,0.0,17.25
O0002838,P093,1,227.05,0.0,113.6
O0002839,P037,1,39.27,0.0,21.01
O0002839,P061,1,82.68,0.12,42.25
O0002839,P043,1,128.62,0.05,72.49
O0002840,P053,2,89.96,0.0,42.63
O0002840,P036,1,258.33,0.0,180.43
O0002841,P102,1,222.05,0.0,144.66
O0002842,P077,2,46.27,0.03,27.15
O0002843,P070,2,55.63,0.0,28.09
O0002844,P018,2,1702.4,0.05,1303.63
O0002844,P021,1,363.39,0.12,202.22
O0002845,P103,2,166.36,0.0,123.98
O0002846,P047,1,301.05,0.08,205.55
O0002847,P037,2,37.87,0.05,20.85
O0002848,P026,1,175.67,0.0,84.72
O0002849,P095,1,617.6,0.03,311.99
O0002849,P005,2,2057.72,0.0,1301.16
O0002850,P056,1,363.04,0.0,257.67
O0002850,P010,2,1127.76,0.0,596.38
O0002851,P060,2,261.87,0.0,182.84
O0002852,P005,4,2181.78,0.0,1315.49
O0002853,P033,1,114.52,0.08,51.57
O0002854,P004,1,1720.05,0.0,908.43
O0002854,P045,1,318.85,0.0,220.07
O0002854,P069,3,1384.59,0.05,829.0
O0002855,P007,1,579.03,0.0,290.64
O0002856,P110,1,54.17,0.0,27.28
O0002857,P012,1,2252.71,0.0,1382.37
O0002858,P114,1,128.76,0.08,61.11
O0002858,P069,2,1398.81,0.05,838.61
O0002858,P065,2,1023.72,0.05,601.33
O0002859,P018,1,1743.08,0.0,1298.02
O0002860,P036,1,260.13,0.0,173.59
O0002861,P022,3,375.65,0.12,244.78
O0002861,P041,1,102.18,0.05,55.37
O0002862,P106,2,203.59,0.03,137.78
O0002863,P026,1,175.19,0.0,82.15
O0002864,P015,1,1143.81,0.08,764.52
O0002865,P024,2,186.83,0.05,100.68
O0002865,P018,1,1852.13,0.0,1262.85
O0002865,P079,3,757.65,0.0,370.12
O0002865,P084,1,470.49,0.0,332.41
O0002866,P047,1,318.62,0.0,196.31
O0002867,P032,1,202.66,0.0,100.25
O0002867,P086,1,443.98,0.12,340.55
O0002868,P052,1,113.63,0.0,88.21
O0002868,P077,1,48.5,0.0,27.93
O0002869,P062,2,1428.61,0.0,1068.9
O0002870,P117,1,133.77,0.0,95.92
O0002871,P110,1,54.59,0.0,27.83
O0002872,P115,2,90.91,0.08,52.12
O0002873,P019,1,2116.25,0.0,1443.26
O0002874,P083,1,240.12,0.05,117.83
O0002874,P010,1,1190.28,0.12,583.32
O0002874,P046,1,283.74,0.0,195.54
O0002875,P041,4,107.87,0.12,54.82
O0002875,P076,2,267.96,0.08,138.92
O0002876,P080,2,990.96,0.0,660.66
O0002877,P075,1,1030.85,0.12,598.07
O0002878,P029,2,196.66,0.0,112.38
O0002879,P074,2,75.05,0.0,41.94
O0002879,P005,1,2186.74,0.08,1311.51
O0002880,P002,1,2360.01,0.03,1492.95
O0002881,P071,2,705.87,0.08,338.09
O0002882,P069,1,1433.44,0.05,848.33
O0002883,P083,1,240.38,0.0,122.66
O0002883,P109,1,172.76,0.05,113.11
O0002884,P067,1,892.64,0.12,550.96
O0002884,P036,1,245.57,0.0,178.25
O0002884,P045,1,306.99,0.0,219.38
O0002885,P033,1,117.67,0.05,53.05
O0002886,P055,1,484.49,0.05,268.73
O0002887,P001,2,309.92,0.0,152.77
O0002887,P089,1,229.23,0.0,111.04
O0002888,P058,1,584.31,0.0,295.17
O0002889,P091,1,236.46,0.0,155.9
O0002890,P058,2,597.64,0.0,296.79
O0002890,P109,1,169.23,0.0,112.86
O0002891,P037,1,38.56,0.0,20.95
O0002891,P021,1,332.56,0.0,198.36
O0002892,P058,3,602.11,0.15,302.16
O0002893,P066,1,488.41,0.0,270.3
O0002893,P020,2,515.82,0.0,366.51
O0002894,P088,1,96.19,0.0,54.07
O0002895,P017,1,1794.1,0.0,890.54
O0002895,P082,1,113.69,0.05,67.71
O0002896,P050,1,235.03,0.08,147.18
O0002896,P117,3,123.48,0.0,93.54
O0002897,P010,1,1096.61,0.0,596.16
O0002898,P029,2,193.64,0.05,110.05
O0002899,P019,2,2027.62,0.0,1456.14
O0002900,P093,1,233.99,0.0,115.1
O0002901,P074,2,73.52,0.05,41.47
O0002902,P053,1,87.15,0.0,42.86
O0002903,P086,1,463.89,0.0,325.61
O0002904,P119,4,146.03,0.0,79.87
O0002905,P012,1,2334.97,0.03,1367.03
O0002906,P051,1,199.9,0.05,95.44
O0002907,P104,2,228.08,0.0,134.79
O0002908,P120,2,143.21,0.0,89.87
O0002908,P062,2,1537.72,0.08,1096.7
O0002909,P060,1,258.24,0.05,180.06
O0002910,P060,1,256.23,0.05,175.9
O0002911,P018,1,1804.46,0.0,1290.92
O0002911,P042,2,192.13,0.05,120.8
O0002912,P088,1,94.59,0.08,55.0
O0002913,P106,1,209.24,0.05,133.05
O0002914,P118,1,78.89,0.0,49.58
O0002915,P001,1,300.86,0.0,146.45
O0002915,P022,1,407.88,0.05,253.47
O0002916,P092,1,632.71,0.0,385.78
O0002917,P118,1,82.01,0.08,47.55
O0002918,P027,1,610.84,0.0,391.58
O0002919,P089,1,223.46,0.0,105.41
O0002919,P098,1,32.71,0.0,23.31
O0002920,P051,1,190.86,0.0,94.69
O0002921,P005,1,2131.42,0.03,1329.51
O0002922,P057,2,216.75,0.0,108.82
O0002922,P021,1,345.62,0.05,206.38
O0002922,P117,1,125.21,0.0,92.53
O0002923,P031,1,416.5,0.12,287.4
O0002924,P037,1,36.02,0.0,21.49
O0002924,P020,1,531.07,0.05,372.76
O0002925,P026,1,174.76,0.08,82.38
O0002926,P080,4,945.7,0.0,672.39
O0002926,P075,2,984.79,0.0,594.91
O0002927,P050,1,249.66,0.08,147.08
O0002928,P045,1,314.43,0.05,219.5
O0002929,P021,2,347.77,0.0,205.73
O0002929,P062,1,1418.46,0.0,1102.29
O0002930,P074,1,75.83,0.0,42.25
O0002931,P075,2,1009.92,0.03,586.0
O0002931,P056,1,354.96,0.08,250.21
O0002932,P040,1,329.09,0.0,169.01
O0002933,P026,1,173.71,0.0,85.45
O0002934,P044,1,325.86,0.0,216.88
O0002935,P011,2,1254.65,0.05,746.52
O0002936,P038,1,199.21,0.0,154.45
O0002937,P028,2,655.4,0.0,410.59
O0002938,P091,1,246.01,0.0,164.72
O0002939,P084,1,467.87,0.0,335.97
O0002940,P030,1,209.34,0.0,156.29
O0002941,P002,1,2351.56,0.05,1541.55
O0002941,P085,1,280.09,0.12,203.75
O0002941,P097,2,318.49,0.0,215.82
O0002942,P032,1,192.59,0.0,98.05
O0002943,P059,1,170.63,0.05,95.65
O0002944,P068,3,1177.47,0.0,670.15
O0002945,P029,1,187.44,0.03,113.98
O0002946,P102,3,216.73,0.03,145.22
O0002947,P113,1,109.51,0.05,81.97
O0002947,P013,2,551.71,0.0,360.05
O0002947,P033,2,118.81,0.0,53.93
O0002947,P071,1,699.76,0.0,351.58
O0002948,P104,1,227.16,0.0,137.28
O0002948,P065,1,1000.29,0.0,598.24
O0002948,P043,1,137.31,0.0,74.88
O0002949,P014,1,226.02,0.0,168.9
O0002950,P023,1,283.43,0.08,126.5
O0002950,P069,2,1386.45,0.12,838.53
O0002950,P063,3,213.96,0.15,101.56
O0002951,P001,2,297.98,0.15,150.53
O0002952,P063,2,228.63,0.08,103.81
O0002952,P094,2,366.49,0.03,190.73
O0002953,P022,1,392.5,0.0,258.11
O0002954,P078,1,871.12,0.0,661.46
O0002954,P035,1,603.98,0.0,377.51
O0002954,P110,3,53.57,0.05,27.21
O0002954,P112,1,60.79,0.0,36.6
O0002955,P002,1,2481.02,0.0,1476.82
O0002956,P100,1,302.21,0.03,188.3
O0002957,P117,2,133.34,0.03,95.39
O0002958,P079,1,786.36,0.05,358.08
O0002959,P080,1,988.78,0.0,663.98
O0002960,P042,1,197.12,0.08,117.98
O0002960,P080,1,1002.88,0.03,665.6
O0002960,P037,2,37.75,0.05,20.78
O0002961,P020,1,504.72,0.0,362.53
O0002962,P115,1,92.47,0.08,51.58
O0002963,P114,1,132.14,0.03,60.22
O0002964,P038,1,210.08,0.0,154.82
O0002965,P092,1,617.12,0.08,404.38
O0002966,P076,1,274.54,0.0,133.3
O0002967,P114,1,134.76,0.03,63.49
O0002968,P087,1,567.37,0.0,416.2
O0002969,P064,1,533.5,0.08,343.76
O0002970,P117,1,131.06,0.0,90.99
O0002971,P073,1,574.11,0.05,294.87
O0002972,P014,1,240.66,0.05,166.58
O0002973,P092,1,633.64,0.08,395.37
O0002974,P003,2,1177.72,0.0,668.25
O0002974,P079,1,772.86,0.03,363.81
O0002974,P065,2,1102.6,0.0,613.55
O0002974,P105,1,153.27,0.05,98.57
O0002975,P017,1,1849.25,0.05,888.3
O0002975,P042,2,194.26,0.08,118.71
O0002975,P110,1,54.0,0.12,26.92
O0002975,P001,2,292.76,0.05,144.89
O0002976,P006,2,1953.76,0.0,1124.16
O0002976,P023,1,286.0,0.12,125.54
O0002977,P105,1,160.04,0.03,96.56
O0002977,P075,2,993.75,0.05,609.27
O0002977,P111,2,41.53,0.03,32.05
O0002977,P015,1,1187.06,0.0,742.15
O0002978,P093,3,241.9,0.0,113.32
O0002978,P070,2,52.84,0.05,28.95
O0002979,P002,2,2438.86,0.0,1543.68
O0002979,P048,2,501.45,0.08,290.41
O0002979,P030,2,216.12,0.0,156.56
O0002980,P100,1,285.2,0.0,184.97
O0002981,P022,2,383.92,0.0,247.52
O0002981,P095,2,583.18,0.0,303.5
O0002982,P030,1,205.93,0.0,158.61
O0002983,P117,2,127.3,0.05,91.09
O0002984,P001,1,311.67,0.0,149.81
O0002984,P100,1,286.4,0.0,188.35
O0002985,P109,1,163.81,0.08,111.71
O0002985,P044,1,320.06,0.12,220.69
O0002985,P019,3,2196.81,0.08,1480.01
O0002986,P005,1,2179.96,0.0,1349.67
O0002987,P083,1,237.31,0.0,123.63
O0002988,P043,1,134.66,0.03,72.6
O0002989,P009,3,118.78,0.03,82.22
O0002990,P056,3,382.16,0.0,250.69
O0002991,P035,1,598.69,0.08,395.16
O0002992,P033,2,121.56,0.0,53.48
O0002992,P021,2,365.62,0.08,199.24
O0002993,P045,2,328.13,0.12,211.66
O0002994,P097,1,308.59,0.08,214.31
O0002995,P079,1,779.5,0.15,359.38
O0002995,P017,1,1873.54,0.0,873.97
O0002996,P097,1,328.29,0.03,213.65
O0002997,P035,2,616.17,0.05,391.0
O0002998,P088,1,98.13,0.0,52.97
O0002999,P078,1,897.87,0.0,663.37
O0003000,P036,1,262.77,0.0,177.02
O0003001,P082,1,119.5,0.03,65.28
O0003001,P007,1,561.12,0.03,297.95
O0003001,P055,1,477.0,0.0,259.4
O0003002,P068,1,1173.0,0.0,635.08
O0003002,P098,1,30.93,0.05,23.64
O0003003,P040,3,342.93,0.0,165.24
O0003004,P096,2,514.16,0.08,343.37
O0003004,P007,1,558.95,0.0,294.76
O0003004,P026,1,171.04,0.0,82.59
O0003005,P063,1,227.32,0.05,105.05
O0003006,P033,1,113.16,0.08,52.13
O0003006,P094,1,339.81,0.03,183.83
O0003007,P113,2,115.28,0.08,81.02
O0003007,P097,2,303.88,0.08,208.23
O0003008,P046,1,273.96,0.03,197.98
O0003009,P119,1,148.17,0.03,76.48
O0003010,P120,1,146.84,0.0,88.85
O0003010,P033,1,120.09,0.08,52.84
O0003011,P088,1,98.74,0.0,53.24
O0003011,P109,1,170.3,0.05,113.07
O0003011,P111,2,44.09,0.05,32.55
O0003012,P110,3,50.71,0.03,27.98
O0003013,P002,1,2354.34,0.0,1481.06
O0003014,P006,1,1864.93,0.15,1124.3
O0003015,P082,1,111.18,0.05,64.88
O0003015,P019,3,2017.72,0.05,1416.87
O0003016,P119,1,149.27,0.0,76.54
O0003017,P110,2,52.43,0.08,27.94
O0003017,P107,1,235.72,0.12,141.75
O0003018,P068,1,1185.75,0.03,646.65
O0003018,P092,1,606.54,0.08,400.34
O0003018,P063,2,221.27,0.0,103.87
O0003019,P114,1,140.3,0.0,61.09
O0003020,P109,1,164.74,0.0,110.31
O0003021,P034,1,701.84,0.0,350.53
O0003021,P068,1,1180.12,0.0,639.32
O0003022,P078,1,853.23,0.0,644.12
O0003022,P038,1,200.5,0.0,151.17
O0003022,P005,1,2093.37,0.12,1312.11
O0003022,P101,2,27.89,0.0,16.92
O0003023,P006,2,1974.81,0.0,1155.82
O0003024,P074,1,73.81,0.08,42.23
O0003025,P034,1,701.94,0.0,345.52
O0003026,P024,1,177.39,0.08,99.13
O0003026,P087,1,570.67,0.03,401.41
O0003027,P052,2,117.68,0.03,85.49
O0003028,P098,1,32.35,0.0,22.56
O0003029,P003,1,1169.39,0.08,649.67
O0003030,P077,1,50.0,0.0,28.47
O0003031,P070,1,52.69,0.0,29.1
O0003032,P097,3,304.34,0.08,211.6
O0003033,P090,2,179.99,0.0,92.81
O0003034,P082,1,113.01,0.05,66.39
O0003035,P114,1,128.9,0.0,60.58
O0003036,P053,1,87.0,0.03,41.47
O0003037,P103,3,176.29,0.0,122.74
O0003038,P033,2,116.3,0.0,51.62
O0003038,P106,2,210.93,0.05,131.04
O0003039,P113,1,107.56,0.03,81.28
O0003040,P068,1,1145.25,0.08,661.12
O0003041,P010,1,1129.58,0.0,580.76
O0003042,P100,1,303.55,0.0,180.42
O0003043,P039,1,386.56,0.0,170.04
O0003044,P080,1,976.56,0.0,655.36
O0003045,P034,2,669.32,0.0,336.34
O0003045,P071,3,707.88,0.0,341.21
O0003046,P105,1,161.16,0.0,97.55
O0003046,P086,1,469.25,0.08,325.32
O0003047,P088,2,102.01,0.0,52.91
O0003047,P061,1,80.81,0.0,43.65
O0003048,P070,1,52.91,0.0,28.75
O0003049,P068,1,1133.43,0.0,652.6
O0003049,P002,1,2525.78,0.03,1539.35
O0003050,P098,1,32.96,0.0,22.82
O0003051,P045,3,319.83,0.0,216.93
O0003051,P061,2,82.98,0.0,43.45
O0003051,P033,2,110.3,0.0,53.16
O0003052,P100,1,290.82,0.0,184.54
O0003053,P013,3,545.43,0.03,370.86
O0003054,P013,1,583.54,0.05,372.19
O0003055,P002,2,2516.16,0.0,1519.85
O0003056,P062,3,1427.69,0.0,1067.93
O0003057,P024,2,192.83,0.0,96.69
O0003057,P004,1,1737.88,0.0,953.66
O0003058,P074,2,72.75,0.0,42.4
O0003058,P072,4,54.12,0.0,36.22
O0003059,P063,1,232.82,0.0,104.53
O0003060,P030,1,202.68,0.0,157.41
O0003060,P004,3,1862.49,0.0,950.07
O0003060,P006,2,2031.94,0.05,1158.31
O0003061,P035,1,607.03,0.0,394.09
O0003061,P049,1,76.62,0.0,39.02
O0003062,P003,1,1189.49,0.05,647.71
O0003063,P064,1,535.91,0.0,335.53
O0003064,P119,1,140.27,0.12,76.83
O0003065,P023,1,266.88,0.03,125.01
O0003066,P069,1,1369.36,0.08,846.27
O0003067,P096,1,550.34,0.08,355.94
O0003067,P059,2,157.96,0.03,94.44
O0003068,P004,1,1838.64,0.0,955.39
O0003069,P030,1,216.01,0.0,158.64
O0003070,P102,2,223.67,0.0,145.09
O0003071,P018,1,1721.4,0.03,1334.75
O0003072,P006,1,1859.82,0.0,1128.57
O0003072,P061,2,86.13,0.0,41.36
O0003072,P075,1,1019.41,0.12,610.19
O0003073,P021,1,347.33,0.0,198.23
O0003073,P092,1,648.46,0.03,383.56
O0003073,P117,1,126.51,0.0,90.83
O0003074,P015,2,1122.65,0.08,739.4
O0003075,P002,1,2502.98,0.08,1547.01
O0003076,P067,1,916.42,0.08,535.54
O0003077,P042,1,199.65,0.05,118.73
O0003078,P115,3,89.73,0.0,51.85
O0003079,P034,1,715.47,0.03,347.31
O0003079,P004,2,1736.85,0.03,949.2
O0003080,P035,2,614.18,0.0,394.39
O0003081,P001,1,296.71,0.05,150.98
O0003081,P012,1,2141.14,0.0,1399.15
O0003082,P007,2,574.57,0.0,303.1
O0003082,P096,1,512.88,0.0,344.35
O0003083,P019,1,2012.33,0.0,1477.73
O0003084,P020,1,498.68,0.15,369.01
O0003085,P016,3,1460.37,0.0,961.25
O0003085,P017,1,1922.92,0.0,859.79
O0003085,P015,1,1190.48,0.05,748.83
O0003086,P082,4,116.33,0.05,64.96
O0003087,P081,1,341.63,0.08,191.09
O0003088,P043,2,132.81,0.0,75.53
O0003089,P100,1,291.21,0.0,188.53
O0003090,P096,4,504.56,0.0,353.83
O0003090,P027,2,623.13,0.08,378.85
O0003091,P039,1,368.62,0.0,171.48
O0003092,P074,1,73.27,0.0,42.65
O0003093,P068,1,1144.39,0.0,642.44
O0003094,P021,1,358.15,0.03,204.64
O0003094,P068,2,1213.52,0.08,636.06
O0003094,P116,1,105.46,0.03,49.59
O0003095,P016,3,1377.52,0.03,998.53
O0003096,P021,3,359.26,0.12,198.02
O0003097,P115,1,91.82,0.05,53.58
O0003097,P097,1,314.83,0.0,213.3
O0003098,P033,1,110.99,0.0,52.53
O0003098,P023,1,267.91,0.0,131.23
O0003098,P031,1,447.76,0.03,278.99
O0003099,P044,2,343.06,0.05,219.38
O0003100,P075,2,1045.88,0.15,588.95
O0003101,P021,3,362.59,0.0,207.07
O0003102,P096,3,531.37,0.05,353.84
O0003103,P022,2,406.92,0.05,246.17
O0003104,P117,1,129.92,0.03,91.32
O0003105,P027,1,601.73,0.0,374.71
O0003106,P042,1,200.78,0.03,119.24
O0003107,P053,1,84.4,0.0,41.15
O0003107,P062,1,1477.68,0.05,1104.82
O0003107,P027,1,639.39,0.05,391.86
O0003108,P095,1,628.31,0.0,306.52
O0003109,P004,1,1767.04,0.0,935.02
O0003110,P022,1,390.75,0.12,247.54
O0003110,P015,4,1232.83,0.0,727.74
O0003110,P024,1,193.34,0.03,96.26
O0003110,P113,1,114.19,0.03,82.31
O0003111,P023,2,274.76,0.03,128.88
O0003111,P030,1,215.8,0.0,153.13
O0003112,P035,2,576.9,0.0,388.01
O0003112,P021,2,336.34,0.0,205.92
O0003113,P014,1,229.25,0.05,170.07
O0003114,P016,1,1471.33,0.0,1003.75
O0003115,P062,1,1500.51,0.08,1094.1
O0003116,P026,1,169.47,0.03,85.79
O0003117,P053,1,86.18,0.15,40.68
O0003118,P053,1,86.99,0.0,42.73
O0003119,P085,1,294.9,0.08,199.1
O0003120,P034,4,681.79,0.08,341.88
O0003120,P012,1,2188.46,0.0,1381.71
O0003121,P034,1,661.39,0.05,349.02
O0003121,P057,1,205.35,0.03,113.24
O0003121,P030,3,204.06,0.0,149.46
O0003122,P045,1,333.15,0.0,212.3
O0003123,P038,1,209.78,0.0,153.58
O0003124,P003,2,1164.14,0.12,656.32
O0003125,P006,1,1885.28,0.0,1122.18
O0003126,P120,1,142.38,0.05,89.67
O0003127,P066,1,490.23,0.0,260.46
O0003127,P028,1,614.26,0.08,399.72
O0003128,P009,1,115.1,0.05,83.53
O0003129,P103,1,174.59,0.0,124.72
O0003130,P045,1,332.42,0.12,221.37
O0003130,P090,1,182.93,0.03,96.82
O0003130,P015,1,1187.73,0.05,729.24
O0003130,P019,2,2049.79,0.03,1408.19
O0003131,P051,1,196.65,0.0,94.9
O0003132,P048,3,491.14,0.05,297.44
O0003133,P021,1,343.52,0.05,204.43
O0003133,P052,1,117.6,0.0,87.49
O0003134,P050,1,242.39,0.0,141.08
O0003135,P015,2,1147.81,0.08,738.94
O0003136,P015,1,1129.59,0.0,760.21
O0003137,P034,1,713.85,0.05,343.05
O0003138,P078,3,893.03,0.0,633.9
O0003139,P048,2,494.32,0.0,306.97
O0003140,P026,1,160.71,0.03,85.81
O0003141,P021,2,365.63,0.0,208.25
O0003141,P102,2,213.4,0.0,147.52
O0003141,P092,2,636.07,0.0,405.06
O0003142,P007,2,547.45,0.15,298.62
O0003142,P054,1,155.05,0.0,78.75
O0003143,P117,1,126.91,0.0,95.4
O0003144,P018,1,1846.02,0.03,1301.59
O0003144,P067,1,896.1,0.0,562.85
O0003145,P001,1,303.95,0.0,146.21
O0003145,P114,1,138.54,0.05,60.74
O0003146,P064,3,528.13,0.0,326.79
O0003147,P036,1,238.82,0.08,181.06
O0003148,P068,2,1137.47,0.0,641.07
O0003149,P019,2,2037.02,0.05,1458.28
O0003150,P031,3,437.53,0.08,283.43
O0003151,P104,1,215.8,0.0,136.04
O0003151,P092,2,608.22,0.05,401.59
O0003152,P037,3,36.65,0.0,21.55
O0003153,P026,1,162.8,0.0,84.64
O0003153,P113,1,114.69,0.0,80.66
O0003153,P070,2,53.9,0.0,29.01
O0003154,P033,1,114.75,0.0,52.17
O0003154,P100,1,302.45,0.15,188.05
O0003154,P061,3,85.37,0.0,43.03
O0003154,P027,1,630.94,0.0,385.17
O0003155,P003,1,1192.94,0.0,645.84
O0003155,P006,2,1852.8,0.0,1108.54
O0003156,P071,1,735.97,0.0,348.63
O0003156,P099,1,165.74,0.0,105.16
O0003156,P043,4,131.76,0.03,72.8
O0003157,P072,1,57.27,0.0,35.77
O0003158,P080,1,1010.44,0.05,654.16
O0003159,P029,1,187.61,0.12,111.61
O0003160,P120,2,152.71,0.0,90.24
O0003161,P011,1,1264.89,0.08,787.98
O0003161,P029,1,184.06,0.05,113.41
O0003161,P061,1,85.04,0.0,43.54
O0003162,P021,1,356.24,0.03,198.39
O0003163,P120,3,146.51,0.05,92.24
O0003164,P114,1,139.8,0.0,60.63
O0003164,P027,1,645.59,0.0,376.3
O0003165,P041,4,102.77,0.0,54.3
O0003165,P043,1,134.26,0.03,73.01
O0003165,P079,1,762.91,0.0,368.65
O0003166,P085,1,273.9,0.0,201.13
O0003167,P099,1,160.46,0.12,102.79
O0003167,P107,1,228.4,0.0,146.46
O0003167,P077,1,47.74,0.0,27.6
O0003168,P092,1,642.36,0.0,396.68
O0003169,P006,2,1882.87,0.12,1138.17
O0003170,P004,2,1700.83,0.05,951.97
O0003171,P088,1,95.29,0.05,53.95
O0003172,P035,3,616.13,0.0,389.55
O0003172,P012,2,2203.13,0.15,1396.51
O0003173,P023,1,266.73,0.0,131.45
O0003174,P093,1,242.71,0.03,113.47
O0003174,P039,1,368.12,0.0,178.65
O0003175,P077,1,48.18,0.0,27.85
O0003176,P118,1,77.7,0.12,49.69
O0003177,P072,1,56.85,0.05,35.83
O0003178,P070,2,52.5,0.12,27.73
O0003179,P051,1,203.95,0.0,93.58
O0003180,P032,1,196.9,0.0,98.78
O0003181,P063,1,232.65,0.0,104.64
O0003181,P060,1,244.92,0.05,182.19
O0003182,P111,3,43.23,0.05,32.3
O0003182,P009,1,118.02,0.0,86.32
O0003182,P011,1,1252.56,0.03,775.39
O0003182,P107,3,220.81,0.05,145.84
O0003183,P119,4,146.79,0.03,78.29
O0003184,P001,1,294.42,0.08,147.41
O0003185,P101,1,29.47,0.0,17.57
O0003185,P053,2,88.12,0.05,41.04
O0003185,P113,1,116.96,0.0,82.33
O0003186,P036,1,254.74,0.05,173.26
O0003187,P036,1,260.4,0.08,176.46
O0003187,P117,1,123.56,0.05,95.59
O0003187,P048,3,534.03,0.0,293.77
O0003188,P034,1,710.57,0.0,346.58
O0003188,P071,1,737.79,0.0,347.37
O0003189,P042,1,188.06,0.0,118.72
O0003190,P025,3,480.3,0.03,338.45
O0003190,P111,1,42.32,0.03,31.14
O0003191,P060,2,264.69,0.03,176.83
O0003192,P056,1,360.54,0.0,251.72
O0003192,P008,1,1887.96,0.03,1072.15
O0003193,P089,1,221.71,0.0,108.05
O0003193,P013,1,586.59,0.0,356.5
O0003194,P117,2,133.08,0.08,91.54
O0003195,P078,1,903.35,0.0,639.03
O0003196,P091,1,229.84,0.0,156.75
O0003196,P017,3,1868.18,0.08,893.82
O0003197,P060,1,268.0,0.0,179.82
O0003198,P093,2,234.14,0.15,112.73
O0003199,P055,1,453.98,0.05,260.05
O0003199,P042,1,190.94,0.0,121.1
O0003199,P026,1,167.23,0.05,82.79
O0003200,P011,2,1332.13,0.03,777.8
O0003201,P107,1,237.79,0.03,147.04
O0003202,P089,1,235.34,0.05,110.72
O0003202,P064,2,519.8,0.0,345.67
O0003203,P090,2,182.59,0.08,97.5
O0003203,P004,2,1785.97,0.0,924.89
O0003204,P048,1,504.08,0.0,298.14
O0003205,P120,1,151.47,0.03,87.64
O0003206,P033,1,111.82,0.05,51.62
O0003207,P026,2,171.8,0.0,84.31
O0003207,P086,2,443.37,0.0,336.09
O0003208,P027,1,634.57,0.0,383.2
O0003209,P036,1,239.37,0.0,178.97
O0003210,P106,1,220.01,0.15,130.48
O0003211,P024,2,191.74,0.08,96.17
O0003212,P006,1,1899.02,0.05,1149.81
O0003213,P070,1,56.08,0.0,27.64
O0003213,P014,1,224.25,0.12,167.78
O0003213,P086,1,465.47,0.0,332.08
O0003214,P012,1,2230.28,0.08,1331.94
O0003215,P047,1,293.32,0.12,199.87
O0003216,P055,2,474.78,0.05,272.29
O0003217,P045,2,315.19,0.0,213.34
O0003217,P107,2,236.99,0.0,142.94
O0003218,P020,1,522.34,0.0,374.21
O0003219,P003,2,1274.27,0.0,644.39
O0003220,P118,1,77.26,0.0,48.28
O0003221,P032,1,188.34,0.0,100.01
O0003222,P005,1,2145.83,0.08,1305.01
O0003223,P052,1,118.17,0.0,86.39
O0003224,P015,1,1211.23,0.0,724.23
O0003225,P073,1,596.53,0.0,302.98
O0003225,P086,2,461.61,0.15,323.04
O0003225,P113,1,108.94,0.12,80.72
O0003226,P113,1,114.32,0.0,79.3
O0003226,P033,1,119.9,0.0,53.89
O0003227,P092,1,613.86,0.05,404.29
O0003227,P104,1,228.22,0.0,131.35
O0003228,P028,2,659.71,0.08,401.78
O0003229,P006,1,2020.61,0.08,1119.13
O0003230,P060,1,253.02,0.05,182.55
O0003230,P022,2,375.7,0.08,259.71
O0003231,P071,1,708.5,0.08,342.33
O0003232,P026,1,171.57,0.05,85.57
O0003232,P033,1,114.67,0.03,51.88
O0003233,P080,1,978.38,0.03,667.07
O0003234,P084,2,442.14,0.0,329.46
O0003234,P003,3,1281.11,0.08,645.91
O0003235,P073,2,595.04,0.0,296.24
O0003235,P109,1,178.57,0.08,114.28
O0003236,P056,1,385.2,0.08,253.81
O0003237,P038,4,202.03,0.0,158.38
O0003238,P044,2,328.79,0.0,220.25
O0003239,P097,1,321.24,0.03,214.02
O0003239,P034,4,724.53,0.0,338.88
O0003239,P023,1,278.6,0.0,127.87
O0003240,P094,2,357.93,0.03,186.58
O0003241,P100,3,287.35,0.0,180.06
O0003242,P119,2,148.65,0.12,76.11
O0003242,P020,3,497.16,0.0,377.48
O0003243,P070,2,54.87,0.0,28.6
O0003243,P017,2,1838.44,0.05,874.06
O0003244,P070,1,54.38,0.03,29.13
O0003245,P013,2,545.0,0.05,353.51
O0003246,P019,1,2100.16,0.05,1435.08
O0003247,P024,1,188.44,0.0,96.59
O0003248,P021,1,365.4,0.0,206.9
O0003248,P054,1,153.25,0.15,78.47
O0003248,P038,1,198.69,0.08,152.65
O0003249,P025,1,477.47,0.0,333.7
O0003250,P004,1,1723.74,0.0,916.51
O0003251,P051,1,191.46,0.0,96.63
O0003252,P020,1,537.81,0.0,357.17
O0003253,P002,1,2382.17,0.0,1525.05
O0003254,P058,1,564.81,0.12,305.25
O0003255,P007,1,558.07,0.08,291.63
O0003256,P019,1,2177.94,0.05,1429.85
O0003256,P032,1,191.58,0.03,99.67
O0003256,P078,2,856.53,0.0,636.9
O0003257,P009,3,116.49,0.0,86.96
O0003258,P033,1,111.15,0.0,51.97
O0003259,P026,1,172.33,0.03,84.59
O0003260,P114,1,137.67,0.0,62.3
O0003261,P009,3,118.39,0.05,84.12
O0003262,P070,1,55.88,0.05,27.55
O0003263,P011,2,1363.78,0.03,784.21
O0003263,P034,1,658.77,0.0,345.33
O0003264,P024,1,182.56,0.12,101.58
O0003264,P108,3,42.63,0.0,20.19
O0003265,P010,1,1176.88,0.0,599.09
O0003266,P034,3,693.11,0.0,351.96
O0003267,P009,2,117.52,0.05,83.65
O0003268,P084,1,466.42,0.03,335.76
O0003268,P021,1,341.24,0.0,200.76
O0003269,P018,3,1724.77,0.05,1288.68
O0003270,P057,1,203.51,0.0,108.45
O0003270,P104,1,230.1,0.05,135.99
O0003271,P088,1,94.26,0.0,52.57
O0003272,P062,2,1417.72,0.12,1044.78
O0003272,P106,2,205.8,0.0,137.21
O0003272,P044,1,344.9,0.0,218.54
O0003273,P043,2,132.05,0.05,72.54
O0003274,P043,1,139.82,0.05,73.22
O0003274,P040,1,334.38,0.0,164.49
O0003275,P033,1,117.84,0.05,52.87
O0003276,P077,1,49.1,0.05,27.64
O0003277,P115,1,91.02,0.05,51.88
O0003277,P033,2,112.88,0.0,51.82
O0003277,P077,4,46.2,0.05,28.19
O0003278,P099,2,156.03,0.03,100.54
O0003279,P010,2,1177.19,0.0,586.19
O0003280,P105,1,151.46,0.08,102.16
O0003281,P029,1,184.74,0.03,111.3
O0003282,P019,1,2011.97,0.08,1412.65
O0003282,P071,1,701.02,0.0,344.49
O0003283,P111,1,41.58,0.0,31.0
O0003284,P063,1,214.8,0.0,99.33
O0003285,P008,1,1924.37,0.03,1062.06
O0003286,P066,2,477.93,0.0,268.57
O0003287,P119,2,140.93,0.0,76.27
O0003288,P021,1,356.05,0.05,197.07
O0003289,P085,2,281.84,0.12,201.35
O0003289,P006,2,1993.26,0.08,1137.63
O0003289,P017,2,1940.67,0.0,863.89
O0003290,P113,2,111.49,0.03,78.24
O0003291,P042,1,188.27,0.05,116.35
O0003292,P013,1,580.63,0.0,369.92
O0003293,P003,1,1209.73,0.0,672.05
O0003294,P057,1,218.57,0.0,113.35
O0003294,P025,1,469.05,0.0,342.04
O0003294,P030,1,205.17,0.0,150.59
O0003295,P022,1,375.93,0.0,257.95
O0003295,P100,1,293.01,0.08,183.12
O0003296,P069,1,1350.96,0.12,830.66
O0003296,P048,2,513.77,0.05,298.73
O0003297,P035,2,615.33,0.0,378.63
O0003298,P085,2,290.35,0.15,196.65
O0003298,P030,1,214.87,0.05,154.52
O0003299,P026,2,167.0,0.0,85.86
O0003300,P105,1,161.2,0.12,100.07
O0003301,P031,2,438.98,0.0,293.85
O0003301,P110,1,55.62,0.03,27.18
O0003301,P086,1,432.61,0.0,335.29
O0003302,P085,1,273.59,0.05,198.0
O0003303,P035,3,565.26,0.0,389.2
O0003304,P043,1,129.42,0.0,73.47
O0003305,P113,1,112.4,0.03,79.74
O0003306,P088,2,102.45,0.05,54.98
O0003307,P118,1,79.05,0.0,47.58
O0003307,P108,2,42.9,0.03,20.45
O0003308,P103,3,168.58,0.08,122.57
O0003308,P008,1,1826.12,0.0,1085.09
O0003309,P018,1,1830.54,0.08,1274.21
O0003309,P071,2,689.78,0.12,347.54
O0003310,P090,1,181.24,0.0,96.03
O0003311,P038,1,205.57,0.12,154.25
O0003312,P059,1,161.38,0.0,96.3
O0003313,P028,1,646.31,0.0,417.96
O0003313,P099,1,166.79,0.0,102.21
O0003314,P041,1,103.04,0.03,53.66
O0003315,P076,1,277.88,0.0,138.21
O0003315,P099,2,158.15,0.05,100.08
O0003316,P038,1,212.55,0.0,154.2
O0003317,P114,1,129.32,0.0,62.67
O0003318,P004,1,1777.17,0.0,905.46
O0003318,P007,1,533.44,0.03,303.47
O0003318,P099,1,152.49,0.03,105.03
O0003319,P071,1,709.84,0.05,351.61
O0003320,P067,1,965.54,0.0,540.31
O0003320,P014,3,235.23,0.0,161.93
O0003320,P113,1,108.23,0.05,79.05
O0003320,P073,1,568.61,0.03,307.84
O0003321,P045,2,314.42,0.0,210.1
O0003322,P002,1,2521.05,0.0,1535.75
O0003323,P062,1,1400.23,0.05,1053.75
O0003324,P023,1,261.94,0.0,125.39
O0003325,P098,2,31.21,0.0,22.74
O0003326,P032,1,196.97,0.0,99.57
O0003326,P003,2,1211.63,0.0,662.85
O0003327,P077,1,47.33,0.0,27.36
O0003328,P030,3,198.88,0.03,150.75
O0003329,P081,1,327.49,0.05,186.79
O0003329,P098,1,31.33,0.0,22.56
O0003330,P056,3,356.7,0.0,265.13
O0003331,P064,2,546.53,0.03,346.3
O0003332,P061,1,81.7,0.0,41.69
O0003332,P037,1,38.48,0.05,21.2
O0003333,P010,1,1114.14,0.0,604.7
O0003334,P074,1,73.06,0.0,41.06
O0003335,P098,1,30.9,0.12,22.45
O0003336,P046,1,284.65,0.0,192.55
O0003337,P041,1,103.33,0.08,53.51
O0003337,P008,3,1824.38,0.03,1046.01
O0003338,P022,1,395.69,0.03,254.56
O0003338,P115,1,93.17,0.12,53.35
O0003339,P038,4,218.86,0.0,154.15
O0003339,P077,1,45.51,0.0,27.29
O0003340,P014,2,228.99,0.0,164.6
O0003341,P064,2,534.43,0.0,326.7
O0003342,P069,1,1475.7,0.0,852.58
O0003343,P096,2,525.17,0.0,356.84
O0003344,P090,1,172.74,0.0,92.42
O0003345,P084,1,468.01,0.05,328.09
O0003346,P002,1,2453.03,0.08,1487.46
O0003346,P095,2,605.13,0.03,304.18
O0003347,P003,1,1267.56,0.05,666.9
O0003347,P036,1,245.76,0.03,179.37
O0003348,P086,2,454.14,0.05,338.1
O0003348,P119,2,142.13,0.0,77.1
O0003349,P101,1,29.11,0.05,17.31
O0003349,P028,1,622.64,0.0,415.65
O0003349,P075,1,981.64,0.12,582.75
O0003350,P099,2,159.63,0.08,105.29
O0003351,P021,1,345.58,0.05,201.28
O0003352,P025,1,458.02,0.08,337.64
O0003352,P048,1,495.75,0.0,294.16
O0003353,P060,1,257.13,0.0,174.6
O0003353,P018,2,1706.32,0.0,1333.9
O0003354,P098,1,33.43,0.03,23.27
O0003354,P017,1,1846.36,0.0,845.74
O0003354,P059,2,158.27,0.12,96.24
O0003355,P013,1,544.22,0.08,351.95
O0003356,P116,3,107.62,0.03,51.2
O0003356,P047,1,313.9,0.0,207.6
O0003357,P086,3,459.62,0.0,337.17
O0003357,P006,1,1929.81,0.0,1147.35
O0003357,P116,1,107.58,0.12,50.91
O0003358,P067,1,886.27,0.0,561.4
O0003359,P100,1,294.69,0.03,188.62
O0003360,P053,1,87.72,0.0,41.98
O0003361,P087,1,569.51,0.03,402.03
O0003361,P088,1,95.31,0.0,52.78
O0003362,P112,1,62.22,0.08,37.2
O0003363,P090,1,185.08,0.0,95.35
O0003364,P058,1,556.43,0.03,292.34
O0003364,P085,1,292.48,0.08,204.8
O0003365,P114,3,128.83,0.12,61.42
O0003366,P071,2,726.31,0.0,336.69
O0003367,P004,1,1818.43,0.05,904.36
O0003368,P004,1,1779.9,0.0,945.91
O0003369,P099,1,156.4,0.05,99.89
O0003369,P114,2,129.46,0.0,63.06
O0003370,P021,1,335.69,0.0,197.3
O0003371,P025,2,492.11,0.05,334.42
O0003372,P031,1,434.25,0.05,282.98
O0003372,P104,1,232.31,0.0,134.58
O0003372,P085,2,294.22,0.03,204.79
O0003372,P013,1,581.75,0.0,368.34
O0003373,P009,2,116.62,0.08,82.45
O0003374,P034,1,695.1,0.08,352.66
O0003375,P070,2,53.86,0.0,27.9
O0003376,P014,1,235.74,0.0,165.78
O0003376,P100,1,292.26,0.0,182.37
O0003376,P090,2,176.19,0.03,94.38
O0003377,P080,1,1014.86,0.08,665.58
O0003378,P075,1,1058.77,0.0,590.95
O0003378,P008,3,1830.92,0.0,1085.96
O0003379,P054,1,144.63,0.0,79.94
O0003380,P104,2,225.72,0.0,136.72
O0003381,P092,1,665.0,0.03,389.17
O0003381,P045,3,317.45,0.0,216.59
O0003382,P095,2,616.54,0.0,307.84
O0003383,P108,2,43.26,0.0,20.38
O0003384,P007,1,565.21,0.0,294.99
O0003384,P016,1,1437.25,0.0,972.51
O0003385,P055,1,463.15,0.05,266.02
O0003385,P016,1,1385.82,0.0,977.04
O0003385,P023,1,265.13,0.0,131.04
O0003386,P105,1,159.58,0.03,99.01
O0003386,P008,1,1851.4,0.0,1058.43
O0003387,P059,1,156.97,0.0,94.51
O0003388,P036,3,253.5,0.0,182.55
O0003389,P005,1,2063.73,0.05,1337.36
O0003390,P024,1,190.75,0.03,101.08
O0003391,P058,2,557.85,0.0,292.43
O0003392,P082,1,116.01,0.0,64.43
O0003393,P004,2,1832.04,0.0,925.14
O0003394,P013,1,586.85,0.0,370.19
O0003395,P009,1,111.91,0.03,82.2
O0003396,P044,1,334.57,0.05,226.62
O0003397,P003,1,1240.39,0.0,652.73
O0003397,P025,1,472.94,0.05,332.64
O0003398,P005,1,2131.84,0.0,1373.48
O0003399,P062,2,1482.14,0.0,1092.79
O0003400,P092,1,647.06,0.05,396.67
O0003400,P036,1,241.6,0.05,173.48
O0003400,P030,3,212.58,0.0,156.57
O0003401,P037,2,35.8,0.12,20.72
O0003402,P035,3,604.73,0.0,375.94
O0003403,P015,1,1146.72,0.0,730.59
O0003404,P002,1,2464.43,0.05,1533.77
O0003405,P009,3,119.05,0.0,85.66
O0003406,P042,1,199.06,0.0,123.08
O0003407,P008,1,1807.16,0.0,1103.56
O0003408,P111,2,42.69,0.08,30.88
O0003409,P112,1,59.78,0.0,36.88
O0003410,P053,1,83.91,0.0,41.86
O0003411,P102,4,210.71,0.05,144.7
O0003412,P018,1,1791.0,0.05,1299.87
O0003412,P062,1,1439.68,0.03,1099.33
O0003413,P019,1,2140.87,0.0,1442.1
O0003414,P091,1,243.68,0.0,159.36
O0003415,P033,1,120.82,0.15,52.48
O0003416,P045,1,318.15,0.08,215.12
O0003416,P028,2,642.58,0.0,405.31
O0003416,P118,1,79.39,0.05,48.64
O0003417,P018,1,1851.53,0.0,1315.39
O0003417,P115,1,87.81,0.0,54.23
O0003418,P041,2,101.6,0.0,53.58
O0003419,P035,1,581.66,0.0,391.16
O0003420,P109,1,178.98,0.0,110.96
O0003421,P112,1,64.22,0.0,37.06
O0003422,P111,3,43.27,0.0,31.56
O0003423,P013,1,586.54,0.03,355.72
O0003424,P038,1,205.01,0.08,158.44
O0003424,P075,1,1076.78,0.0,602.95
O0003425,P119,2,149.98,0.03,80.15
O0003426,P102,1,227.5,0.12,150.01
O0003427,P111,1,43.23,0.08,31.76
O0003427,P040,2,312.59,0.0,166.07
O0003428,P022,1,397.04,0.0,246.13
O0003429,P035,2,620.28,0.05,396.59
O0003429,P105,1,150.71,0.0,102.13
O0003430,P002,1,2357.93,0.08,1476.02
O0003430,P058,1,588.23,0.05,300.41
O0003431,P063,1,232.06,0.0,101.14
O0003431,P032,2,204.23,0.0,98.66
O0003432,P037,1,35.91,0.08,21.37
O0003432,P058,1,608.52,0.0,309.85
O0003432,P078,2,879.85,0.0,645.36
O0003432,P036,3,258.55,0.03,176.05
O0003433,P114,1,139.31,0.05,61.54
O0003434,P048,1,530.58,0.0,293.86
O0003435,P039,2,353.87,0.0,180.21
O0003436,P001,1,291.2,0.08,145.26
O0003437,P106,2,215.42,0.05,130.48
O0003437,P105,1,154.82,0.0,100.4
O0003437,P008,3,1807.94,0.0,1054.18
O0003437,P065,2,1066.47,0.0,627.59
O0003438,P028,1,611.76,0.03,411.48
O0003439,P108,2,44.49,0.08,20.34
O0003439,P100,1,308.1,0.0,186.29
O0003440,P107,1,222.63,0.0,140.17
O0003441,P104,4,221.95,0.0,135.13
O0003442,P016,1,1365.92,0.0,955.45
O0003442,P070,3,52.37,0.08,28.72
O0003443,P031,1,429.92,0.08,279.53
O0003443,P071,2,707.05,0.08,346.09
O0003444,P005,1,2110.47,0.0,1357.52
O0003445,P013,1,556.64,0.0,372.18
O0003446,P071,1,722.61,0.03,344.72
O0003446,P060,1,261.23,0.03,180.55
O0003447,P089,1,240.98,0.12,105.28
O0003448,P071,1,710.09,0.08,349.21
O0003449,P098,1,31.01,0.05,23.67
O0003450,P044,1,317.69,0.0,220.13
O0003451,P084,1,475.05,0.05,340.92
O0003452,P048,2,525.57,0.0,295.19
O0003453,P100,1,297.94,0.0,181.61
O0003454,P018,1,1857.56,0.0,1302.52
O0003455,P035,2,574.35,0.0,378.64
O0003456,P043,2,130.75,0.0,74.72
O0003456,P016,2,1406.4,0.08,978.45
O0003457,P091,1,224.93,0.0,161.25
O0003457,P068,1,1197.75,0.0,658.95
O0003458,P074,1,77.13,0.08,41.85
O0003459,P020,1,504.89,0.0,365.88
O0003460,P001,1,313.29,0.15,150.07
O0003460,P010,3,1200.82,0.0,612.71
O0003460,P024,1,189.97,0.0,101.76
O0003461,P091,2,243.92,0.05,157.68
O0003462,P014,1,225.82,0.0,163.99
O0003463,P108,1,41.51,0.05,19.43
O0003464,P045,2,329.57,0.0,210.41
O0003465,P017,3,1935.05,0.0,883.04
O0003466,P013,1,567.77,0.08,354.56
O0003467,P012,2,2302.53,0.0,1347.0
O0003468,P111,1,44.38,0.05,31.4
O0003469,P069,1,1366.43,0.15,849.47
O0003469,P016,2,1406.41,0.0,957.05
O0003470,P062,1,1498.3,0.03,1055.95
O0003470,P044,1,334.48,0.08,216.28
O0003471,P078,1,870.85,0.05,658.97
O0003472,P017,1,1821.01,0.0,877.01
O0003473,P039,1,366.71,0.08,173.69
O0003474,P005,1,2203.62,0.03,1364.18
O0003475,P065,1,1051.18,0.0,599.87
O0003476,P096,1,510.03,0.0,355.76
O0003477,P029,1,193.05,0.0,111.44
O0003477,P010,1,1151.35,0.0,594.01
O0003477,P080,3,942.28,0.0,679.77
O0003478,P114,1,132.91,0.0,60.73
O0003478,P034,1,714.37,0.08,349.47
O0003479,P044,2,315.89,0.0,221.18
O0003480,P037,1,39.26,0.03,21.59
O0003481,P036,1,262.43,0.0,183.12
O0003482,P041,1,102.98,0.08,54.77
O0003482,P038,2,202.39,0.03,157.81
O0003483,P024,1,181.33,0.0,96.68
O0003484,P029,1,192.97,0.0,110.04
O0003485,P111,4,44.4,0.03,32.07
O0003486,P002,1,2534.19,0.03,1492.65
O0003486,P038,1,207.01,0.0,150.3
O0003486,P079,1,741.01,0.05,372.72
O0003487,P105,1,159.51,0.05,96.63
O0003487,P057,2,214.93,0.0,111.71
O0003488,P098,2,31.7,0.05,23.17
O0003489,P082,1,116.15,0.0,65.38
O0003490,P108,1,41.73,0.0,19.89
O0003491,P034,1,669.46,0.0,334.24
O0003492,P018,1,1767.03,0.0,1286.06
O0003493,P096,1,515.3,0.0,340.67
O0003493,P114,3,132.59,0.0,61.88
O0003494,P031,2,421.47,0.08,289.51
O0003495,P070,1,54.67,0.0,28.61
O0003495,P055,1,484.85,0.03,265.62
O0003495,P111,3,44.27,0.08,32.71
O0003496,P083,1,243.21,0.0,118.3
O0003496,P081,1,350.45,0.03,184.43
O0003496,P093,2,228.84,0.08,110.86
O0003497,P073,1,574.96,0.0,302.34
O0003497,P113,2,106.93,0.05,79.36
O0003498,P030,2,217.67,0.03,157.51
O0003499,P046,1,270.6,0.0,191.96
O0003499,P020,1,520.03,0.0,368.18
O0003500,P102,1,206.31,0.0,143.93
O0003500,P018,2,1750.85,0.03,1296.69
O0003501,P087,4,608.2,0.0,423.15
O0003501,P005,2,2109.63,0.0,1318.83
O0003501,P037,1,36.01,0.0,20.98
O0003502,P100,1,298.65,0.12,185.41
O0003502,P047,3,306.02,0.05,206.05
O0003503,P008,1,1809.14,0.0,1058.86
O0003504,P114,1,131.32,0.0,62.81
O0003504,P001,2,288.2,0.0,146.34
O0003504,P033,1,115.84,0.05,53.01
O0003505,P059,2,161.65,0.05,96.93
O0003506,P015,1,1211.85,0.03,746.37
O0003506,P103,1,166.73,0.03,128.01
O0003506,P099,1,161.18,0.12,101.27
O0003507,P073,2,604.74,0.0,302.28
O0003507,P013,1,572.19,0.05,354.43
O0003507,P098,1,31.67,0.0,23.18
O0003508,P014,1,237.45,0.0,170.51
O0003508,P034,1,700.09,0.0,337.34
O0003509,P094,1,369.53,0.0,185.62
O0003510,P040,1,325.9,0.0,171.28
O0003510,P083,1,235.03,0.05,119.88
O0003511,P001,3,294.17,0.0,144.86
O0003512,P117,1,132.95,0.0,92.86
O0003513,P091,1,243.91,0.0,161.77
O0003514,P070,1,54.35,0.0,28.63
O0003514,P055,1,460.51,0.0,265.57
O0003515,P036,2,249.58,0.0,178.63
O0003516,P020,1,507.13,0.08,367.4
O0003516,P092,1,628.62,0.0,396.46
O0003517,P085,1,272.7,0.0,201.72
O0003518,P001,2,287.74,0.05,149.08
O0003518,P069,2,1425.48,0.03,851.95
O0003519,P108,2,41.41,0.0,19.48
O0003519,P009,1,113.78,0.05,82.58
O0003520,P092,1,614.84,0.05,398.59
O0003521,P082,2,113.62,0.15,66.43
O0003522,P102,1,218.46,0.0,143.83
O0003523,P044,1,324.38,0.0,224.14
O0003524,P019,1,2174.1,0.0,1445.5
O0003525,P001,2,303.91,0.05,151.18
O0003525,P116,1,107.33,0.0,51.52
O0003526,P032,2,194.94,0.08,102.76
O0003527,P034,1,695.29,0.0,349.03
O0003528,P029,1,182.25,0.0,112.75
O0003529,P079,2,786.84,0.0,368.3
O0003530,P105,2,160.9,0.03,99.57
O0003530,P061,2,83.48,0.0,43.3
O0003531,P019,1,2142.85,0.0,1457.99
O0003532,P054,1,154.68,0.08,82.23
O0003533,P009,1,116.0,0.0,83.97
O0003533,P069,2,1354.74,0.0,838.94
O0003534,P006,1,1862.04,0.0,1115.57
O0003535,P036,1,239.34,0.0,175.22
O0003535,P078,1,849.95,0.08,662.64
O0003535,P040,1,332.77,0.0,162.82
O0003536,P065,1,1040.21,0.05,609.84
O0003537,P014,1,236.97,0.0,168.07
O0003538,P014,1,238.72,0.0,163.17
O0003539,P006,2,1918.86,0.12,1106.95
O0003540,P078,1,832.5,0.03,645.7
O0003540,P109,1,174.86,0.05,113.77
O0003541,P022,1,379.6,0.0,251.65
O0003542,P008,1,1884.28,0.0,1097.21
O0003543,P092,1,651.89,0.0,391.1
O0003544,P096,1,520.95,0.05,355.4
O0003544,P089,1,226.29,0.05,110.78
O0003544,P108,1,45.15,0.03,19.96
O0003545,P009,1,121.18,0.0,83.58
O0003545,P014,1,235.56,0.0,164.71
O0003546,P038,2,210.93,0.0,151.9
O0003547,P102,1,216.94,0.0,144.48
O0003547,P109,1,179.05,0.0,115.27
O0003548,P096,1,531.22,0.05,349.0
O0003549,P074,1,76.54,0.12,42.2
O0003550,P013,3,545.43,0.05,359.68
O0003551,P093,1,223.96,0.0,111.68
O0003551,P035,1,605.47,0.0,392.14
O0003552,P088,2,100.37,0.0,53.03
O0003552,P071,1,694.99,0.08,355.0
O0003552,P116,1,105.86,0.0,50.4
O0003553,P038,1,215.56,0.0,153.52
O0003553,P092,1,652.72,0.0,388.34
O0003554,P003,1,1235.53,0.08,653.2
O0003554,P072,1,54.38,0.0,35.26
O0003554,P022,2,386.73,0.0,255.65
O0003555,P119,2,147.31,0.0,77.04
O0003556,P085,1,280.24,0.12,199.71
O0003557,P027,3,639.9,0.0,381.93
O0003558,P028,1,629.76,0.0,400.84
O0003559,P019,1,2119.13,0.0,1458.83
O0003559,P034,3,679.73,0.0,333.59
O0003560,P096,1,527.69,0.05,352.39
O0003561,P119,1,143.06,0.05,80.65
O0003562,P027,1,630.51,0.05,381.99
O0003563,P075,1,1017.64,0.0,591.82
O0003564,P113,2,112.86,0.0,78.34
O0003565,P018,1,1833.84,0.0,1337.32
O0003566,P074,1,72.9,0.0,41.64
O0003566,P082,1,116.82,0.0,66.66
O0003566,P078,1,892.7,0.0,647.76
O0003566,P006,1,1985.71,0.05,1144.37
O0003567,P065,2,1063.66,0.12,629.95
O0003568,P033,2,121.32,0.0,51.18
O0003569,P030,1,205.61,0.0,155.03
O0003569,P043,2,138.64,0.0,75.14
O0003570,P016,1,1487.8,0.05,967.49
O0003571,P007,1,577.55,0.08,296.66
O0003572,P085,1,298.88,0.0,202.78
O0003572,P044,4,328.1,0.08,224.25
O0003573,P082,2,116.7,0.08,64.73
O0003573,P025,1,467.18,0.03,330.04
O0003573,P048,2,497.45,0.03,292.2
O0003574,P027,2,610.51,0.05,381.6
O0003574,P044,2,344.87,0.0,222.52
O0003574,P110,1,52.47,0.0,28.48
O0003575,P017,1,1944.01,0.05,873.77
O0003576,P006,1,2030.17,0.05,1149.42
O0003577,P006,1,1885.78,0.0,1139.78
O0003578,P053,1,84.21,0.0,40.88
O0003578,P091,1,236.46,0.0,159.04
O0003579,P084,1,445.17,0.0,342.05
O0003580,P033,1,118.02,0.05,53.65
O0003580,P006,1,1993.15,0.0,1152.96
O0003581,P019,1,2204.38,0.05,1441.71
O0003581,P072,1,54.35,0.0,35.87
O0003582,P118,2,75.89,0.0,49.82
O0003583,P088,2,95.79,0.08,54.91
O0003584,P010,1,1115.11,0.0,584.61
O0003585,P041,1,101.48,0.05,53.48
O0003586,P070,2,56.12,0.0,28.13
O0003587,P066,2,491.97,0.0,267.02
O0003588,P023,4,285.06,0.0,129.99
O0003589,P044,1,332.38,0.0,220.59
O0003590,P040,3,313.71,0.0,166.64
O0003591,P069,2,1430.33,0.0,833.58
O0003592,P070,1,54.04,0.0,29.17
O0003593,P019,1,2019.52,0.05,1477.24
O0003594,P044,1,339.69,0.0,228.1
O0003595,P096,1,553.46,0.0,353.01
O0003596,P072,1,56.21,0.0,35.21
O0003597,P052,1,121.81,0.08,88.41
O0003598,P026,2,175.1,0.0,86.96
O0003599,P082,1,119.12,0.0,64.13
O0003600,P052,1,122.43,0.0,86.85
O0003601,P119,2,145.86,0.0,76.9
O0003601,P011,1,1294.32,0.08,779.57
O0003602,P046,1,279.25,0.0,193.68
O0003603,P031,1,446.6,0.0,289.17
O0003604,P033,1,118.82,0.0,53.74
O0003605,P004,2,1814.8,0.0,943.27
O0003606,P029,1,182.49,0.0,110.03
O0003607,P069,1,1452.19,0.0,838.7
O0003608,P083,1,253.22,0.0,123.81
O0003609,P105,1,154.72,0.0,100.09
O0003610,P103,1,169.91,0.0,128.57
O0003611,P034,1,697.69,0.05,338.46
O0003612,P056,1,356.19,0.05,255.13
O0003613,P002,1,2382.62,0.0,1491.47
O0003613,P095,1,607.94,0.0,303.76
O0003614,P039,1,381.47,0.03,176.18
O0003615,P094,2,371.42,0.0,189.96
O0003615,P089,1,234.08,0.0,111.36
O0003616,P006,1,1989.79,0.0,1145.26
O0003617,P028,1,651.17,0.0,396.74
O0003617,P114,2,140.79,0.0,63.18
O0003618,P094,1,356.46,0.05,187.32
O0003619,P096,1,539.07,0.03,341.89
O0003620,P018,4,1823.93,0.0,1266.65
O0003621,P069,1,1357.02,0.0,828.34
O0003622,P092,3,629.74,0.0,390.83
O0003623,P101,1,28.37,0.0,17.38
O0003623,P020,2,525.78,0.05,363.82
O0003623,P035,1,610.51,0.0,383.84
O0003624,P107,1,218.87,0.0,146.79
O0003625,P091,2,244.47,0.05,162.46
O0003626,P099,1,159.08,0.15,99.89
O0003627,P112,3,60.58,0.05,38.57
O0003628,P027,1,616.32,0.0,389.85
O0003629,P028,2,650.87,0.12,418.78
O0003629,P120,2,151.83,0.0,90.6
O0003630,P040,2,311.68,0.0,166.91
O0003631,P118,1,75.43,0.03,49.51
O0003632,P016,3,1492.7,0.0,964.53
O0003633,P099,3,152.12,0.05,104.99
O0003634,P118,2,78.73,0.0,49.27
O0003635,P022,3,376.25,0.05,256.07
O0003636,P059,2,169.6,0.05,96.65
O0003636,P111,2,42.44,0.0,31.4
O0003636,P055,1,453.25,0.03,264.49
O0003637,P045,1,318.59,0.0,214.34
O0003637,P003,1,1219.44,0.08,653.85
O0003638,P027,1,621.28,0.03,378.79
O0003638,P046,1,259.35,0.03,195.81
O0003638,P081,1,339.68,0.0,184.52
O0003639,P070,1,53.24,0.08,28.46
O0003639,P065,2,999.85,0.05,599.25
O0003639,P026,1,175.95,0.0,82.85
O0003640,P070,4,55.15,0.0,28.44
O0003640,P020,1,504.54,0.0,373.7
O0003640,P009,1,113.72,0.0,85.04
O0003640,P028,1,633.5,0.0,405.73
O0003641,P050,1,235.78,0.12,147.47
O0003642,P056,1,378.1,0.0,262.1
O0003643,P025,1,480.01,0.0,332.45
O0003644,P077,2,49.58,0.0,28.55
O0003645,P079,3,804.86,0.08,372.01
O0003645,P073,1,600.59,0.0,292.44
O0003645,P040,3,317.22,0.12,168.58
O0003646,P027,2,611.0,0.03,391.23
O0003647,P019,1,2116.84,0.0,1444.39
O0003648,P014,1,224.61,0.0,161.43
O0003649,P075,2,1063.51,0.0,607.59
O0003650,P109,2,169.04,0.0,111.43
O0003651,P047,2,296.79,0.08,196.69
O0003651,P030,1,199.71,0.03,150.33
O0003652,P051,2,187.1,0.0,96.9
O0003653,P119,1,148.19,0.0,76.55
O0003653,P120,1,143.76,0.0,88.78
O0003653,P110,1,54.76,0.05,26.99
O0003654,P104,2,222.89,0.05,133.04
O0003655,P067,1,968.48,0.03,561.51
O0003656,P007,1,570.81,0.15,304.56
O0003656,P053,3,82.99,0.12,40.66
O0003657,P085,2,285.35,0.0,206.65
O0003658,P103,1,175.09,0.0,122.07
O0003659,P046,2,277.89,0.0,199.08
O0003660,P008,1,1920.76,0.0,1087.62
O0003660,P019,2,2088.18,0.0,1425.73
O0003661,P028,1,629.46,0.05,410.25
O0003662,P109,3,173.89,0.15,114.62
O0003662,P081,2,340.26,0.05,184.8
O0003663,P014,1,238.98,0.0,161.95
O0003663,P093,1,236.07,0.0,113.87
O0003663,P066,3,472.23,0.0,264.73
O0003664,P114,1,134.18,0.0,61.34
O0003665,P013,1,566.53,0.0,351.04
O0003665,P035,2,570.44,0.0,379.02
O0003666,P061,3,82.8,0.12,41.99
O0003667,P033,1,118.28,0.15,53.15
O0003668,P043,1,134.97,0.12,76.13
O0003668,P003,2,1172.56,0.05,653.66
O0003669,P027,3,599.65,0.0,387.37
O0003670,P037,1,38.99,0.08,21.66
O0003670,P047,1,317.52,0.08,202.46
O0003671,P039,1,370.48,0.15,176.35
O0003672,P038,3,218.01,0.05,158.85
O0003673,P024,2,185.28,0.0,98.07
O0003673,P017,1,1923.06,0.0,881.81
O0003674,P069,1,1425.15,0.0,822.14
O0003674,P050,1,255.85,0.05,143.21
O0003675,P046,1,275.98,0.0,192.01
O0003676,P026,1,172.54,0.05,86.31
O0003677,P038,1,211.33,0.0,158.96
O0003678,P032,1,187.77,0.0,98.89
O0003679,P120,1,148.68,0.0,90.61
O0003679,P083,1,250.97,0.0,122.06
O0003679,P023,1,282.41,0.05,130.59
O0003679,P110,2,55.9,0.12,27.59
O0003680,P001,1,290.41,0.0,149.08
O0003681,P011,1,1310.19,0.0,747.73
O0003681,P103,1,168.94,0.0,121.9
O0003682,P104,1,214.33,0.08,137.7
O0003682,P070,1,52.82,0.05,28.35
O0003682,P042,1,196.57,0.0,119.0
O0003683,P021,1,360.01,0.12,209.03
O0003684,P061,2,80.61,0.0,43.64
O0003685,P026,3,171.87,0.0,82.92
O0003685,P105,1,154.67,0.0,96.49
O0003686,P094,1,357.23,0.0,183.39
O0003686,P117,1,124.05,0.0,91.07
O0003687,P107,1,226.82,0.0,140.64
O0003688,P011,2,1333.6,0.0,765.2
O0003689,P083,1,252.24,0.0,118.7
O0003690,P026,1,172.41,0.0,82.12
O0003691,P085,1,291.48,0.15,195.19
O0003692,P027,1,628.4,0.0,395.9
O0003693,P014,1,229.46,0.0,162.49
O0003693,P029,2,179.89,0.0,108.64
O0003694,P020,1,518.0,0.0,364.87
O0003695,P083,2,241.58,0.12,119.46
O0003695,P012,1,2282.32,0.03,1393.44
O0003696,P012,3,2255.94,0.0,1399.82
O0003696,P112,4,64.63,0.03,36.93
O0003697,P012,1,2255.47,0.0,1394.5
O0003697,P096,1,540.59,0.08,340.65
O0003698,P067,1,916.66,0.03,559.53
O0003699,P018,1,1747.88,0.05,1293.1
O0003700,P001,2,285.46,0.03,149.83
O0003701,P055,1,483.3,0.0,261.47
O0003702,P014,1,223.2,0.03,161.61
O0003703,P115,1,94.22,0.0,51.44
O0003704,P039,1,351.78,0.0,179.16
O0003704,P021,1,352.48,0.03,207.97
O0003705,P037,3,38.95,0.0,21.06
O0003706,P046,1,272.48,0.12,198.0
O0003707,P014,1,241.28,0.0,166.12
O0003707,P086,2,473.11,0.12,332.36
O0003708,P106,2,213.52,0.0,137.87
O0003708,P006,1,1860.71,0.05,1154.97
O0003709,P112,1,61.85,0.0,36.58
O0003709,P064,1,549.57,0.05,329.73
O0003709,P012,1,2253.47,0.08,1328.02
O0003710,P028,4,611.77,0.0,414.31
O0003711,P103,1,160.06,0.0,126.13
O0003712,P115,1,95.01,0.15,52.39
O0003713,P077,1,47.97,0.05,27.96
O0003714,P101,1,29.93,0.05,17.09
O0003715,P089,1,240.73,0.03,111.04
O0003716,P038,1,198.39,0.12,150.18
O0003717,P037,1,38.76,0.0,21.69
O0003718,P044,1,318.01,0.05,222.45
O0003719,P036,1,249.18,0.0,182.65
O0003720,P013,1,575.36,0.0,364.61
O0003720,P074,1,72.37,0.0,40.69
O0003720,P042,2,197.47,0.05,118.87
O0003721,P069,1,1378.56,0.0,849.1
O0003722,P021,2,354.59,0.0,205.16
O0003722,P118,1,79.24,0.0,47.96
O0003723,P057,1,203.56,0.0,109.18
O0003723,P030,1,217.57,0.0,151.96
O0003724,P058,2,599.96,0.08,295.82
O0003725,P007,1,553.65,0.0,287.76
O0003725,P012,1,2171.17,0.03,1341.21
O0003726,P038,3,215.51,0.05,149.91
O0003727,P095,1,596.97,0.0,311.97
O0003727,P066,2,473.24,0.05,271.27
O0003728,P033,1,118.53,0.0,52.52
O0003728,P067,3,890.19,0.12,560.73
O0003729,P073,2,598.27,0.05,306.83
O0003729,P110,1,55.48,0.12,27.21
O0003730,P006,1,1929.52,0.03,1126.63
O0003731,P038,2,206.0,0.05,155.69
O0003732,P089,1,238.79,0.05,106.44
O0003733,P024,2,188.82,0.0,96.65
O0003734,P009,1,113.37,0.0,84.48
O0003735,P025,1,452.71,0.05,336.32
O0003735,P070,3,55.92,0.05,28.63
O0003736,P040,3,336.29,0.08,171.62
O0003737,P053,4,90.2,0.0,42.25
O0003737,P061,1,78.31,0.0,43.61
O0003737,P056,1,359.27,0.08,250.86
O0003738,P071,1,742.56,0.0,346.88
O0003738,P011,2,1316.48,0.05,779.47
O0003738,P001,1,307.3,0.0,149.01
O0003738,P073,1,604.04,0.0,298.93
O0003739,P072,1,54.79,0.08,35.18
O0003740,P035,1,601.16,0.0,374.92
O0003741,P066,1,468.07,0.08,260.45
O0003742,P017,4,1945.03,0.0,884.98
O0003743,P087,1,566.93,0.0,416.29
O0003744,P050,2,244.02,0.03,144.45
O0003745,P059,2,168.78,0.0,93.12
O0003745,P006,1,1933.96,0.0,1137.5
O0003746,P013,1,582.46,0.0,365.3
O0003747,P017,2,1939.51,0.08,864.4
O0003747,P029,1,197.63,0.12,108.94
O0003748,P003,1,1243.32,0.0,643.57
O0003749,P068,2,1180.34,0.03,669.7
O0003749,P098,2,32.33,0.12,22.36
O0003750,P028,2,629.35,0.0,410.5
O0003751,P054,1,145.21,0.0,78.01
O0003752,P027,1,640.56,0.03,381.45
O0003753,P046,2,267.96,0.03,193.97
O0003753,P014,1,234.2,0.12,161.58
O0003754,P093,1,229.96,0.0,116.55
O0003755,P094,1,341.79,0.03,189.35
O0003755,P018,1,1837.87,0.0,1300.0
O0003756,P047,2,294.61,0.05,207.53
O0003757,P053,1,87.04,0.0,42.14
O0003758,P110,2,52.67,0.0,28.25
O0003759,P045,1,309.22,0.03,210.2
O0003760,P039,1,371.98,0.03,169.85
O0003761,P058,1,582.95,0.12,309.77
O0003761,P051,1,196.53,0.0,95.15
O0003762,P048,1,486.76,0.0,293.37
O0003763,P040,2,332.53,0.05,166.92
O0003764,P021,3,358.71,0.03,206.57
O0003765,P014,1,240.4,0.12,170.95
O0003766,P027,1,655.35,0.08,394.16
O0003767,P019,1,2134.34,0.0,1452.37
O0003768,P017,2,1888.9,0.0,863.91
O0003769,P056,2,381.29,0.0,254.02
O0003769,P099,1,157.39,0.03,103.65
O0003769,P037,2,37.04,0.0,20.82
O0003770,P069,3,1394.2,0.0,816.42
O0003770,P019,2,2010.93,0.0,1436.08
O0003770,P073,1,608.76,0.05,297.57
O0003771,P034,1,666.21,0.0,352.85
O0003772,P085,2,273.9,0.03,201.9
O0003773,P108,1,45.5,0.0,19.61
O0003773,P011,1,1272.9,0.0,761.58
O0003773,P026,1,159.36,0.0,86.27
O0003774,P118,1,74.55,0.0,47.86
O0003775,P103,1,168.89,0.08,127.12
O0003776,P120,3,142.93,0.03,88.24
O0003777,P078,1,850.66,0.0,638.6
O0003778,P077,1,46.93,0.0,27.62
O0003779,P089,1,221.6,0.0,106.76
O0003780,P021,1,353.36,0.03,202.63
O0003781,P022,1,389.18,0.0,256.78
O0003781,P059,2,161.24,0.0,92.89
O0003782,P023,1,266.19,0.0,129.14
O0003783,P002,1,2378.86,0.0,1498.01
O0003784,P089,1,240.41,0.03,106.1
O0003785,P009,2,113.56,0.0,84.24
O0003786,P041,1,107.33,0.05,52.35
O0003787,P025,1,453.61,0.0,342.39
O0003787,P083,1,247.61,0.0,122.71
O0003788,P118,1,80.05,0.08,48.79
O0003788,P064,1,561.66,0.0,331.31
O0003788,P032,1,201.04,0.0,103.04
O0003788,P012,1,2274.17,0.0,1393.84
O0003789,P020,3,507.32,0.0,370.96
O0003789,P056,1,376.57,0.0,251.38
O0003789,P046,3,265.58,0.08,201.69
O0003790,P002,1,2546.25,0.05,1457.87
O0003790,P035,1,617.52,0.0,386.41
O0003790,P104,2,225.56,0.05,133.74
O0003791,P035,1,564.4,0.0,386.73
O0003792,P057,1,208.26,0.08,113.75
O0003792,P041,1,105.6,0.0,52.78
O0003793,P073,1,609.45,0.08,293.98
O0003794,P044,3,330.66,0.0,219.65
O0003795,P026,1,174.15,0.0,82.96
O0003796,P005,2,2180.98,0.03,1307.29
O0003796,P019,1,2032.88,0.0,1442.86
O0003796,P091,1,232.1,0.0,158.89
O0003796,P018,1,1772.35,0.03,1266.52
O0003797,P012,2,2149.58,0.08,1342.94
O0003797,P001,1,286.01,0.0,153.22
O0003798,P005,2,2108.94,0.12,1337.26
O0003798,P100,2,303.53,0.0,186.98
O0003798,P078,1,902.9,0.0,637.0
O0003799,P037,2,36.74,0.0,20.69
O0003800,P078,3,857.74,0.0,659.46
O0003800,P063,2,228.65,0.0,99.96
O0003801,P074,1,77.64,0.0,42.73
O0003801,P070,2,52.05,0.05,28.9
O0003801,P021,2,333.63,0.0,197.62
O0003802,P114,1,130.59,0.03,60.99
O0003803,P070,3,53.69,0.0,29.04
O0003804,P109,1,167.98,0.0,114.78
O0003805,P046,1,280.88,0.0,201.35
O0003806,P116,1,99.2,0.0,49.68
O0003806,P031,2,422.79,0.0,288.99
O0003807,P116,1,98.91,0.03,50.15
O0003808,P085,1,296.89,0.0,200.99
O0003809,P054,2,150.45,0.0,78.23
O0003809,P090,1,174.54,0.0,94.05
O0003810,P034,1,687.75,0.03,352.9
O0003811,P079,1,773.02,0.0,355.07
O0003812,P099,2,155.89,0.12,102.62
O0003813,P115,1,94.81,0.0,52.76
O0003813,P017,1,1843.23,0.03,893.5
O0003813,P001,1,297.69,0.0,147.52
O0003813,P046,1,261.44,0.03,196.43
O0003814,P005,1,2050.93,0.08,1313.43
O0003815,P111,1,41.6,0.0,31.04
O0003816,P119,3,139.1,0.0,77.65
O0003817,P033,1,115.7,0.05,53.06
O0003818,P089,1,231.66,0.0,110.96
O0003818,P058,1,591.11,0.03,302.68
O0003819,P120,1,139.89,0.0,90.18
O0003820,P011,1,1344.3,0.0,786.29
O0003821,P011,1,1364.28,0.05,779.08
O0003821,P003,1,1164.1,0.0,657.38
O0003822,P063,1,225.63,0.12,99.5
O0003823,P011,2,1349.49,0.15,791.3
O0003824,P012,1,2335.77,0.05,1330.18
O0003825,P018,2,1852.38,0.12,1325.03
O0003826,P107,2,218.49,0.03,142.64
O0003827,P085,1,288.7,0.0,196.17
O0003828,P066,2,477.78,0.03,270.25
O0003829,P101,1,30.41,0.0,17.21
O0003830,P041,1,109.66,0.05,55.14
O0003831,P038,2,210.57,0.0,150.35
O0003832,P053,1,87.6,0.0,41.27
O0003833,P110,1,54.83,0.03,27.86
O0003834,P012,1,2191.7,0.0,1406.6
O0003834,P027,1,631.55,0.08,378.86
O0003835,P080,2,1028.21,0.05,660.96
O0003836,P042,2,189.6,0.03,116.53
O0003836,P034,1,687.13,0.08,349.68
O0003836,P085,2,276.06,0.05,200.53
O0003836,P036,1,241.0,0.0,180.46
O0003837,P076,1,256.14,0.0,139.67
O0003838,P077,2,49.36,0.08,28.26
O0003838,P008,1,1805.79,0.0,1083.77
O0003838,P033,1,112.55,0.05,53.88
O0003839,P019,1,2105.72,0.0,1434.41
O0003840,P043,1,131.87,0.03,72.49
O0003841,P085,1,295.1,0.08,195.65
O0003842,P020,2,515.95,0.0,370.29
O0003842,P022,2,394.67,0.03,255.12
O0003842,P018,2,1732.0,0.12,1323.38
O0003843,P030,1,206.27,0.05,157.69
O0003843,P113,1,111.33,0.15,81.65
O0003844,P066,1,484.8,0.05,262.97
O0003844,P028,2,600.91,0.05,410.3
O0003845,P032,1,185.77,0.0,97.6
O0003845,P030,1,216.04,0.03,154.82
O0003845,P020,4,525.22,0.0,368.69
O0003846,P019,1,2160.14,0.0,1475.72
O0003847,P061,1,84.54,0.12,43.1
O0003848,P032,1,203.06,0.0,100.33
O0003849,P095,1,631.54,0.0,314.21
O0003849,P003,1,1220.8,0.0,661.8
O0003850,P023,1,286.32,0.05,131.41
O0003851,P101,1,28.09,0.0,17.57
O0003852,P061,3,84.28,0.12,41.35
O0003853,P029,1,186.07,0.08,115.04
O0003854,P077,3,46.85,0.0,27.11
O0003855,P010,1,1096.29,0.08,613.67
O0003856,P015,1,1206.8,0.0,732.91
O0003857,P051,2,201.41,0.08,96.61
O0003858,P034,1,710.36,0.0,337.66
O0003859,P077,1,48.86,0.0,27.61
O0003859,P109,1,170.33,0.0,111.15
O0003860,P015,3,1153.26,0.0,728.67
O0003860,P096,1,548.25,0.12,341.27
O0003860,P109,1,167.08,0.05,112.5
O0003861,P051,1,205.5,0.08,93.36
O0003862,P112,1,60.86,0.0,37.52
O0003863,P006,1,1855.93,0.08,1170.91
O0003864,P004,1,1799.41,0.0,950.75
O0003864,P040,1,326.64,0.03,162.55
O0003864,P021,3,340.41,0.03,202.88
O0003865,P038,1,202.51,0.12,153.37
O0003865,P021,1,365.83,0.0,202.93
O0003865,P058,2,574.5,0.05,299.12
O0003865,P060,1,249.51,0.08,176.18
O0003866,P060,2,254.27,0.12,176.6
O0003867,P021,1,351.51,0.05,203.28
O0003867,P005,2,2050.93,0.0,1372.5
O0003868,P021,1,339.19,0.0,204.14
O0003869,P038,1,217.5,0.0,152.34
O0003870,P002,1,2488.41,0.0,1480.58
O0003871,P080,2,973.8,0.03,694.0
O0003872,P009,1,117.67,0.0,86.62
O0003873,P037,1,36.76,0.08,21.14
O0003873,P095,2,607.21,0.08,301.47
O0003874,P119,1,137.49,0.0,77.95
O0003875,P010,1,1173.8,0.05,582.25
O0003876,P029,1,186.94,0.12,111.72
O0003877,P012,1,2307.27,0.0,1384.79
O0003878,P049,1,79.31,0.0,37.88
O0003879,P090,2,177.55,0.0,95.87
O0003880,P021,2,340.69,0.0,204.45
O0003880,P099,1,159.41,0.0,102.45
O0003881,P023,1,282.09,0.05,128.36
O0003881,P039,1,359.13,0.0,177.39
O0003882,P107,1,229.4,0.0,144.37
O0003883,P001,2,292.56,0.15,146.06
O0003884,P010,1,1194.2,0.03,606.9
O0003885,P100,1,296.46,0.0,189.93
O0003886,P028,1,649.3,0.03,417.2
O0003886,P085,1,275.8,0.03,201.64
O0003887,P034,4,682.25,0.0,353.78
O0003888,P098,3,32.33,0.0,22.69
O0003889,P018,1,1737.58,0.0,1312.88
O0003890,P067,2,894.53,0.08,539.5
O0003890,P039,2,377.31,0.12,179.49
O0003891,P069,1,1351.09,0.05,825.5
O0003891,P003,1,1193.63,0.0,669.58
O0003892,P083,1,249.63,0.05,120.43
O0003893,P029,1,194.23,0.03,113.94
O0003894,P033,1,110.14,0.0,51.16
O0003895,P018,1,1814.55,0.0,1283.41
O0003895,P010,1,1125.36,0.12,593.95
O0003896,P087,2,582.7,0.0,405.97
O0003897,P012,2,2198.6,0.12,1366.8
O0003898,P009,1,122.5,0.0,86.54
O0003899,P114,2,140.29,0.03,61.0
O0003900,P016,3,1393.98,0.03,995.34
O0003900,P063,1,219.98,0.05,102.14
O0003901,P057,1,199.68,0.0,110.91
O0003902,P115,1,94.27,0.0,52.71
O0003902,P072,3,55.97,0.12,34.83
O0003902,P033,1,111.49,0.05,51.99
O0003903,P012,1,2350.74,0.03,1387.36
O0003904,P037,4,36.78,0.0,21.74
O0003905,P098,1,30.76,0.0,23.63
O0003905,P046,1,281.71,0.05,199.91
O0003905,P027,2,659.59,0.0,390.72
O0003906,P056,4,371.95,0.08,250.64
O0003907,P034,1,702.11,0.0,350.64
O0003908,P079,1,750.68,0.05,360.91
O0003909,P032,3,201.45,0.03,97.14
O0003910,P061,1,82.49,0.0,43.07
O0003910,P072,1,55.09,0.05,34.98
O0003910,P105,2,150.62,0.0,101.17
O0003911,P070,1,55.69,0.0,28.06
O0003912,P009,2,120.29,0.05,84.12
O0003913,P042,1,190.6,0.05,119.2
O0003914,P017,4,1916.43,0.05,886.49
O0003914,P052,1,120.82,0.0,86.18
O0003915,P071,2,756.98,0.0,340.61
O0003916,P102,1,209.69,0.12,148.93
O0003917,P039,1,376.77,0.08,174.18
O0003918,P009,1,113.26,0.03,83.64
O0003919,P028,1,617.79,0.05,398.73
O0003919,P013,1,581.37,0.05,355.4
O0003920,P060,1,248.64,0.0,183.0
O0003920,P034,2,713.21,0.08,349.68
O0003921,P117,2,124.72,0.0,96.12
O0003922,P053,2,86.1,0.03,40.92
O0003923,P079,1,739.74,0.0,358.75
O0003924,P009,1,119.69,0.03,84.35
O0003925,P033,1,119.6,0.0,53.36
O0003926,P012,2,2278.91,0.08,1344.75
O0003926,P091,2,227.82,0.03,163.44
O0003927,P033,3,114.37,0.05,52.74
O0003928,P046,1,272.93,0.0,202.01
O0003929,P015,1,1233.2,0.15,734.85
O0003930,P022,4,409.67,0.08,257.64
O0003930,P003,1,1165.95,0.0,659.85
O0003931,P016,1,1458.62,0.0,987.81
O0003932,P026,2,172.05,0.05,85.93
O0003932,P016,1,1405.84,0.03,972.0
O0003933,P030,2,205.37,0.08,155.82
O0003934,P034,2,695.67,0.03,352.06
O0003934,P118,1,74.74,0.0,49.06
O0003934,P103,3,172.41,0.0,124.18
O0003935,P099,1,165.69,0.05,103.23
O0003935,P092,1,636.86,0.12,384.91
O0003936,P024,1,192.62,0.08,98.73
O0003936,P069,2,1418.03,0.0,864.19
O0003937,P031,1,434.11,0.08,292.11
O0003938,P023,2,277.33,0.0,125.7
O0003939,P111,1,44.16,0.03,31.9
O0003939,P062,1,1424.69,0.05,1057.37
O0003940,P086,1,440.39,0.0,337.63
O0003941,P096,1,505.22,0.12,337.3
O0003942,P013,1,585.0,0.03,351.26
O0003943,P021,3,340.01,0.0,204.76
O0003944,P007,2,526.91,0.03,302.59
O0003945,P039,3,352.71,0.0,180.13
O0003946,P088,1,100.85,0.05,52.89
O0003947,P054,3,151.49,0.0,80.01
O0003947,P077,1,48.01,0.0,28.63
O0003948,P077,1,49.31,0.0,28.05
O0003949,P095,1,605.98,0.05,305.71
O0003950,P038,1,209.17,0.05,150.42
O0003950,P027,2,640.86,0.0,376.82
O0003950,P051,1,197.65,0.03,96.62
O0003951,P008,1,1925.08,0.0,1075.44
O0003951,P096,1,544.54,0.08,337.35
O0003951,P100,1,290.34,0.0,183.7
O0003951,P015,2,1202.57,0.08,739.04
O0003952,P106,2,218.23,0.03,132.3
O0003953,P118,1,78.0,0.12,47.4
O0003954,P030,1,205.08,0.03,157.61
O0003955,P022,2,380.43,0.0,248.27
O0003956,P008,1,1900.87,0.0,1057.39
O0003957,P028,2,651.68,0.0,417.26
O0003957,P017,1,1841.89,0.05,855.94
O0003958,P050,3,233.33,0.0,143.67
O0003959,P019,1,2146.51,0.08,1415.59
O0003960,P013,1,567.69,0.03,367.2
O0003960,P027,1,613.74,0.0,395.43
O0003960,P008,2,1767.9,0.08,1049.67
O0003960,P066,1,458.85,0.15,264.04
O0003961,P031,1,447.73,0.03,278.19
O0003962,P014,1,230.18,0.0,164.6
O0003963,P114,1,137.78,0.0,61.29
O0003964,P018,1,1744.19,0.05,1264.2
O0003964,P090,2,171.22,0.05,97.54
O0003965,P090,1,171.09,0.0,93.29
O0003966,P083,1,233.59,0.12,123.85
O0003966,P071,2,735.12,0.05,335.59
O0003966,P055,1,446.35,0.08,262.76
O0003967,P093,1,232.13,0.03,113.36
O0003967,P085,1,281.23,0.0,198.6
O0003968,P098,1,30.6,0.15,22.66
O0003969,P036,1,254.9,0.0,174.06
O0003969,P019,2,2161.19,0.08,1480.74
O0003970,P096,3,512.69,0.05,357.02
O0003970,P009,1,118.82,0.0,83.3
O0003971,P096,1,539.9,0.0,353.84
O0003972,P031,1,428.32,0.0,293.6
O0003973,P112,1,62.91,0.0,37.09
O0003973,P073,1,565.11,0.0,293.55
O0003974,P062,1,1466.77,0.05,1051.78
O0003975,P093,3,232.58,0.0,113.78
O0003976,P118,1,75.47,0.0,50.13
O0003976,P036,1,238.51,0.0,175.27
O0003977,P108,1,42.86,0.08,19.85
O0003978,P070,2,51.58,0.0,28.14
O0003979,P016,1,1359.85,0.05,949.0
O0003980,P038,1,209.58,0.05,157.29
O0003980,P020,3,497.11,0.0,361.12
O0003981,P051,2,201.83,0.03,93.5
O0003982,P009,2,114.8,0.05,82.27
O0003983,P014,2,225.52,0.12,168.97
O0003984,P110,3,51.05,0.0,27.8
O0003985,P119,1,138.01,0.0,76.22
O0003986,P089,1,235.24,0.0,111.48
O0003987,P004,1,1871.16,0.08,921.28
O0003988,P101,1,27.57,0.05,17.61
O0003989,P116,1,99.11,0.0,50.11
O0003989,P093,1,231.3,0.0,115.88
O0003990,P098,2,32.56,0.0,23.62
O0003991,P033,3,120.42,0.0,51.11
O0003991,P113,2,111.28,0.03,81.89
O0003992,P006,1,2015.6,0.0,1109.35
O0003992,P001,1,305.53,0.08,148.75
O0003993,P027,1,633.48,0.03,373.86
O0003993,P090,2,168.23,0.0,92.55
O0003994,P077,3,49.98,0.05,28.35
O0003994,P032,1,188.89,0.0,102.78
O0003995,P054,3,147.41,0.03,81.93
O0003995,P006,3,1952.11,0.03,1171.03
O0003995,P061,2,79.12,0.0,42.9
O0003996,P063,1,227.58,0.0,99.62
O0003996,P021,1,360.97,0.03,207.05
O0003997,P059,1,166.35,0.03,93.11
O0003998,P044,1,334.76,0.0,224.69
O0003998,P077,1,46.16,0.0,27.61
O0003998,P021,1,365.25,0.0,204.82
O0003999,P002,4,2438.22,0.05,1471.2
O0004000,P001,1,299.86,0.0,152.14
O0004001,P020,1,528.97,0.0,357.1
O0004002,P115,3,90.45,0.05,52.62
O0004002,P015,1,1210.01,0.0,754.85
O0004003,P033,2,115.14,0.08,52.16
O0004004,P094,2,360.27,0.0,192.13
O0004005,P016,1,1409.8,0.0,964.92
O0004006,P042,1,194.21,0.0,118.17
O0004007,P080,1,976.99,0.0,680.96
O0004008,P090,3,182.94,0.0,97.69
O0004008,P011,2,1254.22,0.0,772.8
O0004008,P071,2,740.46,0.0,341.12
O0004009,P058,3,609.62,0.0,306.56
O0004010,P036,3,258.51,0.0,177.35
O0004010,P008,2,1927.42,0.05,1053.47
O0004010,P077,1,47.58,0.0,28.17
O0004011,P095,1,609.23,0.0,314.37
O0004012,P006,1,2028.18,0.05,1105.99
O0004012,P086,1,444.03,0.12,330.84
O0004013,P008,3,1897.58,0.08,1080.3
O0004014,P006,1,1970.17,0.0,1117.59
O0004015,P065,1,1057.39,0.03,630.83
O0004016,P005,1,2109.81,0.0,1360.82
O0004017,P010,1,1157.28,0.05,592.66
O0004017,P005,1,2222.19,0.05,1360.98
O0004018,P033,1,114.82,0.0,50.95
O0004019,P062,1,1464.28,0.08,1099.88
O0004019,P005,1,2080.12,0.0,1321.69
O0004020,P092,2,643.74,0.08,399.1
O0004020,P070,1,51.79,0.0,28.15
O0004021,P011,2,1338.31,0.0,789.79
O0004022,P079,1,772.35,0.0,358.27
O0004023,P069,1,1405.69,0.08,822.66
O0004024,P094,1,361.22,0.05,182.39
O0004025,P112,2,59.68,0.0,36.93
O0004026,P087,1,598.11,0.0,417.51
O0004026,P009,1,112.89,0.08,85.98
O0004026,P017,1,1841.02,0.05,871.75
O0004027,P039,1,369.86,0.0,176.7
O0004027,P095,1,584.7,0.0,315.56
O0004028,P061,1,83.38,0.08,41.89
O0004029,P003,2,1188.19,0.0,667.97
O0004030,P113,1,112.17,0.08,80.35
O0004031,P061,1,84.53,0.03,41.42
O0004032,P065,1,1003.76,0.05,613.25
O0004033,P056,1,380.95,0.0,256.6
O0004034,P052,2,124.45,0.0,85.58
O0004035,P076,1,268.11,0.08,134.44
O0004036,P013,1,585.2,0.05,367.65
O0004036,P086,1,462.51,0.0,340.87
O0004037,P086,2,471.07,0.0,325.23
O0004038,P086,2,444.03,0.0,334.8
O0004039,P014,1,241.29,0.0,165.8
O0004039,P099,1,163.57,0.03,101.6
O0004040,P091,1,227.94,0.05,158.6
O0004041,P060,1,245.28,0.08,180.98
O0004042,P048,1,514.7,0.0,290.6
O0004042,P006,1,2010.27,0.0,1104.49
O0004042,P087,2,617.58,0.0,422.21
O0004043,P111,1,41.97,0.05,31.15
O0004043,P109,2,178.9,0.03,110.63
O0004044,P093,1,232.51,0.0,110.97
O0004045,P038,1,199.67,0.0,155.82
O0004045,P003,1,1232.76,0.0,653.75
O0004046,P024,2,188.16,0.08,100.44
O0004047,P072,2,54.19,0.0,36.31
O0004047,P056,1,390.24,0.0,256.8
O0004048,P066,1,465.73,0.15,263.94
O0004049,P113,1,116.21,0.0,80.64
O0004049,P094,4,338.44,0.0,189.36
O0004050,P097,1,304.51,0.03,211.56
O0004051,P001,1,305.2,0.0,151.7
O0004051,P050,1,255.57,0.08,143.36
O0004052,P091,3,228.26,0.0,160.92
O0004053,P100,2,295.86,0.0,185.24
O0004054,P042,2,186.98,0.03,118.13
O0004055,P039,1,372.15,0.05,172.57
O0004055,P098,3,31.05,0.0,22.44
O0004056,P079,1,757.47,0.08,361.99
O0004056,P056,3,368.81,0.0,250.69
O0004057,P008,2,1789.75,0.0,1068.67
O0004058,P069,3,1472.64,0.0,816.89
O0004059,P028,1,603.96,0.0,411.28
O0004059,P032,1,204.43,0.03,100.08
O0004060,P082,1,118.7,0.0,63.86
O0004061,P026,1,161.2,0.0,82.56
O0004062,P009,1,112.52,0.12,86.98
O0004063,P017,1,1899.73,0.05,895.15
O0004064,P060,2,264.98,0.12,177.83
O0004065,P008,2,1923.61,0.0,1066.87
O0004066,P111,1,41.6,0.03,32.1
O0004067,P068,1,1200.26,0.05,673.94
O0004068,P117,2,130.76,0.03,93.59
O0004069,P104,2,211.05,0.05,133.28
O0004069,P018,1,1813.51,0.08,1319.79
O0004069,P072,1,57.31,0.15,35.29
O0004070,P083,1,255.05,0.0,122.83
O0004071,P093,1,229.18,0.05,115.38
O0004071,P083,1,256.3,0.03,121.46
O0004071,P090,1,177.04,0.0,97.21
O0004072,P091,1,223.69,0.0,162.71
O0004073,P027,1,658.96,0.05,385.16
O0004074,P104,1,212.65,0.03,134.78
O0004075,P082,1,109.71,0.03,64.31
O0004076,P069,1,1448.68,0.0,859.39
O0004076,P022,1,396.64,0.12,247.36
O0004077,P064,3,549.49,0.0,327.08
O0004078,P076,1,267.13,0.05,135.38
O0004079,P077,1,46.15,0.15,27.91
O0004080,P064,1,573.51,0.0,337.57
O0004080,P028,3,636.44,0.12,416.74
O0004081,P005,3,2191.22,0.0,1360.98
O0004082,P013,1,581.67,0.03,371.83
O0004083,P018,2,1806.44,0.12,1330.58
O0004083,P037,2,36.44,0.03,21.15
O0004083,P010,1,1190.52,0.0,593.29
O0004084,P074,1,71.6,0.05,40.77
O0004085,P003,1,1264.68,0.0,651.82
O0004086,P018,1,1751.19,0.0,1271.95
O0004087,P026,1,159.54,0.0,85.22
O0004088,P017,1,1952.02,0.0,851.89
O0004088,P093,2,235.66,0.05,112.83
O0004089,P095,1,618.34,0.05,309.7
O0004090,P038,3,208.63,0.05,158.12
O0004090,P033,1,118.05,0.0,53.01
O0004091,P032,1,193.07,0.0,100.37
O0004092,P063,1,213.05,0.0,100.53
O0004093,P045,2,329.04,0.0,220.96
O0004094,P078,3,859.68,0.12,628.79
O0004095,P014,1,221.06,0.08,168.71
O0004095,P017,2,1966.06,0.0,862.94
O0004096,P114,1,132.46,0.0,60.98
O0004097,P110,1,51.87,0.0,28.12
O0004097,P071,1,689.95,0.0,343.55
O0004097,P033,2,112.06,0.05,51.91
O0004097,P028,1,660.45,0.0,404.8
O0004098,P076,1,278.48,0.03,133.69
O0004098,P038,1,204.9,0.0,154.85
O0004099,P036,3,254.53,0.0,180.85
O0004100,P044,1,318.31,0.0,215.82
O0004100,P031,1,447.82,0.0,290.8
O0004100,P056,2,385.37,0.03,259.48
O0004101,P101,1,28.46,0.12,17.58
O0004102,P066,1,476.55,0.0,263.28
O0004103,P109,1,167.54,0.0,111.6
O0004104,P095,2,580.89,0.0,300.48
O0004105,P107,2,227.34,0.08,141.8
O0004106,P010,1,1180.8,0.15,590.89
O0004106,P015,1,1225.75,0.0,749.18
O0004106,P068,1,1153.75,0.15,663.12
O0004107,P069,1,1435.35,0.08,841.69
O0004108,P078,1,846.43,0.0,656.14
O0004109,P071,1,737.05,0.08,342.94
O0004110,P024,1,193.33,0.0,97.07
O0004111,P008,2,1811.17,0.03,1091.33
O0004112,P026,1,171.06,0.0,83.37
O0004113,P025,1,454.15,0.15,339.17
O0004113,P076,1,272.89,0.0,133.37
O0004114,P062,1,1425.44,0.0,1055.1
O0004115,P088,1,100.52,0.0,55.61
O0004116,P009,2,119.18,0.0,86.76
O0004116,P034,1,708.12,0.05,350.78
O0004117,P070,1,56.14,0.12,28.1
O0004118,P064,1,553.04,0.05,335.45
O0004118,P002,1,2495.63,0.0,1531.52
O0004119,P029,1,185.71,0.0,110.97
O0004120,P002,1,2394.76,0.05,1476.45
O0004121,P081,1,328.56,0.0,184.52
O0004122,P032,2,198.44,0.12,99.12
O0004122,P114,1,134.35,0.0,60.84
O0004123,P057,1,204.69,0.0,109.11
O0004124,P104,2,212.66,0.0,130.86
O0004125,P003,1,1217.66,0.0,666.26
O0004126,P013,1,584.84,0.0,367.44
O0004127,P067,1,915.09,0.03,561.75
O0004127,P033,2,114.67,0.0,51.95
O0004128,P002,2,2367.23,0.0,1539.78
O0004129,P040,2,340.99,0.0,162.6
O0004129,P039,1,386.76,0.0,169.96
O0004129,P054,2,154.85,0.12,81.69
O0004129,P009,1,122.34,0.0,82.08
O0004130,P010,1,1161.56,0.08,591.35
O0004131,P019,3,2124.2,0.0,1433.2
O0004132,P098,2,33.2,0.05,23.16
O0004132,P035,1,594.58,0.0,375.51
O0004132,P014,2,225.97,0.0,165.83
O0004133,P083,2,255.96,0.05,124.55
O0004134,P069,3,1418.93,0.05,815.79
O0004134,P060,3,254.88,0.08,178.82
O0004135,P049,1,80.56,0.08,38.82
O0004136,P019,1,2043.79,0.0,1454.88
O0004137,P040,1,328.73,0.05,169.32
O0004137,P101,2,28.19,0.0,17.61
O0004138,P009,1,115.63,0.05,84.97
O0004138,P010,1,1134.38,0.0,611.51
O0004139,P033,1,114.11,0.0,53.78
O0004140,P104,1,230.38,0.0,133.99
O0004141,P037,1,37.41,0.0,20.69
O0004142,P065,2,1022.67,0.0,598.49
O0004143,P060,1,258.53,0.0,182.36
O0004144,P013,1,538.12,0.0,365.38
O0004145,P090,3,185.09,0.0,93.62
O0004146,P021,2,338.74,0.0,204.37
O0004146,P022,1,405.73,0.0,247.42
O0004147,P028,2,618.56,0.0,420.07
O0004148,P103,1,168.88,0.0,129.08
O0004148,P107,2,218.4,0.0,142.39
O0004148,P035,1,620.82,0.0,387.0
O0004149,P040,1,315.52,0.12,168.85
O0004149,P034,1,686.42,0.0,345.33
O0004150,P020,1,515.91,0.0,358.28
O0004150,P075,1,1028.0,0.08,585.75
O0004150,P110,1,53.83,0.05,27.62
O0004151,P048,3,503.47,0.0,298.24
O0004152,P019,1,2052.91,0.12,1471.63
O0004153,P024,1,178.19,0.12,99.53
O0004154,P104,2,225.61,0.0,130.54
O0004155,P053,3,88.42,0.03,42.5
O0004156,P040,3,343.57,0.0,165.41
O0004156,P052,1,121.07,0.0,87.64
O0004156,P015,1,1235.27,0.0,745.58
O0004157,P071,1,692.83,0.0,346.83
O0004158,P051,1,194.92,0.0,98.5
O0004158,P025,2,466.09,0.05,323.7
O0004159,P030,2,199.59,0.15,157.6
O0004160,P085,1,287.18,0.0,195.51
O0004161,P033,3,111.8,0.0,53.07
O0004161,P015,1,1208.16,0.08,729.2
O0004162,P014,1,240.78,0.0,165.69
O0004163,P011,1,1359.63,0.05,776.73
O0004164,P027,1,621.03,0.0,374.45
O0004165,P007,2,548.21,0.0,301.71
O0004166,P027,2,627.87,0.0,389.23
O0004167,P072,2,54.39,0.08,36.03
O0004167,P035,1,590.13,0.0,389.78
O0004168,P103,2,171.3,0.0,124.33
O0004169,P022,1,404.8,0.0,247.09
O0004170,P053,1,85.79,0.12,42.61
O0004171,P050,2,253.99,0.0,140.37
O0004172,P062,1,1449.97,0.05,1092.41
O0004173,P103,1,163.47,0.0,126.11
O0004174,P113,1,106.77,0.08,81.28
O0004175,P026,3,168.32,0.08,82.45
O0004176,P089,1,228.2,0.0,106.09
O0004176,P014,4,239.74,0.0,162.78
O0004176,P011,1,1247.22,0.05,763.22
O0004176,P012,1,2258.59,0.12,1367.93
O0004177,P108,1,44.9,0.05,20.03
O0004178,P015,1,1213.48,0.0,726.65
O0004179,P037,2,37.22,0.0,21.57
O0004180,P058,1,583.24,0.0,295.49
O0004181,P011,1,1306.25,0.0,746.49
O0004182,P093,2,235.12,0.12,115.15
O0004183,P105,1,153.44,0.08,97.08
O0004183,P072,1,54.73,0.0,35.99
O0004183,P003,4,1235.54,0.0,656.08
O0004184,P002,1,2464.94,0.12,1527.28
O0004185,P072,2,56.71,0.08,36.68
O0004185,P019,1,2179.43,0.05,1476.81
O0004185,P014,1,232.23,0.15,164.35
O0004186,P107,1,227.94,0.0,141.31
O0004187,P110,1,55.43,0.05,28.27
O0004188,P096,1,523.33,0.05,350.24
O0004188,P025,1,454.74,0.0,336.35
O0004189,P115,1,89.42,0.0,53.82
O0004190,P014,1,223.27,0.0,163.94
O0004191,P016,1,1411.25,0.05,973.69
O0004192,P118,3,77.11,0.08,48.1
O0004193,P011,1,1306.88,0.0,763.72
O0004193,P036,1,250.24,0.0,175.46
O0004193,P117,3,131.78,0.03,96.11
O0004194,P023,1,264.87,0.12,131.02
O0004194,P049,3,75.74,0.0,39.25
O0004195,P113,1,113.72,0.03,78.16
O0004196,P052,1,120.41,0.05,88.5
O0004197,P077,1,46.5,0.12,27.15
O0004198,P066,1,484.46,0.05,261.24
O0004199,P103,1,167.13,0.0,125.3
O0004199,P017,1,1830.75,0.05,862.14
O0004199,P099,1,158.53,0.0,100.82
O0004200,P062,1,1433.43,0.0,1076.06
O0004200,P052,1,115.61,0.0,86.68
O0004201,P013,1,554.39,0.0,355.44
O0004202,P100,1,288.93,0.12,184.86
O0004203,P001,3,311.71,0.0,149.26
O0004203,P105,1,155.6,0.12,100.85
O0004204,P052,1,116.42,0.03,84.78
O0004205,P034,1,684.12,0.0,340.87
O0004206,P041,1,107.07,0.12,52.98
O0004206,P013,1,574.74,0.0,365.7
O0004207,P019,1,2141.96,0.05,1440.27
O0004208,P043,1,135.72,0.08,75.71
O0004209,P113,1,114.45,0.0,81.29
O0004210,P103,2,169.96,0.0,126.71
O0004210,P030,1,208.34,0.05,156.1
O0004210,P033,2,117.83,0.08,53.14
O0004211,P086,2,449.78,0.0,340.19
O0004212,P003,1,1216.44,0.0,672.7
O0004213,P052,1,118.65,0.08,85.85
O0004213,P089,2,240.74,0.05,108.83
O0004214,P037,1,37.86,0.0,20.7
O0004215,P039,1,384.2,0.03,174.79
O0004216,P080,3,1028.85,0.08,678.29
O0004216,P034,1,690.82,0.0,345.51
O0004217,P024,1,181.52,0.0,97.62
O0004218,P036,4,262.74,0.0,175.7
O0004218,P074,1,72.43,0.12,41.89
O0004219,P007,1,569.14,0.0,292.09
O0004219,P083,1,233.9,0.0,122.64
O0004220,P120,2,141.26,0.05,87.23
O0004220,P029,1,195.7,0.0,110.37
O0004220,P014,1,230.15,0.0,169.74
O0004221,P029,2,189.61,0.08,111.14
O0004222,P078,1,870.26,0.12,658.86
O0004222,P116,2,107.77,0.12,51.22
O0004223,P120,1,146.14,0.08,87.02
O0004224,P042,1,185.57,0.0,121.97
O0004225,P001,2,303.66,0.15,144.62
O0004226,P074,1,71.13,0.0,42.96
O0004227,P037,1,36.08,0.05,21.25
O0004227,P069,1,1450.16,0.08,865.07
O0004228,P098,1,32.16,0.0,22.89
O0004229,P090,1,178.09,0.08,97.61
O0004229,P024,1,189.21,0.0,101.41
O0004230,P031,1,444.23,0.0,281.44
O0004230,P068,1,1155.59,0.0,669.47
O0004230,P101,2,28.86,0.0,17.48
O0004230,P020,1,538.2,0.05,375.6
O0004231,P019,1,2171.77,0.0,1413.11
O0004232,P073,3,583.79,0.05,304.06
O0004233,P096,3,531.97,0.0,340.59
O0004234,P042,1,185.46,0.0,118.53
O0004235,P001,2,296.49,0.0,152.79
O0004235,P016,1,1445.4,0.08,1001.68
O0004236,P099,2,167.42,0.05,102.94
O0004237,P025,1,490.07,0.0,329.83
O0004238,P111,2,42.37,0.0,31.39
O0004239,P066,1,493.17,0.03,264.96
O0004239,P071,1,736.73,0.08,338.02
O0004240,P032,1,188.27,0.05,101.93
O0004240,P071,1,695.89,0.12,336.49
O0004241,P108,1,41.58,0.0,20.01
O0004242,P048,3,524.25,0.0,296.95
O0004243,P021,2,364.95,0.0,207.67
O0004244,P063,1,217.21,0.12,104.69
O0004244,P051,1,200.13,0.0,98.02
O0004245,P092,1,626.15,0.03,383.54
O0004245,P073,1,587.78,0.03,299.57
O0004245,P056,1,376.51,0.05,253.42
O0004246,P053,1,86.3,0.0,42.76
O0004247,P115,1,91.21,0.0,51.81
O0004248,P102,1,222.83,0.0,146.98
O0004249,P089,1,225.38,0.05,106.49
O0004249,P087,1,573.57,0.12,421.18
O0004250,P020,1,499.13,0.0,363.27
O0004250,P033,1,110.81,0.05,51.55
O0004251,P037,1,35.81,0.05,21.56
O0004252,P048,1,521.08,0.08,302.6
O0004253,P064,2,547.28,0.0,342.53
O0004254,P086,1,467.56,0.05,323.57
O0004254,P025,2,458.27,0.0,342.47
O0004254,P023,1,288.07,0.0,128.96
O0004255,P014,1,228.66,0.0,167.99
O0004256,P081,1,339.1,0.05,188.97
O0004256,P075,1,1034.37,0.12,576.47
O0004256,P100,1,311.42,0.0,189.34
O0004257,P024,2,177.51,0.03,98.49
O0004258,P015,1,1230.78,0.05,751.14
O0004258,P078,2,873.86,0.05,645.5
O0004258,P075,1,1015.66,0.0,604.01
O0004259,P063,1,213.27,0.12,105.24
O0004259,P075,1,1035.28,0.0,585.56
O0004260,P029,2,180.15,0.08,109.38
O0004260,P094,1,355.66,0.0,185.45
O0004261,P026,2,173.66,0.0,84.18
O0004262,P095,1,588.26,0.0,311.37
O0004262,P007,1,559.38,0.05,288.59
O0004263,P118,1,76.08,0.03,49.27
O0004264,P032,1,199.91,0.0,102.13
O0004265,P069,1,1338.73,0.0,863.02
O0004265,P005,1,2174.74,0.0,1357.08
O0004266,P092,1,628.45,0.05,402.5
O0004267,P075,1,992.39,0.0,607.79
O0004267,P060,2,264.58,0.05,176.59
O0004268,P083,2,253.6,0.0,119.11
O0004269,P099,2,157.76,0.0,101.84
O0004269,P117,1,131.67,0.12,95.52
O0004270,P107,1,223.62,0.0,147.19
O0004271,P075,1,1080.58,0.0,607.26
O0004272,P096,2,523.48,0.03,349.76
O0004273,P044,2,320.31,0.05,218.43
O0004274,P014,1,226.29,0.03,169.75
O0004275,P065,1,1066.63,0.0,598.58
O0004275,P059,2,155.75,0.0,95.03
O0004275,P075,1,988.79,0.0,585.59
O0004276,P021,1,353.39,0.0,200.19
O0004277,P062,3,1533.12,0.0,1043.65
O0004278,P070,2,52.19,0.08,27.93
O0004278,P035,2,563.1,0.0,397.38
O0004278,P105,2,152.62,0.0,98.26
O0004278,P095,1,619.7,0.05,312.28
O0004279,P029,3,193.98,0.05,110.12
O0004279,P033,1,110.72,0.0,51.4
O0004280,P008,1,1822.25,0.12,1046.17
O0004281,P073,1,563.48,0.0,295.23
O0004282,P018,4,1704.33,0.05,1287.79
O0004283,P118,2,75.07,0.08,48.54
O0004283,P044,1,324.78,0.0,219.09
O0004283,P017,1,1958.1,0.08,884.27
O0004284,P014,1,232.02,0.03,169.61
O0004285,P017,1,1925.26,0.03,863.14
O0004286,P118,1,80.95,0.0,48.57
O0004287,P011,1,1249.11,0.05,754.3
O0004287,P115,2,95.21,0.03,53.23
O0004288,P060,1,249.39,0.08,181.51
O0004289,P107,1,220.07,0.12,142.73
O0004289,P080,1,955.86,0.05,685.63
O0004290,P078,1,902.58,0.0,645.18
O0004291,P025,1,481.16,0.0,328.23
O0004291,P098,1,33.16,0.05,23.4
O0004292,P015,1,1202.84,0.12,728.35
O0004292,P009,1,115.27,0.0,83.19
O0004293,P006,4,2007.79,0.0,1160.78
O0004293,P100,1,301.9,0.08,182.12
O0004294,P027,1,654.38,0.0,381.42
O0004295,P115,1,93.54,0.0,53.66
O0004295,P015,3,1164.0,0.0,727.19
O0004295,P055,2,486.84,0.05,267.67
O0004296,P109,2,165.6,0.03,114.04
O0004297,P093,1,228.0,0.0,112.86
O0004298,P040,4,336.66,0.0,170.67
O0004299,P046,1,281.11,0.0,201.72
O0004299,P049,1,82.81,0.0,38.01
O0004300,P087,3,599.91,0.0,410.01
O0004300,P039,3,351.43,0.0,171.06
O0004301,P100,1,300.11,0.0,184.66
O0004301,P030,1,212.97,0.12,158.19
O0004302,P110,2,51.65,0.0,27.88
O0004303,P018,1,1833.04,0.0,1295.45
O0004304,P006,3,1954.93,0.0,1132.19
O0004305,P029,3,194.52,0.03,110.8
O0004306,P049,2,82.61,0.03,38.47
O0004306,P098,1,30.86,0.0,23.64
O0004306,P015,2,1157.51,0.0,737.25
O0004307,P089,1,220.3,0.0,110.14
O0004308,P022,1,374.47,0.05,248.85
O0004309,P009,2,119.65,0.0,82.49
O0004310,P057,2,203.03,0.0,110.19
O0004311,P069,3,1415.79,0.0,860.72
O0004312,P080,1,960.67,0.03,662.14
O0004312,P033,1,116.09,0.0,52.09
O0004313,P099,1,165.69,0.0,105.12
O0004313,P045,1,313.35,0.0,214.85
O0004314,P048,1,514.01,0.0,305.86
O0004315,P013,3,548.53,0.03,355.39
O0004316,P035,1,610.76,0.0,375.86
O0004316,P006,1,1907.77,0.08,1165.53
O0004317,P038,1,216.23,0.03,150.31
O0004317,P076,1,272.31,0.0,135.37
O0004318,P032,1,197.22,0.0,99.83
O0004319,P085,1,299.58,0.05,199.74
O0004320,P023,1,268.64,0.05,131.74
O0004320,P059,1,156.44,0.0,96.67
O0004320,P104,3,226.44,0.0,136.43
O0004321,P025,2,468.2,0.0,340.01
O0004321,P037,1,36.41,0.0,21.69
O0004321,P108,1,42.11,0.0,20.44
O0004322,P078,2,884.6,0.0,648.01
O0004323,P030,1,199.54,0.0,157.28
O0004323,P001,1,287.11,0.03,147.58
O0004323,P051,2,194.24,0.08,94.89
O0004324,P036,1,243.64,0.03,178.46
O0004325,P015,1,1218.31,0.03,728.42
O0004326,P094,1,360.36,0.0,190.63
O0004327,P109,1,176.73,0.08,113.45
O0004328,P078,3,890.81,0.05,658.69
O0004329,P109,2,166.31,0.08,110.12
O0004329,P084,1,452.75,0.03,338.39
O0004329,P088,1,96.53,0.0,53.65
O0004330,P094,2,368.64,0.05,187.73
O0004331,P003,1,1206.47,0.05,647.85
O0004331,P009,2,122.35,0.03,84.3
O0004332,P092,1,611.27,0.12,382.88
O0004333,P101,3,27.72,0.03,17.81
O0004334,P024,1,183.26,0.03,99.28
O0004335,P080,1,1006.64,0.05,669.64
O0004336,P007,1,566.55,0.03,289.03
O0004337,P110,2,55.31,0.05,27.62
O0004337,P023,1,283.99,0.05,128.93
O0004338,P103,1,172.52,0.05,127.88
O0004338,P087,2,609.72,0.03,408.18
O0004339,P033,1,120.06,0.12,53.07
O0004339,P075,2,1035.35,0.0,591.99
O0004340,P100,1,312.73,0.0,186.57
O0004340,P003,1,1265.93,0.12,670.16
O0004341,P039,1,365.54,0.0,174.88
O0004342,P063,1,224.01,0.0,100.73
O0004343,P080,1,935.24,0.0,690.26
O0004343,P091,1,232.49,0.05,156.54
O0004344,P017,2,1831.44,0.05,849.88
O0004345,P036,1,238.27,0.0,178.17
O0004345,P110,1,51.15,0.03,27.44
O0004345,P007,2,575.95,0.0,302.74
O0004345,P115,1,88.34,0.0,52.01
O0004346,P020,2,537.19,0.0,359.59
O0004347,P079,3,769.2,0.05,371.76
O0004348,P099,4,165.68,0.0,104.41
O0004349,P106,1,203.6,0.0,133.16
O0004349,P050,1,257.4,0.0,143.47
O0004350,P087,1,611.55,0.0,415.23
O0004351,P090,2,178.03,0.0,94.26
O0004352,P021,1,339.74,0.08,200.39
O0004352,P029,1,187.29,0.0,108.86
O0004353,P113,2,116.1,0.0,79.29
O0004354,P008,4,1867.05,0.0,1089.23
O0004355,P031,1,425.8,0.05,281.97
O0004356,P072,1,54.06,0.12,36.39
O0004357,P066,2,487.91,0.0,270.43
O0004358,P027,1,652.84,0.0,390.47
O0004358,P063,2,225.17,0.03,101.65
O0004359,P023,1,280.29,0.0,132.45
O0004360,P010,1,1122.66,0.08,598.58
O0004361,P077,1,45.91,0.0,26.99
O0004361,P068,2,1209.51,0.15,666.85
O0004361,P038,1,205.01,0.05,155.22
O0004362,P062,1,1518.72,0.0,1046.8
O0004363,P033,1,116.12,0.0,51.63
O0004364,P087,1,596.12,0.12,406.94
O0004365,P053,3,83.0,0.08,42.74
O0004365,P055,1,480.57,0.0,259.12
O0004366,P105,1,160.72,0.0,97.53
O0004366,P057,1,203.44,0.0,112.32
O0004366,P090,1,170.91,0.0,94.51
O0004367,P020,1,496.61,0.15,361.9
O0004368,P051,1,194.21,0.03,95.31
O0004368,P087,2,586.07,0.0,422.63
O0004369,P013,1,575.57,0.03,361.46
O0004369,P002,2,2349.6,0.08,1508.95
O0004370,P059,2,157.24,0.0,95.1
O0004370,P111,1,43.85,0.08,31.92
O0004371,P027,1,609.34,0.0,382.37
O0004371,P071,2,758.72,0.0,338.5
O0004371,P003,2,1231.62,0.0,675.66
O0004371,P008,1,1835.95,0.0,1103.09
O0004372,P067,2,970.64,0.0,560.94
O0004372,P037,1,35.91,0.0,20.81
O0004372,P046,3,262.25,0.0,202.31
O0004373,P073,3,590.93,0.0,307.86
O0004374,P029,2,187.81,0.0,110.07
O0004375,P036,2,256.8,0.15,173.13
O0004376,P023,1,280.12,0.0,131.02
O0004377,P101,1,28.46,0.0,17.57
O0004378,P037,1,38.31,0.08,21.42
O0004379,P012,2,2146.82,0.0,1386.44
O0004380,P017,1,1954.77,0.0,851.03
O0004380,P021,1,342.54,0.03,201.26
O0004381,P031,1,451.22,0.08,283.79
O0004382,P046,2,285.29,0.0,203.27
O0004383,P079,1,756.64,0.05,368.49
O0004384,P110,1,51.74,0.12,27.35
O0004384,P018,2,1735.32,0.0,1318.9
O0004385,P034,1,684.36,0.0,350.46
O0004385,P037,1,37.2,0.0,21.48
O0004386,P026,1,174.45,0.0,84.14
O0004387,P104,3,225.14,0.0,133.43
O0004388,P094,1,372.13,0.12,183.94
O0004389,P086,1,448.88,0.0,327.7
O0004389,P114,2,131.66,0.0,61.77
O0004390,P007,1,546.07,0.05,293.63
O0004391,P115,3,88.88,0.03,53.73
O0004392,P087,1,579.1,0.03,407.37
O0004393,P031,1,417.44,0.0,286.37
O0004394,P017,1,1840.49,0.05,863.36
O0004395,P012,1,2306.39,0.0,1353.32
O0004396,P004,1,1733.35,0.0,946.44
O0004397,P088,2,100.63,0.0,52.6
O0004398,P085,3,284.23,0.05,204.44
O0004398,P024,2,186.95,0.03,99.1
O0004398,P116,1,101.06,0.0,49.18
O0004399,P056,1,364.1,0.15,252.94
O0004400,P078,3,877.92,0.12,648.06
O0004400,P059,1,163.95,0.0,97.2
O0004400,P081,1,330.38,0.0,194.1
O0004401,P019,1,2173.88,0.0,1420.45
O0004402,P082,1,115.27,0.0,66.82
O0004403,P040,1,339.99,0.03,167.96
O0004404,P056,1,361.93,0.0,252.51
O0004405,P093,1,224.69,0.0,112.24
O0004405,P028,1,645.78,0.12,403.75
O0004406,P029,1,188.06,0.0,108.67
O0004406,P113,2,115.9,0.0,77.82
O0004407,P028,1,629.18,0.0,406.16
O0004408,P065,1,1039.95,0.0,599.81
O0004409,P095,1,583.87,0.12,303.61
O0004410,P080,1,957.88,0.0,658.35
O0004411,P037,1,37.86,0.05,21.83
O0004412,P052,2,122.52,0.05,85.67
O0004413,P115,2,89.5,0.03,53.43
O0004414,P106,1,212.78,0.0,131.0
O0004415,P030,1,199.38,0.0,150.3
O0004415,P051,1,191.83,0.0,93.49
O0004416,P037,1,36.62,0.0,21.5
O0004416,P054,1,154.55,0.05,78.93
O0004417,P078,1,908.38,0.05,638.87
O0004417,P044,2,322.48,0.12,218.87
O0004418,P039,1,350.87,0.05,169.95
O0004419,P026,1,174.7,0.0,87.07
O0004419,P013,1,572.75,0.0,369.16
O0004420,P027,1,608.73,0.0,389.88
O0004421,P001,3,288.4,0.03,151.67
O0004422,P094,1,367.02,0.05,185.65
O0004423,P019,1,2081.99,0.15,1461.21
O0004424,P088,2,101.52,0.0,55.39
O0004425,P025,1,471.9,0.05,326.98
O0004426,P019,1,2196.89,0.05,1477.94
O0004427,P027,2,637.44,0.0,384.59
O0004428,P074,1,71.43,0.05,41.15
O0004429,P028,2,605.33,0.05,407.13
O0004429,P117,1,130.52,0.0,94.31
O0004430,P043,1,129.49,0.0,76.44
O0004430,P094,1,352.01,0.12,191.43
O0004431,P106,1,200.0,0.08,131.07
O0004432,P070,2,55.88,0.12,29.1
O0004432,P049,1,82.36,0.0,38.84
O0004433,P035,1,563.47,0.0,382.46
O0004434,P066,1,453.12,0.0,261.24
O0004434,P028,1,632.76,0.05,413.57
O0004434,P038,1,212.7,0.0,156.77
O0004435,P098,3,32.19,0.0,23.0
O0004436,P056,2,357.48,0.05,255.42
O0004437,P064,1,540.13,0.05,337.41
O0004437,P119,3,138.12,0.0,76.93
O0004437,P027,1,653.85,0.0,395.85
O0004438,P062,1,1526.07,0.03,1086.77
O0004438,P049,3,80.96,0.05,38.38
O0004439,P056,1,373.71,0.0,261.14
O0004439,P076,1,257.27,0.12,132.37
O0004439,P016,1,1463.16,0.0,958.34
O0004440,P072,3,53.97,0.03,35.45
O0004441,P018,2,1820.06,0.0,1329.0
O0004442,P040,1,342.05,0.08,167.53
O0004443,P016,2,1471.75,0.15,951.76
O0004444,P036,2,238.16,0.0,175.3
O0004444,P056,1,390.27,0.12,251.9
O0004445,P023,1,287.38,0.0,125.88
O0004446,P089,1,234.26,0.03,110.82
O0004447,P019,1,2161.44,0.0,1452.34
O0004448,P041,2,107.43,0.05,54.42
O0004449,P114,2,129.63,0.05,61.22
O0004450,P067,1,880.89,0.0,556.86
O0004451,P011,3,1263.32,0.0,755.91
O0004451,P009,2,112.42,0.0,86.91
O0004452,P042,1,198.35,0.03,120.9
O0004453,P065,2,1072.63,0.08,605.27
O0004454,P011,1,1335.6,0.0,773.85
O0004454,P019,2,2180.52,0.0,1401.61
O0004455,P011,1,1306.61,0.15,789.87
O0004455,P113,2,108.77,0.05,79.66
O0004455,P001,1,312.05,0.05,152.29
O0004456,P083,1,249.95,0.08,118.45
O0004456,P116,1,107.06,0.0,49.28
O0004457,P001,1,300.13,0.03,150.51
O0004458,P010,2,1105.56,0.0,610.26
O0004459,P073,1,587.57,0.0,293.85
O0004460,P023,1,288.81,0.0,125.68
O0004460,P004,1,1710.11,0.0,937.72
O0004461,P023,3,261.86,0.0,129.93
O0004462,P020,1,489.22,0.05,358.68
O0004462,P058,1,567.67,0.03,309.03
O0004463,P004,1,1721.73,0.0,917.82
O0004464,P075,1,1059.72,0.03,597.05
O0004465,P055,1,483.15,0.12,271.28
O0004466,P047,1,312.35,0.05,200.67
O0004467,P094,2,360.76,0.05,188.57
O0004468,P099,1,161.68,0.05,99.69
O0004469,P100,1,304.08,0.0,180.8
O0004470,P001,3,286.82,0.05,150.33
O0004471,P103,1,170.96,0.03,128.87
O0004472,P010,1,1204.56,0.05,584.25
O0004473,P039,1,373.34,0.03,173.81
O0004474,P086,1,460.78,0.0,342.68
O0004475,P092,1,640.49,0.0,400.56
O0004475,P032,1,201.43,0.0,100.7
O0004476,P108,1,44.04,0.0,19.44
O0004476,P044,2,318.36,0.0,219.33
O0004477,P110,1,53.01,0.03,27.42
O0004478,P075,1,982.84,0.0,576.81
O0004479,P038,1,207.86,0.03,156.3
O0004479,P016,1,1408.24,0.05,986.21
O0004479,P080,2,995.78,0.0,658.09
O0004480,P060,1,245.1,0.15,179.01
O0004481,P071,2,696.69,0.0,338.36
O0004481,P111,1,43.81,0.0,31.03
O0004482,P037,2,38.18,0.08,21.66
O0004483,P011,2,1342.34,0.0,751.08
O0004484,P022,1,392.77,0.03,256.81
O0004485,P006,1,1960.31,0.0,1165.56
O0004486,P055,1,484.07,0.0,265.0
O0004486,P103,1,168.73,0.08,124.62
O0004487,P017,1,1951.42,0.0,866.18
O0004487,P105,1,159.75,0.0,100.47
O0004488,P110,3,53.88,0.03,27.68
O0004489,P118,1,79.39,0.12,49.89
O0004490,P021,1,365.78,0.0,207.12
O0004490,P036,1,246.68,0.12,174.81
O0004491,P012,1,2219.99,0.03,1374.97
O0004492,P019,1,2102.76,0.12,1455.38
O0004493,P012,4,2292.11,0.05,1369.51
O0004494,P075,1,998.58,0.05,604.72
O0004495,P012,1,2268.46,0.0,1335.57
O0004496,P044,1,340.3,0.15,222.89
O0004497,P098,2,32.08,0.05,23.56
O0004497,P078,3,893.83,0.0,646.87
O0004498,P071,1,737.54,0.08,351.1
O0004498,P016,2,1371.2,0.0,990.35
O0004499,P044,2,321.03,0.0,219.17
O0004499,P031,1,413.02,0.03,287.96
O0004500,P037,1,38.86,0.08,20.78
O0004501,P013,1,574.98,0.0,357.85
O0004502,P054,2,158.71,0.15,78.43
O0004502,P020,1,505.19,0.0,366.69
O0004503,P116,1,101.67,0.0,51.52
O0004504,P021,1,347.48,0.0,206.93
O0004505,P038,1,204.85,0.03,150.26
O0004506,P022,1,405.12,0.0,245.69
O0004507,P054,1,150.53,0.0,82.06
O0004508,P015,1,1133.23,0.15,746.34
O0004509,P020,1,500.55,0.0,366.62
O0004510,P038,2,199.82,0.0,154.03
O0004511,P014,1,227.39,0.0,162.29
O0004512,P020,2,520.93,0.0,358.11
O0004512,P027,1,641.62,0.05,392.0
O0004512,P095,1,600.35,0.0,300.87
O0004513,P012,1,2206.4,0.15,1374.99
O0004514,P031,1,449.83,0.0,288.69
O0004514,P017,2,1908.62,0.0,878.13
O0004515,P087,1,620.19,0.12,422.42
O0004515,P041,1,101.03,0.0,54.68
O0004515,P032,1,190.2,0.08,101.84
O0004516,P047,2,298.46,0.03,199.96
O0004517,P029,1,185.47,0.0,108.9
O0004518,P085,2,295.61,0.0,196.94
O0004518,P055,1,458.48,0.12,263.49
O0004518,P086,1,471.98,0.08,333.54
O0004519,P071,1,731.37,0.0,352.22
O0004520,P044,2,334.93,0.05,219.41
O0004521,P038,2,217.77,0.05,156.35
O0004522,P034,1,665.13,0.12,343.14
O0004523,P033,1,114.93,0.0,53.77
O0004523,P072,3,52.39,0.05,35.94
O0004523,P017,1,1950.67,0.0,861.04
O0004524,P019,3,2178.29,0.0,1405.86
O0004525,P028,1,604.56,0.05,415.58
O0004526,P030,1,205.38,0.0,153.72
O0004527,P035,1,586.26,0.05,394.53
O0004528,P069,1,1406.69,0.0,826.12
O0004528,P039,1,367.6,0.0,176.8
O0004528,P103,1,167.99,0.0,123.14
O0004529,P048,1,517.03,0.08,302.26
O0004529,P011,1,1358.02,0.05,748.63
O0004530,P059,1,159.71,0.0,94.31
O0004531,P019,1,2195.86,0.0,1403.34
O0004532,P042,1,201.59,0.08,122.48
O0004533,P114,1,139.1,0.0,60.75
O0004534,P081,1,353.7,0.0,193.02
O0004535,P048,1,534.82,0.0,304.55
O0004536,P037,1,38.52,0.03,21.32
O0004537,P003,2,1260.1,0.0,661.85
O0004537,P091,1,242.62,0.0,163.51
O0004538,P027,1,605.87,0.0,377.15
O0004539,P026,1,160.26,0.05,83.81
O0004539,P014,4,219.55,0.0,167.6
O0004540,P073,1,567.84,0.0,305.91
O0004541,P104,1,228.88,0.08,133.3
O0004542,P069,1,1452.22,0.0,850.39
O0004543,P027,1,630.94,0.0,390.39
O0004544,P003,1,1177.16,0.03,664.57
O0004545,P038,1,200.38,0.0,158.61
O0004546,P102,1,227.53,0.08,144.03
O0004547,P059,1,166.92,0.0,95.92
O0004548,P054,1,152.39,0.0,81.62
O0004549,P010,1,1178.8,0.05,590.13
O0004549,P026,1,170.12,0.05,85.45
O0004550,P107,1,223.18,0.0,143.38
O0004551,P071,3,702.81,0.0,345.57
O0004551,P044,1,342.37,0.05,228.47
O0004552,P061,1,84.07,0.05,41.54
O0004552,P094,1,341.52,0.0,187.13
O0004553,P044,1,318.04,0.0,225.38
O0004554,P059,2,161.25,0.0,96.59
O0004554,P012,1,2138.56,0.05,1378.2
O0004555,P086,1,462.82,0.15,323.54
O0004555,P008,1,1826.42,0.0,1074.01
O0004555,P030,1,214.23,0.0,152.78
O0004556,P018,3,1729.17,0.05,1300.16
O0004557,P066,1,478.3,0.0,273.16
O0004558,P059,1,157.64,0.03,94.93
O0004559,P051,3,191.87,0.03,97.57
O0004559,P087,1,613.09,0.03,413.14
O0004559,P005,1,2195.26,0.0,1309.86
O0004560,P094,1,349.4,0.03,187.28
O0004561,P049,1,77.08,0.05,38.39
O0004562,P074,1,76.35,0.0,41.79
O0004563,P039,1,353.16,0.05,171.85
O0004564,P054,1,147.85,0.0,82.17
O0004565,P087,1,586.41,0.0,418.5
O0004565,P002,1,2488.02,0.03,1477.64
O0004566,P110,1,55.84,0.0,27.13
O0004566,P102,2,214.01,0.0,149.23
O0004566,P001,2,311.99,0.0,145.34
O0004567,P017,2,1931.52,0.05,877.29
O0004568,P056,1,377.18,0.0,263.04
O0004569,P071,1,758.77,0.03,353.73
O0004569,P035,2,589.63,0.05,376.1
O0004570,P089,1,219.21,0.08,109.76
O0004571,P013,1,573.37,0.12,351.69
O0004572,P047,1,316.33,0.08,199.96
O0004573,P060,3,265.15,0.08,172.94
O0004574,P041,1,109.27,0.0,53.88
O0004575,P010,1,1106.76,0.05,591.76
O0004576,P037,1,36.65,0.08,21.72
O0004577,P028,1,618.73,0.05,409.11
O0004577,P014,1,225.25,0.08,170.3
O0004578,P091,1,244.13,0.0,158.79
O0004578,P064,1,543.99,0.0,336.76
O0004578,P029,2,184.85,0.03,109.34
O0004578,P118,3,78.96,0.08,47.76
O0004579,P010,1,1172.3,0.0,615.3
O0004580,P092,3,616.95,0.0,397.44
O0004580,P049,1,82.46,0.03,38.53
O0004581,P026,1,162.12,0.05,85.13
O0004582,P030,1,203.52,0.0,158.28
O0004582,P087,2,567.81,0.05,413.45
O0004582,P003,1,1199.86,0.0,656.28
O0004583,P071,1,689.64,0.03,335.51
O0004583,P022,1,391.51,0.0,259.21
O0004584,P062,1,1435.19,0.0,1065.65
O0004585,P080,1,969.82,0.0,682.4
O0004586,P002,1,2367.52,0.03,1471.25
O0004587,P061,1,85.74,0.03,43.48
O0004587,P094,1,342.86,0.0,184.35
O0004588,P075,1,995.99,0.0,609.11
O0004588,P011,1,1255.63,0.0,748.72
O0004588,P012,1,2201.02,0.0,1371.77
O0004589,P014,1,236.54,0.05,162.9
O0004590,P051,2,189.92,0.03,96.34
O0004590,P095,1,610.76,0.05,306.3
O0004590,P055,1,492.97,0.0,263.69
O0004591,P032,1,203.04,0.0,100.3
O0004591,P008,2,1939.96,0.03,1066.74
O0004592,P011,4,1342.99,0.08,758.19
O0004593,P018,2,1783.24,0.0,1277.81
O0004593,P025,2,480.65,0.0,326.9
O0004594,P029,3,181.37,0.0,112.06
O0004595,P017,3,1816.12,0.0,849.95
O0004596,P020,2,517.07,0.0,375.04
O0004596,P031,2,440.11,0.12,289.12
O0004597,P033,1,110.49,0.0,53.23
O0004597,P037,1,39.26,0.0,21.38
O0004598,P035,1,601.87,0.0,388.98
O0004599,P005,1,2226.93,0.0,1315.43
O0004600,P056,1,382.28,0.03,255.71
O0004600,P006,1,1971.16,0.0,1155.13
O0004601,P004,1,1727.83,0.0,935.77
O0004601,P057,2,206.48,0.0,114.6
O0004602,P022,1,406.98,0.03,246.43
O0004603,P109,1,168.49,0.03,115.23
O0004604,P040,1,315.07,0.0,163.8
O0004605,P020,1,509.42,0.08,363.17
O0004606,P101,1,28.45,0.03,17.17
O0004607,P110,1,53.16,0.0,28.35
O0004608,P096,1,517.07,0.03,350.65
O0004609,P027,2,646.57,0.0,378.69
O0004610,P032,2,201.47,0.0,102.71
O0004610,P031,2,446.44,0.03,288.64
O0004611,P044,2,324.1,0.0,227.2
O0004612,P021,2,360.26,0.03,197.35
O0004613,P093,3,231.26,0.12,111.67
O0004614,P006,2,1864.79,0.03,1167.64
O0004615,P019,1,2037.5,0.08,1414.31
O0004616,P010,1,1113.52,0.08,607.67
O0004616,P023,2,278.55,0.03,127.35
O0004617,P091,1,232.42,0.03,156.32
O0004618,P057,4,205.1,0.0,110.9
O0004619,P035,1,563.9,0.0,379.32
O0004620,P022,2,403.77,0.0,252.76
O0004621,P031,1,414.87,0.0,280.94
O0004621,P001,1,295.77,0.12,152.68
O0004622,P109,2,164.28,0.0,109.93
O0004623,P049,2,75.65,0.15,38.88
O0004623,P029,1,186.31,0.0,110.42
O0004623,P117,1,123.76,0.0,92.34
O0004624,P031,1,409.72,0.03,290.78
O0004625,P004,1,1799.62,0.08,925.15
O0004625,P032,1,190.56,0.05,97.24
O0004626,P097,2,326.35,0.03,218.14
O0004627,P114,1,136.32,0.05,61.7
O0004628,P059,1,169.15,0.05,97.28
O0004629,P110,1,55.82,0.0,26.94
O0004629,P055,1,476.18,0.05,259.05
O0004630,P003,2,1201.65,0.0,649.11
O0004631,P004,1,1699.36,0.05,929.02
O0004632,P039,1,385.01,0.0,170.48
O0004633,P072,1,54.62,0.0,35.41
O0004634,P044,1,325.14,0.0,226.22
O0004634,P055,1,471.57,0.0,260.06
O0004635,P115,2,94.27,0.0,51.61
O0004636,P024,1,194.73,0.0,101.6
O0004637,P021,1,360.86,0.0,206.47
O0004638,P001,3,293.44,0.0,152.92
O0004638,P014,1,229.0,0.08,165.42
O0004639,P085,1,281.98,0.08,206.92
O0004640,P010,1,1096.6,0.0,614.18
O0004640,P014,1,236.58,0.0,167.39
O0004640,P028,2,612.6,0.03,404.33
O0004640,P027,1,651.01,0.0,389.9
O0004641,P028,2,643.92,0.0,413.86
O0004642,P043,1,130.61,0.05,76.47
O0004643,P031,1,451.48,0.0,293.82
O0004644,P113,1,110.6,0.08,80.32
O0004644,P031,1,439.66,0.08,285.53
O0004644,P086,1,436.53,0.0,331.18
O0004645,P069,3,1432.45,0.0,857.12
O0004645,P039,3,371.04,0.08,177.04
O0004645,P021,2,333.32,0.0,198.79
O0004646,P099,1,166.24,0.0,103.52
O0004646,P084,1,455.07,0.0,340.98
O0004647,P012,1,2293.37,0.0,1365.88
O0004647,P031,1,435.52,0.0,293.07
O0004648,P025,1,473.01,0.05,341.21
O0004649,P023,3,267.55,0.03,132.14
O0004650,P005,1,2209.57,0.0,1295.39
O0004650,P029,1,180.53,0.0,110.17
O0004651,P001,1,288.71,0.0,149.77
O0004651,P034,2,679.55,0.0,337.97
O0004652,P015,1,1155.88,0.12,760.67
O0004653,P040,1,315.36,0.0,167.99
O0004654,P026,1,164.0,0.0,83.04
O0004654,P108,1,43.66,0.0,19.94
O0004655,P093,1,244.36,0.0,113.58
O0004656,P016,1,1475.34,0.12,977.06
O0004657,P052,3,114.23,0.0,86.43
O0004658,P007,1,575.87,0.0,295.07
O0004659,P054,1,147.74,0.0,81.51
O0004660,P105,1,162.42,0.03,99.51
O0004661,P041,2,108.15,0.0,52.81
O0004662,P062,1,1471.98,0.08,1059.23
O0004663,P017,1,1896.39,0.0,847.11
O0004664,P119,1,146.38,0.0,76.96
O0004665,P068,1,1167.58,0.05,638.23
O0004665,P040,1,322.19,0.05,171.11
O0004666,P021,1,361.64,0.03,206.45
O0004667,P116,2,105.77,0.0,49.87
O0004667,P104,1,230.61,0.0,130.61
O0004668,P092,2,661.85,0.05,385.22
O0004668,P103,1,164.42,0.05,121.94
O0004668,P094,1,364.55,0.0,187.64
O0004669,P105,2,161.0,0.0,97.18
O0004670,P023,1,271.07,0.12,126.9
O0004670,P010,1,1134.72,0.0,596.12
O0004671,P035,1,599.11,0.03,383.07
O0004672,P033,2,110.89,0.08,51.63
O0004672,P022,1,408.41,0.0,248.72
O0004673,P058,2,581.39,0.12,306.42
O0004674,P060,1,248.14,0.0,175.18
O0004674,P023,1,284.8,0.12,125.53
O0004675,P022,1,409.24,0.0,246.03
O0004676,P021,1,338.59,0.0,203.53
O0004677,P013,2,549.82,0.0,351.16
O0004678,P037,1,39.25,0.08,21.53
O0004678,P049,1,76.11,0.0,39.63
O0004679,P011,1,1357.08,0.0,751.85
O0004680,P027,1,647.59,0.0,380.23
O0004680,P066,1,484.74,0.0,262.87
O0004681,P022,3,396.71,0.0,246.56
O0004681,P107,1,222.27,0.0,141.57
O0004682,P056,2,381.4,0.08,250.79
O0004683,P052,1,115.28,0.0,88.01
O0004683,P093,1,243.78,0.0,112.85
O0004684,P084,1,441.66,0.0,337.67
O0004685,P117,1,124.47,0.15,95.97
O0004685,P040,1,314.19,0.05,164.05
O0004686,P022,1,386.61,0.0,259.2
O0004687,P036,4,249.4,0.0,173.02
O0004688,P015,2,1154.29,0.05,755.49
O0004688,P087,1,584.51,0.0,421.67
O0004689,P003,1,1209.12,0.05,648.8
O0004689,P044,3,317.13,0.0,218.84
O0004690,P005,1,2056.75,0.0,1313.87
O0004691,P016,1,1442.39,0.08,967.62
O0004691,P009,1,122.09,0.0,85.4
O0004691,P003,1,1163.37,0.12,662.61
O0004692,P051,2,188.72,0.08,97.39
O0004693,P029,1,187.84,0.08,114.36
O0004694,P104,2,229.58,0.0,134.96
O0004695,P053,3,86.3,0.05,41.28
O0004695,P042,1,194.31,0.05,121.6
O0004696,P064,2,568.34,0.05,337.64
O0004697,P002,1,2330.82,0.0,1477.65
O0004698,P019,1,2085.75,0.12,1416.35
O0004699,P008,2,1819.71,0.0,1050.39
O0004700,P024,2,190.81,0.12,100.86
O0004701,P079,1,746.45,0.0,370.42
O0004701,P007,1,545.86,0.0,304.55
O0004702,P115,1,93.89,0.0,53.82
O0004702,P016,3,1483.19,0.05,972.49
O0004702,P068,1,1159.76,0.12,670.9
O0004703,P085,1,278.46,0.12,197.42
O0004704,P078,1,839.72,0.0,647.59
O0004704,P077,2,49.74,0.0,27.16
O0004704,P091,1,230.35,0.08,160.26
O0004704,P026,1,160.25,0.0,82.7
O0004705,P076,1,257.09,0.0,138.12
O0004705,P067,1,894.83,0.05,561.81
O0004705,P039,1,353.16,0.08,175.72
O0004705,P066,1,474.4,0.0,267.55
O0004706,P091,1,232.46,0.0,157.73
O0004707,P086,1,447.56,0.0,332.32
O0004707,P037,1,39.37,0.0,21.51
O0004708,P024,1,180.19,0.0,101.84
O0004708,P023,1,274.32,0.0,131.21
O0004709,P057,1,199.74,0.0,110.95
O0004710,P100,1,293.97,0.0,188.26
O0004711,P030,2,198.62,0.0,156.51
O0004712,P058,1,596.28,0.0,301.21
O0004713,P006,1,1947.32,0.05,1145.39
O0004714,P019,1,2089.95,0.0,1424.71
O0004715,P100,3,304.92,0.0,190.37
O0004716,P071,1,757.04,0.08,340.88
O0004717,P062,2,1508.18,0.0,1057.93
O0004718,P073,1,566.17,0.03,298.27
O0004718,P003,1,1284.07,0.05,664.74
O0004719,P054,2,158.29,0.0,78.54
O0004719,P080,1,1021.7,0.0,675.5
O0004720,P090,1,184.17,0.0,94.24
O0004720,P089,3,225.07,0.03,107.76
O0004721,P079,1,749.13,0.0,367.11
O0004722,P012,1,2198.32,0.03,1336.58
O0004722,P045,1,320.55,0.0,212.81
O0004723,P042,1,185.83,0.03,120.25
O0004724,P071,1,743.78,0.0,338.79
O0004725,P107,2,232.14,0.03,144.09
O0004726,P080,2,1010.66,0.0,671.38
O0004726,P053,2,86.44,0.03,40.78
O0004727,P015,1,1134.78,0.03,747.77
O0004728,P002,1,2410.07,0.0,1520.63
O0004729,P047,1,315.61,0.05,196.07
O0004730,P113,1,109.65,0.0,80.61
O0004730,P015,1,1195.71,0.0,727.54
O0004731,P020,1,494.43,0.0,362.95
O0004732,P004,2,1717.9,0.0,918.28
O0004733,P006,2,1912.91,0.12,1131.93
O0004734,P034,2,700.12,0.08,350.38
O0004734,P047,3,309.59,0.0,207.51
O0004735,P037,2,36.07,0.12,21.16
O0004736,P008,3,1829.87,0.08,1071.84
O0004737,P071,1,691.14,0.0,354.33
O0004737,P028,1,656.48,0.0,407.45
O0004738,P084,1,466.95,0.08,341.92
O0004739,P059,1,163.72,0.0,93.42
O0004740,P025,1,470.26,0.0,330.89
O0004741,P075,1,1047.27,0.05,584.21
O0004742,P028,2,659.25,0.08,401.53
O0004743,P070,1,52.73,0.03,28.15
O0004743,P120,2,141.32,0.0,90.48
O0004743,P018,1,1702.93,0.08,1290.41
O0004744,P079,3,803.21,0.0,354.86
O0004745,P025,1,455.66,0.05,330.05
O0004746,P035,1,601.63,0.03,381.86
O0004747,P004,1,1834.65,0.0,949.72
O0004748,P017,2,1970.34,0.08,895.55
O0004748,P058,1,608.11,0.0,300.3
O0004749,P032,1,185.85,0.0,100.02
O0004750,P053,1,83.44,0.12,41.8
O0004751,P020,1,498.97,0.0,376.31
O0004752,P009,1,113.54,0.0,85.84
O0004753,P060,1,253.78,0.12,174.59
O0004754,P004,1,1745.23,0.08,950.16
O0004755,P039,1,376.33,0.03,177.58
O0004756,P090,1,181.25,0.03,95.01
O0004757,P019,1,2163.31,0.0,1449.83
O0004757,P039,1,368.86,0.12,173.68
O0004758,P105,1,161.26,0.0,97.13
O0004759,P005,1,2047.64,0.03,1341.12
O0004760,P110,1,53.91,0.0,27.68
O0004761,P043,2,138.99,0.0,76.38
O0004761,P097,1,305.73,0.0,218.08
O0004761,P103,1,165.99,0.0,123.3
O0004762,P051,1,194.05,0.0,94.6
O0004763,P023,3,266.15,0.0,128.26
O0004764,P067,3,941.43,0.0,563.21
O0004765,P078,1,861.55,0.03,659.07
O0004766,P039,1,368.58,0.05,172.69
O0004767,P120,2,138.69,0.08,90.48
O0004768,P017,3,1883.63,0.03,883.43
O0004768,P094,1,349.23,0.05,190.53
O0004768,P108,2,43.64,0.15,20.24
O0004769,P056,1,377.35,0.0,255.08
O0004770,P004,2,1719.05,0.0,945.47
O0004770,P066,1,468.68,0.12,263.12
O0004771,P040,1,320.99,0.0,164.35
O0004772,P073,3,597.51,0.0,291.51
O0004772,P013,1,560.91,0.0,360.41
O0004773,P030,1,212.71,0.05,150.39
O0004774,P038,1,205.9,0.03,158.03
O0004775,P055,1,479.48,0.0,260.98
O0004776,P098,1,32.71,0.0,23.3
O0004777,P108,2,42.55,0.08,19.9
O0004778,P086,1,460.98,0.05,337.51
O0004779,P016,1,1456.07,0.0,986.94
O0004779,P021,1,348.67,0.05,204.68
O0004779,P007,2,532.33,0.0,293.88
O0004780,P017,1,1799.49,0.03,874.68
O0004781,P010,1,1140.14,0.05,584.53
O0004782,P102,1,209.44,0.0,146.77
O0004782,P038,1,202.75,0.0,156.46
O0004783,P001,1,301.73,0.0,149.01
O0004784,P101,1,28.27,0.0,17.69
O0004785,P073,3,595.39,0.0,307.19
O0004786,P006,1,2017.83,0.03,1144.12
O0004787,P082,1,120.21,0.0,67.7
O0004788,P045,3,325.79,0.0,218.04
O0004789,P041,1,107.56,0.0,54.16
O0004789,P030,2,211.97,0.0,155.74
O0004790,P102,1,212.48,0.0,151.44
O0004790,P027,2,628.09,0.0,375.36
O0004791,P101,1,29.79,0.12,17.85
O0004792,P008,1,1791.57,0.15,1093.76
O0004793,P084,1,446.61,0.0,341.69
O0004794,P101,1,29.96,0.12,17.23
O0004794,P093,1,232.54,0.0,111.9
O0004794,P053,1,85.22,0.12,41.78
O0004795,P028,1,645.49,0.03,416.96
O0004795,P082,1,115.69,0.03,66.22
O0004796,P083,2,242.18,0.0,123.0
O0004797,P060,2,249.53,0.03,179.35
O0004798,P055,1,468.02,0.0,259.03
O0004799,P071,1,696.93,0.05,342.77
O0004800,P031,1,417.77,0.03,280.26
O0004801,P052,1,113.88,0.05,87.49
O0004802,P109,1,162.61,0.08,114.35
O0004803,P095,1,609.4,0.08,311.91
O0004804,P083,2,235.43,0.0,119.47
O0004805,P107,1,220.14,0.0,144.27
O0004806,P042,1,191.26,0.08,118.51
O0004807,P027,4,616.9,0.12,394.25
O0004808,P095,2,575.15,0.03,310.3
O0004809,P026,1,162.64,0.12,86.8
O0004810,P065,1,1061.12,0.0,624.92
O0004811,P037,3,37.66,0.0,21.24
O0004811,P104,1,221.31,0.0,131.54
O0004811,P013,3,549.15,0.0,362.07
O0004812,P025,1,472.67,0.03,327.84
O0004813,P099,4,152.5,0.03,103.29
O0004814,P032,1,192.64,0.03,98.66
O0004815,P006,2,1998.45,0.03,1127.06
O0004816,P019,3,2162.88,0.0,1474.47
O0004817,P078,2,898.06,0.0,644.24
O0004817,P029,2,186.08,0.0,110.13
O0004818,P022,1,400.49,0.03,251.42
O0004819,P014,1,240.96,0.03,163.08
O0004820,P002,1,2522.23,0.0,1484.6
O0004821,P064,1,548.1,0.0,339.58
O0004822,P026,1,163.04,0.0,84.28
O0004822,P029,1,197.75,0.0,112.86
O0004823,P111,1,43.97,0.0,31.31
O0004824,P021,1,338.17,0.03,198.09
O0004825,P116,1,100.69,0.05,51.92
O0004826,P006,1,1887.84,0.15,1111.19
O0004827,P087,1,569.02,0.03,411.79
O0004828,P052,2,122.59,0.0,84.29
O0004829,P002,1,2499.77,0.0,1534.48
O0004829,P017,2,1865.16,0.15,866.57
O0004829,P003,1,1183.49,0.0,661.44
O0004830,P039,3,369.25,0.0,173.73
O0004830,P018,1,1728.3,0.0,1313.71
O0004831,P071,2,728.21,0.08,343.84
O0004831,P006,3,2012.32,0.12,1165.75
O0004832,P080,3,1014.55,0.15,674.56
O0004833,P007,1,550.99,0.05,299.51
O0004834,P069,1,1395.04,0.0,859.49
O0004835,P037,1,36.25,0.0,21.22
O0004836,P105,1,153.4,0.05,98.77
O0004837,P058,2,580.91,0.05,293.17
O0004838,P084,1,484.16,0.08,332.02
O0004839,P111,3,43.15,0.0,32.08
O0004840,P013,3,552.26,0.12,351.0
O0004841,P102,2,218.12,0.0,149.64
O0004841,P017,1,1912.09,0.0,846.05
O0004842,P016,1,1477.41,0.0,978.82
O0004843,P101,1,29.17,0.03,17.65
O0004844,P056,2,391.29,0.12,257.17
O0004845,P013,3,534.96,0.0,362.65
O0004846,P009,1,116.85,0.0,82.42
O0004847,P038,1,204.34,0.05,153.07
O0004848,P008,1,1931.72,0.0,1082.25
O0004848,P026,2,163.46,0.0,86.91
O0004849,P081,2,334.94,0.0,187.17
O0004850,P036,1,239.7,0.0,174.55
O0004850,P117,1,127.75,0.12,95.36
O0004851,P099,1,164.24,0.0,101.21
O0004852,P064,1,552.55,0.0,337.64
O0004853,P030,1,206.64,0.05,157.51
O0004853,P009,3,115.7,0.0,86.61
O0004854,P117,1,130.03,0.0,91.58
O0004855,P111,1,41.73,0.05,31.88
O0004855,P082,3,111.91,0.08,67.35
O0004856,P079,1,799.59,0.05,371.13
O0004857,P115,2,92.64,0.0,51.73
O0004858,P094,1,372.39,0.05,181.49
O0004859,P098,2,32.09,0.0,22.58
O0004860,P090,2,182.07,0.08,97.67
O0004860,P004,1,1815.12,0.08,952.45
O0004861,P118,1,75.23,0.05,50.06
O0004862,P093,2,235.36,0.0,113.43
O0004863,P098,1,32.57,0.08,22.63
O0004863,P115,2,95.31,0.0,51.9
O0004863,P041,1,106.71,0.0,53.53
O0004863,P109,1,172.66,0.0,114.57
O0004864,P111,1,44.12,0.0,31.73
O0004864,P106,1,212.08,0.05,132.02
O0004864,P057,1,217.36,0.0,114.08
O0004864,P031,1,417.33,0.0,291.89
O0004865,P058,1,559.04,0.05,304.94
O0004865,P105,1,158.85,0.05,98.17
O0004866,P084,2,444.68,0.05,332.86
O0004867,P087,2,602.17,0.05,409.71
O0004868,P116,1,99.16,0.0,51.65
O0004869,P067,1,928.24,0.0,533.14
O0004870,P063,1,230.09,0.08,102.31
O0004870,P117,1,124.44,0.08,93.62
O0004871,P030,2,200.72,0.0,153.07
O0004872,P013,3,580.54,0.0,353.37
O0004873,P120,1,145.69,0.0,89.32
O0004874,P023,2,273.62,0.0,131.65
O0004874,P001,2,297.3,0.08,148.72
O0004875,P063,1,216.76,0.05,103.06
O0004876,P070,1,56.25,0.0,28.78
O0004876,P052,2,116.39,0.0,85.59
O0004876,P012,1,2165.45,0.0,1400.27
O0004877,P002,1,2420.3,0.0,1460.1
O0004877,P048,1,506.14,0.0,290.74
O0004878,P112,1,61.21,0.0,37.05
O0004879,P027,2,646.61,0.0,380.8
O0004879,P102,1,208.96,0.0,151.84
O0004880,P016,1,1362.27,0.0,1005.43
O0004881,P040,1,336.91,0.03,169.54
O0004881,P023,3,278.34,0.0,125.68
O0004881,P043,1,127.35,0.0,76.31
O0004882,P004,1,1740.56,0.0,950.29
O0004883,P037,1,35.98,0.08,21.47
O0004883,P021,1,343.43,0.03,199.08
O0004884,P026,1,172.92,0.0,83.25
O0004885,P026,1,168.44,0.15,85.06
O0004886,P052,3,124.32,0.0,85.5
O0004887,P056,1,380.67,0.08,250.43
O0004888,P076,1,258.51,0.0,135.93
O0004888,P090,2,172.17,0.0,95.43
O0004889,P038,1,205.75,0.0,151.33
O0004890,P102,3,215.31,0.05,143.92
O0004890,P049,1,78.47,0.0,38.04
O0004891,P071,1,715.23,0.0,353.44
O0004891,P041,3,100.47,0.12,53.54
O0004892,P073,1,562.5,0.05,294.73
O0004892,P022,1,390.04,0.0,258.0
O0004893,P112,2,64.39,0.0,38.71
O0004894,P057,3,202.3,0.0,112.9
O0004895,P043,1,136.21,0.0,73.84
O0004895,P023,1,286.68,0.0,130.27
O0004896,P029,3,195.44,0.0,113.98
O0004897,P034,2,691.45,0.08,341.21
O0004898,P075,1,1008.35,0.0,594.42
O0004899,P114,1,135.35,0.0,60.69
O0004899,P070,2,54.95,0.05,28.8
O0004900,P053,1,90.11,0.12,40.81
O0004900,P085,2,298.57,0.0,198.22
O0004900,P086,1,461.76,0.05,341.47
O0004901,P120,1,142.1,0.0,88.93
O0004902,P016,1,1411.62,0.08,969.75
O0004903,P108,2,45.41,0.08,19.48
O0004904,P030,2,204.96,0.0,154.47
O0004904,P109,1,164.87,0.0,115.49
O0004905,P020,2,494.02,0.08,359.94
O0004905,P117,1,126.88,0.08,94.08
O0004905,P015,2,1238.4,0.0,758.72
O0004906,P075,2,1006.08,0.05,590.4
O0004906,P016,1,1441.59,0.03,982.85
O0004907,P113,3,116.21,0.0,79.29
O0004907,P037,1,38.99,0.03,21.72
O0004908,P089,1,225.32,0.05,105.66
O0004908,P039,1,377.52,0.0,180.1
O0004909,P014,1,238.17,0.08,163.25
O0004910,P036,1,261.39,0.03,181.92
O0004910,P083,1,246.74,0.03,119.26
O0004910,P029,2,196.4,0.05,113.6
O0004911,P091,1,227.98,0.0,165.09
O0004912,P045,2,313.91,0.05,211.52
O0004912,P119,2,149.28,0.0,76.77
O0004913,P037,1,36.7,0.12,20.79
O0004914,P013,1,573.13,0.0,361.67
O0004915,P030,1,201.9,0.0,156.93
O0004916,P105,1,150.87,0.08,100.82
O0004917,P071,1,732.64,0.0,354.72
O0004918,P118,3,79.91,0.08,47.77
O0004918,P012,1,2286.87,0.0,1361.63
O0004918,P003,1,1213.38,0.08,645.09
O0004919,P036,1,253.82,0.0,177.37
O0004920,P011,1,1297.72,0.12,763.59
O0004921,P007,3,574.37,0.03,291.62
O0004922,P022,2,374.12,0.0,252.89
O0004923,P036,1,242.49,0.0,179.25
O0004924,P091,1,233.51,0.0,162.18
O0004924,P003,4,1256.66,0.03,661.05
O0004925,P015,1,1227.61,0.08,756.38
O0004926,P061,2,79.29,0.0,41.44
O0004926,P013,1,569.78,0.0,370.46
O0004926,P024,1,193.12,0.0,98.9
O0004927,P070,3,51.87,0.0,28.51
O0004928,P114,1,139.05,0.0,62.65
O0004929,P018,1,1769.38,0.0,1285.13
O0004930,P119,1,147.07,0.0,76.28
O0004930,P011,1,1257.81,0.0,784.02
O0004930,P002,2,2454.74,0.0,1480.4
O0004931,P057,2,207.47,0.0,112.06
O0004932,P087,1,572.83,0.0,418.42
O0004933,P058,1,596.65,0.0,297.49
O0004934,P029,2,194.7,0.03,114.22
O0004935,P047,1,321.05,0.0,206.52
O0004936,P036,1,258.78,0.0,179.44
O0004936,P108,1,42.66,0.05,19.93
O0004937,P083,3,233.87,0.03,122.89
O0004938,P025,2,450.21,0.0,335.43
O0004938,P102,1,227.29,0.05,145.44
O0004939,P094,2,352.59,0.05,184.94
O0004940,P114,3,129.23,0.0,61.64
O0004941,P083,1,256.86,0.03,119.43
O0004942,P020,1,487.86,0.0,357.25
O0004942,P056,1,366.5,0.0,262.66
O0004943,P030,1,210.21,0.08,149.5
O0004944,P033,1,117.64,0.12,51.49
O0004945,P068,1,1215.88,0.0,670.67
O0004946,P044,1,331.05,0.05,222.78
O0004947,P047,2,308.37,0.0,202.18
O0004947,P093,1,230.36,0.05,114.06
O0004948,P058,1,587.05,0.12,296.34
O0004949,P012,2,2246.2,0.0,1395.16
O0004950,P077,1,46.06,0.0,27.62
O0004950,P074,1,72.29,0.0,40.68
O0004951,P118,1,79.47,0.0,48.1
O0004951,P026,1,162.17,0.05,82.98
O0004952,P025,1,477.85,0.0,339.3
O0004952,P062,1,1440.41,0.0,1103.54
O0004953,P009,1,114.86,0.05,85.14
O0004953,P079,1,747.88,0.0,355.09
O0004953,P012,1,2247.47,0.0,1365.14
O0004954,P001,3,311.28,0.08,145.75
O0004955,P011,2,1298.7,0.08,757.73
O0004956,P050,1,253.76,0.12,148.18
O0004956,P019,1,2112.15,0.0,1453.14
O0004956,P092,3,637.89,0.12,403.87
O0004957,P032,2,200.38,0.0,101.75
O0004958,P058,1,604.16,0.0,306.6
O0004959,P002,1,2395.59,0.08,1537.48
O0004959,P112,1,64.94,0.0,37.83
O0004960,P102,2,211.96,0.03,147.17
O0004961,P001,3,314.12,0.0,153.39
O0004961,P020,1,515.74,0.08,374.7
O0004962,P093,1,231.17,0.0,110.62
O0004963,P005,1,2073.97,0.0,1369.1
O0004964,P015,1,1192.49,0.05,728.01
O0004964,P053,1,87.1,0.0,42.75
O0004964,P045,1,318.27,0.03,215.16
O0004965,P061,3,80.67,0.08,41.47
O0004965,P079,2,797.32,0.0,369.01
O0004965,P017,3,1888.69,0.05,895.53
O0004966,P036,2,251.95,0.12,182.52
O0004967,P040,1,325.09,0.05,163.38
O0004967,P010,1,1103.84,0.05,603.47
O0004967,P072,1,57.54,0.0,35.11
O0004968,P066,2,466.96,0.0,260.81
O0004969,P046,1,265.72,0.03,200.02
O0004969,P008,1,1937.72,0.0,1044.85
O0004970,P020,2,503.76,0.0,365.68
O0004970,P032,1,194.02,0.0,102.89
O0004971,P003,1,1173.74,0.0,658.12
O0004972,P076,1,278.13,0.0,139.79
O0004973,P030,1,204.66,0.0,154.44
O0004974,P005,4,2121.45,0.03,1369.11
O0004974,P072,2,53.8,0.0,34.99
O0004974,P100,2,298.37,0.0,180.61
O0004975,P035,1,562.74,0.15,378.25
O0004976,P019,1,2006.73,0.05,1463.76
O0004976,P098,2,31.0,0.05,22.87
O0004977,P019,1,2198.25,0.0,1435.53
O0004978,P030,1,206.34,0.12,153.16
O0004979,P053,1,84.15,0.05,42.59
O0004980,P100,1,302.59,0.08,183.31
O0004981,P058,2,598.84,0.03,303.85
O0004982,P012,2,2293.19,0.12,1393.31
O0004983,P114,1,134.61,0.0,60.45
O0004983,P019,2,2029.46,0.05,1479.11
O0004984,P055,1,472.49,0.05,265.98
O0004985,P109,2,178.46,0.0,115.22
O0004986,P067,3,936.87,0.03,561.73
O0004987,P078,2,903.96,0.05,641.26
O0004988,P080,2,937.76,0.0,693.27
O0004989,P011,1,1281.55,0.08,747.18
O0004990,P082,2,112.47,0.0,65.08
O0004991,P106,1,206.4,0.05,138.3
O0004991,P030,1,202.38,0.0,157.74
O0004992,P069,1,1392.35,0.03,835.19
O0004993,P055,1,472.67,0.0,266.78
O0004993,P053,3,84.05,0.12,42.07
O0004994,P007,1,537.1,0.08,288.63
O0004994,P053,1,88.89,0.05,42.82
O0004995,P024,2,191.87,0.12,99.52
O0004996,P091,1,245.27,0.0,156.84
O0004997,P076,3,270.0,0.0,133.09
O0004998,P062,1,1499.46,0.0,1054.2
O0004999,P028,2,627.11,0.12,412.0
O0005000,P088,2,99.79,0.0,53.69
O0005001,P095,1,579.08,0.05,302.91
O0005002,P114,1,133.54,0.05,61.29
O0005003,P052,3,117.69,0.0,85.36
O0005004,P009,1,122.05,0.03,83.13
O0005005,P114,2,132.73,0.08,60.6
O0005006,P067,1,940.63,0.03,538.0
O0005006,P079,2,740.28,0.0,366.53
O0005007,P025,1,475.85,0.08,336.72
O0005007,P010,1,1200.88,0.0,601.36
O0005007,P085,1,298.01,0.0,195.71
O0005008,P102,1,213.29,0.0,149.21
O0005008,P015,1,1159.73,0.05,741.27
O0005009,P026,2,163.69,0.05,86.04
O0005009,P063,2,212.12,0.0,99.72
O0005009,P092,3,630.35,0.0,383.36
O0005010,P049,3,81.56,0.0,39.37
O0005011,P068,1,1179.82,0.03,654.88
O0005012,P048,1,524.02,0.0,303.96
O0005013,P027,1,649.88,0.15,374.41
O0005013,P021,1,332.62,0.0,208.77
O0005013,P088,2,94.56,0.0,53.79
O0005014,P007,2,563.13,0.05,292.77
O0005015,P074,1,76.78,0.0,42.04
O0005016,P015,1,1146.86,0.08,748.89
O0005017,P087,1,585.88,0.0,411.76
O0005018,P041,1,109.99,0.08,54.6
O0005019,P011,2,1336.96,0.05,779.85
O0005019,P051,1,203.86,0.0,98.29
O0005019,P107,1,218.77,0.0,142.27
O0005020,P021,3,338.23,0.0,202.53
O0005020,P003,1,1198.22,0.0,667.11
O0005020,P114,1,139.61,0.08,60.84
O0005021,P038,2,210.62,0.0,158.54
O0005022,P074,2,73.53,0.03,40.58
O0005022,P107,1,228.85,0.0,140.97
O0005023,P073,2,561.11,0.0,293.75
O0005024,P070,3,52.03,0.0,29.09
O0005024,P018,2,1710.38,0.12,1278.28
O0005025,P060,3,247.63,0.05,178.77
O0005026,P005,2,2089.71,0.12,1353.74
O0005027,P006,1,2016.0,0.0,1142.36
O0005027,P045,1,309.39,0.0,219.79
O0005028,P074,1,70.64,0.03,41.19
O0005029,P072,2,52.55,0.0,35.4
O0005030,P098,1,31.09,0.0,23.2
O0005031,P030,1,198.14,0.03,154.72
O0005032,P061,1,79.86,0.12,41.77
O0005033,P037,1,37.38,0.05,21.68
O0005034,P088,1,94.23,0.08,53.83
O0005034,P112,1,60.04,0.0,36.64
O0005035,P081,1,343.82,0.08,186.79
O0005036,P118,3,78.6,0.0,47.36
O0005037,P073,2,568.15,0.05,309.11
O0005037,P006,1,1904.61,0.08,1170.86
O0005037,P013,2,574.89,0.08,370.39
O0005038,P038,3,204.73,0.05,153.5
O0005039,P104,1,214.33,0.0,134.29
O0005039,P039,1,382.68,0.12,176.58
O0005040,P005,4,2129.38,0.0,1318.88
O0005041,P038,1,210.47,0.05,151.89
O0005042,P038,2,214.07,0.0,152.58
O0005042,P027,2,621.91,0.0,389.61
O0005043,P046,1,263.45,0.0,197.82
O0005044,P020,2,513.07,0.0,375.47
O0005045,P092,2,617.87,0.05,400.85
O0005046,P090,2,168.31,0.12,94.69
O0005046,P080,1,948.67,0.08,686.39
O0005047,P085,3,291.8,0.12,203.49
O0005048,P067,1,956.83,0.0,539.32
O0005048,P027,2,617.81,0.15,388.16
O0005049,P034,2,707.8,0.0,352.66
O0005050,P066,1,449.72,0.0,269.19
O0005051,P053,1,83.48,0.0,41.61
O0005052,P054,1,145.22,0.0,80.77
O0005053,P046,1,277.84,0.0,196.39
O0005054,P045,1,303.48,0.0,214.74
O0005055,P112,2,63.65,0.03,38.66
O0005056,P096,1,521.15,0.03,343.6
O0005056,P084,1,469.9,0.0,331.7
O0005057,P017,1,1802.32,0.0,882.49
O0005058,P010,1,1186.92,0.05,584.75
O0005059,P016,2,1425.29,0.0,948.38
O0005060,P020,1,499.26,0.03,372.0
O0005060,P113,1,110.67,0.05,80.61
O0005061,P063,1,215.27,0.0,105.18
O0005062,P077,2,49.12,0.12,27.83
O0005062,P018,1,1768.12,0.08,1282.36
O0005063,P027,1,659.35,0.03,390.44
O0005063,P105,1,157.51,0.0,101.69
O0005063,P008,2,1763.88,0.05,1078.39
O0005064,P086,1,477.24,0.0,324.99
O0005064,P101,1,27.89,0.05,16.95
O0005065,P034,1,688.63,0.03,344.65
O0005066,P025,3,462.25,0.08,334.41
O0005067,P076,1,255.58,0.0,135.61
O0005068,P102,1,210.93,0.0,150.46
O0005068,P002,1,2437.24,0.08,1458.25
O0005069,P013,2,572.95,0.0,361.75
O0005070,P083,1,250.41,0.08,117.72
O0005071,P019,1,2195.98,0.0,1426.37
O0005071,P016,2,1364.01,0.0,1004.86
O0005072,P037,2,37.07,0.03,20.71
O0005072,P031,2,413.25,0.05,292.62
O0005072,P014,1,231.29,0.05,168.41
O0005073,P119,1,139.53,0.12,79.19
O0005074,P048,1,504.75,0.0,296.54
O0005075,P117,1,131.73,0.05,94.67
O0005076,P067,1,948.18,0.03,542.6
O0005077,P059,1,169.33,0.05,91.91
O0005078,P008,2,1933.39,0.03,1050.84
O0005079,P058,1,603.93,0.0,300.46
O0005080,P037,1,38.41,0.05,21.57
O0005081,P010,1,1156.42,0.12,590.03
O0005082,P118,2,74.69,0.08,50.01
O0005082,P088,1,103.24,0.05,55.73
O0005083,P097,2,320.96,0.08,212.55
O0005083,P034,1,671.69,0.0,349.46
O0005084,P036,1,238.76,0.05,182.08
O0005084,P031,3,424.17,0.03,292.75
O0005085,P065,1,1024.27,0.0,608.62
O0005086,P113,1,117.01,0.08,82.01
O0005087,P021,2,339.37,0.03,202.13
O0005087,P087,1,619.49,0.0,402.69
O0005088,P028,1,651.38,0.05,403.12
O0005089,P028,1,627.64,0.0,417.69
O0005090,P033,3,112.36,0.0,53.02
O0005091,P119,2,143.82,0.0,80.62
O0005092,P095,1,603.89,0.0,308.54
O0005093,P115,2,95.44,0.12,53.04
O0005093,P078,1,845.71,0.0,662.08
O0005094,P008,1,1784.99,0.0,1063.83
O0005095,P020,3,511.75,0.03,360.13
O0005095,P082,2,112.9,0.0,65.19
O0005096,P096,1,544.93,0.0,340.19
O0005097,P069,1,1429.99,0.0,843.13
O0005097,P010,1,1157.07,0.03,610.97
O0005098,P119,1,145.44,0.0,79.15
O0005098,P113,1,110.95,0.0,80.02
O0005098,P018,3,1852.2,0.0,1302.76
O0005099,P045,1,311.11,0.08,221.06
O0005100,P082,1,115.46,0.0,66.95
O0005101,P072,1,56.09,0.0,35.42
O0005101,P057,1,218.62,0.0,112.36
O0005102,P007,1,551.92,0.0,289.84
O0005102,P107,1,232.54,0.08,146.52
O0005103,P097,1,317.11,0.08,212.21
O0005103,P027,4,614.96,0.05,378.39
O0005103,P045,2,307.89,0.08,216.42
O0005104,P045,1,314.74,0.05,215.21
O0005105,P106,2,201.01,0.0,132.67
O0005106,P089,1,231.58,0.0,106.57
O0005107,P029,1,190.31,0.0,113.0
O0005108,P042,1,194.52,0.0,118.18
O0005109,P026,1,172.09,0.0,84.27
O0005110,P053,1,89.6,0.05,40.92
O0005111,P032,1,204.48,0.12,97.9
O0005111,P018,1,1786.37,0.08,1276.92
O0005111,P065,1,1020.81,0.0,624.17
O0005112,P012,2,2127.76,0.03,1388.86
O0005113,P117,1,132.23,0.0,94.6
O0005114,P101,2,28.0,0.03,17.65
O0005114,P089,1,238.34,0.0,109.71
O0005115,P049,1,78.01,0.08,39.17
O0005115,P079,1,730.68,0.0,370.5
O0005115,P081,1,334.94,0.0,192.15
O0005116,P009,4,111.97,0.0,82.28
O0005116,P039,2,352.59,0.0,173.92
O0005116,P021,1,350.56,0.08,208.59
O0005117,P012,1,2149.46,0.0,1329.13
O0005118,P045,1,333.08,0.05,212.72
O0005118,P120,4,147.12,0.03,88.94
O0005119,P024,1,188.68,0.08,98.84
O0005120,P041,1,107.47,0.0,53.0
O0005120,P116,1,105.15,0.0,51.31
O0005121,P013,1,548.03,0.03,364.94
O0005122,P055,4,464.93,0.0,264.04
O0005123,P100,3,297.59,0.0,188.05
O0005123,P034,1,695.53,0.0,352.56
O0005124,P088,2,97.11,0.03,52.64
O0005125,P039,1,366.43,0.08,173.5
O0005126,P118,2,81.04,0.0,48.99
O0005127,P065,2,1009.15,0.12,596.92
O0005128,P021,1,354.0,0.08,207.37
O0005128,P002,1,2540.6,0.0,1522.07
O0005129,P022,1,408.54,0.0,250.43
O0005129,P011,2,1243.11,0.08,791.36
O0005130,P099,1,159.98,0.0,100.49
O0005131,P029,1,187.99,0.0,113.2
O0005132,P012,2,2232.57,0.0,1377.87
O0005133,P072,2,52.74,0.0,36.66
O0005134,P082,2,117.11,0.05,64.5
O0005135,P016,2,1444.55,0.0,991.31
O0005136,P038,3,216.86,0.03,154.86
O0005137,P090,2,175.26,0.0,97.46
O0005137,P016,1,1484.22,0.0,983.17
O0005138,P020,1,510.43,0.0,377.02
O0005138,P117,2,123.88,0.0,95.59
O0005139,P006,1,1889.9,0.0,1171.62
O0005140,P067,1,923.57,0.03,557.89
O0005141,P117,1,129.68,0.05,93.47
O0005142,P029,1,188.09,0.0,113.39
O0005143,P023,1,268.96,0.05,126.35
O0005144,P031,1,425.34,0.12,282.86
O0005145,P116,1,104.92,0.05,49.41
O0005146,P020,1,535.46,0.0,378.13
O0005147,P029,2,180.81,0.0,111.91
O0005148,P078,1,836.99,0.03,656.86
O0005148,P028,2,635.35,0.0,416.01
O0005149,P061,1,80.93,0.0,42.18
O0005149,P100,1,293.36,0.05,181.33
O0005150,P011,2,1337.78,0.0,749.84
O0005151,P036,1,255.75,0.0,173.69
O0005151,P100,1,312.43,0.0,182.92
O0005152,P048,2,504.62,0.08,305.22
O0005152,P029,1,191.07,0.0,114.38
O0005152,P043,2,137.37,0.12,74.45
O0005153,P082,1,113.07,0.03,64.92
O0005153,P061,1,85.75,0.0,42.6
O0005154,P012,2,2193.01,0.05,1386.17
O0005155,P017,1,1804.36,0.05,886.34
O0005156,P077,1,46.95,0.0,28.38
O0005156,P027,1,645.67,0.0,380.22
O0005157,P091,1,237.21,0.0,159.34
O0005157,P063,1,212.31,0.03,104.36
O0005158,P068,2,1155.72,0.03,656.75
O0005158,P071,1,699.13,0.0,352.22
O0005158,P028,1,661.49,0.0,403.83
O0005159,P104,1,218.79,0.0,131.91
O0005159,P014,1,233.89,0.0,169.4
O0005160,P032,2,192.06,0.0,99.86
O0005161,P022,1,384.51,0.0,247.71
O0005162,P060,1,250.39,0.05,181.14
O0005163,P040,1,338.2,0.0,163.0
O0005164,P110,2,52.8,0.03,27.26
O0005165,P024,3,193.82,0.0,98.56
O0005165,P018,1,1841.24,0.0,1328.56
O0005165,P033,1,113.37,0.08,51.0
O0005166,P075,2,1054.9,0.0,598.23
O0005166,P033,1,119.61,0.05,51.28
O0005166,P044,1,328.3,0.0,227.1
O0005167,P017,1,1885.68,0.08,851.41
O0005167,P067,1,958.41,0.0,554.63
O0005168,P116,3,104.53,0.03,52.01
O0005168,P031,1,428.9,0.0,291.33
O0005169,P019,3,2175.81,0.05,1400.99
O0005170,P116,1,106.18,0.0,51.59
O0005170,P017,3,1960.57,0.03,858.68
O0005170,P028,1,650.63,0.0,409.01
O0005171,P091,1,237.38,0.0,162.07
O0005172,P004,2,1855.3,0.0,907.55
O0005172,P113,1,109.62,0.08,79.43
O0005172,P044,1,313.41,0.03,219.67
O0005173,P015,1,1163.45,0.0,749.28
O0005173,P033,1,117.61,0.0,51.64
O0005174,P042,3,193.92,0.05,116.27
O0005175,P031,1,425.56,0.03,280.79
O0005176,P120,2,141.67,0.0,91.82
O0005176,P071,1,749.52,0.05,343.88
O0005177,P029,3,183.17,0.0,113.84
O0005178,P009,1,116.43,0.0,85.49
O0005179,P066,1,475.31,0.03,268.52
O0005180,P030,2,201.06,0.0,157.33
O0005181,P110,1,54.91,0.03,27.11
O0005182,P066,1,472.37,0.05,263.6
O0005182,P070,2,53.26,0.0,28.58
O0005183,P027,1,598.29,0.0,393.85
O0005184,P110,1,53.39,0.0,27.36
O0005184,P092,1,607.88,0.0,393.62
O0005185,P022,1,386.03,0.0,256.98
O0005186,P051,1,205.01,0.05,95.65
O0005187,P008,1,1789.13,0.0,1063.25
O0005188,P037,3,38.48,0.0,21.64
O0005189,P052,2,114.34,0.05,88.94
O0005189,P004,1,1812.01,0.0,916.65
O0005190,P012,1,2179.87,0.05,1333.88
O0005190,P075,1,1002.8,0.0,588.53
O0005190,P062,1,1416.61,0.08,1068.23
O0005191,P041,1,109.87,0.05,52.65
O0005191,P028,1,619.65,0.0,417.26
O0005192,P068,1,1155.17,0.12,638.66
O0005193,P045,1,323.17,0.05,216.0
O0005193,P035,1,614.52,0.0,386.74
O0005194,P066,2,493.24,0.0,259.08
O0005195,P110,1,53.8,0.05,28.02
O0005196,P106,1,201.25,0.12,136.55
O0005197,P119,2,142.27,0.0,76.87
O0005198,P068,1,1215.77,0.0,654.7
O0005199,P111,1,42.87,0.03,32.19
O0005200,P011,1,1343.04,0.05,765.3
O0005201,P032,4,193.29,0.08,100.49
O0005202,P014,2,228.42,0.03,161.76
O0005202,P015,3,1236.78,0.0,744.21
O0005203,P084,1,439.05,0.05,342.03
O0005204,P101,1,28.55,0.0,17.04
O0005205,P022,1,378.94,0.0,251.28
O0005206,P011,1,1333.06,0.0,782.18
O0005207,P115,1,95.66,0.0,51.45
O0005208,P026,2,160.98,0.03,84.83
O0005208,P019,1,2146.08,0.0,1476.04
O0005209,P120,1,149.17,0.0,87.83
O0005209,P038,1,200.26,0.03,154.28
O0005209,P082,3,114.48,0.0,66.46
O0005210,P011,1,1314.48,0.0,779.76
O0005211,P021,1,343.72,0.0,202.02
O0005212,P070,2,55.17,0.03,28.68
O0005213,P107,1,227.18,0.0,139.5
O0005214,P024,1,193.86,0.0,99.89
O0005215,P085,2,274.17,0.0,199.06
O0005215,P035,2,582.68,0.03,380.7
O0005216,P092,1,625.72,0.0,384.03
O0005217,P083,2,241.33,0.0,122.7
O0005218,P026,1,165.53,0.0,84.95
O0005219,P084,1,447.7,0.15,338.78
O0005219,P090,1,177.05,0.05,97.26
O0005220,P038,2,205.27,0.0,152.6
O0005221,P110,1,51.66,0.05,27.15
O0005221,P111,1,43.61,0.05,31.62
O0005222,P009,1,115.92,0.12,85.54
O0005222,P101,2,27.97,0.08,17.26
O0005222,P056,1,375.28,0.03,264.46
O0005223,P117,1,130.3,0.0,90.88
O0005224,P027,1,612.79,0.08,372.91
O0005224,P099,1,160.89,0.0,100.72
O0005225,P097,1,318.33,0.05,212.58
O0005226,P078,1,843.47,0.0,641.95
O0005227,P103,1,176.38,0.03,124.85
O0005227,P015,1,1220.31,0.0,734.35
O0005228,P068,1,1128.96,0.03,645.3
O0005228,P053,2,83.33,0.12,41.61
O0005228,P065,1,1015.15,0.0,627.1
O0005228,P016,3,1490.93,0.05,989.36
O0005229,P003,2,1275.23,0.05,655.13
O0005230,P051,1,188.47,0.05,96.46
O0005231,P114,2,135.89,0.08,62.49
O0005231,P089,1,229.99,0.0,109.96
O0005232,P115,1,92.48,0.08,53.85
O0005233,P104,1,214.88,0.0,130.23
O0005234,P036,1,249.75,0.0,178.29
O0005235,P044,2,331.44,0.05,223.81
O0005236,P014,2,224.08,0.0,165.26
O0005236,P054,1,146.99,0.0,81.11
O0005236,P036,2,251.11,0.03,179.04
O0005237,P044,1,327.86,0.0,226.78
O0005237,P019,1,2104.6,0.0,1413.75
O0005237,P079,1,806.33,0.08,371.19
O0005238,P065,2,1085.37,0.0,628.72
O0005239,P106,2,214.8,0.0,134.21
O0005240,P114,1,132.15,0.0,60.74
O0005240,P020,2,525.6,0.0,357.72
O0005240,P080,2,1010.43,0.0,672.67
O0005241,P083,1,250.62,0.05,122.22
O0005241,P054,1,158.64,0.03,81.71
O0005242,P024,1,177.92,0.0,99.23
O0005243,P026,1,169.05,0.05,85.45
O0005244,P001,1,289.2,0.0,144.85
O0005245,P075,1,1043.93,0.05,592.54
O0005246,P079,1,740.99,0.08,367.84
O0005247,P007,1,545.91,0.03,302.3
O0005247,P006,1,1939.09,0.0,1113.57
O0005247,P051,1,194.84,0.05,94.77
O0005247,P063,1,221.33,0.15,100.91
O0005248,P118,1,80.12,0.03,47.61
O0005248,P067,4,940.92,0.0,532.37
O0005248,P062,1,1448.13,0.12,1096.27
O0005249,P116,3,105.03,0.12,50.83
O0005249,P076,1,279.35,0.12,135.39
O0005250,P010,2,1125.88,0.03,582.51
O0005251,P047,1,307.32,0.03,198.77
O0005252,P011,1,1303.54,0.0,751.2
O0005252,P100,1,296.44,0.08,188.42
O0005253,P013,1,552.76,0.0,367.47
O0005254,P008,2,1840.32,0.0,1049.31
O0005255,P040,1,325.08,0.12,169.65
O0005256,P069,2,1387.97,0.12,828.14
O0005256,P061,2,85.34,0.0,43.21
O0005256,P049,1,77.36,0.08,40.07
O0005257,P034,2,705.32,0.03,343.43
O0005257,P001,1,298.64,0.0,153.21
O0005257,P113,1,107.21,0.12,80.07
O0005258,P075,1,1080.01,0.03,595.26
O0005259,P017,1,1933.6,0.0,881.64
O0005259,P081,1,334.2,0.05,187.17
O0005259,P120,2,147.35,0.08,88.27
O0005260,P069,1,1359.18,0.12,819.39
O0005260,P016,1,1377.48,0.0,966.54
O0005261,P051,2,204.43,0.0,95.29
O0005262,P032,4,193.68,0.05,101.12
O0005262,P049,3,77.46,0.08,39.46
O0005262,P103,1,172.05,0.05,122.92
O0005262,P021,1,357.64,0.0,197.88
O0005263,P047,1,302.35,0.05,199.8
O0005264,P007,1,554.39,0.0,292.45
O0005264,P035,2,584.01,0.03,395.92
O0005265,P099,1,158.4,0.08,105.76
O0005266,P084,3,442.4,0.0,336.23
O0005267,P081,1,338.91,0.0,185.34
O0005268,P061,2,80.4,0.03,42.18
O0005269,P098,2,31.19,0.08,22.61
O0005270,P047,1,293.42,0.0,202.91
O0005270,P096,1,540.11,0.0,357.5
O0005271,P105,1,152.45,0.0,96.72
O0005272,P013,1,571.78,0.0,366.0
O0005272,P023,2,274.4,0.0,127.85
O0005273,P056,1,391.17,0.03,257.56
O0005274,P022,3,409.46,0.0,254.68
O0005274,P011,1,1307.48,0.0,779.97
O0005275,P101,1,29.65,0.0,17.69
O0005276,P111,1,42.56,0.03,31.96
O0005277,P069,2,1411.6,0.0,850.46
O0005278,P036,1,255.39,0.0,180.75
O0005279,P059,1,159.94,0.0,93.89
O0005279,P015,1,1235.54,0.0,763.57
O0005280,P075,2,996.63,0.0,611.43
O0005281,P031,1,423.85,0.03,284.03
O0005281,P096,2,508.47,0.0,353.12
O0005282,P028,1,603.78,0.03,416.86
O0005282,P004,1,1754.83,0.0,931.0
O0005283,P103,1,170.49,0.05,125.01
O0005284,P069,1,1356.61,0.0,837.57
O0005285,P116,1,99.98,0.0,50.48
O0005286,P049,1,81.45,0.08,39.75
O0005286,P106,1,217.85,0.0,134.72
O0005286,P035,1,611.99,0.0,384.33
O0005287,P024,2,184.89,0.05,100.67
O0005288,P116,1,102.86,0.0,49.57
O0005288,P078,1,890.33,0.0,662.66
O0005289,P033,1,114.6,0.0,52.49
O0005289,P100,1,285.16,0.03,189.82
O0005289,P115,1,88.08,0.05,51.22
O0005290,P068,1,1117.33,0.0,654.66
O0005290,P115,1,91.3,0.0,53.7
O0005290,P096,2,537.23,0.0,346.87
O0005291,P061,1,81.41,0.0,43.46
O0005291,P038,1,214.68,0.0,155.66
O0005292,P063,2,216.53,0.0,101.14
O0005293,P054,2,154.06,0.0,80.59
O0005293,P096,1,507.68,0.05,341.71
O0005294,P038,1,205.48,0.0,150.27
O0005294,P111,1,43.72,0.0,31.78
O0005295,P002,2,2515.08,0.0,1485.69
O0005295,P007,3,572.25,0.0,292.41
O0005295,P069,1,1437.19,0.03,854.94
O0005295,P099,2,162.52,0.0,101.52
O0005296,P032,2,192.09,0.0,101.02
O0005297,P010,1,1183.15,0.0,581.12
O0005298,P085,2,277.73,0.0,198.11
O0005299,P085,1,278.15,0.05,198.34
O0005299,P036,3,250.55,0.08,177.35
O0005300,P109,1,174.53,0.0,113.65
O0005300,P027,2,614.14,0.0,383.59
O0005301,P013,1,581.12,0.0,369.71
O0005302,P047,2,305.27,0.0,198.08
O0005303,P016,2,1373.33,0.03,966.79
O0005303,P019,1,2097.14,0.12,1397.03
O0005304,P112,2,63.55,0.0,38.01
O0005305,P022,2,406.89,0.0,249.35
O0005305,P023,1,281.44,0.0,127.87
O0005305,P008,1,1791.95,0.08,1071.82
O0005306,P094,1,344.94,0.05,186.47
O0005307,P092,1,616.76,0.03,403.12
O0005308,P028,3,607.32,0.05,413.54
O0005309,P033,1,116.05,0.0,51.31
O0005309,P057,2,209.13,0.03,110.85
O0005310,P103,3,162.24,0.08,126.59
O0005311,P080,1,984.34,0.03,678.64
O0005312,P014,2,233.99,0.03,166.82
O0005313,P110,2,52.14,0.03,27.31
O0005314,P008,1,1823.35,0.15,1095.93
O0005314,P096,1,503.95,0.0,353.71
O0005314,P058,1,608.13,0.03,303.9
O0005315,P096,1,501.57,0.0,355.44
O0005315,P034,1,719.44,0.0,334.91
O0005316,P004,1,1720.08,0.0,944.21
O0005317,P046,1,274.88,0.05,192.15
O0005317,P044,1,343.28,0.05,215.51
O0005318,P017,1,1973.4,0.0,883.15
O0005319,P050,2,244.83,0.0,142.27
O0005319,P022,3,406.45,0.0,250.73
O0005319,P060,1,256.34,0.0,174.74
O0005320,P102,1,206.99,0.03,146.22
O0005321,P103,1,168.93,0.03,124.26
O0005322,P021,1,335.16,0.05,203.92
O0005323,P063,1,229.34,0.0,104.32
O0005324,P011,1,1341.81,0.05,777.02
O0005325,P004,1,1737.22,0.05,932.37
O0005326,P029,1,189.48,0.0,114.08
O0005327,P071,2,724.52,0.08,336.01
O0005328,P017,1,1935.32,0.03,868.57
O0005329,P073,2,574.73,0.0,293.35
O0005330,P067,2,968.59,0.0,560.91
O0005331,P059,1,168.7,0.03,93.39
O0005332,P010,2,1144.32,0.0,605.53
O0005333,P072,1,52.23,0.03,35.81
O0005333,P011,2,1249.18,0.0,756.06
O0005333,P066,1,490.05,0.03,269.45
O0005334,P014,1,234.97,0.05,170.14
O0005334,P010,1,1205.61,0.08,609.75
O0005335,P006,1,1925.34,0.0,1127.15
O0005336,P095,1,614.23,0.0,313.51
O0005337,P032,1,204.29,0.05,98.15
O0005338,P026,1,169.27,0.0,85.69
O0005339,P093,1,227.22,0.12,115.39
O0005340,P024,1,194.47,0.08,98.9
O0005341,P010,1,1169.26,0.0,593.32
O0005341,P079,2,770.82,0.0,355.87
O0005342,P053,1,82.41,0.05,41.97
O0005343,P120,2,146.31,0.0,90.75
O0005343,P014,1,234.17,0.03,165.41
O0005344,P032,1,188.9,0.03,98.58
O0005344,P007,1,550.15,0.0,295.37
O0005345,P035,1,596.86,0.0,379.17
O0005346,P060,1,249.4,0.05,172.92
O0005347,P017,3,1940.95,0.03,873.8
O0005347,P120,1,139.43,0.0,87.24
O0005348,P111,1,42.88,0.0,31.26
O0005348,P008,2,1897.04,0.0,1073.47
O0005348,P011,1,1257.1,0.0,763.52
O0005349,P039,1,366.77,0.0,175.99
O0005350,P019,2,2181.4,0.12,1455.82
O0005351,P017,1,1850.96,0.03,860.01
O0005352,P111,2,42.16,0.0,31.29
O0005352,P037,2,37.04,0.0,21.0
O0005353,P022,1,371.49,0.0,246.02
O0005353,P031,1,421.81,0.08,278.23
O0005353,P002,1,2392.3,0.08,1536.45
O0005354,P110,1,54.44,0.05,28.21
O0005354,P008,1,1761.83,0.05,1093.72
O0005355,P011,1,1241.7,0.0,791.66
O0005355,P046,2,273.67,0.0,201.87
O0005355,P025,1,490.27,0.0,333.77
O0005356,P098,3,31.22,0.05,23.55
O0005357,P019,2,2141.69,0.0,1406.14
O0005357,P008,1,1904.05,0.0,1090.29
O0005357,P011,1,1267.17,0.0,777.82
O0005358,P111,2,44.58,0.03,31.61
O0005358,P054,1,151.15,0.12,81.75
O0005358,P065,1,1043.8,0.0,628.34
O0005359,P104,1,216.68,0.0,130.03
O0005360,P003,1,1237.03,0.15,675.35
O0005361,P065,1,1086.04,0.05,629.34
O0005361,P098,1,30.56,0.0,23.66
O0005362,P016,2,1466.45,0.03,948.68
O0005363,P077,2,46.45,0.05,27.34
O0005363,P013,1,559.92,0.0,359.29
O0005364,P106,2,219.12,0.0,130.88
O0005365,P120,1,146.63,0.0,89.69
O0005366,P051,3,203.92,0.0,98.84
O0005367,P059,1,162.22,0.0,92.06
O0005367,P058,1,578.58,0.05,303.94
O0005367,P008,1,1856.59,0.03,1075.64
O0005368,P019,1,2089.17,0.05,1458.87
O0005369,P078,1,861.74,0.0,642.76
O0005370,P009,1,112.11,0.0,83.16
O0005371,P063,1,232.71,0.0,101.33
O0005372,P085,1,285.39,0.05,199.82
O0005373,P095,1,582.67,0.0,302.28
O0005374,P008,2,1904.64,0.0,1086.94
O0005374,P029,2,188.65,0.05,113.81
O0005375,P044,3,323.37,0.0,219.85
O0005376,P114,1,128.61,0.0,60.92
O0005376,P091,2,234.47,0.12,162.34
O0005376,P004,1,1706.18,0.03,912.47
O0005377,P105,1,154.03,0.0,96.49
O0005378,P049,1,77.79,0.12,39.62
O0005379,P068,2,1198.61,0.05,645.79
O0005380,P003,1,1233.28,0.0,670.48
O0005381,P113,2,114.15,0.0,82.11
O0005382,P115,1,87.56,0.0,54.17
O0005383,P044,1,323.21,0.0,228.28
O0005384,P031,1,414.83,0.0,294.01
O0005385,P025,1,445.77,0.12,334.08
O0005385,P065,1,1086.15,0.0,629.95
O0005385,P082,2,114.77,0.0,64.11
O0005385,P040,1,323.42,0.03,171.8
O0005386,P086,2,465.9,0.08,332.15
O0005387,P025,1,457.55,0.05,328.87
O0005388,P011,1,1260.74,0.0,753.49
O0005388,P017,2,1902.44,0.0,848.74
O0005388,P100,2,295.1,0.08,180.48
O0005389,P064,1,528.63,0.0,334.42
O0005390,P005,2,2128.92,0.05,1307.78
O0005391,P066,1,463.29,0.0,268.28
O0005392,P103,2,171.74,0.05,122.55
O0005393,P096,1,527.55,0.0,343.67
O0005393,P031,3,452.17,0.15,283.12
O0005394,P088,1,93.78,0.05,55.21
O0005395,P037,1,37.93,0.0,20.67
O0005395,P073,1,592.49,0.08,306.75
O0005396,P032,1,202.04,0.0,97.35
O0005396,P080,1,1008.63,0.0,659.88
O0005396,P065,1,1071.94,0.05,627.61
O0005397,P005,3,2133.21,0.0,1332.43
O0005397,P034,1,712.13,0.03,342.34
O0005398,P065,1,1079.89,0.05,621.15
O0005399,P088,2,95.0,0.0,54.13
O0005400,P069,1,1399.59,0.0,834.01
O0005400,P044,1,330.48,0.0,221.57
O0005400,P038,1,207.06,0.0,154.38
O0005401,P003,1,1280.05,0.0,676.46
O0005402,P114,1,139.89,0.05,63.55
O0005402,P028,1,605.57,0.08,404.75
O0005402,P025,1,479.05,0.0,329.94
O0005403,P093,2,247.22,0.0,113.61
O0005404,P086,1,474.46,0.0,328.58
O0005405,P045,1,319.97,0.03,209.92
O0005405,P044,1,320.05,0.12,218.97
O0005406,P020,1,518.89,0.0,369.63
O0005407,P074,1,77.12,0.05,42.57
O0005408,P119,1,137.33,0.12,76.15
O0005409,P084,2,478.56,0.12,332.73
O0005410,P093,1,238.62,0.0,116.73
O0005410,P002,1,2367.52,0.0,1484.08
O0005411,P117,3,132.02,0.0,94.92
O0005411,P115,2,89.03,0.0,52.6
O0005412,P001,1,308.83,0.08,152.39
O0005412,P069,1,1379.91,0.0,818.51
O0005413,P001,1,305.35,0.03,150.39
O0005414,P010,2,1155.27,0.0,588.09
O0005414,P088,2,95.98,0.03,53.94
O0005414,P071,1,699.44,0.0,340.67
O0005415,P013,3,576.77,0.0,362.29
O0005416,P051,1,188.67,0.0,94.02
O0005417,P084,1,473.19,0.05,328.94
O0005418,P066,1,450.39,0.03,272.51
O0005419,P052,2,121.26,0.08,89.31
O0005420,P035,2,612.03,0.08,393.64
O0005421,P046,1,280.36,0.05,195.29
O0005421,P024,1,179.76,0.08,101.11
O0005422,P118,1,82.05,0.0,49.67
O0005422,P074,1,71.23,0.05,42.54
O0005423,P111,2,43.58,0.0,31.86
O0005423,P046,1,269.89,0.03,192.76
O0005424,P042,1,187.75,0.08,116.3
O0005424,P003,1,1196.12,0.0,659.62
O0005425,P072,1,52.94,0.08,34.96
O0005425,P031,3,425.33,0.03,292.63
O0005426,P080,1,941.95,0.0,667.18
O0005427,P027,1,652.64,0.0,390.41
O0005428,P026,1,161.99,0.08,83.62
O0005428,P120,1,150.31,0.03,92.03
O0005428,P072,1,54.77,0.0,36.51
O0005429,P026,2,171.92,0.0,83.53
O0005429,P023,2,267.87,0.08,125.66
O0005430,P040,1,318.74,0.0,162.53
O0005431,P008,1,1925.35,0.0,1084.59
O0005432,P078,1,902.5,0.05,638.23
O0005433,P084,1,439.03,0.0,329.89
O0005434,P019,2,2125.76,0.05,1412.23
O0005435,P073,1,587.35,0.0,299.33
O0005435,P029,3,187.41,0.0,108.79
O0005436,P075,2,988.82,0.12,586.2
O0005437,P061,2,81.54,0.0,43.57
O0005437,P114,1,130.07,0.12,61.7
O0005438,P013,1,558.65,0.05,352.87
O0005438,P065,1,1039.89,0.0,605.27
O0005439,P047,1,299.56,0.0,201.0
O0005440,P110,1,54.23,0.0,27.09
O0005441,P098,1,32.81,0.0,22.7
O0005442,P048,1,511.36,0.03,294.67
O0005443,P099,1,164.09,0.0,102.9
O0005444,P020,1,532.71,0.03,375.67
O0005445,P109,1,177.08,0.0,111.79
O0005446,P116,1,98.31,0.03,51.22
O0005446,P005,1,2043.78,0.0,1299.41
O0005446,P009,1,121.46,0.0,84.31
O0005446,P094,1,341.57,0.0,191.06
O0005447,P095,1,577.4,0.0,306.43
O0005448,P066,1,462.97,0.03,272.39
O0005449,P106,1,209.29,0.0,134.93
O0005449,P031,2,416.14,0.0,292.84
O0005450,P025,2,453.3,0.0,327.19
O0005451,P004,1,1827.53,0.0,915.47
O0005451,P109,2,176.11,0.05,110.67
O0005452,P022,1,393.23,0.0,252.39
O0005453,P110,1,51.77,0.0,27.28
O0005454,P043,1,128.43,0.12,73.01
O0005455,P030,1,205.43,0.0,152.61
O0005456,P019,1,2019.67,0.0,1407.48
O0005457,P033,1,112.24,0.12,52.28
O0005458,P083,1,240.62,0.03,118.58
O0005459,P045,1,322.7,0.0,209.01
O0005459,P004,1,1698.2,0.0,955.28
O0005460,P027,1,635.19,0.0,378.93
O0005461,P058,1,568.26,0.0,296.56
O0005462,P107,1,229.62,0.05,139.5
O0005463,P021,2,366.7,0.0,202.28
O0005464,P017,1,1917.03,0.0,878.51
O0005465,P084,3,475.58,0.0,336.62
O0005466,P052,2,122.47,0.0,86.77
O0005467,P015,1,1237.93,0.0,729.11
O0005468,P041,1,108.07,0.0,53.05
O0005469,P065,1,1004.07,0.03,599.67
O0005469,P046,1,273.05,0.0,202.62
O0005470,P104,2,212.51,0.08,134.63
O0005470,P018,1,1702.47,0.15,1286.12
O0005470,P076,2,255.36,0.0,135.39
O0005471,P098,1,30.48,0.08,22.39
O0005472,P101,1,29.86,0.05,17.37
O0005472,P001,2,285.79,0.0,148.37
O0005473,P007,1,560.45,0.05,289.82
O0005474,P042,1,192.48,0.12,120.14
O0005474,P032,2,197.47,0.0,98.98
O0005475,P077,2,46.6,0.03,27.12
O0005476,P008,1,1777.31,0.0,1072.1
O0005476,P001,3,303.77,0.05,150.12
O0005477,P029,1,186.79,0.0,113.62
O0005478,P070,1,55.86,0.0,28.44
O0005478,P100,1,288.44,0.05,183.48
O0005478,P090,1,179.48,0.0,94.67
O0005479,P039,2,365.07,0.0,171.14
O0005480,P107,1,235.25,0.0,141.6
O0005481,P112,1,63.99,0.05,38.73
O0005482,P032,1,201.43,0.03,102.21
O0005482,P057,1,207.49,0.08,114.43
O0005482,P067,2,906.63,0.0,539.11
O0005483,P089,2,225.29,0.05,106.1
O0005484,P084,2,461.79,0.0,337.09
O0005484,P036,1,246.83,0.03,177.59
O0005485,P080,1,1029.52,0.05,660.29
O0005485,P073,2,611.23,0.03,302.79
O0005486,P020,1,501.7,0.05,377.28
O0005487,P014,1,222.14,0.0,167.82
O0005487,P065,1,1041.59,0.0,603.62
O0005488,P021,1,345.29,0.0,206.58
O0005489,P008,1,1809.97,0.0,1044.43
O0005489,P024,1,193.89,0.03,98.47
O0005489,P049,1,78.12,0.05,39.66
O0005490,P091,1,225.6,0.08,155.72
O0005491,P045,1,313.68,0.0,211.92
O0005492,P010,1,1176.14,0.03,609.44
O0005493,P115,1,88.68,0.0,52.02
O0005493,P035,1,588.82,0.0,375.64
O0005494,P102,3,220.46,0.05,152.36
O0005494,P095,3,625.86,0.0,311.7
O0005495,P061,4,82.88,0.0,41.53
O0005495,P039,1,352.94,0.03,177.86
O0005496,P007,1,549.79,0.0,288.77
O0005497,P120,2,143.88,0.05,89.64
O0005498,P117,2,130.51,0.03,95.99
O0005499,P117,2,130.3,0.0,94.98
O0005499,P063,1,227.78,0.08,103.56
O0005499,P017,1,1941.89,0.0,893.39
O0005500,P082,1,114.68,0.0,65.77
O0005501,P032,3,187.15,0.12,102.32
O0005501,P019,2,2125.84,0.05,1458.49
O0005501,P022,1,404.84,0.0,256.37
O0005502,P001,3,285.66,0.0,144.74
O0005503,P120,1,149.56,0.0,87.17
O0005504,P077,1,45.89,0.15,28.05
O0005505,P032,1,203.59,0.0,97.19
O0005506,P044,2,324.83,0.12,228.22
O0005507,P025,2,445.97,0.03,325.18
O0005507,P077,1,48.55,0.05,27.88
O0005508,P024,2,182.35,0.05,100.97
O0005508,P026,1,173.86,0.0,85.52
O0005509,P016,1,1457.32,0.0,963.94
O0005510,P019,1,2131.0,0.0,1442.6
O0005511,P082,1,113.75,0.0,65.4
O0005511,P109,1,173.27,0.05,110.57
O0005511,P101,1,28.62,0.15,17.26
O0005512,P049,1,81.53,0.05,40.07
O0005512,P060,1,269.43,0.0,182.31
O0005512,P043,1,133.33,0.0,75.32
O0005513,P088,1,95.69,0.0,53.89
O0005514,P115,1,91.21,0.08,53.06
O0005515,P073,2,568.77,0.05,301.34
O0005515,P020,2,502.29,0.03,357.28
O0005516,P066,1,485.9,0.0,272.21
O0005517,P097,1,328.29,0.08,208.34
O0005517,P028,4,621.16,0.03,410.1
O0005517,P036,1,260.64,0.0,178.77
O0005518,P011,2,1350.22,0.03,780.54
O0005519,P012,2,2189.32,0.0,1376.79
O0005520,P034,2,676.45,0.05,347.08
O0005521,P019,1,2073.85,0.0,1411.05
O0005521,P105,1,151.54,0.0,102.25
O0005521,P016,2,1447.92,0.0,974.66
O0005522,P074,1,73.71,0.0,41.45
O0005522,P056,1,376.94,0.05,263.54
O0005523,P070,2,52.14,0.0,27.91
O0005523,P039,1,369.34,0.03,177.14
O0005524,P099,1,165.8,0.0,105.29
O0005525,P021,1,335.98,0.0,204.62
O0005526,P003,1,1276.19,0.03,655.5
O0005526,P114,2,139.16,0.0,62.22
O0005527,P114,1,135.56,0.0,61.65
O0005528,P004,1,1824.15,0.0,914.94
O0005529,P007,1,548.81,0.05,303.26
O0005530,P004,1,1831.52,0.0,921.24
O0005531,P005,1,2146.49,0.05,1327.12
O0005531,P118,1,81.56,0.05,48.79
O0005532,P114,2,129.38,0.03,62.81
O0005532,P119,1,150.71,0.05,77.6
O0005532,P087,2,599.55,0.12,408.99
O0005533,P034,2,714.58,0.08,342.18
O0005534,P035,1,562.57,0.08,391.66
O0005535,P117,1,129.16,0.12,91.44
O0005535,P043,1,126.81,0.0,74.34
O0005536,P119,1,141.36,0.08,76.17
O0005536,P092,1,643.2,0.0,384.21
O0005536,P016,3,1381.49,0.0,979.45
O0005537,P116,1,103.51,0.03,49.44
O0005537,P036,3,238.6,0.0,176.31
O0005538,P108,1,44.17,0.0,20.43
O0005539,P090,2,182.9,0.0,97.14
O0005540,P072,1,53.23,0.0,35.23
O0005540,P116,1,102.23,0.0,49.64
O0005541,P007,1,529.9,0.05,293.54
O0005541,P004,1,1696.62,0.12,936.54
O0005542,P065,1,1025.3,0.0,616.64
O0005543,P066,1,458.51,0.0,263.51
O0005543,P015,1,1187.76,0.0,722.66
O0005543,P011,3,1294.23,0.0,765.5
O0005544,P008,1,1854.69,0.0,1099.84
O0005545,P020,2,491.84,0.08,367.54
O0005546,P018,1,1738.14,0.0,1279.93
O0005547,P048,3,492.23,0.0,299.97
O0005548,P097,2,300.79,0.0,211.66
O0005549,P006,1,1851.19,0.08,1137.73
O0005550,P006,2,2015.72,0.0,1126.73
O0005551,P092,2,638.45,0.03,395.75
O0005551,P035,1,614.44,0.03,389.74
O0005552,P062,2,1507.84,0.0,1045.31
O0005552,P092,1,650.32,0.0,398.65
O0005553,P018,1,1820.02,0.03,1329.56
O0005554,P012,1,2326.12,0.08,1337.99
O0005555,P002,2,2380.81,0.0,1480.04
O0005556,P113,1,111.06,0.0,77.97
O0005557,P097,1,331.81,0.0,209.13
O0005558,P100,1,287.76,0.0,183.51
O0005559,P101,1,28.07,0.0,17.34
O0005560,P038,1,209.46,0.0,153.68
O0005561,P035,1,604.58,0.05,384.07
O0005562,P021,1,359.12,0.0,198.97
O0005562,P051,1,190.86,0.0,94.32
O0005562,P043,1,135.95,0.0,75.83
O0005563,P017,3,1806.95,0.03,845.87
O0005564,P028,1,622.38,0.0,416.63
O0005564,P024,1,178.24,0.05,99.43
O0005565,P113,1,117.31,0.08,82.25
O0005566,P084,1,443.11,0.0,338.8
O0005567,P071,1,708.8,0.05,335.24
O0005568,P033,1,114.71,0.03,51.73
O0005569,P060,3,255.34,0.03,182.36
O0005570,P034,1,680.83,0.12,346.28
O0005571,P081,1,351.1,0.0,191.96
O0005572,P005,1,2138.82,0.0,1328.02
O0005573,P116,1,107.63,0.12,50.7
O0005574,P040,3,312.2,0.0,168.26
O0005574,P108,2,45.19,0.0,20.02
O0005575,P042,1,199.67,0.03,118.05
O0005576,P035,2,613.32,0.08,384.04
O0005576,P042,1,195.26,0.05,120.33
O0005577,P024,1,189.91,0.0,98.59
O0005578,P031,1,421.07,0.12,284.24
O0005578,P095,2,619.6,0.0,315.26
O0005578,P078,1,886.95,0.15,633.41
O0005579,P012,2,2130.91,0.0,1391.3
O0005580,P013,1,555.96,0.03,367.76
O0005580,P093,1,227.69,0.08,110.59
O0005580,P028,1,653.56,0.0,403.25
O0005581,P010,1,1105.78,0.0,595.1
O0005582,P048,2,502.24,0.0,295.07
O0005583,P029,1,179.61,0.08,109.44
O0005584,P116,4,107.62,0.0,51.3
O0005585,P018,2,1821.78,0.05,1278.16
O0005586,P093,3,230.98,0.05,110.1
O0005587,P074,1,76.25,0.0,41.1
O0005588,P082,2,113.32,0.0,66.89
O0005588,P056,2,359.67,0.0,262.68
O0005589,P055,1,470.54,0.0,266.06
O0005590,P015,1,1162.91,0.0,728.51
O0005591,P016,1,1420.12,0.05,999.99
O0005592,P057,1,202.57,0.0,114.22
O0005593,P005,1,2102.23,0.0,1350.68
O0005594,P027,1,640.09,0.0,380.31
O0005595,P040,3,337.98,0.03,171.46
O0005595,P034,1,667.14,0.12,350.77
O0005595,P010,1,1115.51,0.08,594.77
O0005595,P081,2,351.85,0.08,187.79
O0005596,P035,1,598.77,0.0,395.34
O0005597,P040,2,334.6,0.05,169.86
O0005598,P095,2,586.66,0.0,313.63
O0005599,P037,1,36.26,0.0,21.91
O0005599,P009,1,120.9,0.05,82.55
O0005600,P018,1,1759.25,0.03,1264.02
O0005600,P011,2,1247.44,0.08,748.97
O0005601,P068,2,1113.82,0.0,663.27
O0005602,P108,1,42.65,0.03,20.33
O0005602,P099,1,161.6,0.0,102.9
O0005603,P088,1,98.49,0.12,54.62
O0005603,P071,1,749.01,0.0,354.85
O0005604,P079,1,784.06,0.0,355.62
O0005604,P001,1,290.74,0.0,152.3
O0005605,P090,2,184.48,0.0,97.68
O0005606,P018,2,1700.12,0.0,1300.52
O0005606,P014,1,232.33,0.12,167.0
O0005606,P095,2,597.25,0.05,309.39
O0005607,P032,1,198.97,0.0,102.54
O0005608,P018,3,1835.46,0.08,1328.31
O0005608,P110,3,55.71,0.08,27.19
O0005609,P005,1,2208.97,0.0,1305.29
O0005610,P088,1,98.07,0.0,54.23
O0005611,P040,1,316.44,0.0,163.63
O0005611,P014,2,230.94,0.05,163.36
O0005612,P023,1,273.87,0.08,128.81
O0005612,P038,2,200.3,0.05,150.71
O0005613,P064,3,539.65,0.0,327.16
O0005614,P035,1,604.5,0.12,378.45
O0005615,P051,1,197.32,0.03,96.09
O0005615,P091,1,223.67,0.0,162.15
O0005616,P046,1,283.9,0.0,196.88
O0005616,P084,1,439.99,0.03,329.5
O0005617,P030,1,204.7,0.0,154.09
O0005617,P034,1,663.05,0.05,340.08
O0005617,P062,1,1493.53,0.0,1082.09
O0005618,P035,2,620.92,0.0,376.96
O0005619,P044,1,320.0,0.0,218.3
O0005620,P096,1,530.53,0.12,346.13
O0005620,P021,1,346.56,0.0,203.91
O0005621,P021,1,357.86,0.05,208.57
O0005621,P101,1,30.22,0.0,17.42
O0005621,P023,2,276.03,0.08,130.22
O0005621,P093,1,228.07,0.0,114.74
O0005622,P051,1,190.18,0.0,96.86
O0005623,P090,2,183.05,0.0,93.23
O0005624,P017,1,1907.5,0.0,883.13
O0005624,P033,1,110.35,0.0,51.22
O0005625,P075,3,1048.01,0.05,579.3
O0005625,P093,1,241.03,0.08,110.57
O0005626,P005,1,2032.99,0.0,1363.68
O0005627,P079,1,767.67,0.0,355.0
O0005628,P063,1,225.51,0.0,99.98
O0005628,P072,1,55.91,0.05,36.42
O0005628,P028,2,651.85,0.03,403.89
O0005628,P074,2,77.28,0.0,41.5
O0005629,P055,2,453.35,0.0,263.46
O0005630,P061,1,82.26,0.0,41.6
O0005630,P006,1,1915.28,0.0,1157.34
O0005631,P011,2,1313.89,0.03,759.88
O0005631,P062,1,1436.25,0.0,1062.11
O0005632,P015,1,1127.5,0.0,727.73
O0005633,P030,2,200.86,0.05,153.35
O0005634,P043,1,135.81,0.08,74.19
O0005635,P046,2,272.16,0.05,202.08
O0005636,P116,3,105.95,0.0,52.0
O0005637,P064,1,571.28,0.12,326.58
O0005638,P001,1,313.65,0.0,146.16
O0005639,P085,1,274.01,0.08,197.48
O0005640,P116,1,106.92,0.0,49.22
O0005640,P020,1,490.35,0.05,364.93
O0005640,P042,1,201.47,0.0,118.73
O0005641,P100,2,284.59,0.0,187.01
O0005642,P019,2,2192.43,0.0,1462.18
O0005643,P069,2,1427.12,0.0,842.37
O0005643,P063,2,228.05,0.0,103.48
O0005643,P048,1,484.74,0.12,296.27
O0005644,P022,2,386.14,0.0,257.23
O0005645,P007,4,568.56,0.03,289.62
O0005646,P056,2,381.98,0.03,253.82
O0005647,P110,1,54.88,0.0,27.84
O0005648,P040,2,316.57,0.12,171.46
O0005649,P096,1,532.66,0.05,354.12
O0005649,P028,1,634.73,0.0,418.53
O0005650,P120,3,142.81,0.0,89.97
O0005651,P027,3,613.41,0.0,379.15
O0005652,P070,1,56.27,0.0,28.37
O0005653,P069,2,1454.91,0.05,848.35
O0005654,P009,1,113.87,0.0,84.25
O0005655,P058,4,607.79,0.0,299.07
O0005655,P027,1,654.76,0.0,375.22
O0005656,P015,1,1127.24,0.05,743.33
O0005656,P026,1,168.79,0.03,87.12
O0005657,P004,1,1816.25,0.0,909.11
O0005657,P073,1,573.48,0.0,307.85
O0005658,P011,3,1343.8,0.12,749.65
O0005659,P089,2,224.61,0.0,110.94
O0005659,P105,1,152.1,0.03,98.53
O0005660,P100,1,296.12,0.0,189.87
O0005661,P094,1,354.09,0.0,188.4
O0005662,P068,1,1113.04,0.12,635.81
O0005662,P031,2,431.1,0.05,285.38
O0005662,P007,2,568.52,0.05,295.02
O0005663,P045,3,304.28,0.05,217.85
O0005663,P035,2,618.87,0.03,380.36
O0005664,P007,2,546.62,0.08,290.8
O0005665,P092,1,651.5,0.05,386.9
O0005666,P071,1,716.62,0.0,351.81
O0005667,P023,1,270.21,0.0,127.59
O0005667,P026,1,170.6,0.05,84.21
O0005667,P030,1,216.83,0.0,152.97
O0005668,P008,1,1942.04,0.08,1107.35
O0005669,P115,1,94.88,0.0,51.61
O0005670,P046,2,285.95,0.0,196.17
O0005671,P019,1,2145.81,0.0,1414.25
O0005671,P050,1,237.64,0.05,144.46
O0005672,P053,1,85.88,0.0,42.94
O0005673,P005,1,2052.07,0.0,1370.83
O0005674,P103,1,165.11,0.0,127.3
O0005675,P102,1,219.85,0.0,150.94
O0005676,P010,3,1198.17,0.12,612.09
O0005677,P068,3,1181.63,0.0,654.28
O0005677,P107,1,227.48,0.08,142.12
O0005677,P095,2,604.92,0.05,300.6
O0005678,P066,1,478.2,0.0,270.19
O0005678,P025,2,486.14,0.05,326.72
O0005679,P047,1,319.64,0.0,196.54
O0005679,P052,2,115.62,0.0,88.96
O0005680,P029,1,196.63,0.0,113.47
O0005680,P097,1,318.35,0.05,210.02
O0005680,P016,1,1437.58,0.0,964.01
O0005681,P077,1,46.4,0.03,27.08
O0005682,P073,1,599.77,0.0,307.55
O0005683,P094,2,370.3,0.0,186.61
O0005684,P022,1,395.32,0.0,253.49
O0005685,P031,3,410.23,0.0,294.05
O0005686,P067,1,946.11,0.05,554.41
O0005686,P114,1,131.18,0.0,61.54
O0005686,P089,1,239.06,0.03,106.83
O0005687,P017,1,1905.58,0.0,869.26
O0005688,P076,2,276.32,0.15,132.25
O0005689,P040,1,339.58,0.08,171.79
O0005690,P096,3,540.39,0.0,337.56
O0005691,P014,2,221.73,0.03,171.18
O0005692,P097,2,303.38,0.0,213.74
O0005692,P012,1,2183.23,0.0,1339.97
O0005693,P103,1,167.46,0.0,126.11
O0005694,P010,1,1140.25,0.12,604.8
O0005695,P014,1,234.1,0.0,170.64
O0005696,P096,1,512.05,0.0,352.17
O0005697,P073,1,590.99,0.0,297.18
O0005698,P054,1,150.98,0.08,80.76
O0005699,P108,1,42.38,0.0,19.56
O0005699,P073,2,609.37,0.03,293.74
O0005699,P006,2,1923.51,0.03,1113.2
O0005700,P032,2,197.24,0.08,97.24
O0005701,P064,1,547.44,0.0,327.57
O0005701,P115,1,87.86,0.0,51.11
O0005702,P084,1,443.22,0.03,334.13
O0005703,P022,2,405.98,0.0,254.77
O0005704,P021,1,333.73,0.0,198.44
O0005705,P095,1,604.15,0.08,313.19
O0005706,P015,2,1175.13,0.12,726.68
O0005706,P024,2,185.94,0.0,101.6
O0005707,P105,1,148.83,0.05,99.86
O0005708,P098,1,32.3,0.0,22.98
O0005709,P111,1,43.95,0.0,32.5
O0005710,P030,1,199.79,0.0,156.17
O0005711,P033,1,116.1,0.05,51.56
O0005712,P056,1,355.14,0.0,262.35
O0005713,P030,1,211.93,0.05,150.74
O0005713,P026,1,165.68,0.0,86.48
O0005713,P011,2,1261.34,0.0,778.65
O0005714,P052,1,119.73,0.0,86.1
O0005715,P061,1,84.63,0.12,41.43
O0005715,P014,2,222.41,0.03,168.79
O0005715,P043,2,135.93,0.0,72.46
O0005716,P107,1,219.4,0.03,146.92
O0005717,P071,1,724.15,0.05,346.24
O0005717,P081,1,329.92,0.0,191.13
O0005717,P020,3,527.18,0.0,372.37
O0005718,P006,1,1965.59,0.12,1169.9
O0005719,P091,2,227.17,0.0,161.29
O0005719,P003,1,1239.41,0.0,655.22
O0005720,P076,3,266.86,0.0,140.12
O0005721,P037,1,36.18,0.05,21.41
O0005722,P079,1,765.2,0.0,373.84
O0005723,P035,1,613.86,0.0,388.02
O0005723,P039,1,357.27,0.0,176.51
O0005724,P098,1,31.57,0.08,23.21
O0005725,P021,2,352.58,0.0,202.92
O0005725,P115,1,93.24,0.15,51.98
O0005726,P047,1,304.97,0.0,207.79
O0005726,P019,3,2015.67,0.03,1456.41
O0005726,P087,3,571.73,0.0,416.56
O0005727,P032,1,188.4,0.08,102.19
O0005727,P037,2,36.54,0.12,21.29
O0005727,P025,1,490.54,0.05,340.57
O0005728,P055,1,448.37,0.0,261.47
O0005728,P083,1,238.45,0.03,124.17
O0005729,P007,3,535.07,0.03,303.43
O0005730,P058,1,594.35,0.0,309.25
O0005730,P009,1,113.29,0.0,82.22
O0005731,P039,1,350.76,0.03,176.26
O0005732,P056,1,363.43,0.0,257.89
O0005732,P080,1,994.73,0.0,663.41
O0005733,P109,2,174.16,0.0,113.63
O0005734,P016,1,1429.36,0.0,958.98
O0005734,P003,1,1179.33,0.05,638.51
O0005735,P005,1,2196.79,0.05,1362.03
O0005736,P105,3,159.67,0.0,101.28
O0005737,P046,1,266.49,0.0,192.29
O0005737,P049,1,78.66,0.0,38.89
O0005738,P102,1,225.59,0.0,152.1
O0005739,P009,2,115.68,0.05,86.01
O0005740,P120,2,140.59,0.0,87.96
O0005740,P096,2,512.1,0.0,340.9
O0005741,P099,1,158.56,0.0,100.22
O0005742,P110,3,54.84,0.05,27.43
O0005742,P005,1,2206.77,0.0,1340.83
O0005742,P050,2,254.29,0.08,147.54
O0005743,P020,1,499.1,0.0,375.79
O0005744,P032,1,187.71,0.08,99.62
O0005744,P033,1,115.3,0.0,53.23
O0005745,P096,1,531.87,0.0,342.59
O0005746,P094,1,361.75,0.0,187.38
O0005747,P034,2,722.37,0.08,341.25
O0005748,P101,1,29.97,0.0,17.2
O0005749,P098,4,30.62,0.08,22.88
O0005750,P107,2,234.2,0.03,145.67
O0005750,P117,3,125.85,0.0,92.23
O0005751,P020,1,525.97,0.05,365.12
O0005752,P009,2,112.43,0.0,84.13
O0005753,P028,1,621.69,0.05,413.67
O0005754,P118,1,77.37,0.0,48.03
O0005755,P019,1,2155.03,0.03,1409.31
O0005756,P037,4,38.92,0.0,21.74
O0005756,P014,1,224.4,0.0,164.71
O0005757,P051,1,197.53,0.0,94.77
O0005758,P013,1,540.16,0.03,370.96
O0005759,P011,3,1332.33,0.0,752.57
O0005760,P021,2,357.9,0.0,205.02
O0005761,P045,1,323.99,0.08,210.72
O0005761,P105,1,159.85,0.05,98.73
O0005762,P009,2,114.91,0.12,86.64
O0005763,P077,1,47.76,0.05,27.93
O0005764,P006,1,1852.14,0.03,1149.59
O0005765,P093,3,226.55,0.0,113.32
O0005766,P011,1,1250.63,0.03,778.52
O0005767,P053,1,89.0,0.03,41.71
O0005768,P095,1,598.8,0.0,309.49
O0005769,P058,1,608.07,0.05,302.23
O0005769,P009,1,120.83,0.12,83.55
O0005769,P114,1,138.78,0.0,62.16
O0005770,P051,1,190.96,0.05,97.68
O0005771,P042,2,203.14,0.12,121.15
O0005772,P041,1,104.9,0.05,54.64
O0005773,P034,1,707.13,0.08,350.79
O0005773,P073,1,612.27,0.0,297.25
O0005774,P021,1,337.42,0.08,206.88
O0005775,P035,1,565.67,0.05,397.88
O0005775,P055,1,463.15,0.0,257.89
O0005776,P012,1,2231.23,0.03,1390.79
O0005777,P088,1,99.44,0.0,55.18
O0005777,P079,2,781.64,0.08,369.14
O0005778,P104,1,225.2,0.0,131.04
O0005778,P101,2,30.35,0.0,17.01
O0005779,P019,1,2194.68,0.0,1460.24
O0005780,P078,1,860.49,0.0,646.93
O0005781,P074,2,75.16,0.05,42.02
O0005782,P003,1,1166.9,0.05,658.28
O0005783,P033,1,110.54,0.0,53.28
O0005783,P082,1,110.71,0.0,65.56
O0005783,P009,1,117.88,0.03,83.35
O0005784,P108,1,42.84,0.0,20.36
O0005785,P092,2,619.1,0.0,394.36
O0005786,P089,1,241.37,0.0,105.32
O0005787,P022,1,392.08,0.0,245.4
O0005788,P009,1,120.91,0.0,85.31
O0005789,P014,2,238.01,0.08,165.0
O0005790,P070,2,55.27,0.12,27.85
O0005791,P062,1,1430.46,0.05,1069.71
O0005791,P094,3,338.95,0.08,183.18
O0005792,P088,2,101.03,0.08,54.62
O0005793,P019,1,2157.86,0.0,1425.0
O0005793,P003,1,1243.69,0.05,665.98
O0005794,P114,1,136.72,0.03,60.92
O0005795,P007,1,580.32,0.0,305.13
O0005796,P084,1,479.03,0.0,329.24
O0005796,P105,1,162.19,0.0,97.85
O0005797,P003,1,1258.63,0.0,641.8
O0005797,P033,2,120.68,0.0,53.64
O0005798,P100,1,288.39,0.03,180.24
O0005799,P001,1,296.69,0.0,149.4
O0005799,P056,1,387.61,0.0,254.16
O0005800,P059,2,158.29,0.08,95.21
O0005801,P022,1,396.17,0.0,256.37
O0005801,P077,1,48.88,0.08,27.86
O0005801,P005,1,2046.45,0.0,1308.24
O0005802,P026,2,160.51,0.03,83.75
O0005802,P115,1,91.98,0.08,52.9
O0005803,P031,2,426.86,0.12,290.86
O0005804,P095,1,629.48,0.0,312.5
O0005804,P112,2,64.78,0.0,37.55
O0005805,P033,3,118.6,0.05,53.7
O0005806,P105,1,150.36,0.0,102.21
O0005806,P014,1,221.24,0.0,166.28
O0005806,P044,3,342.84,0.0,217.75
O0005807,P021,2,361.81,0.08,204.59
O0005808,P002,1,2412.2,0.0,1461.24
O0005809,P105,1,154.07,0.05,96.71
O0005809,P070,1,51.63,0.08,28.01
O0005810,P107,1,232.69,0.0,141.81
O0005810,P013,1,583.07,0.08,371.29
O0005811,P069,2,1435.28,0.0,848.46
O0005812,P013,1,572.97,0.08,367.19
O0005813,P040,1,335.94,0.08,166.67
O0005814,P094,1,363.8,0.0,182.3
O0005815,P013,1,570.17,0.0,363.57
O0005815,P086,2,439.01,0.0,341.12
O0005815,P022,1,404.85,0.0,256.91
O0005816,P047,1,306.93,0.03,197.09
O0005817,P063,1,221.85,0.0,101.44
O0005818,P109,1,177.48,0.0,111.78
O0005818,P039,3,367.07,0.05,177.91
O0005818,P057,2,216.75,0.0,112.38
O0005819,P056,1,380.29,0.0,262.6
O0005820,P049,1,81.72,0.05,38.62
O0005820,P052,1,113.2,0.0,88.84
O0005820,P007,1,540.79,0.15,288.42
O0005820,P094,1,366.82,0.0,188.63
O0005821,P091,1,233.53,0.0,156.64
O0005822,P002,2,2356.18,0.0,1465.07
O0005823,P012,3,2189.44,0.05,1393.53
O0005824,P040,1,321.92,0.05,163.34
O0005825,P073,1,561.13,0.03,295.52
O0005825,P061,1,79.97,0.08,41.59
O0005826,P019,1,2031.64,0.0,1433.61
O0005827,P049,1,79.55,0.0,39.37
O0005827,P051,1,194.56,0.0,93.18
O0005828,P087,2,607.46,0.0,407.14
O0005828,P084,1,449.81,0.03,341.04
O0005828,P007,2,537.94,0.0,295.99
O0005829,P088,1,96.3,0.08,55.38
O0005829,P085,1,292.45,0.05,200.21
O0005830,P097,2,321.11,0.03,214.95
O0005830,P029,1,194.82,0.12,111.54
O0005831,P094,1,354.54,0.0,188.5
O0005832,P058,1,583.99,0.08,301.34
O0005833,P093,3,224.81,0.0,113.09
O0005833,P069,1,1462.81,0.05,855.09
O0005833,P036,1,240.79,0.12,181.96
O0005834,P021,2,352.17,0.0,202.89
O0005834,P050,1,238.95,0.0,140.86
O0005835,P080,1,963.49,0.08,680.67
O0005836,P083,1,247.63,0.08,121.61
O0005837,P009,4,122.39,0.03,84.51
O0005838,P033,1,120.55,0.08,52.05
O0005839,P065,1,1098.33,0.08,623.65
O0005840,P040,2,313.55,0.05,168.66
O0005841,P110,1,53.72,0.05,27.54
O0005841,P001,1,286.75,0.12,150.28
O0005841,P091,2,243.4,0.0,158.23
O0005842,P104,2,228.2,0.03,134.97
O0005842,P042,2,186.92,0.0,117.16
O0005843,P075,3,1083.8,0.0,592.6
O0005843,P042,2,187.6,0.03,118.74
O0005844,P098,1,32.54,0.0,23.22
O0005844,P104,3,220.02,0.05,130.77
O0005844,P038,2,213.64,0.0,154.77
O0005845,P082,1,117.19,0.0,67.71
O0005846,P034,1,671.85,0.0,343.62
O0005847,P025,1,468.74,0.0,336.21
O0005847,P031,2,427.26,0.05,280.07
O0005847,P054,1,150.75,0.08,81.37
O0005847,P091,1,243.43,0.0,159.31
O0005848,P028,1,654.52,0.0,398.69
O0005849,P027,3,632.47,0.0,389.94
O0005849,P006,1,1950.86,0.05,1165.95
O0005849,P017,1,1850.4,0.0,865.7
O0005850,P032,1,194.24,0.0,101.28
O0005851,P038,3,211.76,0.08,156.68
O0005852,P039,1,381.98,0.0,177.24
O0005853,P107,2,238.07,0.05,141.08
O0005854,P043,2,136.5,0.03,73.67
O0005855,P010,1,1171.0,0.05,592.85
O0005856,P070,2,55.72,0.0,29.0
O0005857,P035,2,602.07,0.03,387.73
O0005858,P118,1,77.71,0.0,49.68
O0005858,P081,1,335.64,0.0,192.19
O0005859,P012,1,2208.38,0.0,1409.18
O0005859,P062,1,1525.64,0.0,1095.12
O0005860,P055,1,470.51,0.0,263.87
O0005861,P073,3,566.53,0.05,295.86
O0005861,P003,1,1187.38,0.0,643.39
O0005862,P021,3,343.27,0.0,206.71
O0005862,P063,2,222.51,0.0,104.87
O0005863,P087,3,616.85,0.03,401.88
O0005864,P115,1,94.63,0.0,53.28
O0005864,P099,1,153.36,0.0,100.78
O0005865,P100,3,305.87,0.03,188.56
O0005866,P036,1,249.68,0.0,183.36
O0005867,P080,1,1012.8,0.05,657.03
O0005868,P090,3,172.45,0.12,94.82
O0005869,P032,2,201.9,0.0,101.3
O0005869,P093,2,236.53,0.0,110.09
O0005870,P111,1,40.65,0.0,30.9
O0005871,P025,1,483.75,0.0,336.94
O0005871,P020,1,494.91,0.0,374.13
O0005872,P069,1,1446.78,0.0,844.53
O0005872,P008,1,1795.37,0.0,1097.38
O0005873,P016,1,1446.53,0.0,985.95
O0005874,P018,1,1763.44,0.0,1289.87
O0005875,P075,1,1064.87,0.0,610.15
O0005876,P078,1,888.67,0.0,641.32
O0005877,P103,1,172.47,0.0,126.48
O0005877,P076,1,254.15,0.03,137.23
O0005878,P062,2,1498.33,0.0,1077.31
O0005879,P023,1,283.04,0.03,126.07
O0005880,P045,4,309.8,0.0,215.83
O0005881,P058,1,559.16,0.0,305.56
O0005882,P012,2,2275.79,0.0,1366.84
O0005883,P003,1,1216.19,0.03,651.91
O0005883,P071,1,743.17,0.05,344.81
O0005884,P113,1,110.89,0.0,78.15
O0005885,P034,1,723.67,0.03,353.76
O0005886,P004,1,1771.03,0.03,953.52
O0005887,P034,2,669.66,0.0,336.76
O0005887,P021,1,347.43,0.0,205.09
O0005888,P006,1,1859.88,0.12,1130.83
O0005888,P120,1,142.53,0.08,90.42
O0005889,P118,1,79.5,0.03,49.82
O0005890,P023,1,268.36,0.12,132.59
O0005891,P093,2,223.96,0.0,116.59
O0005891,P090,1,176.4,0.05,95.8
O0005891,P010,1,1129.16,0.03,591.35
O0005892,P027,1,657.71,0.0,373.19
O0005893,P112,2,61.66,0.0,38.17
O0005894,P091,1,230.64,0.03,162.14
O0005895,P004,2,1783.1,0.03,936.32
O0005896,P064,1,548.11,0.0,339.16
O0005896,P043,1,137.41,0.05,74.6
O0005897,P105,1,161.54,0.15,97.07
O0005898,P012,1,2282.6,0.08,1360.67
O0005898,P057,2,209.97,0.0,111.66
O0005899,P096,1,530.06,0.15,339.07
O0005900,P024,1,177.92,0.08,100.69
O0005900,P001,1,305.19,0.05,148.07
O0005901,P102,2,208.84,0.0,151.86
O0005902,P099,1,152.16,0.0,102.86
O0005903,P099,1,158.01,0.03,101.42
O0005904,P055,2,488.37,0.0,259.27
O0005905,P083,1,238.03,0.0,120.36
O0005906,P057,1,212.69,0.0,109.7
O0005907,P031,1,420.95,0.0,286.39
O0005908,P052,1,123.1,0.08,88.6
O0005908,P014,1,236.77,0.03,169.26
O0005909,P072,1,54.12,0.0,34.8
O0005910,P115,1,91.5,0.0,53.62
O0005910,P053,1,87.59,0.05,42.01
O0005911,P094,1,364.52,0.0,191.99
O0005912,P067,1,932.69,0.0,534.0
O0005913,P079,1,779.69,0.0,363.54
O0005913,P034,1,683.39,0.0,350.9
O0005913,P049,3,80.42,0.0,39.0
O0005913,P032,3,194.46,0.0,97.6
O0005914,P078,2,875.91,0.03,662.26
O0005914,P071,1,694.64,0.08,344.48
O0005914,P079,1,779.58,0.0,374.43
O0005915,P109,1,172.4,0.0,109.63
O0005916,P068,1,1207.18,0.0,665.65
O0005917,P010,1,1117.67,0.15,592.62
O0005917,P112,1,64.42,0.12,38.74
O0005918,P060,3,248.57,0.0,177.78
O0005918,P079,1,764.11,0.05,358.13
O0005918,P077,1,46.31,0.0,27.06
O0005919,P110,2,54.38,0.0,27.96
O0005920,P058,2,600.74,0.08,296.99
O0005920,P056,1,371.32,0.03,254.59
O0005921,P025,1,477.71,0.0,326.97
O0005922,P040,2,325.13,0.0,163.11
O0005922,P014,1,239.9,0.0,169.62
O0005923,P002,1,2434.21,0.0,1534.57
O0005924,P049,1,77.91,0.08,39.44
O0005925,P119,3,149.59,0.08,79.73
O0005926,P058,1,570.33,0.0,302.04
O0005927,P016,3,1404.08,0.05,984.26
O0005928,P021,1,345.14,0.08,203.07
O0005929,P018,1,1864.31,0.0,1301.59
O0005930,P078,1,902.03,0.0,653.54
O0005931,P091,1,227.89,0.0,155.65
O0005932,P015,2,1131.39,0.15,751.99
O0005933,P109,1,173.41,0.0,112.81
O0005934,P103,1,167.84,0.0,126.46
O0005934,P081,4,328.64,0.0,184.61
O0005935,P113,1,107.23,0.0,82.47
O0005936,P119,1,140.52,0.0,79.18
O0005937,P017,2,1922.23,0.05,848.27
O0005938,P081,2,334.98,0.0,190.01
O0005938,P042,1,197.54,0.05,117.58
O0005939,P052,1,122.42,0.08,86.66
O0005939,P012,1,2263.41,0.0,1387.71
O0005940,P073,1,581.07,0.05,298.22
O0005941,P025,1,488.86,0.0,341.42
O0005941,P081,1,332.78,0.0,189.87
O0005942,P029,1,186.56,0.05,108.98
O0005943,P035,1,597.23,0.0,379.37
O0005943,P046,1,285.06,0.0,203.05
O0005944,P106,2,202.34,0.0,137.96
O0005944,P093,1,227.38,0.08,113.95
O0005945,P086,1,445.22,0.0,339.45
O0005946,P005,1,2176.16,0.08,1327.18
O0005947,P061,1,80.22,0.05,43.64
O0005948,P110,1,51.04,0.0,27.19
O0005949,P001,1,294.3,0.12,145.31
O0005950,P053,1,84.43,0.0,42.84
O0005951,P089,3,231.73,0.0,107.91
O0005952,P052,1,124.58,0.0,89.29
O0005952,P032,1,200.69,0.0,97.58
O0005952,P030,1,209.44,0.05,157.11
O0005953,P115,4,93.15,0.12,51.55
O0005953,P009,1,113.32,0.0,85.65
O0005953,P074,1,75.08,0.0,42.3
O0005954,P119,1,145.1,0.0,79.52
O0005955,P059,1,158.48,0.12,92.43
O0005956,P055,1,484.19,0.05,270.3
O0005957,P075,3,1038.92,0.05,583.4
O0005958,P009,1,118.0,0.15,83.87
O0005959,P011,2,1326.07,0.0,755.25
O0005959,P094,1,343.67,0.0,187.72
O0005959,P090,2,178.17,0.05,94.48
O0005960,P077,1,46.55,0.05,27.76
O0005960,P108,1,41.51,0.0,20.54
O0005961,P001,2,309.89,0.0,145.71
O0005961,P052,1,119.84,0.0,88.21
O0005962,P095,1,581.5,0.0,298.74
O0005963,P088,1,96.79,0.08,53.03
O0005963,P068,1,1131.72,0.12,647.74
O0005964,P019,1,2130.49,0.0,1396.87
O0005964,P022,2,387.9,0.05,257.09
O0005965,P077,3,48.99,0.05,28.07
O0005966,P036,1,246.95,0.0,173.53
O0005967,P035,1,580.7,0.0,397.69
O0005967,P061,2,83.03,0.0,41.92
O0005967,P079,4,792.51,0.05,367.19
O0005967,P023,1,276.42,0.0,131.85
O0005968,P105,2,151.48,0.0,100.49
O0005968,P089,2,238.49,0.0,105.79
O0005969,P024,3,192.99,0.12,99.54
O0005970,P028,1,630.97,0.03,407.09
O0005971,P004,2,1858.84,0.12,923.16
O0005971,P091,1,235.07,0.05,163.4
O0005972,P097,1,324.83,0.0,215.96
O0005972,P072,1,56.36,0.03,36.1
O0005973,P005,1,2118.16,0.05,1368.2
O0005973,P026,1,167.09,0.0,85.91
O0005974,P018,1,1845.99,0.05,1290.71
O0005974,P043,1,135.79,0.0,74.55
O0005975,P115,1,92.13,0.0,51.18
O0005976,P107,1,230.97,0.0,145.69
O0005977,P011,3,1312.71,0.0,761.66
O0005978,P008,1,1806.56,0.0,1080.41
O0005978,P003,1,1241.98,0.0,644.56
O0005978,P080,2,1016.91,0.0,690.06
O0005979,P096,1,553.09,0.12,343.65
O0005979,P110,3,55.71,0.12,27.83
O0005979,P070,1,56.26,0.05,28.98
O0005980,P034,1,686.19,0.0,337.19
O0005981,P035,1,585.15,0.0,380.83
O0005981,P087,3,573.08,0.08,411.4
O0005982,P064,1,538.27,0.05,344.32
O0005983,P076,1,279.5,0.05,136.69
O0005984,P035,2,596.64,0.0,392.15
O0005985,P030,2,206.89,0.03,157.91
O0005986,P075,1,1033.12,0.03,580.88
O0005986,P052,1,118.53,0.0,86.39
O0005987,P080,2,1028.59,0.0,682.73
O0005988,P009,1,117.24,0.0,84.38
O0005988,P086,1,442.08,0.12,330.87
O0005989,P077,1,46.74,0.0,27.59
O0005990,P064,1,565.98,0.12,332.88
O0005991,P091,1,238.74,0.0,162.31
O0005991,P007,1,528.03,0.0,289.19
O0005991,P090,1,169.68,0.15,97.04
O0005991,P019,1,2044.74,0.05,1452.58
O0005992,P024,2,188.61,0.0,96.36
O0005993,P021,2,356.48,0.0,202.32
O0005993,P073,1,607.39,0.0,293.4
O0005994,P096,1,502.72,0.0,347.7
O0005995,P048,1,494.19,0.05,293.25
O0005996,P093,3,230.52,0.08,111.71
O0005996,P026,3,171.07,0.03,86.39
O0005997,P074,1,71.97,0.0,41.21
O0005998,P108,1,43.31,0.0,20.61
O0005999,P014,1,226.66,0.05,162.72
O0006000,P117,2,127.99,0.0,95.88
O0006000,P020,2,529.13,0.08,362.75
O0006000,P004,1,1868.19,0.08,929.1
O0006001,P073,1,568.14,0.0,302.92
O0006001,P054,1,158.3,0.0,80.01
O0006002,P085,2,290.1,0.0,198.18
O0006003,P025,1,466.14,0.08,333.89
O0006004,P093,1,237.16,0.0,114.67
O0006005,P008,1,1928.51,0.0,1065.62
O0006006,P114,2,129.08,0.0,60.58
O0006007,P118,4,76.15,0.03,48.15
O0006007,P031,3,417.62,0.0,284.33
O0006008,P087,1,588.2,0.03,415.62
O0006009,P120,1,144.97,0.0,88.71
O0006009,P100,2,291.61,0.0,181.02
O0006010,P113,1,108.11,0.0,78.28
O0006011,P119,1,144.1,0.05,78.54
O0006012,P056,1,381.38,0.03,253.35
O0006013,P011,3,1267.19,0.0,747.58
O0006013,P030,1,214.13,0.0,155.74
O0006014,P120,1,151.35,0.0,90.25
O0006015,P025,1,472.21,0.0,337.22
O0006016,P059,2,159.14,0.0,96.12
O0006016,P066,2,479.41,0.08,272.88
O0006017,P014,1,224.16,0.08,167.14
O0006018,P022,2,408.94,0.0,247.97
O0006018,P059,2,166.38,0.15,92.53
O0006019,P058,2,611.73,0.0,309.24
O0006019,P017,1,1960.32,0.05,877.33
O0006020,P039,3,374.21,0.05,172.6
O0006020,P032,1,189.02,0.05,101.91
O0006020,P006,1,1960.84,0.0,1112.2
O0006021,P053,1,85.91,0.03,41.18
O0006022,P016,1,1395.8,0.15,955.28
O0006023,P067,2,925.89,0.03,557.2
O0006024,P038,1,209.6,0.12,158.14
O0006025,P059,1,157.95,0.05,91.99
O0006026,P001,2,300.87,0.0,147.53
O0006026,P055,2,481.49,0.0,264.56
O0006026,P003,1,1207.31,0.0,657.64
O0006027,P034,1,699.69,0.03,349.78
O0006027,P112,1,64.78,0.0,37.71
O0006028,P110,1,55.11,0.0,27.78
O0006029,P063,2,231.88,0.0,103.94
O0006029,P115,1,89.4,0.03,54.26
O0006030,P067,2,957.23,0.0,543.29
O0006031,P015,1,1194.93,0.0,752.03
O0006031,P115,2,92.32,0.0,51.89
O0006031,P096,3,502.6,0.0,347.77
O0006032,P024,2,192.81,0.05,99.88
O0006033,P049,1,80.22,0.0,37.86
O0006034,P009,1,119.14,0.08,84.04
O0006034,P014,1,231.85,0.0,166.29
O0006034,P066,4,493.45,0.15,272.66
O0006035,P028,1,616.18,0.05,420.22
O0006035,P037,1,39.45,0.0,21.44
O0006036,P076,2,276.44,0.0,132.91
O0006037,P030,1,214.99,0.0,158.23
O0006038,P013,1,566.32,0.15,352.66
O0006038,P002,1,2468.99,0.0,1469.38
O0006039,P097,2,320.94,0.0,209.77
O0006039,P022,1,396.56,0.03,259.31
O0006039,P042,1,184.35,0.0,120.55
O0006040,P059,1,161.09,0.0,94.07
O0006041,P050,2,245.85,0.08,146.98
O0006041,P009,2,120.62,0.08,85.33
O0006042,P081,1,356.63,0.0,186.01
O0006042,P064,1,539.22,0.0,336.3
O0006043,P008,1,1911.79,0.0,1059.03
O0006044,P097,1,310.14,0.03,212.99
O0006045,P031,1,442.14,0.08,293.49
O0006046,P097,1,327.34,0.0,207.56
O0006046,P002,1,2436.41,0.0,1523.82
O0006047,P041,2,101.43,0.0,54.62
O0006048,P006,1,1846.68,0.08,1134.25
O0006049,P087,1,590.31,0.0,418.51
O0006050,P102,1,211.65,0.03,151.92
O0006051,P056,1,358.17,0.0,264.26
O0006051,P091,1,238.76,0.0,160.66
O0006052,P034,1,690.95,0.05,347.96
O0006053,P060,1,250.27,0.08,180.63
O0006054,P085,2,282.2,0.0,195.28
O0006055,P001,2,288.27,0.0,149.21
O0006056,P096,1,528.82,0.03,338.82
O0006057,P051,1,198.0,0.0,96.96
O0006058,P036,1,244.16,0.0,175.14
O0006059,P024,2,177.17,0.05,100.08
O0006060,P059,1,164.76,0.0,94.56
O0006061,P067,2,918.28,0.12,553.05
O0006062,P013,2,576.16,0.05,352.93
O0006062,P099,1,160.59,0.0,100.54
O0006063,P062,1,1450.97,0.0,1066.71
O0006064,P035,1,578.96,0.08,396.85
O0006065,P023,2,262.0,0.0,129.97
O0006066,P007,2,573.1,0.0,298.44
O0006067,P078,1,867.28,0.0,658.88
O0006067,P005,1,2089.37,0.08,1318.75
O0006067,P032,1,188.5,0.0,98.19
O0006068,P105,1,157.19,0.03,98.34
O0006068,P006,3,1858.42,0.0,1132.47
O0006068,P016,1,1421.02,0.0,976.86
O0006069,P036,1,238.03,0.0,179.52
O0006070,P026,1,160.66,0.03,82.73
O0006071,P106,1,202.61,0.0,136.72
O0006072,P029,2,185.07,0.0,108.63
O0006073,P037,1,36.96,0.0,21.63
O0006074,P031,1,445.68,0.08,291.78
O0006075,P088,1,94.04,0.05,54.59
O0006075,P092,3,644.67,0.0,388.5
O0006075,P018,1,1825.4,0.0,1336.76
O0006076,P100,1,291.8,0.05,181.68
O0006076,P065,1,1082.09,0.0,598.98
O0006077,P028,1,655.81,0.0,410.11
O0006078,P036,1,250.35,0.0,180.82
O0006079,P020,1,493.92,0.0,363.38
O0006080,P079,2,793.45,0.0,359.45
O0006080,P012,2,2245.28,0.08,1394.02
O0006081,P045,2,314.81,0.0,215.95
O0006082,P071,1,717.85,0.0,348.06
O0006082,P110,1,51.26,0.0,27.6
O0006083,P060,2,249.66,0.05,177.88
O0006084,P082,1,116.2,0.08,67.23
O0006085,P004,1,1850.34,0.0,949.1
O0006086,P019,2,2092.78,0.05,1474.88
O0006087,P106,2,203.86,0.05,130.77
O0006088,P057,2,201.33,0.0,110.67
O0006088,P029,1,179.67,0.03,109.25
O0006089,P097,1,331.48,0.05,215.13
O0006090,P044,1,324.67,0.03,222.22
O0006091,P038,1,208.56,0.12,150.54
O0006091,P037,1,37.75,0.03,21.27
O0006091,P055,1,490.46,0.08,267.21
O0006092,P085,3,282.94,0.0,202.12
O0006093,P092,1,664.94,0.0,389.8
O0006094,P056,2,387.74,0.03,254.13
O0006095,P087,2,577.94,0.0,409.45
O0006096,P030,4,204.54,0.0,158.63
O0006097,P112,1,64.31,0.15,38.56
O0006098,P046,3,283.39,0.12,194.04
O0006099,P109,2,176.18,0.0,109.8
O0006100,P064,2,524.27,0.0,341.12
O0006100,P052,1,120.9,0.0,86.61
O0006100,P049,1,79.34,0.0,39.94
O0006101,P011,1,1287.4,0.05,777.71
O0006102,P044,2,318.89,0.0,223.24
O0006103,P103,3,164.08,0.0,127.26
O0006104,P037,1,37.82,0.0,21.22
O0006105,P087,1,590.35,0.03,419.19
O0006106,P014,3,228.13,0.0,161.7
O0006107,P005,2,2098.8,0.0,1310.83
O0006108,P036,1,244.92,0.0,179.43
O0006108,P058,1,576.3,0.08,295.35
O0006108,P003,1,1249.07,0.0,670.27
O0006109,P061,1,82.79,0.12,42.25
O0006109,P030,1,216.84,0.05,156.43
O0006110,P017,1,1848.47,0.08,891.6
O0006111,P027,1,651.61,0.0,391.09
O0006111,P108,1,41.87,0.15,20.55
O0006111,P092,2,656.96,0.0,395.72
O0006112,P023,1,287.64,0.0,131.51
O0006113,P092,1,637.45,0.0,388.76
O0006114,P016,1,1417.82,0.0,977.49
O0006114,P112,2,59.57,0.05,36.95
O0006115,P058,1,595.92,0.05,295.93
O0006115,P085,1,291.96,0.15,199.9
O0006115,P079,2,775.41,0.0,354.03
O0006116,P035,1,619.18,0.15,395.76
O0006117,P020,1,510.06,0.0,358.51
O0006117,P029,1,183.83,0.05,109.27
O0006118,P049,4,79.01,0.0,38.41
O0006119,P015,1,1127.92,0.0,736.25
O0006120,P033,1,114.65,0.05,52.79
O0006121,P113,1,110.3,0.03,80.02
O0006122,P060,1,250.56,0.05,173.75
O0006122,P019,4,2019.21,0.0,1450.74
O0006122,P065,1,1054.43,0.05,630.51
O0006122,P080,1,984.87,0.0,686.55
O0006123,P068,1,1211.82,0.0,657.76
O0006124,P076,1,271.7,0.03,132.67
O0006125,P113,1,110.92,0.0,79.41
O0006125,P075,1,1025.55,0.0,576.72
O0006126,P055,2,453.92,0.08,269.66
O0006127,P001,4,292.55,0.0,144.97
O0006128,P033,1,118.25,0.08,50.92
O0006129,P096,1,503.34,0.03,349.15
O0006129,P094,1,355.46,0.08,185.55
O0006130,P089,2,233.8,0.05,110.9
O0006130,P001,2,301.13,0.08,144.97
O0006131,P080,1,1020.78,0.0,674.0
O0006132,P070,1,51.95,0.12,28.74
O0006132,P071,1,746.38,0.0,339.64
O0006132,P006,3,2022.7,0.0,1171.69
O0006133,P046,1,282.65,0.03,198.06
O0006134,P079,2,803.87,0.0,374.98
O0006135,P092,1,614.79,0.0,402.6
O0006135,P077,1,45.85,0.0,28.62
O0006136,P062,1,1526.93,0.0,1100.67
O0006137,P093,3,238.38,0.12,116.15
O0006137,P095,1,597.27,0.12,313.23
O0006138,P015,1,1172.73,0.0,737.01
O0006139,P013,1,545.91,0.08,353.37
O0006140,P030,1,212.98,0.03,157.59
O0006141,P005,3,2028.87,0.08,1308.78
O0006142,P048,1,495.62,0.0,301.47
O0006142,P032,1,192.5,0.05,102.11
O0006143,P066,1,467.62,0.05,270.9
O0006144,P097,1,329.06,0.03,211.08
O0006145,P016,1,1468.97,0.08,970.89
O0006146,P111,3,40.64,0.0,31.32
O0006146,P049,1,75.94,0.03,39.21
O0006147,P047,1,305.47,0.0,202.19
O0006148,P016,2,1383.52,0.0,978.43
O0006148,P101,1,29.75,0.0,17.2
O0006149,P030,2,208.17,0.05,154.33
O0006149,P031,1,426.86,0.0,293.32
O0006149,P059,1,169.27,0.0,94.64
O0006150,P047,1,297.88,0.0,205.68
O0006151,P091,3,232.59,0.03,160.82
O0006152,P047,1,300.02,0.0,200.52
O0006153,P039,2,371.57,0.0,174.24
O0006153,P014,1,221.39,0.0,170.85
O0006153,P034,3,667.78,0.12,347.34
O0006153,P071,1,738.5,0.0,343.87
O0006154,P013,1,544.02,0.15,366.52
O0006154,P023,1,278.68,0.0,128.87
O0006154,P009,1,120.8,0.0,86.48
O0006155,P115,1,92.77,0.0,51.81
O0006156,P053,1,83.52,0.0,40.57
O0006157,P052,1,117.01,0.0,86.65
O0006158,P048,1,534.58,0.03,298.21
O0006159,P011,1,1303.45,0.05,767.96
O0006160,P005,2,2230.26,0.0,1325.26
O0006161,P014,1,238.2,0.12,163.01
O0006161,P085,1,294.72,0.12,197.36
O0006161,P079,3,777.82,0.08,372.35
O0006162,P109,1,167.31,0.0,114.95
O0006163,P112,3,62.39,0.0,38.38
O0006164,P075,4,1068.94,0.0,581.12
O0006165,P064,1,571.54,0.0,329.38
O0006166,P070,1,51.53,0.0,27.69
O0006166,P011,1,1322.95,0.0,753.04
O0006167,P107,2,229.92,0.0,141.74
O0006168,P022,2,396.49,0.0,250.68
O0006169,P038,2,200.96,0.05,152.21
O0006169,P108,1,44.68,0.12,19.53
O0006170,P052,1,117.32,0.03,88.08
O0006171,P106,1,213.17,0.0,136.3
O0006171,P002,1,2362.09,0.0,1509.58
O0006172,P040,1,316.39,0.0,166.89
O0006173,P068,1,1171.3,0.0,644.53
O0006174,P098,1,32.05,0.0,22.8
O0006175,P062,1,1442.09,0.0,1051.32
O0006176,P105,2,155.82,0.0,101.2
O0006176,P067,1,928.48,0.12,557.08
O0006177,P112,1,63.92,0.0,36.62
O0006177,P016,1,1468.93,0.08,985.45
O0006177,P029,1,197.15,0.0,114.92
O0006178,P066,1,493.66,0.0,264.22
O0006179,P025,1,456.34,0.0,343.07
O0006180,P021,1,348.25,0.0,201.68
O0006181,P024,1,183.26,0.08,97.21
O0006182,P010,2,1173.81,0.0,615.97
O0006183,P022,1,385.49,0.12,251.98
O0006183,P107,1,220.19,0.0,147.23
O0006184,P028,2,603.95,0.0,417.3
O0006185,P039,1,387.13,0.0,171.62
O0006186,P037,1,37.66,0.05,21.36
O0006187,P080,2,1004.81,0.0,679.69
O0006188,P086,3,437.67,0.0,336.03
O0006188,P119,2,145.68,0.05,77.77
O0006188,P032,1,199.88,0.0,100.19
O0006189,P116,1,105.43,0.08,51.91
O0006190,P087,2,625.63,0.0,418.88
O0006190,P037,1,38.01,0.0,21.19
O0006190,P013,2,577.23,0.03,360.45
O0006191,P118,1,75.55,0.05,49.0
O0006192,P035,1,608.14,0.05,378.04
O0006193,P096,1,513.94,0.12,341.55
O0006194,P017,2,1929.53,0.12,884.13
O0006195,P021,1,366.58,0.05,205.02
O0006196,P023,4,264.87,0.0,127.98
O0006196,P108,2,44.13,0.0,19.62
O0006197,P031,1,422.24,0.05,290.6
O0006197,P108,2,43.18,0.0,20.47
O0006198,P012,1,2153.38,0.0,1391.86
O0006198,P087,1,579.67,0.0,407.89
O0006198,P039,1,351.65,0.0,178.8
O0006199,P063,1,221.87,0.05,101.67
O0006200,P025,1,452.24,0.0,325.27
O0006201,P116,1,106.82,0.0,49.37
O0006202,P068,1,1117.63,0.0,666.09
O0006202,P109,2,176.88,0.0,110.56
O0006202,P117,1,124.92,0.0,91.34
O0006202,P106,1,214.04,0.0,137.51
O0006203,P030,1,197.62,0.0,158.64
O0006204,P015,2,1233.47,0.05,745.58
O0006205,P044,1,323.3,0.0,225.8
O0006205,P059,1,170.07,0.03,96.99
O0006206,P058,1,596.78,0.0,303.17
O0006207,P034,1,704.0,0.0,349.32
O0006208,P045,2,302.27,0.0,213.11
O0006209,P008,2,1881.65,0.05,1095.16
O0006210,P051,1,205.05,0.0,94.42
O0006210,P010,1,1122.29,0.0,600.62
O0006211,P018,2,1785.18,0.03,1311.17
O0006212,P108,1,42.47,0.0,20.52
O0006213,P002,1,2434.53,0.0,1539.58
O0006214,P042,1,203.17,0.0,121.28
O0006215,P094,1,344.36,0.0,189.77
O0006216,P033,3,112.07,0.12,53.92
O0006217,P100,2,303.75,0.0,188.48
O0006218,P096,1,536.42,0.0,337.03
O0006218,P066,2,472.21,0.0,263.33
O0006218,P097,1,315.45,0.0,214.76
O0006218,P111,1,44.47,0.15,32.63
O0006219,P020,1,533.54,0.12,369.63
O0006220,P085,1,299.84,0.0,199.45
O0006221,P048,1,494.07,0.08,296.2
O0006222,P056,1,370.35,0.03,263.81
O0006222,P017,1,1839.47,0.05,848.43
O0006223,P053,1,82.49,0.03,41.67
O0006223,P095,1,594.81,0.0,301.91
O0006224,P011,2,1326.31,0.05,776.4
O0006224,P031,1,449.56,0.0,292.23
O0006224,P049,2,78.59,0.0,38.47
O0006225,P020,2,525.83,0.0,366.9
O0006226,P070,1,55.93,0.12,27.55
O0006227,P012,1,2260.24,0.03,1391.04
O0006228,P079,3,804.81,0.05,358.19
O0006228,P075,2,1064.96,0.12,576.48
O0006229,P041,3,102.29,0.0,53.22
O0006230,P069,1,1441.52,0.08,859.06
O0006231,P069,1,1440.1,0.0,823.06
O0006231,P077,1,47.12,0.0,28.28
O0006232,P003,1,1230.46,0.0,670.99
O0006233,P001,1,297.24,0.03,151.93
O0006234,P073,2,594.23,0.15,291.35
O0006234,P115,1,93.73,0.0,53.46
O0006235,P049,1,74.97,0.03,37.9
O0006235,P072,1,57.38,0.0,36.61
O0006236,P003,1,1256.38,0.0,644.74
O0006237,P039,1,360.85,0.0,178.62
O0006238,P118,1,75.71,0.0,49.55
O0006238,P039,1,387.08,0.08,170.51
O0006238,P119,1,141.87,0.0,78.84
O0006238,P109,3,176.83,0.0,111.64
O0006239,P077,2,45.6,0.0,27.23
O0006240,P111,2,43.75,0.03,32.4
O0006240,P097,2,314.41,0.05,216.92
O0006241,P017,1,1859.14,0.0,879.26
O0006242,P067,1,901.59,0.12,537.14
O0006243,P071,1,707.24,0.0,338.31
O0006244,P024,1,187.99,0.0,100.69
O0006245,P077,1,49.54,0.0,27.97
O0006245,P083,2,234.44,0.15,122.51
O0006246,P029,1,185.09,0.08,113.1
O0006246,P040,1,333.24,0.0,163.65
O0006247,P008,1,1942.59,0.0,1094.94
O0006248,P065,1,1031.03,0.03,608.14
O0006248,P050,1,246.43,0.03,145.49
O0006249,P036,2,248.8,0.0,175.52
O0006250,P107,1,237.93,0.12,141.24
O0006251,P106,1,202.12,0.12,132.87
O0006251,P064,3,553.53,0.0,338.76
O0006251,P059,1,163.09,0.05,94.63
O0006252,P084,2,472.6,0.0,328.07
O0006253,P013,1,535.71,0.0,351.75
O0006253,P108,1,43.76,0.12,19.69
O0006254,P028,3,640.24,0.0,418.38
O0006254,P085,1,280.53,0.0,195.76
O0006255,P050,1,246.18,0.0,144.08
O0006256,P092,2,633.05,0.12,394.11
O0006257,P061,1,83.95,0.08,41.83
O0006258,P116,2,102.61,0.15,49.99
O0006259,P011,1,1317.52,0.0,789.16
O0006260,P068,1,1202.96,0.03,644.93
O0006261,P076,2,271.59,0.0,138.64
O0006262,P015,3,1196.33,0.05,730.86
O0006263,P031,1,444.85,0.0,278.77
O0006264,P065,2,1081.86,0.0,615.27
O0006264,P006,1,1869.22,0.0,1152.44
O0006265,P075,1,1008.99,0.08,576.2
O0006266,P010,1,1109.04,0.12,612.73
O0006267,P014,1,224.86,0.0,165.98
O0006268,P039,2,360.23,0.05,175.14
O0006269,P088,1,98.86,0.0,53.57
O0006269,P100,2,313.13,0.03,190.34
O0006270,P003,1,1209.26,0.05,658.7
O0006271,P066,2,458.97,0.05,261.78
O0006272,P050,3,245.03,0.08,144.63
O0006272,P069,2,1475.14,0.0,840.94
O0006273,P119,1,139.26,0.0,80.67
O0006274,P065,1,1047.17,0.05,612.48
O0006275,P040,2,337.45,0.0,171.16
O0006276,P022,1,392.18,0.05,256.84
O0006276,P066,1,450.74,0.05,273.32
O0006277,P031,2,419.35,0.0,292.45
O0006278,P053,1,88.24,0.05,41.73
O0006279,P017,1,1793.43,0.0,876.56
O0006279,P058,1,565.23,0.03,305.28
O0006280,P072,3,55.52,0.0,36.22
O0006281,P031,1,447.7,0.0,285.99
O0006281,P007,1,561.62,0.0,303.78
O0006282,P028,1,626.26,0.0,404.06
O0006283,P069,1,1469.18,0.0,836.77
O0006284,P112,1,60.04,0.0,38.09
O0006284,P106,1,207.41,0.0,134.87
O0006285,P024,3,177.04,0.0,98.94
O0006286,P080,1,1021.67,0.0,689.08
O0006287,P097,1,309.0,0.0,212.88
O0006287,P037,3,39.1,0.0,21.69
O0006287,P078,3,873.32,0.0,637.3
O0006288,P063,1,233.1,0.03,99.81
O0006289,P017,1,1921.88,0.0,889.23
O0006289,P051,1,201.14,0.12,95.59
O0006290,P067,1,920.23,0.08,547.27
O0006290,P039,2,364.27,0.0,174.73
O0006290,P013,1,572.87,0.03,353.27
O0006291,P067,1,958.5,0.05,532.63
O0006291,P064,2,562.2,0.03,328.64
O0006291,P046,1,270.74,0.0,196.78
O0006292,P050,1,246.47,0.03,144.66
O0006293,P116,3,100.58,0.03,49.19
O0006293,P044,1,316.23,0.08,226.97
O0006293,P023,1,274.12,0.0,128.23
O0006294,P076,2,254.05,0.0,137.45
O0006295,P046,2,276.52,0.03,201.78
O0006296,P105,1,152.56,0.0,96.66
O0006297,P056,1,371.37,0.08,252.48
O0006298,P020,1,525.91,0.05,368.78
O0006298,P060,1,254.38,0.0,173.07
O0006299,P035,1,595.14,0.05,392.04
O0006300,P007,2,574.99,0.0,290.84
O0006301,P083,1,235.02,0.03,123.59
O0006301,P095,2,580.61,0.0,314.98
O0006301,P116,2,104.41,0.08,51.92
O0006302,P117,1,123.94,0.0,92.73
O0006303,P063,1,222.16,0.15,100.28
O0006304,P007,1,568.0,0.0,295.53
O0006304,P003,1,1221.43,0.0,644.3
O0006305,P075,1,1041.73,0.0,608.42
O0006305,P095,1,589.16,0.0,307.14
O0006306,P111,1,42.23,0.0,31.99
O0006307,P058,1,574.89,0.0,299.81
O0006308,P009,1,120.04,0.05,86.18
O0006309,P074,1,73.73,0.0,41.73
O0006309,P055,1,463.29,0.0,269.35
O0006310,P029,1,185.27,0.0,112.15
O0006311,P021,1,366.52,0.0,199.13
O0006312,P012,2,2286.11,0.0,1340.02
O0006313,P116,1,101.4,0.03,49.21
O0006314,P083,2,234.29,0.08,122.65
O0006315,P096,1,504.96,0.05,354.86
O0006316,P088,1,98.04,0.05,55.73
O0006316,P049,1,78.41,0.03,39.39
O0006317,P036,4,238.02,0.0,180.13
O0006318,P039,3,378.54,0.0,177.3
O0006319,P118,1,75.76,0.0,47.34
O0006319,P020,1,503.63,0.08,359.21
O0006320,P001,1,309.0,0.0,151.77
O0006321,P087,2,572.9,0.0,412.27
O0006322,P098,2,33.29,0.0,23.05
O0006323,P115,1,95.11,0.0,51.61
O0006324,P027,1,601.68,0.08,388.31
O0006324,P018,1,1864.4,0.0,1264.02
O0006325,P047,1,295.29,0.0,202.37
O0006325,P030,3,214.02,0.0,158.07
O0006325,P015,1,1160.19,0.08,757.5
O0006326,P079,1,786.23,0.12,362.02
O0006327,P024,1,182.8,0.0,96.44
O0006328,P033,1,111.62,0.0,51.07
O0006328,P112,1,61.11,0.03,38.4
O0006329,P090,3,173.63,0.0,93.99
O0006329,P057,1,213.23,0.05,110.72
O0006330,P001,2,297.21,0.03,151.56
O0006331,P050,1,234.93,0.08,141.71
O0006331,P066,1,485.34,0.03,263.59
O0006332,P005,1,2101.94,0.0,1346.28
O0006333,P029,1,187.94,0.0,108.68
O0006334,P094,1,356.95,0.0,191.86
O0006335,P055,1,459.16,0.0,263.96
O0006336,P105,1,158.44,0.03,96.76
O0006336,P026,1,172.65,0.0,85.91
O0006336,P108,2,44.96,0.03,20.22
O0006337,P030,1,212.11,0.0,151.44
O0006337,P045,1,309.08,0.0,219.03
O0006338,P060,1,265.94,0.0,175.66
O0006339,P082,1,119.33,0.03,67.34
O0006340,P085,2,299.78,0.0,205.36
O0006341,P036,1,244.93,0.0,179.83
O0006341,P056,1,370.07,0.0,262.95
O0006341,P066,1,486.87,0.15,271.39
O0006341,P081,1,343.2,0.0,189.48
O0006342,P065,3,1088.75,0.0,624.34
O0006343,P061,3,85.82,0.03,43.6
O0006343,P039,1,371.01,0.0,176.67
O0006344,P073,1,597.58,0.15,307.79
O0006345,P074,1,77.86,0.08,42.02
O0006346,P068,1,1142.34,0.0,662.82
O0006346,P056,2,390.11,0.0,251.61
O0006346,P005,2,2108.52,0.03,1302.44
O0006347,P071,2,712.51,0.05,340.03
O0006347,P113,2,108.22,0.12,79.77
O0006348,P120,2,144.46,0.15,90.31
O0006349,P095,2,604.87,0.12,306.16
O0006350,P111,1,41.14,0.0,32.03
O0006351,P094,1,350.24,0.03,185.14
O0006352,P019,1,2196.39,0.0,1470.73
O0006353,P031,1,433.59,0.05,289.15
O0006354,P057,1,220.4,0.0,110.77
O0006355,P104,2,230.0,0.0,132.06
O0006355,P008,3,1806.79,0.12,1101.76
O0006356,P029,3,181.71,0.0,112.08
O0006356,P061,2,78.53,0.12,42.22
O0006357,P016,3,1399.06,0.03,956.76
O0006358,P053,1,88.4,0.0,42.28
O0006359,P116,1,104.4,0.08,50.35
O0006360,P097,1,309.37,0.0,208.64
O0006361,P022,1,385.73,0.05,249.9
O0006362,P067,3,891.95,0.0,549.25
O0006363,P030,1,203.63,0.12,152.2
O0006364,P061,1,81.57,0.08,42.93
O0006365,P012,1,2191.34,0.0,1371.63
O0006366,P006,1,2020.82,0.0,1133.44
O0006367,P081,1,342.78,0.0,188.67
O0006368,P047,2,309.54,0.05,205.69
O0006368,P045,1,329.01,0.0,214.05
O0006368,P020,1,499.62,0.05,372.92
O0006369,P078,3,849.25,0.0,645.47
O0006369,P103,1,171.59,0.03,128.54
O0006370,P035,1,571.25,0.15,379.81
O0006370,P047,1,300.37,0.0,207.56
O0006371,P038,3,203.49,0.05,155.69
O0006371,P080,2,1014.57,0.0,676.09
O0006372,P064,1,525.49,0.05,343.75
O0006373,P057,2,210.77,0.0,113.22
O0006374,P081,1,349.35,0.0,184.92
O0006375,P022,1,372.04,0.03,253.24
O0006375,P075,1,1052.59,0.05,606.95
O0006375,P087,2,612.86,0.0,401.3
O0006376,P011,1,1327.13,0.0,748.56
O0006377,P015,1,1185.39,0.0,723.05
O0006378,P062,1,1424.66,0.0,1093.04
O0006379,P039,2,368.72,0.0,175.09
O0006380,P105,2,160.65,0.05,101.79
O0006380,P014,1,236.56,0.0,167.74
O0006380,P103,1,175.13,0.08,127.27
O0006381,P013,1,539.92,0.05,369.29
O0006382,P009,1,121.21,0.0,86.9
O0006382,P054,1,149.05,0.08,80.89
O0006383,P072,1,53.2,0.0,35.02
O0006384,P040,1,333.39,0.03,165.73
O0006385,P120,1,147.63,0.0,91.15
O0006385,P065,1,1103.18,0.03,600.15
O0006385,P051,1,191.89,0.0,95.66
O0006386,P032,1,195.5,0.0,100.89
O0006386,P058,1,603.62,0.0,293.86
O0006387,P015,1,1150.68,0.03,725.52
O0006387,P064,1,526.51,0.0,344.64
O0006387,P003,1,1224.27,0.0,648.9
O0006387,P031,2,444.02,0.0,289.51
O0006388,P003,1,1274.19,0.0,650.81
O0006389,P073,1,557.99,0.0,291.68
O0006389,P048,2,489.95,0.08,295.71
O0006389,P034,4,683.91,0.05,335.62
O0006390,P096,2,523.74,0.0,343.51
O0006391,P009,2,120.3,0.05,86.5
O0006392,P023,2,277.42,0.0,126.55
O0006393,P051,3,196.14,0.08,95.76
O0006393,P024,1,188.21,0.0,97.17
O0006394,P060,1,270.37,0.0,180.39
O0006395,P007,1,533.27,0.0,300.59
O0006396,P104,1,216.86,0.0,133.56
O0006397,P034,3,657.05,0.0,348.21
O0006398,P077,1,49.63,0.03,28.12
O0006399,P004,1,1761.76,0.0,935.53
O0006400,P076,1,261.41,0.15,140.21
O0006401,P017,1,1830.85,0.08,855.11
O0006402,P048,1,484.71,0.0,298.82
O0006402,P066,2,474.37,0.03,261.66
O0006403,P039,2,380.7,0.0,173.07
O0006404,P071,1,756.64,0.05,346.77
O0006405,P032,2,204.72,0.0,99.64
O0006406,P062,1,1506.48,0.0,1102.1
O0006407,P116,1,102.02,0.08,49.53
O0006408,P061,2,79.14,0.12,43.43
O0006409,P017,2,1809.16,0.0,867.33
O0006410,P115,1,89.62,0.08,51.87
O0006411,P017,3,1900.87,0.03,853.68
O0006412,P097,1,313.59,0.0,216.49
O0006413,P107,2,229.67,0.0,147.53
O0006413,P036,1,252.14,0.12,173.56
O0006414,P094,1,337.61,0.0,184.87
O0006415,P112,1,64.77,0.0,38.0
O0006415,P105,1,147.99,0.08,96.52
O0006416,P038,1,199.79,0.03,158.92
O0006417,P026,2,171.79,0.03,84.23
O0006418,P086,1,475.66,0.08,339.27
O0006418,P039,2,365.92,0.03,173.72
O0006418,P119,3,150.77,0.0,80.46
O0006419,P120,1,149.3,0.0,90.64
O0006419,P015,2,1158.34,0.12,728.79
O0006419,P019,2,2037.09,0.08,1481.34
O0006419,P023,1,263.21,0.0,129.27
O0006420,P077,2,45.93,0.08,28.47
O0006421,P022,1,374.25,0.0,258.65
O0006422,P009,1,112.73,0.0,84.54
O0006422,P113,1,116.52,0.0,78.94
O0006423,P038,3,210.4,0.0,154.14
O0006424,P104,2,215.24,0.0,132.92
O0006425,P030,1,202.63,0.0,158.25
O0006426,P078,1,910.51,0.0,660.41
O0006426,P091,1,225.61,0.0,163.91
O0006426,P021,2,336.75,0.03,203.69
O0006427,P016,1,1482.04,0.15,976.0
O0006428,P009,1,123.23,0.0,84.27
O0006429,P088,2,102.58,0.05,54.91
O0006429,P085,1,291.43,0.05,202.01
O0006430,P112,1,59.89,0.0,38.74
O0006430,P013,2,584.09,0.08,368.08
O0006431,P035,2,569.49,0.05,378.76
O0006432,P061,1,80.35,0.03,43.08
O0006432,P031,1,435.17,0.12,294.14
O0006433,P101,1,29.47,0.03,17.1
O0006434,P043,1,138.9,0.03,75.39
O0006435,P088,1,101.58,0.0,53.7
O0006436,P063,1,217.91,0.08,103.33
O0006437,P014,3,232.14,0.08,171.3
O0006437,P068,1,1200.86,0.12,660.43
O0006438,P097,1,331.19,0.0,215.93
O0006439,P022,3,396.41,0.08,249.35
O0006440,P017,3,1813.68,0.0,861.09
O0006440,P052,1,119.15,0.0,86.64
O0006440,P010,1,1180.87,0.08,611.92
O0006441,P061,1,78.94,0.08,41.5
O0006441,P025,1,492.25,0.05,324.57
O0006441,P077,1,49.63,0.0,27.26
O0006442,P028,1,630.76,0.03,410.03
O0006442,P070,1,53.11,0.0,28.04
O0006443,P049,2,77.0,0.05,39.47
O0006443,P019,2,2007.06,0.0,1462.71
O0006444,P029,2,195.37,0.05,112.26
O0006445,P079,1,762.58,0.0,357.5
O0006446,P096,1,518.81,0.0,346.21
O0006446,P059,1,160.65,0.05,93.94
O0006446,P088,1,102.37,0.0,55.06
O0006446,P095,2,578.83,0.05,315.52
O0006447,P016,1,1449.49,0.05,992.38
O0006447,P086,1,444.97,0.0,334.03
O0006448,P079,2,771.16,0.03,364.41
O0006448,P002,1,2497.92,0.08,1531.59
O0006449,P068,1,1148.33,0.05,664.09
O0006450,P008,2,1852.41,0.0,1048.33
O0006451,P039,1,359.64,0.0,178.62
O0006451,P089,1,221.64,0.03,108.39
O0006452,P004,2,1809.79,0.03,912.2
O0006453,P117,1,125.16,0.12,94.41
O0006454,P118,1,80.83,0.03,47.7
O0006454,P072,1,56.66,0.0,35.23
O0006454,P061,1,79.24,0.03,41.31
O0006454,P025,1,485.86,0.0,324.71
O0006455,P033,1,110.18,0.0,51.6
O0006456,P042,2,187.04,0.0,119.95
O0006457,P022,2,390.2,0.0,245.74
O0006458,P031,3,419.73,0.05,278.09
O0006458,P049,1,76.36,0.0,39.31
O0006459,P034,2,687.27,0.0,350.24
O0006459,P026,1,161.17,0.05,82.66
O0006460,P056,1,389.43,0.0,259.26
O0006460,P018,2,1729.52,0.05,1289.77
O0006461,P030,1,207.44,0.03,153.61
O0006462,P043,1,135.91,0.03,75.99
O0006463,P012,1,2287.32,0.0,1375.14
O0006464,P023,4,270.68,0.0,129.37
O0006464,P070,1,53.56,0.15,28.18
O0006465,P011,1,1336.78,0.0,783.69
O0006465,P106,2,200.55,0.0,130.64
O0006466,P006,1,1884.62,0.0,1144.82
O0006466,P089,1,233.53,0.0,105.78
O0006467,P053,1,88.96,0.0,42.21
O0006468,P113,1,109.22,0.03,80.74
O0006469,P071,1,690.85,0.12,337.04
O0006470,P079,2,731.59,0.08,364.04
O0006470,P021,1,345.55,0.08,208.39
O0006471,P074,1,74.63,0.0,41.84
O0006472,P029,2,186.93,0.0,111.4
O0006473,P063,1,227.88,0.0,105.11
O0006474,P022,1,398.69,0.0,251.07
O0006475,P060,1,245.65,0.08,182.93
O0006475,P032,2,186.78,0.03,101.45
O0006475,P040,1,331.53,0.05,165.97
O0006476,P084,2,444.27,0.0,327.54
O0006477,P096,1,545.71,0.0,351.77
O0006478,P014,2,223.45,0.05,161.59
O0006479,P102,1,209.17,0.0,151.07
O0006479,P052,2,117.2,0.03,87.54
O0006480,P015,4,1208.62,0.0,726.27
O0006481,P093,1,246.42,0.12,111.98
O0006482,P041,1,104.26,0.0,55.0
O0006482,P109,1,169.37,0.12,114.29
O0006483,P006,3,1957.56,0.05,1111.01
O0006484,P004,3,1846.55,0.05,941.79
O0006485,P077,3,50.21,0.0,28.49
O0006485,P087,1,589.16,0.12,403.34
O0006486,P093,1,228.98,0.0,111.45
O0006487,P078,3,898.07,0.05,635.22
O0006487,P067,2,920.45,0.0,531.86
O0006488,P011,1,1299.64,0.0,778.25
O0006488,P072,1,53.25,0.05,36.52
O0006489,P101,1,28.52,0.0,17.77
O0006489,P091,3,226.38,0.05,161.43
O0006490,P006,1,1925.93,0.0,1159.61
O0006491,P063,1,227.81,0.03,105.3
O0006491,P049,2,75.0,0.0,39.9
O0006491,P008,1,1769.82,0.0,1088.01
O0006492,P093,1,228.74,0.05,115.82
O0006493,P004,1,1855.51,0.12,928.66
O0006494,P025,3,474.82,0.05,334.41
O0006495,P091,2,227.15,0.0,155.7
O0006496,P036,1,246.6,0.0,179.85
O0006497,P074,2,71.5,0.0,41.65
O0006498,P020,3,534.27,0.0,372.42
O0006499,P025,1,490.85,0.0,331.87
O0006500,P087,1,599.31,0.0,401.69
O0006501,P025,4,447.13,0.0,331.67
O0006502,P090,1,178.94,0.05,96.8
O0006503,P040,2,322.47,0.0,164.55
O0006503,P025,1,487.98,0.05,337.05
O0006503,P085,2,274.13,0.03,201.04
O0006504,P005,3,2051.2,0.0,1342.45
O0006504,P112,1,65.11,0.0,36.67
O0006504,P008,1,1877.5,0.0,1044.87
O0006504,P037,1,38.87,0.0,21.2
O0006505,P018,1,1810.3,0.03,1333.91
O0006506,P012,1,2216.17,0.05,1339.3
O0006506,P010,2,1177.66,0.0,599.41
O0006506,P073,1,607.18,0.05,300.01
O0006506,P039,2,376.29,0.0,172.39
O0006507,P116,2,106.06,0.0,51.3
O0006507,P091,2,224.79,0.0,158.85
O0006507,P001,1,302.25,0.0,152.54
O0006508,P020,2,502.34,0.12,363.81
O0006509,P020,1,524.22,0.0,370.44
O0006509,P117,2,131.77,0.05,95.86
O0006510,P025,2,450.47,0.05,335.05
O0006511,P115,4,88.67,0.03,53.13
O0006512,P028,1,653.33,0.0,416.0
O0006512,P102,1,221.84,0.03,150.36
O0006512,P034,2,697.75,0.08,333.92
O0006512,P023,1,273.83,0.0,130.62
O0006513,P058,2,604.9,0.0,302.67
O0006514,P088,2,96.23,0.05,54.28
O0006515,P003,1,1230.85,0.15,655.72
O0006515,P027,1,606.12,0.0,376.48
O0006515,P074,2,71.51,0.03,41.89
O0006516,P075,2,1044.19,0.03,607.29
O0006517,P101,1,29.34,0.08,17.56
O0006518,P063,3,211.71,0.05,103.73
O0006519,P002,1,2572.41,0.05,1535.29
O0006520,P075,2,990.0,0.05,579.7
O0006520,P029,2,193.73,0.03,112.15
O0006521,P013,2,532.64,0.0,369.26
O0006522,P097,2,311.51,0.03,211.61
O0006523,P085,1,296.33,0.0,196.89
O0006524,P073,1,581.93,0.05,298.08
O0006524,P018,2,1848.75,0.0,1333.16
O0006524,P016,1,1474.43,0.0,992.94
O0006525,P070,2,52.16,0.03,27.52
O0006525,P001,1,298.92,0.03,149.06
O0006526,P035,3,590.17,0.0,391.82
O0006527,P081,1,327.96,0.0,187.43
O0006528,P085,4,297.31,0.03,197.02
O0006529,P037,1,38.49,0.0,20.93
O0006530,P096,1,508.22,0.0,339.32
O0006531,P070,1,52.32,0.0,27.89
O0006532,P027,3,627.35,0.0,379.26
O0006533,P037,1,35.84,0.08,21.1
O0006534,P113,2,108.84,0.0,80.79
O0006535,P019,3,2039.81,0.03,1471.64
O0006535,P004,2,1828.49,0.05,906.31
O0006536,P056,2,372.1,0.0,252.14
O0006536,P102,1,212.16,0.0,148.32
O0006536,P109,1,165.68,0.0,112.77
O0006537,P115,1,93.07,0.15,53.25
O0006538,P001,1,311.03,0.12,151.29
O0006539,P003,2,1192.85,0.15,645.57
O0006539,P072,2,54.71,0.0,35.02
O0006540,P028,1,657.33,0.0,419.16
O0006541,P066,1,475.44,0.0,269.8
O0006542,P109,1,163.24,0.08,111.79
O0006543,P100,1,287.54,0.05,185.78
O0006544,P059,2,170.03,0.0,95.03
O0006545,P024,1,177.6,0.03,100.39
O0006546,P005,1,2215.01,0.03,1318.76
O0006547,P005,1,2198.73,0.0,1342.01
O0006548,P053,1,87.93,0.08,40.92
O0006549,P054,2,155.71,0.0,81.25
O0006550,P001,1,292.33,0.0,145.19
O0006550,P114,1,128.41,0.0,63.05
O0006551,P012,1,2143.35,0.12,1362.88
O0006552,P110,1,54.06,0.0,28.42
O0006552,P051,1,197.57,0.05,97.2
O0006553,P092,1,642.73,0.08,385.29
O0006554,P020,1,535.82,0.0,365.69
O0006555,P068,2,1117.28,0.08,645.76
O0006555,P095,2,629.55,0.03,305.72
O0006556,P019,2,2058.53,0.0,1461.7
O0006556,P037,1,36.66,0.05,21.57
O0006557,P029,1,183.81,0.0,114.39
O0006557,P021,1,349.57,0.03,205.98
O0006557,P014,3,235.87,0.0,163.6
O0006558,P043,1,132.57,0.0,73.35
O0006558,P007,2,532.44,0.08,290.73
O0006559,P075,2,1024.44,0.0,601.14
O0006559,P062,1,1489.94,0.0,1082.9
O0006559,P011,1,1290.38,0.12,762.37
O0006560,P068,2,1171.3,0.0,659.03
O0006561,P027,1,644.28,0.0,376.15
O0006561,P010,2,1163.44,0.08,592.05
O0006561,P023,1,284.07,0.05,130.57
O0006561,P117,1,134.11,0.08,91.21
O0006562,P028,2,661.05,0.0,411.11
O0006563,P088,1,97.43,0.08,54.19
O0006563,P002,1,2558.77,0.0,1526.04
O0006564,P004,2,1741.36,0.0,947.98
O0006565,P116,1,101.13,0.0,50.06
O0006565,P016,1,1419.23,0.08,981.56
O0006565,P089,1,233.39,0.0,109.78
O0006566,P120,1,143.01,0.03,87.82
O0006567,P110,1,53.71,0.08,28.35
O0006568,P071,1,732.45,0.0,353.4
O0006568,P013,2,578.35,0.0,361.76
O0006569,P090,1,173.06,0.0,94.07
O0006570,P088,2,100.99,0.12,54.16
O0006570,P026,1,169.57,0.0,86.84
O0006571,P116,1,99.43,0.0,49.28
O0006572,P094,2,365.93,0.0,185.2
O0006572,P114,1,139.66,0.0,63.49
O0006573,P120,1,147.25,0.05,90.64
O0006573,P105,3,163.0,0.0,96.94
O0006574,P004,1,1706.81,0.0,938.74
O0006575,P077,2,46.01,0.0,28.0
O0006576,P084,1,468.91,0.0,329.96
O0006577,P011,1,1259.21,0.05,766.31
O0006577,P097,1,308.68,0.0,207.35
O0006577,P039,1,355.13,0.0,174.79
O0006578,P114,1,138.65,0.0,60.93
O0006578,P086,1,437.2,0.08,334.55
O0006578,P020,1,499.24,0.0,359.33
O0006579,P025,1,458.81,0.0,328.0
O0006580,P050,1,235.54,0.08,145.22
O0006581,P057,1,204.03,0.0,108.43
O0006581,P044,1,324.2,0.03,217.34
O0006582,P090,1,173.2,0.15,95.4
O0006583,P026,1,163.51,0.08,86.77
O0006583,P037,1,35.98,0.05,20.82
O0006584,P068,1,1127.86,0.03,670.28
O0006585,P036,1,240.67,0.05,176.24
O0006585,P004,3,1863.25,0.0,908.73
O0006586,P036,3,244.4,0.0,180.33
O0006587,P087,1,605.17,0.12,422.13
O0006588,P027,1,639.7,0.08,374.3
O0006588,P011,1,1308.12,0.0,788.34
O0006589,P066,1,478.74,0.0,274.09
O0006589,P008,2,1782.62,0.03,1065.42
O0006590,P024,2,178.84,0.03,98.16
O0006591,P028,1,621.49,0.03,417.73
O0006591,P086,1,448.46,0.05,341.45
O0006592,P011,1,1316.61,0.05,755.32
O0006593,P062,4,1461.05,0.12,1087.63
O0006594,P030,1,208.41,0.0,155.3
O0006595,P067,2,961.01,0.05,559.08
O0006595,P065,2,1063.2,0.05,632.12
O0006596,P105,3,149.14,0.03,102.03
O0006597,P042,1,198.05,0.05,120.12
O0006598,P016,1,1430.13,0.0,989.42
O0006599,P055,2,471.02,0.0,262.14
O0006600,P118,2,76.18,0.05,49.76
O0006601,P057,1,208.32,0.03,112.71
O0006601,P038,1,213.82,0.0,157.62
O0006602,P024,2,193.73,0.0,99.38
O0006602,P038,1,211.91,0.0,151.38
O0006603,P079,1,789.53,0.0,363.01
O0006603,P029,4,192.87,0.05,109.51
O0006604,P059,2,166.31,0.0,97.42
O0006605,P107,3,231.42,0.0,145.23
O0006606,P011,1,1248.31,0.0,785.6
O0006606,P018,1,1769.88,0.12,1325.56
O0006607,P020,2,530.86,0.0,368.6
O0006607,P070,3,53.36,0.08,28.64
O0006608,P023,1,289.41,0.0,128.21
O0006609,P036,1,247.3,0.05,182.41
O0006610,P113,1,114.34,0.0,80.2
O0006610,P015,3,1169.76,0.0,754.54
O0006611,P026,2,165.12,0.0,84.98
O0006611,P040,1,343.12,0.0,163.74
O0006611,P031,1,444.9,0.0,277.99
O0006612,P108,1,44.53,0.12,20.42
O0006612,P059,1,160.03,0.03,95.36
O0006612,P112,3,61.29,0.05,38.59
O0006613,P025,1,446.54,0.08,333.78
O0006613,P050,1,249.52,0.08,145.38
O0006614,P120,1,148.47,0.0,90.25
O0006615,P033,1,114.72,0.03,51.59
O0006616,P082,1,110.67,0.08,66.17
O0006617,P117,1,130.36,0.0,92.4
O0006618,P007,1,530.49,0.08,301.56
O0006618,P084,1,478.57,0.0,333.78
O0006619,P016,1,1474.24,0.08,949.95
O0006619,P029,1,192.99,0.05,112.15
O0006619,P038,4,218.07,0.0,153.86
O0006620,P064,2,570.28,0.15,327.25
O0006621,P094,2,372.9,0.03,181.24
O0006622,P069,1,1436.46,0.0,845.83
O0006623,P090,2,178.8,0.0,95.63
O0006624,P061,3,79.56,0.05,41.81
O0006624,P014,3,241.52,0.05,170.82
O0006625,P012,1,2310.7,0.0,1357.72
O0006625,P010,1,1108.96,0.12,590.08
O0006626,P109,1,166.91,0.12,115.41
O0006627,P065,1,1059.39,0.0,610.01
O0006627,P006,1,1858.68,0.0,1131.92
O0006627,P053,2,85.97,0.05,42.08
O0006628,P039,1,357.39,0.0,176.02
O0006628,P079,2,730.89,0.0,374.12
O0006628,P077,4,48.9,0.15,27.24
O0006629,P086,1,441.53,0.03,328.9
O0006630,P071,2,743.63,0.03,342.75
O0006631,P093,1,245.42,0.05,114.31
O0006632,P010,1,1159.81,0.0,596.3
O0006632,P049,2,81.5,0.03,38.09
O0006633,P005,1,2229.33,0.08,1341.17
O0006634,P054,1,157.34,0.0,81.35
O0006635,P010,1,1159.76,0.0,609.69
O0006636,P063,3,216.7,0.0,100.74
O0006637,P063,1,213.21,0.0,102.41
O0006637,P113,1,113.87,0.0,80.83
O0006638,P075,4,1066.2,0.0,579.54
O0006639,P073,2,575.6,0.12,307.75
O0006640,P034,3,684.49,0.0,339.67
O0006640,P063,1,217.49,0.0,99.61
O0006641,P092,1,636.87,0.12,391.27
O0006642,P103,1,176.15,0.15,128.79
O0006643,P104,1,227.46,0.0,136.75
O0006644,P022,2,398.28,0.0,245.14
O0006644,P068,2,1171.1,0.05,652.28
O0006644,P069,1,1451.3,0.0,854.16
O0006645,P045,2,312.26,0.03,212.76
O0006646,P099,2,157.54,0.0,103.48
O0006646,P030,2,199.22,0.0,150.61
O0006647,P062,1,1404.62,0.03,1096.96
O0006647,P113,2,110.52,0.12,80.45
O0006648,P046,1,281.41,0.05,197.03
O0006649,P095,2,606.63,0.05,307.19
O0006650,P077,3,49.36,0.0,28.6
O0006651,P086,1,438.7,0.0,342.47
O0006651,P023,3,265.09,0.0,127.65
O0006652,P019,4,2013.13,0.0,1478.64
O0006653,P031,1,417.15,0.0,292.06
O0006654,P103,2,176.23,0.0,124.89
O0006654,P063,1,214.65,0.05,99.96
O0006655,P109,1,164.15,0.0,112.39
O0006656,P117,1,127.1,0.0,93.16
O0006657,P014,2,219.57,0.15,167.68
O0006657,P076,1,278.63,0.0,140.2
O0006658,P048,1,506.29,0.08,295.49
O0006659,P004,1,1754.32,0.03,955.09
O0006660,P097,1,307.07,0.0,208.43
O0006661,P044,2,316.25,0.05,227.74
O0006662,P045,1,332.9,0.0,211.19
O0006663,P053,2,87.57,0.15,42.13
O0006664,P004,3,1806.52,0.05,906.43
O0006664,P024,1,182.82,0.05,96.38
O0006665,P084,1,471.04,0.0,337.1
O0006665,P008,1,1797.58,0.0,1077.66
O0006666,P013,3,578.54,0.0,367.72
O0006667,P093,1,244.53,0.0,110.14
O0006667,P040,1,312.81,0.0,168.83
O0006668,P093,1,230.17,0.0,114.06
O0006668,P033,1,114.16,0.0,52.24
O0006668,P055,2,480.2,0.0,270.49
O0006668,P004,2,1791.18,0.0,952.37
O0006669,P065,1,1015.41,0.0,597.76
O0006670,P073,2,574.02,0.03,291.3
O0006670,P061,2,82.98,0.0,43.0
O0006670,P001,1,307.63,0.0,146.16
O0006671,P094,1,361.49,0.0,189.27
O0006671,P010,1,1190.71,0.0,596.22
O0006672,P028,1,643.87,0.0,409.49
O0006672,P038,1,207.34,0.0,155.15
O0006672,P082,3,118.76,0.0,65.86
O0006672,P050,1,253.18,0.03,144.85
O0006673,P006,1,1865.29,0.0,1142.22
O0006674,P098,1,32.74,0.0,22.51
O0006674,P095,1,608.99,0.08,307.05
O0006674,P108,3,41.7,0.0,19.96
O0006675,P037,1,37.49,0.0,20.97
O0006676,P120,1,141.36,0.0,89.65
O0006677,P103,1,166.09,0.0,128.58
O0006678,P048,1,504.27,0.05,291.97
O0006679,P002,1,2480.1,0.0,1537.71
O0006679,P011,2,1246.14,0.0,769.59
O0006680,P043,3,134.02,0.0,72.82
O0006680,P015,1,1212.22,0.05,745.77
O0006681,P071,1,708.61,0.0,350.13
O0006681,P106,1,209.36,0.03,131.72
O0006681,P023,1,262.32,0.08,129.92
O0006682,P056,1,379.58,0.03,254.99
O0006683,P108,1,41.55,0.0,20.22
O0006684,P001,1,295.69,0.0,148.14
O0006684,P104,1,210.74,0.0,137.61
O0006685,P010,1,1159.0,0.03,595.99
O0006686,P023,1,286.81,0.05,127.69
O0006687,P088,1,99.03,0.0,53.82
O0006688,P088,1,99.86,0.0,52.97
O0006689,P114,1,135.88,0.12,62.41
O0006689,P016,1,1397.77,0.0,977.57
O0006690,P099,1,162.32,0.05,105.66
O0006691,P059,2,168.31,0.0,94.92
O0006692,P029,1,192.37,0.0,108.84
O0006693,P007,1,544.82,0.12,292.07
O0006694,P035,1,580.15,0.0,388.68
O0006694,P071,1,749.74,0.05,346.96
O0006695,P003,2,1239.66,0.0,654.67
O0006696,P090,1,170.93,0.03,96.94
O0006697,P020,1,524.29,0.12,371.73
O0006697,P114,1,129.86,0.03,60.91
O0006698,P043,1,133.07,0.08,72.61
O0006698,P003,1,1257.31,0.05,663.25
O0006699,P049,1,76.74,0.0,38.37
O0006700,P053,2,83.03,0.0,40.64
O0006700,P028,1,616.66,0.03,410.5
O0006701,P046,1,261.8,0.0,197.69
O0006701,P017,4,1902.43,0.0,870.04
O0006702,P035,1,612.34,0.0,382.95
O0006703,P026,1,172.95,0.0,83.11
O0006704,P025,3,477.68,0.08,340.43
O0006705,P077,2,48.19,0.0,27.01
O0006706,P114,1,130.51,0.0,60.2
O0006707,P022,2,390.26,0.05,244.91
O0006707,P010,1,1171.42,0.0,608.15
O0006708,P099,1,162.52,0.05,103.34
O0006709,P108,1,42.46,0.0,20.5
O0006710,P021,1,355.37,0.0,203.86
O0006711,P025,1,464.38,0.0,337.77
O0006712,P019,1,2087.63,0.0,1464.29
O0006713,P004,1,1731.68,0.05,951.69
O0006714,P054,1,155.28,0.0,79.21
O0006714,P111,1,42.97,0.0,30.89
O0006715,P020,1,534.18,0.08,374.47
O0006715,P088,2,101.29,0.03,53.92
O0006716,P013,1,560.11,0.03,350.64
O0006717,P067,1,965.24,0.0,543.09
O0006718,P078,1,905.22,0.12,650.99
O0006719,P057,3,200.61,0.03,108.66
O0006719,P028,2,661.46,0.0,407.41
O0006720,P110,1,55.78,0.0,28.35
O0006720,P065,1,1039.54,0.08,596.66
O0006721,P085,1,286.16,0.12,204.66
O0006721,P075,1,1049.09,0.03,584.11
O0006721,P001,1,313.36,0.0,148.42
O0006722,P119,2,143.33,0.08,78.15
O0006723,P011,1,1285.17,0.0,749.67
O0006724,P045,1,331.28,0.05,211.34
O0006725,P111,1,40.61,0.0,31.4
O0006726,P118,1,75.27,0.0,49.66
O0006727,P094,1,357.33,0.0,185.54
O0006727,P012,1,2267.38,0.0,1397.25
O0006728,P006,1,1869.05,0.05,1149.56
O0006729,P020,1,522.8,0.0,369.26
O0006729,P061,1,82.28,0.15,42.89
O0006730,P059,1,162.64,0.0,97.29
O0006731,P114,2,133.29,0.0,61.64
O0006731,P064,1,536.08,0.12,344.61
O0006731,P090,2,180.44,0.0,94.48
O0006732,P039,2,359.08,0.05,179.87
O0006733,P090,1,175.26,0.05,96.76
O0006734,P062,1,1463.15,0.0,1103.22
O0006735,P089,1,233.88,0.05,107.98
O0006736,P052,1,117.09,0.0,88.72
O0006737,P009,1,119.02,0.12,83.1
O0006738,P021,1,347.92,0.0,203.54
O0006738,P068,1,1187.28,0.0,665.79
O0006738,P039,1,371.88,0.0,178.92
O0006739,P058,1,609.71,0.0,303.29
O0006739,P028,1,647.01,0.0,417.5
O0006739,P064,1,526.34,0.0,339.45
O0006739,P101,3,28.97,0.0,17.56
O0006740,P030,1,208.84,0.03,149.9
O0006741,P036,1,260.94,0.0,174.94
O0006742,P031,2,430.79,0.0,286.54
O0006742,P081,1,327.33,0.0,189.58
O0006743,P007,1,576.86,0.08,290.97
O0006744,P106,2,202.48,0.05,136.1
O0006745,P055,1,492.37,0.0,261.49
O0006745,P042,1,200.66,0.0,117.85
O0006746,P039,1,374.66,0.08,177.07
O0006746,P027,1,625.14,0.05,385.25
O0006746,P067,2,965.4,0.0,558.91
O0006747,P006,1,1926.3,0.05,1131.95
O0006748,P110,1,54.69,0.0,27.49
O0006748,P014,1,230.76,0.0,170.3
O0006749,P065,1,1034.89,0.05,612.27
O0006750,P006,1,1914.46,0.0,1148.83
O0006751,P016,1,1423.9,0.03,952.58
O0006751,P120,1,150.6,0.05,89.07
O0006752,P001,3,291.83,0.0,150.17
O0006753,P003,1,1162.91,0.05,659.67
O0006754,P091,1,235.79,0.05,163.38
O0006754,P003,1,1227.41,0.05,668.48
O0006755,P118,1,76.23,0.0,47.44
O0006755,P084,2,453.79,0.05,339.77
O0006755,P034,2,682.9,0.0,350.81
O0006756,P065,2,1046.4,0.0,617.62
O0006757,P101,1,29.12,0.0,17.63
O0006758,P019,2,2193.68,0.0,1417.01
O0006759,P033,2,112.24,0.0,51.95
O0006760,P063,3,224.86,0.15,104.09
O0006760,P113,2,110.55,0.03,79.91
O0006761,P068,1,1110.18,0.03,638.02
O0006762,P094,1,365.65,0.05,186.61
O0006763,P019,1,2017.15,0.0,1453.51
O0006763,P100,3,285.74,0.12,181.68
O0006764,P115,1,90.46,0.05,53.35
O0006764,P117,1,124.67,0.03,92.0
O0006765,P082,1,120.26,0.0,65.66
O0006765,P023,1,265.41,0.0,125.84
O0006766,P001,1,305.57,0.12,151.07
O0006767,P002,1,2519.56,0.05,1462.32
O0006767,P065,3,1091.42,0.0,611.83
O0006768,P060,1,250.55,0.05,176.14
O0006769,P001,3,293.28,0.08,147.75
O0006770,P118,1,78.58,0.08,47.92
O0006770,P068,2,1180.98,0.0,643.36
O0006770,P065,1,1043.53,0.03,612.2
O0006771,P005,1,2168.41,0.0,1346.35
O0006772,P100,3,294.49,0.05,185.74
O0006773,P106,1,199.49,0.0,131.42
O0006774,P015,1,1199.71,0.0,747.85
O0006774,P003,2,1201.72,0.0,646.09
O0006775,P050,1,238.81,0.0,142.64
O0006776,P054,1,157.23,0.0,79.93
O0006777,P016,1,1377.67,0.0,965.86
O0006778,P001,1,313.59,0.05,149.03
O0006779,P010,1,1122.41,0.0,589.34
O0006780,P112,1,62.68,0.0,37.51
O0006780,P114,1,136.61,0.12,61.73
O0006781,P009,3,122.01,0.05,83.94
O0006782,P069,2,1350.72,0.0,859.66
O0006783,P088,1,95.37,0.0,55.65
O0006784,P008,1,1870.34,0.0,1100.26
O0006784,P025,1,492.26,0.0,331.47
O0006785,P012,1,2131.59,0.0,1398.58
O0006786,P015,1,1197.87,0.03,762.57
O0006786,P005,2,2129.68,0.0,1344.36
O0006787,P055,1,473.0,0.0,263.17
O0006787,P077,1,46.99,0.0,28.5
O0006788,P049,1,81.87,0.05,39.22
O0006788,P023,2,267.78,0.05,132.12
O0006788,P035,1,612.21,0.05,375.02
O0006789,P082,1,116.69,0.0,64.19
O0006789,P002,1,2518.81,0.0,1517.25
O0006790,P071,2,756.48,0.0,341.33
O0006790,P119,1,137.76,0.05,78.47
O0006790,P010,2,1126.48,0.0,580.67
O0006791,P081,1,345.95,0.0,183.86
O0006791,P120,1,139.35,0.0,89.94
O0006792,P118,1,77.12,0.0,48.44
O0006793,P049,1,75.47,0.0,39.68
O0006793,P029,1,185.39,0.05,110.45
O0006794,P068,1,1173.93,0.0,665.71
O0006795,P080,1,1014.07,0.08,687.76
O0006796,P040,1,328.62,0.0,164.96
O0006797,P036,1,255.17,0.0,175.1
O0006797,P078,1,881.6,0.03,664.78
O0006798,P077,1,49.28,0.0,27.19
O0006798,P021,1,357.42,0.0,201.8
O0006798,P078,1,836.88,0.0,647.33
O0006798,P020,2,487.73,0.03,374.61
O0006799,P007,2,569.41,0.03,294.44
O0006800,P064,1,547.42,0.08,328.98
O0006801,P028,1,633.48,0.08,416.02
O0006802,P119,2,143.66,0.0,79.93
O0006802,P096,1,532.1,0.0,351.62
O0006803,P014,1,222.2,0.0,168.81
O0006804,P033,1,115.47,0.03,51.71
O0006805,P103,2,175.23,0.05,127.63
O0006806,P075,1,1059.51,0.0,600.31
O0006807,P068,2,1107.49,0.0,666.67
O0006808,P013,3,544.34,0.0,351.28
O0006809,P116,1,101.39,0.0,49.14
O0006809,P053,3,86.02,0.08,41.77
O0006809,P022,2,407.57,0.05,248.08
O0006810,P053,1,89.32,0.0,42.25
O0006811,P035,4,599.96,0.03,381.81
O0006812,P008,2,1930.04,0.0,1083.92
O0006813,P037,1,36.88,0.05,21.21
O0006814,P024,2,189.33,0.03,99.07
O0006815,P040,1,331.68,0.0,170.62
O0006815,P039,1,383.85,0.0,179.82
O0006815,P058,1,584.11,0.08,299.21
O0006816,P068,1,1113.11,0.0,637.84
O0006817,P109,1,167.5,0.0,109.79
O0006818,P043,1,135.56,0.08,75.78
O0006819,P009,1,118.2,0.0,82.29
O0006820,P075,2,1024.72,0.03,596.47
O0006821,P108,1,42.98,0.05,20.0
O0006822,P037,1,38.21,0.0,20.85
O0006823,P041,1,101.14,0.0,55.44
O0006824,P026,2,170.22,0.0,84.56
O0006824,P109,3,177.73,0.0,115.48
O0006824,P107,2,232.72,0.12,144.77
O0006825,P113,1,116.69,0.0,80.13
O0006825,P031,1,438.56,0.0,294.28
O0006826,P021,2,335.43,0.0,199.8
O0006827,P072,2,56.52,0.08,35.3
O0006828,P105,1,150.72,0.12,100.11
O0006829,P046,1,273.25,0.03,201.18
O0006830,P097,1,318.87,0.0,209.37
O0006830,P007,1,573.57,0.03,291.29
O0006831,P054,1,155.98,0.0,80.67
O0006831,P004,2,1763.05,0.08,922.14
O0006832,P001,2,309.12,0.03,146.14
O0006833,P001,2,301.05,0.05,147.74
O0006833,P042,1,202.69,0.05,117.86
O0006833,P070,1,52.43,0.0,28.06
O0006834,P111,2,43.48,0.12,31.22
O0006834,P082,1,118.72,0.0,65.39
O0006835,P014,2,229.85,0.05,165.11
O0006835,P005,1,2141.98,0.03,1373.61
O0006836,P047,2,309.19,0.0,206.1
O0006837,P104,1,232.61,0.0,136.87
O0006838,P044,1,318.22,0.0,221.44
O0006838,P113,1,113.62,0.0,80.91
O0006839,P017,1,1966.97,0.0,883.33
O0006840,P031,2,411.22,0.03,290.39
O0006840,P117,1,130.78,0.0,92.7
O0006841,P091,1,226.29,0.0,158.56
O0006841,P060,1,256.45,0.12,174.6
O0006841,P110,1,54.78,0.05,28.48
O0006842,P087,1,612.23,0.0,405.12
O0006842,P033,2,113.2,0.0,51.44
O0006843,P021,1,352.41,0.0,198.95
O0006844,P044,1,336.28,0.03,225.0
O0006845,P111,1,41.62,0.15,32.68
O0006846,P029,1,192.52,0.03,114.85
O0006846,P050,1,256.24,0.0,143.63
O0006846,P040,1,320.06,0.03,167.11
O0006847,P118,1,79.31,0.0,49.97
O0006848,P022,2,385.57,0.05,258.83
O0006849,P061,1,83.1,0.0,41.58
O0006850,P036,3,244.87,0.15,175.71
O0006850,P097,2,322.59,0.0,217.42
O0006851,P089,1,238.97,0.12,108.49
O0006852,P077,1,46.84,0.0,27.55
O0006852,P079,1,736.54,0.03,358.96
O0006853,P097,1,324.21,0.0,210.43
O0006853,P011,1,1332.77,0.0,748.65
O0006854,P014,1,219.43,0.0,163.79
O0006855,P014,2,226.01,0.03,170.2
O0006855,P061,1,84.81,0.05,43.29
O0006856,P053,2,89.41,0.03,42.76
O0006857,P016,1,1496.08,0.0,988.01
O0006858,P025,1,487.8,0.0,325.97
O0006858,P066,1,457.92,0.0,268.74
O0006859,P066,2,493.94,0.0,268.42
O0006860,P092,1,662.63,0.05,388.61
O0006861,P112,1,60.68,0.0,37.71
O0006862,P021,1,361.76,0.0,201.64
O0006863,P003,1,1260.97,0.0,668.93
O0006864,P068,3,1193.63,0.0,635.39
O0006865,P018,1,1815.53,0.0,1338.78
O0006865,P059,1,164.93,0.0,97.27
O0006865,P060,1,262.0,0.0,176.78
O0006866,P086,1,462.07,0.15,337.89
O0006867,P102,1,219.7,0.08,146.17
O0006867,P091,1,235.5,0.0,164.94
O0006868,P099,1,154.98,0.12,104.81
O0006868,P019,1,2080.04,0.0,1455.09
O0006869,P072,2,56.17,0.0,36.5
O0006870,P119,1,149.16,0.0,76.83
O0006871,P034,1,705.56,0.0,348.43
O0006871,P095,1,625.73,0.03,312.32
O0006872,P035,1,614.34,0.05,382.55
O0006872,P028,1,654.98,0.12,409.2
O0006872,P007,2,563.77,0.0,293.37
O0006873,P019,2,2007.12,0.0,1406.35
O0006874,P049,1,79.06,0.0,38.96
O0006874,P042,1,190.2,0.03,121.17
O0006875,P090,1,177.58,0.0,94.03
O0006876,P112,1,60.85,0.0,37.22
O0006877,P107,2,231.01,0.12,147.22
O0006878,P017,2,1887.04,0.0,871.81
O0006879,P118,1,74.97,0.0,47.65
O0006880,P011,1,1346.96,0.03,754.81
O0006881,P098,1,31.5,0.0,23.45
O0006881,P108,1,43.17,0.0,19.62
O0006882,P004,1,1764.68,0.0,947.25
O0006883,P014,1,223.66,0.03,167.34
O0006883,P056,1,388.86,0.0,252.94
O0006884,P002,4,2489.33,0.0,1545.41
O0006885,P088,1,101.55,0.12,54.42
O0006886,P018,1,1856.77,0.05,1274.5
O0006887,P005,2,2220.17,0.0,1326.83
O0006888,P046,2,284.61,0.0,193.45
O0006889,P117,1,132.86,0.0,95.52
O0006889,P005,2,2202.27,0.0,1339.05
O0006890,P052,1,122.12,0.0,86.23
O0006891,P118,2,78.2,0.05,49.16
O0006891,P106,1,211.0,0.03,130.97
O0006892,P004,2,1759.68,0.15,936.71
O0006893,P005,1,2059.38,0.05,1342.52
O0006893,P013,3,563.45,0.05,372.07
O0006893,P041,3,108.03,0.03,52.56
O0006894,P014,1,233.87,0.0,166.62
O0006895,P045,1,311.54,0.12,213.26
O0006896,P071,1,709.36,0.0,343.05
O0006896,P079,2,790.96,0.0,366.31
O0006897,P038,1,218.94,0.0,156.15
O0006897,P037,1,39.17,0.05,20.76
O0006898,P015,2,1197.39,0.05,737.77
O0006899,P109,3,174.53,0.03,115.38
O0006899,P052,1,122.02,0.03,88.64
O0006900,P043,1,136.52,0.0,75.88
O0006901,P099,2,157.37,0.0,101.71
O0006902,P030,2,208.88,0.0,151.43
O0006903,P090,3,175.33,0.15,92.36
O0006904,P018,1,1852.59,0.12,1271.04
O0006905,P088,2,95.3,0.03,52.64
O0006906,P029,2,190.34,0.03,108.54
O0006906,P059,2,166.47,0.03,95.98
O0006906,P067,3,924.18,0.0,558.36
O0006907,P016,1,1491.24,0.0,988.11
O0006907,P030,1,202.83,0.05,156.5
O0006908,P023,2,273.54,0.0,129.07
O0006909,P064,1,532.23,0.05,328.14
O0006910,P106,1,213.14,0.08,132.78
O0006911,P010,1,1140.58,0.0,585.17
O0006912,P105,2,150.76,0.12,99.71
O0006913,P028,1,622.48,0.0,398.28
O0006914,P116,1,106.29,0.08,51.02
O0006915,P047,1,300.69,0.0,204.95
O0006916,P036,4,258.92,0.0,181.55
O0006917,P039,2,375.59,0.0,178.21
O0006917,P069,3,1466.5,0.0,862.85
O0006918,P004,1,1786.86,0.03,917.15
O0006919,P065,3,1078.45,0.05,630.83
O0006920,P015,1,1220.04,0.03,741.57
O0006921,P115,2,90.07,0.0,52.12
O0006922,P118,1,79.98,0.0,49.75
O0006923,P071,2,756.86,0.15,340.3
O0006923,P058,2,602.5,0.0,303.55
O0006924,P078,1,827.98,0.0,647.0
O0006924,P039,1,382.46,0.0,177.25
O0006925,P041,1,102.32,0.0,52.9
O0006926,P097,1,325.6,0.15,212.15
O0006926,P029,1,179.55,0.03,109.63
O0006926,P082,1,111.57,0.0,67.71
O0006927,P106,2,217.73,0.03,137.88
O0006928,P083,1,234.28,0.0,120.83
O0006928,P063,1,229.71,0.05,100.65
O0006928,P048,2,514.13,0.08,300.92
O0006929,P031,3,424.19,0.0,287.34
O0006930,P051,1,198.4,0.0,93.34
O0006931,P099,1,153.45,0.0,103.38
O0006932,P046,1,272.57,0.08,195.86
O0006932,P118,3,74.84,0.03,49.6
O0006933,P039,1,360.27,0.0,174.86
O0006934,P076,1,259.61,0.0,137.68
O0006935,P045,1,328.0,0.08,212.99
O0006935,P004,3,1724.35,0.08,944.53
O0006936,P017,3,1936.61,0.0,891.94
O0006936,P064,1,525.18,0.0,327.27
O0006937,P023,1,262.48,0.0,130.75
O0006937,P032,2,185.84,0.0,99.24
O0006938,P021,1,365.7,0.08,196.91
O0006939,P026,3,168.45,0.0,86.93
O0006940,P021,3,333.92,0.15,203.52
O0006940,P063,1,219.84,0.05,102.99
O0006940,P115,1,96.06,0.03,52.05
O0006941,P059,1,156.02,0.05,97.25
O0006942,P025,3,463.21,0.03,342.24
O0006943,P079,3,764.92,0.12,367.61
O0006944,P116,2,99.92,0.0,49.33
O0006945,P028,1,644.13,0.0,411.8
O0006946,P046,2,265.8,0.08,201.27
O0006947,P063,1,226.05,0.08,99.78
O0006948,P116,2,105.0,0.08,51.22
O0006949,P029,2,195.95,0.03,113.61
O0006950,P025,1,492.27,0.0,331.31
O0006950,P088,1,94.2,0.0,53.53
O0006951,P002,4,2417.33,0.0,1481.69
O0006952,P088,2,96.58,0.0,53.24
O0006953,P078,3,880.96,0.0,662.93
O0006954,P001,1,288.06,0.0,153.29
O0006955,P012,2,2248.65,0.0,1330.97
O0006956,P096,2,511.28,0.0,355.89
O0006957,P117,1,126.41,0.08,94.22
O0006958,P119,1,150.32,0.0,80.3
O0006959,P038,1,200.56,0.03,156.66
O0006959,P030,3,211.8,0.0,156.6
O0006960,P034,1,723.62,0.05,346.13
O0006960,P031,1,425.22,0.0,293.23
O0006961,P039,1,368.38,0.0,177.49
O0006962,P055,1,456.01,0.05,272.03
O0006962,P026,2,162.63,0.05,82.36
O0006962,P002,2,2431.57,0.0,1503.22
O0006962,P022,1,385.5,0.0,253.79
O0006963,P101,1,30.13,0.0,17.54
O0006964,P064,1,538.41,0.0,333.88
O0006964,P023,1,268.23,0.0,127.04
O0006965,P084,1,461.45,0.0,325.99
O0006966,P042,3,185.58,0.05,121.59
O0006967,P024,2,182.57,0.05,96.86
O0006968,P039,1,364.3,0.0,171.75
O0006969,P032,1,195.57,0.0,98.52
O0006970,P012,2,2245.03,0.0,1363.67
O0006971,P085,1,288.03,0.0,206.13
O0006972,P060,3,248.21,0.0,177.72
O0006972,P058,2,585.12,0.0,304.46
O0006973,P066,1,494.55,0.0,270.77
O0006973,P116,1,102.47,0.15,50.85
O0006974,P029,1,183.71,0.05,108.8
O0006975,P102,1,218.68,0.0,146.35
O0006976,P088,2,98.17,0.0,55.55
O0006977,P094,1,357.74,0.03,188.17
O0006977,P072,2,53.21,0.0,35.02
O0006978,P029,1,193.14,0.0,112.82
O0006979,P026,1,160.54,0.12,85.36
O0006980,P043,1,134.0,0.03,74.91
O0006980,P051,2,194.63,0.0,97.28
O0006981,P092,1,640.34,0.0,393.73
O0006982,P032,1,196.32,0.0,102.03
O0006983,P030,1,205.35,0.0,154.55
O0006983,P113,1,112.14,0.0,81.73
O0006983,P028,2,640.72,0.08,411.87
O0006984,P104,1,216.21,0.08,133.75
O0006985,P014,2,227.06,0.08,162.02
O0006986,P082,1,109.41,0.0,65.85
O0006987,P116,1,100.95,0.0,49.71
O0006988,P002,1,2543.86,0.0,1523.8
O0006988,P043,1,137.11,0.08,75.18
O0006989,P084,2,446.13,0.0,333.42
O0006990,P045,3,302.43,0.0,217.13
O0006991,P024,3,194.71,0.0,100.47
O0006992,P005,1,2206.1,0.08,1362.4
O0006993,P101,2,30.17,0.03,17.67
O0006994,P026,3,165.13,0.0,83.24
O0006994,P099,1,164.56,0.05,102.53
O0006995,P002,1,2562.82,0.08,1505.56
O0006996,P027,2,634.61,0.03,388.19
O0006997,P037,1,39.11,0.0,21.22
O0006997,P040,1,320.69,0.0,167.59
O0006998,P047,1,320.24,0.12,203.93
O0006998,P073,1,566.38,0.0,301.66
O0006999,P029,1,195.22,0.0,114.99
O0007000,P042,3,202.14,0.05,117.69
O0007001,P027,1,651.64,0.05,388.19
O0007002,P027,3,649.3,0.0,390.44
O0007002,P014,1,234.11,0.05,167.29
O0007003,P083,2,234.33,0.0,119.52
O0007004,P107,1,225.77,0.0,146.53
O0007005,P030,1,200.34,0.03,157.87
O0007006,P104,1,216.18,0.05,135.13
O0007007,P004,1,1830.41,0.0,943.2
O0007007,P008,2,1791.91,0.0,1055.51
O0007008,P090,2,181.62,0.12,97.59
O0007009,P043,1,127.18,0.0,74.99
O0007010,P033,2,118.19,0.08,52.35
O0007011,P117,1,131.5,0.0,92.62
O0007012,P071,1,713.66,0.08,341.62
O0007013,P074,1,72.82,0.15,42.61
O0007014,P020,1,496.06,0.0,374.18
O0007014,P005,4,2192.98,0.0,1372.52
O0007014,P106,1,214.01,0.03,137.23
O0007015,P106,2,207.3,0.0,133.56
O0007016,P059,1,160.93,0.03,96.55
O0007017,P021,1,361.99,0.08,205.83
O0007018,P073,1,560.05,0.05,301.98
O0007019,P098,1,30.49,0.0,22.36
O0007020,P070,1,55.08,0.0,28.98
O0007021,P111,1,44.25,0.0,31.03
O0007021,P090,2,173.53,0.0,92.78
O0007022,P047,4,301.11,0.0,202.18
O0007023,P038,1,213.41,0.0,158.83
O0007024,P117,1,126.85,0.0,91.11
O0007024,P089,1,232.12,0.03,106.44
O0007025,P074,1,73.87,0.0,41.79
O0007026,P100,1,284.45,0.15,186.39
O0007026,P047,1,317.5,0.08,201.25
O0007027,P066,1,493.97,0.03,263.32
O0007028,P017,1,1973.34,0.12,882.7
O0007029,P098,1,32.72,0.03,23.15
O0007030,P044,1,323.17,0.05,221.24
O0007031,P005,1,2133.2,0.08,1299.26
O0007032,P084,4,450.94,0.0,327.61
O0007032,P026,1,174.98,0.0,82.58
O0007033,P024,3,184.94,0.0,100.54
O0007034,P072,1,54.33,0.05,36.52
O0007035,P011,1,1262.54,0.05,779.14
O0007036,P071,1,721.71,0.03,342.09
O0007037,P012,1,2205.88,0.12,1401.71
O0007038,P022,1,378.11,0.0,248.7
O0007039,P066,3,479.25,0.0,258.87
O0007039,P020,1,500.18,0.0,369.9
O0007040,P083,1,241.72,0.03,123.93
O0007041,P093,1,229.76,0.0,114.47
O0007042,P027,1,613.63,0.12,377.03
O0007042,P005,3,2113.28,0.0,1335.67
O0007042,P103,1,162.26,0.05,122.82
O0007043,P105,2,158.91,0.0,98.35
O0007044,P025,1,475.6,0.0,343.13
O0007044,P099,1,161.55,0.03,102.55
O0007044,P034,1,703.05,0.05,348.33
O0007045,P009,1,121.63,0.08,85.39
O0007046,P006,1,1964.76,0.0,1119.96
O0007047,P076,1,264.49,0.05,136.51
O0007048,P044,2,318.17,0.0,225.27
O0007048,P026,1,172.25,0.05,83.51
O0007049,P065,1,1098.69,0.0,607.62
O0007050,P009,1,122.54,0.15,82.37
O0007051,P036,2,246.87,0.0,182.63
O0007051,P063,1,220.2,0.0,103.28
O0007052,P076,1,274.36,0.0,137.49
O0007052,P005,3,2089.92,0.03,1330.53
O0007052,P039,1,358.16,0.08,172.38
O0007052,P006,1,1901.9,0.0,1133.04
O0007053,P120,1,144.54,0.08,90.75
O0007053,P065,1,1002.92,0.0,623.31
O0007054,P061,1,85.2,0.0,42.4
O0007055,P021,1,336.21,0.03,203.45
O0007056,P045,2,310.48,0.03,220.18
O0007057,P048,1,495.25,0.0,306.46
O0007057,P080,1,981.17,0.03,672.72
O0007058,P016,1,1421.39,0.0,985.75
O0007059,P003,1,1183.82,0.0,648.7
O0007060,P116,1,98.02,0.0,51.18
O0007061,P004,1,1727.39,0.05,926.0
O0007062,P061,1,80.66,0.05,43.07
O0007062,P039,1,384.74,0.03,175.98
O0007063,P029,1,189.42,0.0,111.66
O0007064,P080,2,1007.4,0.0,659.51
O0007064,P090,1,183.22,0.0,93.59
O0007064,P015,1,1149.05,0.0,722.8
O0007065,P079,1,740.44,0.05,355.07
O0007066,P091,1,237.87,0.05,160.49
O0007067,P070,2,56.04,0.12,28.72
O0007067,P014,1,220.7,0.0,166.28
O0007068,P023,1,265.12,0.05,130.18
O0007069,P012,1,2271.88,0.12,1366.98
O0007070,P041,1,104.19,0.0,53.51
O0007071,P108,1,44.59,0.0,19.74
O0007072,P007,2,538.85,0.05,295.49
O0007073,P102,1,214.29,0.12,150.06
O0007074,P077,1,48.93,0.0,28.47
O0007075,P009,3,121.63,0.08,84.73
O0007076,P046,2,259.21,0.05,200.63
O0007077,P037,1,37.49,0.05,21.02
O0007077,P043,1,127.97,0.0,72.57
O0007077,P030,1,217.49,0.03,156.09
O0007078,P060,1,264.37,0.0,176.88
O0007079,P066,3,460.81,0.0,265.52
O0007080,P075,1,1023.62,0.0,589.75
O0007080,P079,1,780.16,0.03,367.92
O0007081,P014,1,228.77,0.0,164.58
O0007082,P068,1,1148.16,0.0,637.32
O0007083,P018,2,1800.4,0.03,1291.3
O0007084,P032,1,193.57,0.0,102.86
O0007085,P004,2,1754.57,0.0,936.16
O0007086,P032,1,203.48,0.05,102.71
O0007087,P026,2,163.97,0.03,84.2
O0007087,P096,2,529.7,0.12,340.92
O0007088,P081,1,336.36,0.08,192.11
O0007089,P033,1,119.9,0.0,53.18
O0007090,P083,3,241.96,0.0,124.45
O0007091,P033,1,115.49,0.05,50.96
O0007092,P059,1,170.67,0.03,94.49
O0007092,P050,1,242.79,0.0,141.0
O0007092,P109,1,168.23,0.0,114.16
O0007092,P101,1,29.56,0.0,17.64
O0007093,P094,1,355.72,0.08,182.06
O0007094,P103,4,175.27,0.0,125.08
O0007095,P018,1,1701.97,0.03,1336.41
O0007096,P062,1,1451.77,0.0,1072.03
O0007097,P003,1,1256.5,0.0,676.22
O0007098,P005,1,2101.48,0.03,1296.08
O0007099,P079,1,759.18,0.0,364.79
O0007100,P052,1,116.12,0.0,86.19
O0007100,P044,1,326.8,0.05,217.32
O0007101,P057,1,211.65,0.03,108.22
O0007102,P007,1,560.16,0.08,294.79
O0007102,P040,1,318.18,0.0,164.59
O0007102,P080,1,950.95,0.03,684.66
O0007102,P011,1,1308.15,0.0,768.48
O0007103,P037,1,36.49,0.0,21.66
O0007104,P014,1,228.76,0.08,165.89
O0007105,P098,2,30.54,0.05,23.03
O0007106,P065,1,1058.35,0.0,604.24
O0007107,P040,2,323.69,0.0,171.65
O0007107,P005,1,2056.24,0.0,1349.48
O0007108,P105,1,162.26,0.0,99.26
O0007109,P052,1,115.86,0.0,85.73
O0007110,P014,2,240.67,0.05,167.09
O0007111,P002,1,2365.23,0.0,1503.16
O0007112,P021,2,358.23,0.03,206.45
O0007112,P071,3,735.57,0.0,344.73
O0007112,P026,2,169.18,0.0,83.71
O0007113,P117,1,122.44,0.08,90.93
O0007114,P093,1,239.77,0.05,111.67
O0007114,P030,1,207.26,0.15,158.57
O0007114,P072,1,57.07,0.0,35.05
O0007115,P034,2,672.59,0.05,334.44
O0007115,P057,2,208.87,0.05,111.42
O0007116,P009,2,122.67,0.0,83.26
O0007117,P026,2,172.1,0.0,84.75
O0007118,P071,3,706.59,0.0,351.59
O0007119,P055,1,464.68,0.0,270.71
O0007120,P027,2,654.11,0.05,376.15
O0007121,P035,1,606.53,0.12,398.01
O0007122,P084,1,472.49,0.0,342.31
O0007122,P011,2,1337.15,0.08,753.04
O0007123,P073,1,578.14,0.0,291.24
O0007124,P072,2,55.49,0.0,34.8
O0007124,P049,1,80.48,0.05,38.89
O0007124,P059,3,161.31,0.05,92.91
O0007124,P054,4,158.75,0.0,79.2
O0007125,P014,2,236.54,0.0,164.55
O0007125,P009,1,118.43,0.0,85.59
O0007126,P027,1,655.62,0.12,380.91
O0007127,P071,1,718.3,0.03,351.29
O0007128,P070,1,52.7,0.0,28.61
O0007128,P022,2,380.74,0.08,251.26
O0007129,P064,1,544.57,0.0,330.97
O0007130,P008,1,1780.39,0.0,1101.32
O0007130,P057,1,206.73,0.03,114.67
O0007131,P086,1,432.51,0.05,330.5
O0007131,P113,1,107.55,0.0,78.28
O0007132,P038,2,205.48,0.0,153.1
O0007133,P084,1,468.28,0.08,328.87
O0007133,P028,1,623.01,0.0,401.94
O0007134,P088,1,99.71,0.05,55.63
O0007135,P004,1,1846.35,0.0,924.17
O0007136,P010,1,1159.3,0.0,590.96
O0007136,P016,1,1448.37,0.0,954.89
O0007136,P039,2,355.0,0.05,176.87
O0007137,P075,1,1024.75,0.0,605.41
O0007138,P040,1,315.17,0.0,169.37
O0007139,P092,2,660.85,0.0,394.91
O0007140,P034,1,700.03,0.05,349.26
O0007141,P027,4,654.33,0.15,372.93
O0007142,P003,1,1268.04,0.0,649.48
O0007143,P093,1,235.53,0.03,110.51
O0007144,P116,2,101.02,0.03,51.18
O0007144,P003,1,1222.53,0.12,674.95
O0007145,P002,1,2449.17,0.0,1529.04
O0007146,P044,2,323.97,0.12,221.12
O0007147,P073,2,571.46,0.05,307.01
O0007148,P097,1,305.96,0.0,217.93
O0007149,P081,1,339.2,0.0,186.75
O0007150,P118,1,81.64,0.05,47.7
O0007151,P039,1,355.96,0.08,176.45
O0007151,P045,1,329.59,0.0,220.98
O0007152,P037,3,39.28,0.12,20.9
O0007152,P077,1,47.76,0.08,28.11
O0007153,P110,2,52.98,0.0,28.47
O0007154,P106,1,209.09,0.0,135.6
O0007154,P072,1,55.39,0.0,36.27
O0007154,P024,1,177.73,0.0,101.8
O0007155,P053,1,83.11,0.05,41.66
O0007156,P108,2,44.63,0.03,20.44
O0007157,P010,1,1157.65,0.08,614.73
O0007158,P050,2,245.74,0.03,142.69
O0007159,P079,2,759.56,0.0,372.46
O0007160,P116,1,97.98,0.0,51.72
O0007161,P119,2,147.84,0.0,78.03
O0007162,P092,3,667.33,0.03,403.48
O0007163,P117,1,126.28,0.08,93.47
O0007164,P101,2,28.27,0.0,17.03
O0007165,P004,1,1824.35,0.0,951.27
O0007166,P056,3,372.74,0.03,259.55
O0007167,P081,1,327.73,0.03,193.17
O0007167,P038,3,202.57,0.0,154.66
O0007168,P039,2,358.47,0.05,174.84
O0007169,P083,1,256.13,0.05,117.94
O0007169,P062,1,1455.19,0.0,1087.17
O0007170,P084,1,443.02,0.0,331.2
O0007170,P033,1,114.38,0.0,52.04
O0007170,P032,1,201.16,0.0,102.3
O0007171,P020,1,519.51,0.08,356.16
O0007172,P080,1,983.26,0.03,661.83
O0007172,P072,2,56.79,0.0,34.87
O0007173,P111,1,40.83,0.08,31.2
O0007174,P098,1,32.72,0.0,23.03
O0007175,P049,1,75.97,0.05,39.04
O0007175,P067,2,882.65,0.05,544.23
O0007176,P116,1,106.61,0.05,51.44
O0007177,P106,1,199.91,0.0,133.91
O0007178,P009,2,120.28,0.0,86.71
O0007179,P027,3,626.78,0.0,385.66
O0007179,P039,2,385.43,0.0,171.15
O0007180,P045,2,313.7,0.03,209.75
O0007180,P010,3,1190.67,0.0,585.58
O0007181,P013,1,561.57,0.12,354.07
O0007182,P003,2,1279.75,0.03,669.4
O0007183,P092,1,613.84,0.0,384.8
O0007184,P034,1,664.06,0.03,342.57
O0007185,P076,1,258.81,0.0,136.04
O0007186,P057,1,208.72,0.05,108.61
O0007187,P006,1,1980.73,0.0,1166.8
O0007188,P012,3,2232.77,0.03,1336.92
O0007189,P061,2,80.93,0.0,41.47
O0007189,P045,1,302.96,0.0,220.18
O0007189,P019,1,2126.47,0.05,1458.82
O0007190,P116,1,98.07,0.03,49.77
O0007190,P059,1,171.43,0.0,96.63
O0007191,P018,4,1796.05,0.03,1274.48
O0007191,P086,1,433.49,0.0,338.06
O0007192,P107,1,220.65,0.12,147.16
O0007192,P053,2,83.33,0.05,40.75
O0007193,P069,1,1365.11,0.0,862.62
O0007193,P053,3,84.03,0.0,42.56
O0007193,P038,1,212.15,0.05,155.81
O0007194,P047,2,321.62,0.05,197.99
O0007195,P015,1,1191.8,0.05,746.97
O0007196,P101,1,28.71,0.15,17.61
O0007197,P011,3,1361.82,0.0,782.16
O0007198,P120,3,140.4,0.05,87.13
O0007198,P011,1,1331.73,0.05,778.87
O0007198,P054,1,149.86,0.0,78.07
O0007199,P005,1,2098.51,0.0,1298.37
O0007199,P073,1,601.78,0.05,301.7
O0007200,P061,1,85.93,0.03,42.38
O0007201,P108,2,45.01,0.03,19.52
O0007201,P036,3,261.08,0.0,182.88
O0007202,P056,1,361.26,0.12,252.0
O0007203,P073,1,577.09,0.15,306.41
O0007203,P033,1,116.33,0.0,51.34
O0007204,P016,1,1414.14,0.15,996.95
O0007204,P007,1,563.31,0.05,294.04
O0007205,P097,1,316.47,0.0,216.08
O0007205,P051,1,195.3,0.0,97.45
O0007205,P079,2,777.71,0.0,370.27
O0007205,P001,1,306.54,0.03,149.38
O0007206,P076,3,255.42,0.05,133.74
O0007206,P091,1,225.43,0.12,164.89
O0007207,P093,1,224.54,0.12,112.35
O0007208,P032,2,186.76,0.0,99.16
O0007209,P026,1,174.82,0.0,85.59
O0007210,P022,1,393.62,0.05,245.3
O0007211,P089,1,237.87,0.0,111.34
O0007212,P024,1,189.3,0.08,99.55
O0007213,P053,4,89.93,0.0,40.68
O0007214,P088,1,102.97,0.05,53.26
O0007215,P008,2,1930.35,0.0,1044.85
O0007216,P039,1,374.04,0.12,178.46
O0007216,P016,1,1496.48,0.0,981.03
O0007216,P008,1,1907.18,0.0,1043.94
O0007217,P014,1,220.3,0.0,163.28
O0007217,P059,1,166.35,0.08,91.85
O0007217,P118,3,80.22,0.12,47.67
O0007218,P007,2,547.14,0.05,288.08
O0007219,P024,1,183.31,0.0,102.01
O0007220,P079,1,792.67,0.0,367.77
O0007221,P072,1,52.61,0.03,36.65
O0007222,P067,1,917.07,0.03,550.06
O0007223,P005,1,2183.93,0.08,1308.17
O0007224,P061,2,81.85,0.05,41.8
O0007225,P071,1,719.91,0.08,347.38
O0007226,P076,1,275.98,0.0,137.94
O0007227,P103,1,173.3,0.05,128.6
O0007228,P104,2,221.86,0.0,137.79
O0007229,P048,1,515.44,0.0,295.91
O0007230,P037,1,37.92,0.0,20.75
O0007231,P060,3,253.2,0.0,181.51
O0007232,P004,1,1752.0,0.0,941.42
O0007233,P108,2,41.72,0.03,19.76
O0007234,P022,1,394.29,0.08,252.18
O0007235,P041,2,102.64,0.0,53.55
O0007236,P090,2,185.27,0.03,92.51
O0007237,P008,1,1941.8,0.0,1049.82
O0007238,P110,1,55.0,0.0,28.03
O0007238,P095,1,617.27,0.08,307.67
O0007239,P102,2,206.17,0.0,148.17
O0007239,P038,4,211.2,0.0,150.45
O0007239,P110,1,55.15,0.08,27.29
O0007240,P098,1,32.8,0.0,23.31
O0007241,P038,2,204.37,0.0,150.27
O0007242,P113,2,109.58,0.0,79.73
O0007242,P055,1,447.87,0.0,271.3
O0007243,P013,2,551.49,0.05,368.1
O0007243,P023,1,279.77,0.0,125.15
O0007244,P080,3,1002.34,0.05,676.45
O0007244,P071,1,729.83,0.05,344.86
O0007244,P008,1,1876.95,0.0,1065.36
O0007245,P015,1,1189.79,0.12,766.76
O0007246,P075,1,984.58,0.0,592.53
O0007247,P083,1,243.64,0.05,120.84
O0007248,P011,1,1333.87,0.0,763.16
O0007249,P102,2,211.53,0.03,148.45
O0007249,P031,2,416.65,0.03,280.54
O0007250,P015,3,1228.12,0.0,750.43
O0007251,P038,1,209.91,0.08,151.4
O0007251,P034,1,698.48,0.0,341.04
O0007252,P065,1,1053.44,0.0,624.76
O0007253,P091,3,224.84,0.08,156.33
O0007253,P001,2,292.11,0.05,149.93
O0007254,P032,1,192.99,0.15,101.29
O0007255,P100,1,309.93,0.0,186.91
O0007256,P115,1,94.32,0.08,51.94
O0007257,P044,2,325.83,0.05,222.92
O0007258,P108,2,45.1,0.0,20.33
O0007258,P060,1,263.3,0.03,177.28
O0007258,P009,1,116.51,0.15,84.69
O0007259,P012,1,2289.78,0.0,1379.69
O0007260,P018,1,1844.85,0.05,1339.94
O0007260,P051,1,204.56,0.03,93.48
O0007261,P054,2,153.02,0.0,82.41
O0007261,P110,1,53.1,0.0,27.03
O0007262,P102,1,224.71,0.0,144.24
O0007263,P041,1,104.64,0.05,54.04
O0007264,P086,2,460.82,0.0,334.51
O0007265,P043,2,137.11,0.08,76.34
O0007265,P095,1,620.78,0.03,312.18
O0007265,P105,2,150.66,0.0,97.84
O0007266,P107,3,229.0,0.0,145.77
O0007267,P013,1,562.39,0.0,370.35
O0007267,P031,1,430.75,0.05,286.72
O0007267,P082,2,109.87,0.0,67.74
O0007267,P109,2,163.12,0.0,110.77
O0007268,P107,1,228.53,0.05,140.42
O0007269,P070,1,52.7,0.0,28.9
O0007269,P090,1,184.49,0.08,96.59
O0007269,P079,3,778.07,0.0,364.4
O0007270,P039,1,369.67,0.05,176.61
O0007271,P019,1,2085.74,0.0,1401.68
O0007272,P032,1,186.69,0.03,97.41
O0007273,P075,1,988.51,0.05,610.53
O0007274,P013,2,542.13,0.03,354.63
O0007274,P095,2,627.36,0.0,311.68
O0007275,P027,2,660.0,0.05,377.47
O0007276,P011,1,1334.5,0.15,783.54
O0007276,P008,1,1793.48,0.0,1066.79
O0007276,P030,1,201.35,0.05,155.95
O0007277,P091,1,241.6,0.05,160.26
O0007278,P060,1,262.02,0.05,182.42
O0007279,P108,2,43.57,0.05,19.64
O0007280,P053,1,83.09,0.05,41.21
O0007281,P038,1,217.54,0.08,150.19
O0007282,P003,3,1187.87,0.05,660.39
O0007283,P036,3,259.59,0.0,175.73
O0007283,P009,1,123.07,0.0,84.98
O0007284,P065,1,1019.13,0.15,627.48
O0007285,P088,1,100.92,0.0,52.6
O0007285,P023,2,264.51,0.0,132.07
O0007286,P002,3,2547.64,0.0,1460.84
O0007286,P026,2,161.66,0.0,82.83
O0007287,P066,1,449.73,0.0,266.11
O0007287,P022,2,399.94,0.0,252.52
O0007288,P094,1,348.2,0.0,190.25
O0007289,P061,2,80.01,0.0,41.44
O0007289,P100,1,306.46,0.08,185.45
O0007289,P026,1,167.23,0.0,84.23
O0007290,P078,1,846.09,0.0,660.38
O0007291,P014,2,240.66,0.0,167.4
O0007291,P011,1,1257.59,0.0,750.51
O0007292,P009,1,113.26,0.0,86.62
O0007293,P063,1,220.37,0.12,102.98
O0007293,P027,1,608.31,0.0,376.4
O0007293,P001,1,303.96,0.03,152.04
O0007294,P087,1,616.29,0.03,401.94
O0007295,P016,2,1385.03,0.0,982.85
O0007296,P099,1,159.78,0.0,105.68
O0007297,P089,1,220.13,0.0,110.86
O0007298,P116,1,102.53,0.0,51.81
O0007299,P104,2,228.87,0.03,133.07
O0007299,P035,2,587.51,0.08,381.67
O0007300,P058,1,603.43,0.12,294.55
O0007301,P069,2,1374.65,0.0,847.87
O0007302,P049,1,79.11,0.08,39.96
O0007302,P029,1,180.05,0.03,114.09
O0007303,P077,1,45.75,0.0,28.53
O0007304,P098,1,33.2,0.0,22.66
O0007304,P050,1,234.11,0.15,143.49
O0007305,P050,2,251.13,0.12,146.91
O0007306,P066,1,478.16,0.15,272.86
O0007306,P003,1,1213.56,0.0,662.55
O0007307,P022,1,399.78,0.0,246.88
O0007308,P116,1,103.85,0.08,49.4
O0007309,P102,3,214.87,0.05,152.33
O0007310,P007,1,563.82,0.0,291.54
O0007311,P021,1,342.11,0.0,205.67
O0007312,P019,1,2064.45,0.03,1460.48
O0007313,P003,1,1185.11,0.0,670.86
O0007314,P064,2,537.11,0.05,343.5
O0007315,P114,1,129.47,0.0,62.66
O0007316,P102,1,210.53,0.05,145.67
O0007317,P098,1,32.21,0.0,23.57
O0007317,P024,1,193.44,0.0,101.08
O0007318,P066,2,458.84,0.0,262.68
O0007318,P026,3,165.93,0.0,84.72
O0007319,P034,1,700.1,0.0,352.24
O0007319,P063,3,225.99,0.0,99.33
O0007319,P019,2,2026.41,0.0,1430.06
O0007319,P031,2,414.21,0.0,281.37
O0007320,P100,1,299.58,0.0,181.6
O0007321,P095,1,586.55,0.03,314.96
O0007322,P055,1,486.35,0.12,258.66
O0007323,P059,2,160.77,0.0,92.34
O0007324,P042,1,196.54,0.03,121.55
O0007325,P033,1,118.6,0.0,51.62
O0007326,P039,1,365.07,0.08,172.37
O0007327,P015,1,1215.03,0.03,735.28
O0007327,P100,2,313.53,0.05,187.87
O0007328,P072,2,54.73,0.08,36.47
O0007328,P066,3,470.36,0.05,264.02
O0007329,P085,1,294.0,0.0,204.35
O0007329,P091,2,240.49,0.0,161.02
O0007330,P076,1,265.86,0.0,132.28
O0007330,P097,3,324.28,0.0,215.86
O0007330,P063,3,227.0,0.0,102.16
O0007331,P007,2,551.2,0.0,303.04
O0007332,P068,1,1130.41,0.0,673.18
O0007333,P031,1,417.14,0.08,282.25
O0007333,P107,1,232.35,0.08,141.93
O0007333,P017,2,1832.17,0.0,844.5
O0007334,P001,3,296.63,0.05,148.17
O0007335,P110,2,55.22,0.0,26.9
O0007335,P023,1,271.95,0.03,125.65
O0007335,P077,2,46.08,0.0,27.6
O0007335,P107,2,230.86,0.0,147.69
O0007336,P097,1,310.18,0.03,213.66
O0007337,P108,1,42.28,0.0,20.57
O0007337,P077,1,47.24,0.0,28.35
O0007337,P005,1,2232.16,0.0,1295.01
O0007338,P089,1,238.24,0.05,105.5
O0007338,P009,1,113.22,0.0,84.16
O0007338,P043,1,130.37,0.0,75.01
O0007339,P052,2,116.98,0.12,85.02
O0007339,P004,1,1865.22,0.0,904.4
O0007340,P016,3,1413.43,0.0,999.96
O0007341,P006,2,1938.14,0.12,1150.56
O0007342,P021,1,335.54,0.03,197.29
O0007343,P062,1,1520.95,0.05,1069.66
O0007344,P067,2,910.94,0.0,563.55
O0007344,P019,2,2027.43,0.05,1404.37
O0007345,P094,3,369.79,0.05,185.01
O0007345,P083,1,241.42,0.0,119.86
O0007346,P071,1,703.52,0.08,347.87
O0007347,P073,1,574.72,0.0,295.78
O0007347,P033,1,121.3,0.12,51.01
O0007347,P004,1,1760.8,0.03,904.68
O0007347,P032,1,198.13,0.03,97.45
O0007348,P078,1,829.72,0.05,645.37
O0007348,P081,1,326.48,0.0,184.87
O0007348,P015,1,1134.25,0.0,723.83
O0007348,P050,1,256.06,0.0,142.9
O0007349,P085,2,281.99,0.0,197.16
O0007350,P040,4,312.72,0.12,165.54
O0007351,P102,3,212.46,0.05,147.69
O0007352,P071,1,717.9,0.0,340.64
O0007352,P110,1,55.87,0.0,28.05
O0007352,P094,1,356.67,0.05,190.76
O0007353,P029,3,181.04,0.0,112.13
O0007354,P066,2,461.78,0.12,266.16
O0007355,P022,1,396.34,0.05,258.17
O0007356,P073,1,580.49,0.08,293.71
O0007356,P041,1,104.64,0.0,54.23
O0007356,P025,1,460.44,0.05,343.33
O0007357,P075,1,1037.24,0.15,582.41
O0007358,P004,2,1852.65,0.08,944.17
O0007358,P077,1,50.04,0.0,27.47
O0007359,P118,2,76.16,0.0,49.14
O0007360,P008,1,1911.36,0.0,1053.84
O0007361,P031,2,418.64,0.0,278.29
O0007362,P120,1,141.18,0.08,87.83
O0007363,P109,3,169.59,0.12,113.46
O0007363,P034,1,671.67,0.03,353.83
O0007364,P012,3,2299.39,0.05,1363.22
O0007365,P018,1,1822.55,0.05,1275.83
O0007366,P071,4,730.94,0.0,337.76
O0007367,P115,3,93.92,0.0,53.92
O0007368,P109,2,177.84,0.0,111.58
O0007369,P117,1,125.08,0.0,91.49
O0007369,P010,1,1164.52,0.12,614.01
O0007370,P096,1,528.79,0.0,344.02
O0007370,P032,1,203.04,0.0,100.96
O0007371,P097,1,315.66,0.0,209.98
O0007372,P005,3,2112.12,0.0,1318.87
O0007373,P072,1,54.09,0.05,35.65
O0007374,P011,1,1318.12,0.0,788.41
O0007374,P026,1,160.74,0.0,83.78
O0007375,P070,1,51.67,0.08,27.65
O0007376,P059,2,167.93,0.08,92.09
O0007377,P037,1,35.92,0.0,20.77
O0007378,P076,1,262.51,0.08,136.91
O0007379,P009,2,123.17,0.08,86.76
O0007380,P100,1,289.59,0.0,184.21
O0007380,P029,2,196.89,0.0,114.75
O0007381,P025,3,448.89,0.0,335.49
O0007382,P056,1,384.53,0.08,256.69
O0007383,P118,1,79.51,0.03,49.83
O0007384,P040,1,335.89,0.03,163.07
O0007385,P007,1,551.91,0.0,291.0
O0007385,P037,1,39.04,0.0,21.87
O0007385,P071,2,716.24,0.0,338.78
O0007386,P039,1,363.52,0.0,179.02
O0007387,P099,2,158.9,0.08,105.22
O0007388,P004,1,1797.57,0.12,907.12
O0007389,P012,1,2210.43,0.0,1334.9
O0007390,P112,1,59.31,0.0,36.57
O0007390,P053,1,89.55,0.03,42.24
O0007390,P029,1,179.78,0.0,114.48
O0007390,P055,1,449.84,0.0,262.68
O0007391,P011,1,1348.61,0.08,779.8
O0007391,P111,1,44.63,0.03,32.38
O0007391,P101,1,29.53,0.0,17.74
O0007391,P017,1,1900.79,0.0,847.76
O0007392,P025,1,484.64,0.12,336.75
O0007393,P110,2,53.19,0.0,27.31
O0007394,P028,1,602.78,0.05,419.43
O0007394,P034,1,701.02,0.0,335.38
O0007395,P016,1,1362.27,0.0,1001.86
O0007396,P110,1,54.26,0.12,27.18
O0007397,P030,1,203.27,0.03,153.14
O0007398,P011,1,1275.78,0.05,776.65
O0007398,P050,3,253.22,0.0,148.4
O0007398,P012,1,2134.73,0.0,1348.05
O0007399,P033,2,111.04,0.0,53.68
O0007400,P117,1,122.0,0.03,95.96
O0007401,P013,1,559.72,0.0,354.09
O0007402,P013,2,533.67,0.0,368.35
O0007403,P029,1,185.34,0.0,111.12
O0007404,P030,2,211.24,0.0,155.05
O0007404,P001,3,295.05,0.15,148.89
O0007405,P083,1,246.14,0.05,123.55
O0007406,P086,2,441.84,0.0,330.71
O0007407,P003,1,1192.8,0.0,638.49
O0007407,P079,3,733.32,0.0,353.48
O0007408,P002,1,2362.89,0.05,1543.96
O0007408,P091,1,235.62,0.0,159.17
O0007409,P070,1,54.64,0.0,28.68
O0007409,P054,1,151.58,0.0,78.9
O0007410,P013,1,583.73,0.0,369.66
O0007410,P020,3,513.55,0.12,377.43
O0007410,P055,2,450.52,0.08,262.48
O0007411,P113,3,115.58,0.05,81.48
O0007411,P004,2,1854.73,0.0,922.82
O0007411,P017,1,1895.1,0.0,880.88
O0007412,P109,2,171.06,0.0,112.38
O0007413,P027,4,615.24,0.03,394.56
O0007414,P030,3,212.43,0.0,158.21
O0007414,P113,1,111.89,0.0,80.01
O0007415,P117,1,122.5,0.05,91.78
O0007416,P102,1,226.89,0.05,147.35
O0007417,P030,1,217.56,0.0,156.32
O0007418,P119,1,148.19,0.0,78.07
O0007419,P079,1,768.62,0.0,357.69
O0007420,P043,1,136.33,0.0,76.1
O0007421,P095,2,604.27,0.05,307.19
O0007422,P114,1,133.91,0.0,62.71
O0007422,P103,1,172.6,0.0,127.39
O0007422,P012,1,2194.57,0.0,1364.25
O0007423,P033,1,118.24,0.08,52.43
O0007424,P013,1,548.59,0.05,358.71
O0007424,P039,2,352.12,0.15,174.27
O0007424,P070,1,54.51,0.0,27.92
O0007425,P003,1,1261.15,0.0,639.86
O0007426,P108,2,41.39,0.0,20.51
O0007426,P057,3,216.03,0.0,110.0
O0007427,P120,1,151.05,0.08,89.46
O0007428,P075,1,1043.75,0.0,601.12
O0007428,P016,2,1369.4,0.08,991.33
O0007429,P090,1,178.09,0.0,93.55
O0007429,P038,1,218.31,0.0,154.09
O0007430,P047,1,320.82,0.12,207.8
O0007431,P070,4,51.31,0.0,28.54
O0007432,P032,2,195.53,0.08,102.17
O0007432,P119,1,146.28,0.0,79.6
O0007433,P074,1,73.99,0.05,41.02
O0007434,P028,3,606.51,0.03,412.24
O0007434,P029,1,182.37,0.05,113.63
O0007435,P071,2,714.83,0.0,338.22
O0007436,P078,2,892.51,0.0,645.45
O0007437,P019,1,2142.58,0.0,1425.75
O0007438,P010,1,1140.09,0.08,608.17
O0007438,P015,3,1155.92,0.0,746.02
O0007438,P100,1,286.28,0.0,183.04
O0007439,P054,3,154.22,0.15,78.61
O0007440,P010,1,1117.04,0.0,589.24
O0007441,P065,1,1032.27,0.05,603.21
O0007442,P040,1,340.65,0.05,169.35
O0007443,P090,1,177.09,0.08,96.54
O0007443,P061,2,86.46,0.0,41.42
O0007444,P027,1,601.06,0.0,382.69
O0007445,P108,2,43.84,0.0,20.34
O0007446,P036,1,242.89,0.0,180.21
O0007446,P039,1,381.62,0.0,178.07
O0007447,P019,1,2066.83,0.0,1451.63
O0007448,P025,1,452.98,0.0,343.07
O0007449,P098,1,33.52,0.0,22.35
O0007450,P073,1,607.66,0.12,305.85
O0007451,P086,1,443.06,0.08,333.03
O0007451,P005,1,2039.84,0.0,1354.27
O0007452,P031,4,431.96,0.08,286.33
O0007453,P067,2,904.87,0.0,544.86
O0007454,P005,1,2172.63,0.15,1313.99
O0007455,P028,1,632.36,0.0,412.37
O0007456,P039,2,378.49,0.0,178.89
O0007457,P046,2,282.5,0.0,196.61
O0007458,P012,2,2183.02,0.15,1376.61
O0007459,P027,1,656.93,0.03,382.81
O0007460,P080,2,972.81,0.0,685.29
O0007461,P092,1,663.81,0.03,404.37
O0007462,P024,2,193.58,0.0,100.97
O0007463,P016,1,1387.29,0.0,983.18
O0007463,P080,1,970.89,0.08,683.18
O0007464,P034,1,710.51,0.0,346.7
O0007465,P035,1,586.67,0.03,381.42
O0007466,P056,2,376.96,0.0,256.18
O0007466,P060,1,265.28,0.0,178.76
O0007467,P009,1,115.48,0.12,86.19
O0007468,P116,3,101.88,0.0,51.41
O0007469,P023,1,280.12,0.0,129.4
O0007470,P092,1,619.84,0.0,395.82
O0007471,P054,3,154.83,0.05,81.09
O0007472,P022,1,375.31,0.05,257.57
O0007473,P021,1,346.36,0.0,197.23
O0007474,P110,1,54.66,0.0,27.27
O0007474,P057,2,214.83,0.03,109.87
O0007475,P017,1,1831.7,0.08,856.87
O0007476,P083,1,253.24,0.0,120.5
O0007477,P107,2,219.05,0.0,146.34
O0007478,P110,1,53.54,0.0,27.1
O0007479,P016,2,1482.87,0.0,981.37
O0007480,P107,3,225.73,0.0,140.8
O0007480,P020,4,538.27,0.0,371.57
O0007480,P083,1,250.97,0.0,119.03
O0007481,P003,1,1215.86,0.0,637.61
O0007482,P029,1,191.57,0.0,111.37
O0007482,P022,2,398.77,0.0,255.35
O0007483,P100,4,306.83,0.0,184.42
O0007484,P079,1,800.98,0.0,360.59
O0007485,P090,2,171.99,0.03,97.35
O0007486,P107,1,226.2,0.0,143.47
O0007487,P034,1,704.03,0.0,348.83
O0007487,P023,1,274.99,0.0,127.53
O0007488,P028,1,615.8,0.03,408.57
O0007488,P007,1,546.53,0.0,296.13
O0007488,P119,3,143.96,0.15,79.67
O0007489,P063,1,217.08,0.08,101.1
O0007490,P026,1,160.41,0.0,82.78
O0007491,P107,2,233.71,0.08,144.5
O0007492,P117,2,129.25,0.0,91.17
O0007492,P099,1,163.02,0.0,99.81
O0007492,P008,1,1877.57,0.0,1050.92
O0007493,P107,1,237.55,0.05,146.88
O0007493,P028,1,660.19,0.0,403.7
O0007494,P044,1,315.09,0.05,222.63
O0007494,P108,1,44.88,0.03,20.12
O0007495,P044,1,319.81,0.0,218.43
O0007496,P118,2,76.0,0.0,48.6
O0007497,P113,1,107.23,0.12,79.42
O0007498,P011,1,1330.74,0.0,765.75
O0007498,P031,1,435.16,0.0,291.3
O0007498,P033,1,116.12,0.03,53.42
O0007499,P094,1,368.37,0.0,186.43
O0007500,P073,1,587.15,0.03,294.92
O0007500,P096,1,508.83,0.08,342.62
O0007500,P115,2,93.3,0.0,51.49
O0007500,P044,3,316.56,0.03,217.1
O0007501,P081,1,333.05,0.05,185.83
O0007502,P030,1,206.36,0.12,153.29
O0007503,P008,1,1816.03,0.0,1098.62
O0007504,P061,1,85.43,0.0,42.86
O0007505,P031,1,418.76,0.05,277.6
O0007506,P106,2,213.21,0.03,132.2
O0007507,P057,1,203.43,0.0,114.17
O0007508,P023,1,285.46,0.03,127.64
O0007509,P016,1,1414.5,0.12,1002.05
O0007509,P012,1,2236.51,0.0,1381.45
O0007510,P114,1,136.63,0.0,62.91
O0007511,P102,1,216.26,0.08,144.55
O0007511,P056,1,364.29,0.05,250.58
O0007512,P110,1,55.09,0.03,28.08
O0007513,P066,1,491.16,0.0,268.87
O0007513,P077,1,48.1,0.08,27.33
O0007514,P017,2,1849.89,0.0,852.05
O0007514,P112,2,61.65,0.0,38.12
O0007515,P087,1,591.66,0.0,413.53
O0007516,P026,1,170.81,0.0,82.48
O0007516,P054,2,153.73,0.0,80.58
O0007517,P080,1,977.07,0.0,687.67
O0007517,P061,3,83.22,0.05,42.22
O0007517,P102,2,224.9,0.05,144.61
O0007518,P033,1,114.57,0.05,50.91
O0007519,P049,1,76.27,0.0,38.79
O0007519,P050,1,244.64,0.0,144.4
O0007519,P052,3,118.33,0.05,86.12
O0007519,P004,1,1794.32,0.15,953.37
O0007520,P090,1,180.61,0.0,92.82
O0007520,P009,1,113.87,0.05,83.89
O0007520,P004,1,1823.33,0.0,925.79
O0007521,P095,1,600.31,0.0,311.29
O0007521,P064,1,539.19,0.0,335.16
O0007522,P012,1,2328.28,0.0,1334.7
O0007523,P013,2,550.68,0.0,352.14
O0007523,P006,1,1856.98,0.0,1118.31
O0007524,P096,4,522.0,0.0,338.18
O0007525,P045,1,317.52,0.0,217.26
O0007526,P037,1,37.03,0.0,21.63
O0007527,P085,1,278.35,0.0,198.56
O0007527,P025,1,454.9,0.0,338.45
O0007528,P112,1,64.63,0.05,37.25
O0007529,P038,2,206.69,0.03,153.76
O0007530,P033,1,121.51,0.05,51.86
O0007530,P014,1,225.71,0.0,168.01
O0007531,P022,1,393.95,0.05,254.94
O0007532,P035,3,610.33,0.0,396.32
O0007532,P119,1,148.59,0.0,76.35
O0007532,P051,1,193.06,0.03,96.67
O0007533,P008,2,1795.57,0.12,1104.2
O0007534,P006,2,1906.65,0.0,1138.53
O0007534,P087,1,618.66,0.03,405.17
O0007535,P035,1,574.4,0.0,388.61
O0007535,P022,1,402.94,0.0,245.31
O0007536,P056,2,389.75,0.12,253.14
O0007536,P071,1,744.36,0.0,345.8
O0007537,P044,1,314.07,0.05,216.72
O0007537,P022,1,380.06,0.08,253.64
O0007537,P119,1,143.5,0.0,78.11
O0007538,P007,2,547.44,0.0,298.72
O0007538,P084,1,449.87,0.03,337.83
O0007539,P067,1,965.02,0.05,550.8
O0007539,P038,2,201.2,0.0,151.58
O0007539,P031,1,439.34,0.08,290.64
O0007540,P052,1,121.91,0.0,89.1
O0007541,P045,1,320.45,0.0,221.02
O0007542,P110,1,53.07,0.0,27.03
O0007543,P007,1,535.46,0.0,301.33
O0007544,P025,1,456.34,0.0,324.17
O0007544,P079,1,781.23,0.0,371.0
O0007544,P043,1,136.4,0.03,74.64
O0007544,P097,1,310.09,0.03,214.58
O0007545,P064,1,538.42,0.0,338.22
O0007545,P068,1,1179.26,0.0,642.48
O0007546,P007,3,567.69,0.05,297.55
O0007547,P080,1,997.75,0.08,678.33
O0007547,P061,1,86.38,0.03,42.05
O0007547,P019,1,2071.87,0.08,1453.23
O0007548,P043,1,127.65,0.03,75.59
O0007549,P085,3,289.16,0.0,205.8
O0007550,P116,2,106.87,0.0,51.7
O0007551,P003,2,1260.15,0.05,652.61
O0007552,P022,1,398.31,0.0,253.58
O0007553,P051,1,200.45,0.12,97.09
O0007554,P099,1,165.11,0.0,102.55
O0007554,P031,2,438.66,0.0,292.16
O0007555,P038,1,203.36,0.0,157.68
O0007555,P008,4,1916.59,0.0,1079.02
O0007556,P008,1,1826.98,0.08,1088.04
O0007557,P117,1,125.85,0.12,90.74
O0007558,P041,3,107.12,0.08,53.29
O0007558,P037,1,37.19,0.05,21.34
O0007559,P031,1,425.22,0.0,293.45
O0007560,P052,1,117.87,0.0,88.78
O0007560,P007,1,555.89,0.0,289.21
O0007561,P028,1,607.9,0.05,410.16
O0007561,P064,1,561.8,0.0,328.77
O0007561,P059,1,170.97,0.08,93.06
O0007561,P089,1,226.89,0.08,106.53
O0007562,P042,1,202.23,0.08,121.56
O0007563,P068,1,1215.55,0.0,657.61
O0007563,P020,1,528.05,0.03,368.13
O0007564,P045,1,318.11,0.03,213.78
O0007565,P117,2,132.15,0.0,94.16
O0007566,P002,3,2409.43,0.03,1460.56
O0007567,P004,1,1696.89,0.08,958.42
O0007568,P102,1,222.35,0.03,152.57
O0007569,P061,1,83.36,0.03,43.39
O0007569,P101,1,29.05,0.0,16.95
O0007570,P007,1,561.85,0.03,287.6
O0007570,P061,1,82.55,0.0,43.13
O0007570,P071,1,689.72,0.0,350.96
O0007571,P085,1,278.8,0.0,196.53
O0007572,P117,1,126.43,0.0,93.66
O0007572,P100,1,286.78,0.0,188.25
O0007573,P021,1,345.26,0.0,206.79
O0007574,P017,2,1896.71,0.05,856.58
O0007574,P008,1,1784.69,0.12,1043.72
O0007575,P010,1,1198.12,0.0,602.92
O0007576,P089,1,231.62,0.03,105.15
O0007577,P042,3,199.82,0.0,118.91
O0007578,P058,2,580.74,0.03,305.43
O0007579,P120,1,146.33,0.0,88.07
O0007580,P056,1,366.96,0.05,251.36
O0007580,P087,1,588.47,0.0,419.82
O0007580,P031,1,449.77,0.03,278.12
O0007581,P060,3,265.83,0.0,176.93
O0007582,P097,1,307.95,0.0,217.1
O0007582,P026,1,163.72,0.15,85.79
O0007582,P015,1,1168.62,0.0,749.72
O0007583,P116,1,106.57,0.03,49.51
O0007584,P089,1,229.82,0.08,106.61
O0007585,P073,1,564.07,0.05,292.49
O0007586,P019,1,2028.6,0.08,1438.38
O0007587,P109,2,166.04,0.0,110.68
O0007588,P110,1,51.98,0.08,27.68
O0007589,P105,2,159.61,0.0,101.25
O0007590,P098,1,32.32,0.0,22.44
O0007590,P017,1,1803.01,0.05,859.54
O0007591,P075,1,1067.89,0.0,599.18
O0007592,P015,1,1189.49,0.05,729.36
O0007593,P081,1,328.56,0.0,183.56
O0007594,P049,1,77.96,0.03,39.62
O0007595,P066,3,465.08,0.0,269.94
O0007596,P106,1,212.09,0.12,133.83
O0007596,P038,1,208.12,0.03,153.95
O0007597,P009,2,121.5,0.0,86.39
O0007597,P030,2,216.73,0.05,156.96
O0007598,P087,2,584.62,0.03,409.73
O0007599,P087,1,594.64,0.08,422.17
O0007599,P031,2,448.98,0.0,289.51
O0007600,P109,1,170.8,0.03,111.57
O0007601,P117,2,133.65,0.0,94.54
O0007602,P056,1,371.0,0.03,253.42
O0007602,P100,1,295.72,0.0,182.53
O0007603,P032,1,204.52,0.0,101.61
O0007604,P106,1,205.83,0.0,137.8
O0007605,P036,1,240.03,0.0,176.85
O0007606,P060,1,258.87,0.0,183.02
O0007607,P034,4,678.26,0.0,339.18
O0007608,P083,1,244.43,0.0,124.59
O0007609,P087,2,624.9,0.08,410.25
O0007609,P020,2,494.75,0.03,374.61
O0007610,P051,1,192.89,0.0,97.43
O0007611,P073,1,602.47,0.0,299.23
O0007611,P016,1,1399.65,0.0,977.39
O0007612,P027,2,623.11,0.03,377.12
O0007613,P045,1,309.96,0.0,210.06
O0007614,P119,1,148.52,0.08,78.31
O0007614,P031,1,425.95,0.15,294.29
O0007615,P034,3,711.51,0.0,336.43
O0007616,P010,1,1186.87,0.05,596.33
O0007616,P081,2,328.99,0.0,186.53
O0007617,P027,3,643.61,0.0,373.54
O0007618,P066,1,486.43,0.05,268.52
O0007619,P089,1,240.09,0.0,105.07
O0007620,P022,1,410.27,0.0,251.58
O0007621,P025,1,488.24,0.0,333.24
O0007622,P092,1,655.41,0.0,399.29
O0007622,P071,1,696.15,0.0,339.01
O0007623,P089,1,236.3,0.05,110.69
O0007624,P008,1,1769.64,0.05,1096.14
O0007625,P033,3,117.91,0.05,52.76
O0007626,P118,3,79.97,0.0,47.4
O0007627,P109,1,170.33,0.0,111.8
O0007627,P033,1,113.23,0.08,53.83
O0007627,P030,3,217.22,0.0,151.96
O0007628,P086,1,460.78,0.0,336.96
O0007629,P048,1,495.74,0.08,306.54
O0007630,P075,1,1043.12,0.03,578.43
O0007631,P120,1,144.14,0.0,90.41
O0007632,P072,1,56.48,0.03,34.61
O0007633,P061,1,84.6,0.08,42.53
O0007633,P081,1,336.06,0.0,187.65
O0007634,P040,1,343.55,0.0,165.0
O0007635,P090,1,176.46,0.0,93.77
O0007636,P076,2,266.81,0.05,134.28
O0007637,P108,1,44.92,0.0,19.86
O0007637,P064,2,529.03,0.0,331.42
O0007637,P051,1,206.11,0.0,93.18
O0007638,P004,2,1813.26,0.0,922.78
O0007638,P047,1,301.39,0.0,203.27
O0007638,P092,1,610.15,0.0,404.3
O0007639,P036,3,246.94,0.0,183.18
O0007640,P024,1,178.73,0.03,97.91
O0007641,P060,1,245.69,0.05,175.3
O0007642,P069,2,1404.24,0.0,837.27
O0007642,P006,2,2040.12,0.0,1140.96
O0007643,P068,1,1143.14,0.0,646.03
O0007644,P091,1,227.79,0.0,157.52
O0007645,P005,1,2022.07,0.12,1315.03
O0007645,P073,1,570.24,0.08,294.51
O0007646,P064,1,538.04,0.0,326.77
O0007647,P108,1,44.36,0.05,20.56
O0007647,P068,1,1117.11,0.15,662.39
O0007647,P078,1,828.13,0.05,643.56
O0007648,P055,1,487.21,0.0,261.02
O0007649,P095,1,579.43,0.05,304.99
O0007649,P072,1,53.14,0.0,34.74
O0007649,P114,1,140.86,0.0,60.34
O0007650,P109,1,167.95,0.0,111.89
O0007650,P001,3,294.58,0.0,152.5
O0007651,P096,3,547.93,0.0,346.96
O0007651,P117,1,122.67,0.0,91.82
O0007652,P077,1,50.03,0.0,28.25
O0007652,P054,1,151.04,0.03,78.91
O0007652,P030,1,212.38,0.0,155.92
O0007652,P013,2,584.39,0.0,369.23
O0007653,P045,2,315.18,0.0,209.94
O0007653,P015,1,1143.37,0.0,725.14
O0007653,P042,1,185.42,0.0,117.43
O0007654,P107,2,219.85,0.0,142.02
O0007655,P055,1,488.28,0.0,259.57
O0007655,P037,1,37.0,0.0,21.05
O0007655,P097,1,316.26,0.03,215.49
O0007656,P009,1,118.37,0.03,82.29
O0007657,P113,1,107.19,0.0,81.13
O0007658,P007,4,561.0,0.0,299.51
O0007659,P021,1,359.4,0.0,208.92
O0007660,P004,4,1743.65,0.08,912.8
O0007661,P031,1,410.81,0.0,278.76
O0007662,P043,1,131.82,0.0,75.35
O0007662,P099,1,152.33,0.0,105.67
O0007663,P082,1,110.69,0.0,65.53
O0007663,P010,1,1196.53,0.0,612.44
O0007664,P090,1,179.64,0.05,92.28
O0007664,P025,1,450.68,0.0,332.77
O0007665,P112,1,64.62,0.0,36.85
O0007665,P022,1,387.02,0.0,252.88
O0007666,P117,1,123.68,0.0,90.94
O0007666,P024,1,188.69,0.05,96.46
O0007667,P115,1,95.84,0.03,51.42
O0007667,P027,1,640.56,0.0,383.66
O0007668,P003,2,1193.91,0.0,662.64
O0007669,P060,1,268.61,0.0,176.57
O0007669,P003,2,1193.91,0.0,658.09
O0007670,P022,1,380.58,0.0,253.64
O0007671,P088,1,94.46,0.0,53.32
O0007671,P025,1,450.23,0.0,343.4
O0007671,P096,1,545.21,0.12,350.12
O0007671,P100,1,298.94,0.08,185.87
O0007672,P056,2,390.67,0.0,256.75
O0007673,P051,2,199.17,0.08,96.01
O0007673,P013,4,559.57,0.08,356.11
O0007673,P024,1,189.52,0.05,97.11
O0007674,P062,1,1533.25,0.0,1083.84
O0007675,P039,1,368.62,0.08,174.14
O0007676,P118,1,81.58,0.0,47.47
O0007676,P018,1,1714.95,0.03,1270.86
O0007677,P081,1,326.44,0.0,191.54
O0007677,P008,2,1929.8,0.0,1046.08
O0007677,P005,1,2185.35,0.08,1359.76
O0007678,P074,1,71.26,0.03,40.66
O0007678,P011,2,1327.09,0.05,763.24
O0007679,P097,2,330.71,0.05,207.63
O0007680,P032,2,193.97,0.0,99.57
O0007680,P065,1,1094.33,0.0,606.37
O0007681,P054,1,155.25,0.12,81.75
O0007682,P034,1,674.18,0.08,351.95
O0007683,P048,1,520.65,0.0,299.41
O0007684,P051,1,194.34,0.08,96.06
O0007685,P006,2,1881.45,0.0,1114.38
O0007685,P101,2,29.33,0.0,17.44
O0007686,P083,2,246.01,0.05,118.38
O0007687,P091,1,239.11,0.12,156.43
O0007688,P074,2,74.15,0.0,42.67
O0007688,P005,2,2025.52,0.0,1298.88
O0007689,P084,2,440.6,0.08,335.99
O0007690,P104,1,224.95,0.08,132.61
O0007690,P026,1,174.11,0.0,84.89
O0007690,P044,2,324.5,0.0,215.74
O0007691,P097,1,317.03,0.05,213.92
O0007691,P076,2,261.59,0.03,136.31
O0007692,P113,1,116.56,0.0,79.58
O0007693,P093,2,239.78,0.05,116.68
O0007694,P008,1,1857.92,0.0,1104.9
O0007695,P070,1,52.58,0.0,27.57
O0007696,P053,1,85.66,0.0,42.9
O0007696,P040,1,338.32,0.05,169.75
O0007697,P083,2,237.99,0.03,118.08
O0007697,P115,1,92.74,0.0,52.71
O0007697,P011,2,1328.19,0.0,770.99
O0007698,P058,1,591.41,0.0,306.42
O0007699,P096,2,553.13,0.0,356.56
O0007699,P009,3,122.69,0.0,84.89
O0007700,P005,3,2050.29,0.0,1336.11
O0007700,P001,1,310.16,0.0,151.47
O0007701,P009,1,119.37,0.0,82.93
O0007701,P073,2,565.93,0.0,301.33
O0007701,P016,1,1472.65,0.0,999.53
O0007702,P021,1,366.12,0.15,204.87
O0007703,P090,2,172.91,0.0,92.97
O0007704,P096,3,547.21,0.08,351.03
O0007705,P054,1,145.84,0.0,78.91
O0007705,P021,1,339.14,0.0,203.82
O0007705,P076,1,277.21,0.0,135.43
O0007706,P069,1,1474.53,0.0,859.22
O0007706,P116,1,101.37,0.05,49.79
O0007707,P098,1,31.3,0.05,23.63
O0007707,P025,1,452.92,0.0,335.79
O0007708,P002,2,2451.14,0.08,1523.78
O0007709,P042,1,202.81,0.15,118.74
O0007710,P042,1,191.15,0.0,117.25
O0007710,P103,3,162.88,0.0,124.07
O0007711,P026,2,170.37,0.0,84.33
O0007712,P033,2,117.12,0.05,51.36
O0007713,P081,3,337.1,0.0,182.94
O0007714,P088,1,97.32,0.05,55.5
O0007715,P042,2,201.65,0.0,120.66
O0007715,P071,1,752.99,0.0,349.21
O0007716,P008,1,1772.9,0.03,1073.61
O0007716,P097,2,304.76,0.0,206.41
O0007717,P077,1,47.69,0.05,27.31
O0007717,P031,3,440.32,0.05,282.62
O0007718,P056,1,379.4,0.03,256.14
O0007719,P091,1,242.04,0.0,160.34
O0007720,P078,1,828.82,0.0,655.39
O0007721,P028,1,611.31,0.05,413.44
O0007722,P029,1,184.6,0.0,112.42
O0007723,P018,1,1697.61,0.05,1303.4
O0007724,P024,1,191.44,0.0,100.56
O0007725,P015,4,1150.0,0.05,761.34
O0007726,P039,1,368.4,0.0,170.62
O0007727,P007,1,538.83,0.0,293.45
O0007728,P113,1,111.68,0.0,80.0
O0007729,P088,3,99.14,0.0,53.62
O0007729,P013,1,580.64,0.03,355.04
O0007730,P032,2,188.71,0.0,101.94
O0007731,P038,3,201.0,0.05,151.24
O0007732,P102,1,217.31,0.0,147.69
O0007733,P055,1,471.27,0.03,268.77
O0007734,P034,4,704.33,0.03,352.0
O0007735,P101,1,27.84,0.0,17.59
O0007736,P082,1,112.68,0.05,66.63
O0007737,P036,1,247.41,0.0,174.27
O0007737,P102,2,218.31,0.0,149.0
O0007738,P016,1,1476.79,0.0,988.23
O0007739,P115,1,89.28,0.03,52.59
O0007740,P099,2,159.01,0.0,104.83
O0007740,P036,1,261.81,0.0,179.92
O0007741,P057,2,205.58,0.0,109.85
O0007741,P040,1,343.88,0.08,171.8
O0007742,P104,1,221.57,0.08,132.84
O0007743,P031,1,425.8,0.05,281.45
O0007744,P085,2,289.31,0.05,201.5
O0007745,P052,1,116.94,0.0,87.02
O0007745,P107,1,235.96,0.0,142.03
O0007746,P091,1,226.04,0.0,161.68
O0007746,P085,1,272.67,0.03,200.08
O0007747,P009,1,117.35,0.05,82.88
O0007747,P030,2,209.88,0.0,155.38
O0007747,P088,1,102.77,0.0,53.92
O0007748,P023,3,261.95,0.0,128.31
O0007748,P105,1,153.19,0.0,98.78
O0007749,P042,1,187.31,0.08,116.87
O0007750,P065,1,1049.72,0.08,621.59
O0007751,P063,1,223.32,0.12,101.83
O0007752,P090,1,179.04,0.0,92.43
O0007753,P047,1,312.41,0.0,198.9
O0007754,P020,1,498.04,0.0,367.26
O0007755,P103,1,163.53,0.0,125.4
O0007755,P043,2,139.68,0.0,72.45
O0007756,P006,1,1953.02,0.05,1134.06
O0007756,P054,1,158.35,0.05,79.82
O0007756,P032,1,204.6,0.0,98.22
O0007756,P018,1,1822.56,0.0,1322.56
O0007757,P004,2,1830.14,0.05,956.41
O0007758,P006,2,1893.29,0.05,1164.01
O0007758,P040,2,332.21,0.0,167.88
O0007759,P015,1,1212.83,0.0,740.11
O0007760,P098,2,32.51,0.0,22.72
O0007761,P010,3,1097.4,0.05,606.5
O0007761,P019,1,2124.71,0.03,1464.49
O0007761,P021,1,355.03,0.05,200.77
O0007761,P015,1,1167.1,0.03,740.86
O0007762,P117,1,125.93,0.0,92.22
O0007762,P106,1,213.22,0.03,132.6
O0007762,P092,1,635.22,0.12,396.46
O0007763,P098,1,31.01,0.03,22.73
O0007764,P002,1,2377.57,0.0,1545.93
O0007765,P008,1,1812.65,0.0,1100.78
O0007765,P106,1,209.1,0.08,132.62
O0007765,P001,1,314.0,0.03,148.57
O0007766,P060,1,260.81,0.05,175.22
O0007767,P071,2,706.03,0.0,342.15
O0007768,P009,1,114.02,0.0,82.29
O0007769,P011,2,1288.38,0.0,766.19
O0007770,P086,1,464.38,0.05,338.34
O0007770,P116,2,107.45,0.0,50.98
O0007771,P042,1,187.63,0.0,122.86
O0007771,P001,1,307.14,0.0,145.88
O0007772,P023,1,275.0,0.0,129.26
O0007773,P023,1,270.94,0.0,131.84
O0007774,P057,1,209.03,0.08,110.83
O0007775,P009,1,120.33,0.05,86.75
O0007775,P032,2,186.31,0.0,102.75
O0007775,P105,1,154.67,0.03,101.15
O0007776,P024,1,193.32,0.0,97.18
O0007776,P017,2,1968.09,0.0,894.48
O0007777,P034,1,723.86,0.0,350.81
O0007777,P084,1,440.67,0.05,333.0
O0007778,P048,1,515.1,0.08,293.72
O0007779,P065,1,1058.46,0.12,619.94
O0007780,P004,1,1849.05,0.0,927.63
O0007780,P024,1,185.21,0.0,97.58
O0007781,P012,2,2129.43,0.0,1357.74
O0007782,P005,1,2192.11,0.05,1370.81
O0007783,P005,1,2165.42,0.15,1364.11
O0007784,P043,1,130.9,0.12,74.8
O0007785,P047,2,295.5,0.03,202.01
O0007786,P003,3,1165.47,0.0,646.77
O0007787,P011,1,1262.28,0.0,773.79
O0007788,P017,1,1864.81,0.05,875.47
O0007789,P073,1,568.49,0.0,301.35
O0007790,P070,1,53.28,0.03,29.11
O0007791,P116,1,99.42,0.0,51.92
O0007791,P080,1,1010.47,0.0,681.63
O0007792,P116,2,106.86,0.05,50.15
O0007792,P024,2,191.1,0.03,101.72
O0007792,P088,1,100.28,0.0,54.89
O0007792,P012,2,2325.72,0.0,1372.17
O0007793,P002,2,2531.69,0.05,1509.92
O0007793,P020,2,521.05,0.03,358.28
O0007794,P006,1,2021.96,0.08,1109.09
O0007795,P025,1,472.91,0.0,326.46
O0007796,P065,2,1097.41,0.0,615.42
O0007796,P086,2,476.57,0.08,340.36
O0007797,P052,1,115.29,0.05,86.63
O0007798,P016,1,1474.36,0.0,966.1
O0007798,P032,1,198.57,0.05,99.61
O0007799,P005,1,2093.06,0.05,1328.0
O0007800,P042,2,189.39,0.0,121.1
O0007801,P018,1,1761.45,0.0,1303.36
O0007802,P025,1,474.61,0.0,323.62
O0007802,P053,1,84.55,0.03,41.17
O0007803,P112,3,60.23,0.03,38.25
O0007804,P089,2,225.81,0.12,109.24
O0007805,P005,2,2230.75,0.0,1338.4
O0007805,P117,2,125.23,0.0,93.76
O0007806,P100,2,305.29,0.05,183.98
O0007807,P109,1,169.12,0.0,114.99
O0007808,P048,2,514.32,0.0,292.5
O0007809,P118,1,81.44,0.03,47.51
O0007809,P086,4,458.59,0.03,324.75
O0007809,P043,1,136.82,0.05,76.1
O0007810,P101,1,28.12,0.0,16.92
O0007811,P023,2,284.35,0.05,124.93
O0007812,P051,1,193.42,0.0,93.41
O0007813,P080,1,1032.84,0.0,655.91
O0007814,P017,1,1848.01,0.05,847.71
O0007815,P102,1,226.34,0.0,147.79
O0007816,P013,1,582.81,0.05,354.12
O0007817,P005,1,2188.2,0.0,1295.7
O0007818,P085,1,286.12,0.03,202.87
O0007819,P078,1,838.6,0.08,634.35
O0007820,P041,1,107.43,0.0,53.5
O0007821,P074,3,73.23,0.03,40.88
O0007822,P091,1,223.4,0.0,159.21
O0007823,P021,2,357.56,0.03,198.46
O0007823,P070,2,53.87,0.0,28.2
O0007823,P030,1,199.38,0.0,154.07
O0007823,P029,1,187.93,0.0,112.06
O0007824,P041,1,100.79,0.08,54.6
O0007825,P026,1,171.87,0.05,83.76
O0007826,P074,1,77.95,0.0,42.75
O0007826,P108,2,43.51,0.0,20.01
O0007827,P003,1,1183.97,0.0,667.75
O0007827,P060,3,245.05,0.03,177.83
O0007828,P115,1,90.71,0.12,51.95
O0007828,P055,2,456.47,0.0,271.73
O0007829,P040,2,323.02,0.0,166.65
O0007830,P070,1,51.85,0.0,28.55
O0007831,P019,1,2172.87,0.0,1438.25
O0007832,P014,1,233.47,0.0,169.48
O0007832,P091,1,228.46,0.0,164.4
O0007832,P044,3,329.67,0.0,215.71
O0007833,P002,2,2342.92,0.0,1546.41
O0007834,P082,1,113.18,0.05,67.13
O0007834,P030,2,201.19,0.0,150.11
O0007835,P065,2,1004.96,0.05,623.03
O0007836,P021,1,338.88,0.03,197.17
O0007837,P020,1,528.77,0.08,359.19
O0007838,P020,1,496.17,0.0,360.71
O0007838,P009,2,123.2,0.12,85.08
O0007839,P075,2,998.28,0.0,590.46
O0007840,P115,1,95.58,0.0,53.21
O0007841,P039,1,383.93,0.0,171.85
O0007842,P063,2,214.06,0.0,104.56
O0007842,P022,1,391.06,0.03,245.19
O0007842,P114,1,133.27,0.0,62.65
O0007843,P026,3,168.73,0.0,85.26
O0007844,P032,1,189.73,0.08,101.13
O0007844,P015,1,1140.49,0.05,750.44
O0007845,P025,1,489.52,0.0,336.09
O0007846,P036,1,262.47,0.12,177.81
O0007846,P038,2,213.19,0.03,155.26
O0007847,P065,1,1077.83,0.0,609.76
O0007848,P033,1,121.54,0.0,51.56
O0007848,P087,1,604.13,0.08,416.42
O0007849,P108,2,44.29,0.0,19.92
O0007849,P081,1,332.55,0.0,191.06
O0007850,P056,2,371.77,0.08,260.43
O0007851,P118,2,77.61,0.12,47.85
O0007852,P067,2,951.08,0.05,542.21
O0007853,P115,3,90.97,0.05,52.01
O0007853,P070,2,54.09,0.0,28.83
O0007853,P011,1,1356.32,0.12,780.89
O0007854,P031,1,447.21,0.08,281.58
O0007854,P040,1,337.78,0.0,170.46
O0007855,P083,1,256.8,0.05,123.09
O0007855,P104,2,227.5,0.0,135.01
O0007856,P057,3,215.75,0.0,114.29
O0007857,P001,1,307.83,0.0,146.87
O0007858,P104,2,217.14,0.05,136.79
O0007858,P029,1,196.56,0.0,111.91
O0007859,P112,1,64.47,0.03,38.1
O0007860,P087,2,578.18,0.0,401.22
O0007860,P022,1,403.94,0.05,244.86
O0007861,P062,1,1488.82,0.0,1054.31
O0007862,P027,1,623.21,0.0,373.5
O0007863,P020,2,526.64,0.12,370.05
O0007864,P069,1,1468.15,0.0,849.19
O0007865,P012,1,2253.19,0.0,1335.81
O0007866,P006,1,1989.94,0.0,1172.29
O0007867,P036,2,240.76,0.05,179.58
O0007868,P008,1,1856.28,0.0,1056.49
O0007869,P072,1,52.56,0.0,35.19
O0007870,P114,3,132.59,0.05,62.24
O0007871,P060,3,247.91,0.0,180.9
O0007872,P107,1,225.09,0.05,146.09
O0007873,P032,1,188.08,0.05,102.03
O0007873,P040,2,325.86,0.0,171.71
O0007873,P033,4,110.27,0.05,51.15
O0007873,P034,1,688.26,0.0,353.8
O0007874,P062,2,1454.78,0.0,1083.01
O0007874,P091,2,242.04,0.0,165.07
O0007875,P087,1,595.43,0.0,424.04
O0007876,P042,1,188.65,0.0,117.88
O0007877,P015,1,1202.25,0.0,765.86
O0007878,P057,1,210.82,0.0,109.68
O0007879,P099,1,165.9,0.08,104.35
O0007880,P061,1,85.13,0.03,43.31
O0007881,P043,1,128.32,0.0,75.19
O0007881,P083,3,243.39,0.08,122.55
O0007881,P021,1,355.55,0.05,201.96
O0007882,P084,1,465.55,0.0,334.44
O0007883,P103,1,172.39,0.03,125.36
O0007884,P078,1,897.84,0.12,660.98
O0007884,P016,1,1481.48,0.0,953.32
O0007884,P020,1,493.38,0.0,369.92
O0007885,P034,1,669.75,0.0,343.34
O0007886,P084,2,439.97,0.0,331.52
O0007886,P036,1,252.93,0.0,181.6
O0007887,P002,2,2492.53,0.0,1534.05
O0007887,P092,3,651.06,0.08,388.6
O0007888,P084,3,454.95,0.0,333.09
O0007889,P031,1,445.63,0.0,284.84
O0007889,P090,1,177.44,0.0,93.77
O0007889,P006,1,2013.02,0.03,1122.45
O0007890,P037,1,36.64,0.03,21.75
O0007890,P073,3,563.48,0.03,303.08
O0007891,P085,1,298.77,0.08,199.92
O0007892,P006,1,1946.78,0.0,1144.82
O0007893,P119,1,141.9,0.15,80.16
O0007894,P029,1,190.45,0.05,114.12
O0007895,P043,1,139.02,0.0,73.07
O0007896,P005,1,2112.51,0.0,1335.51
O0007896,P098,1,33.02,0.0,22.43
O0007897,P027,1,654.05,0.0,385.04
O0007897,P091,4,229.5,0.0,162.57
O0007898,P040,1,315.83,0.0,169.41
O0007898,P018,2,1780.31,0.08,1296.57
O0007899,P001,2,285.63,0.12,148.13
O0007900,P118,1,77.82,0.0,50.13
O0007900,P035,1,591.25,0.12,386.84
O0007900,P056,1,365.98,0.0,252.34
O0007901,P037,1,36.23,0.0,21.43
O0007902,P086,1,462.73,0.0,332.62
O0007902,P009,2,118.55,0.08,86.53
O0007903,P065,1,1023.06,0.05,614.74
O0007904,P013,2,553.19,0.0,359.19
O0007905,P106,2,213.92,0.05,138.22
O0007905,P031,2,431.04,0.05,278.5
O0007906,P037,1,38.02,0.0,21.63
O0007907,P017,1,1806.23,0.0,864.13
O0007908,P032,2,196.22,0.0,97.75
O0007909,P011,1,1349.79,0.03,765.02
O0007910,P107,1,215.95,0.05,142.64
O0007911,P065,1,1011.36,0.0,606.72
O0007911,P108,2,41.29,0.05,19.78
O0007912,P067,1,883.1,0.03,552.01
O0007913,P025,1,470.44,0.0,340.85
O0007914,P085,1,289.63,0.0,199.24
O0007915,P038,2,212.58,0.05,150.47
O0007916,P049,1,76.78,0.05,38.06
O0007917,P061,1,82.66,0.08,41.53
O0007918,P084,1,483.89,0.08,328.57
O0007919,P097,3,323.27,0.05,213.78
O0007919,P020,1,502.14,0.05,368.15
O0007920,P073,1,561.01,0.0,300.91
O0007921,P004,2,1749.51,0.0,952.18
O0007922,P120,1,151.95,0.0,88.76
O0007922,P103,1,167.03,0.0,123.9
O0007922,P035,1,604.77,0.0,396.15
O0007922,P043,1,138.35,0.03,73.03
O0007923,P084,1,484.43,0.0,329.4
O0007924,P040,4,317.49,0.0,167.91
O0007925,P084,3,483.17,0.03,329.73
O0007926,P096,1,506.08,0.05,350.55
O0007926,P032,3,187.33,0.03,97.89
O0007927,P016,2,1422.16,0.0,985.13
O0007928,P111,1,40.74,0.08,31.9
O0007929,P027,1,601.07,0.0,374.11
O0007929,P034,1,697.07,0.0,339.18
O0007930,P036,2,239.12,0.03,181.96
O0007930,P068,1,1191.12,0.0,648.3
O0007931,P032,1,195.58,0.0,98.65
O0007932,P021,2,338.49,0.08,206.53
O0007933,P088,1,97.44,0.0,53.07
O0007933,P027,1,605.85,0.0,387.94
O0007934,P065,3,1085.03,0.15,613.48
O0007935,P086,1,472.08,0.03,323.65
O0007936,P008,1,1897.67,0.0,1082.87
O0007937,P081,1,351.42,0.12,192.14
O0007938,P104,1,224.72,0.0,131.46
O0007939,P023,2,269.3,0.0,129.86
O0007939,P117,2,129.07,0.0,92.64
O0007940,P102,1,212.67,0.12,152.14
O0007940,P075,3,994.16,0.05,592.84
O0007941,P021,1,341.55,0.0,204.89
O0007941,P095,1,619.12,0.05,305.9
O0007942,P045,1,306.78,0.03,219.88
O0007943,P052,1,117.03,0.05,85.38
O0007944,P068,1,1153.04,0.08,662.29
O0007944,P009,1,113.83,0.03,85.8
O0007945,P034,3,675.7,0.0,344.7
O0007946,P021,1,364.27,0.05,207.09
O0007947,P094,2,340.14,0.12,181.42
O0007948,P096,1,532.86,0.0,355.87
O0007949,P068,2,1205.71,0.0,673.84
O0007950,P011,2,1313.06,0.03,748.33
O0007950,P054,3,145.7,0.12,78.55
O0007950,P088,3,99.05,0.0,54.72
O0007951,P025,1,487.49,0.03,341.48
O0007952,P046,2,283.29,0.0,195.23
O0007952,P107,1,231.55,0.05,142.39
O0007953,P033,2,119.61,0.0,53.8
O0007953,P119,1,139.49,0.0,80.3
O0007954,P096,1,536.89,0.12,352.05
O0007955,P057,1,202.39,0.12,112.15
O0007956,P108,2,42.03,0.0,20.6
O0007957,P007,1,567.49,0.0,304.07
O0007957,P034,1,697.03,0.0,350.69
O0007957,P106,3,206.46,0.05,130.7
O0007957,P062,1,1421.69,0.0,1099.16
O0007958,P056,1,362.74,0.0,257.17
O0007959,P085,3,285.81,0.03,202.9
O0007960,P009,1,114.3,0.12,82.47
O0007961,P021,4,359.61,0.0,205.5
O0007961,P032,1,189.11,0.0,99.55
O0007962,P031,1,410.04,0.08,283.75
O0007963,P105,1,152.18,0.03,98.47
O0007963,P072,2,55.9,0.0,35.3
O0007964,P027,1,638.75,0.0,374.04
O0007964,P097,1,330.64,0.0,213.92
O0007964,P072,1,53.21,0.03,35.94
O0007965,P067,1,881.67,0.0,559.29
O0007966,P097,4,306.98,0.05,215.42
O0007967,P018,1,1699.1,0.08,1290.56
O0007967,P005,2,2042.45,0.0,1317.05
O0007968,P080,1,974.98,0.05,662.12
O0007968,P091,2,240.61,0.0,161.82
O0007969,P033,1,117.15,0.12,51.02
O0007970,P051,1,190.23,0.05,96.34
O0007970,P084,1,461.48,0.03,326.44
O0007970,P096,1,534.71,0.0,351.64
O0007970,P077,4,50.18,0.0,27.2
O0007971,P017,1,1911.35,0.0,869.35
O0007972,P116,1,104.37,0.12,49.05
O0007973,P008,1,1790.08,0.05,1078.9
O0007973,P032,3,196.69,0.05,100.33
O0007974,P027,1,607.12,0.12,384.62
O0007975,P054,2,158.67,0.0,81.68
O0007976,P012,2,2241.97,0.05,1356.82
O0007977,P082,1,112.02,0.0,66.73
O0007978,P033,1,120.86,0.03,52.32
O0007978,P016,1,1442.14,0.0,949.29
O0007978,P028,1,609.59,0.0,404.29
O0007979,P007,1,554.09,0.0,299.54
O0007980,P028,1,613.06,0.0,403.44
O0007980,P060,1,258.63,0.05,179.87
O0007981,P018,1,1798.39,0.03,1315.67
O0007982,P062,1,1461.8,0.12,1091.6
O0007983,P031,2,444.19,0.12,293.81
O0007983,P095,2,603.46,0.08,298.82
O0007984,P028,1,612.87,0.0,406.89
O0007984,P082,2,111.23,0.0,67.65
O0007984,P080,2,1011.14,0.05,671.61
O0007985,P049,1,79.73,0.05,38.72
O0007986,P023,1,269.06,0.0,131.36
O0007986,P100,1,307.42,0.05,187.56
O0007987,P051,1,201.4,0.0,98.72
O0007988,P083,1,243.35,0.08,122.31
O0007988,P004,3,1842.62,0.12,932.94
O0007989,P008,1,1793.7,0.03,1047.69
O0007990,P070,1,55.73,0.12,28.85
O0007990,P009,1,116.61,0.0,83.72
O0007991,P071,1,701.02,0.0,346.12
O0007992,P077,1,46.06,0.05,28.58
O0007992,P006,1,1937.31,0.0,1125.03
O0007993,P084,1,445.3,0.0,332.39
O0007994,P005,2,2105.3,0.0,1315.29
O0007994,P039,1,372.53,0.05,178.5
O0007995,P113,1,109.8,0.12,79.04
O0007996,P011,3,1248.01,0.03,747.79
O0007996,P014,1,230.46,0.0,167.03
O0007996,P094,4,351.57,0.03,184.27
O0007997,P103,1,173.66,0.0,122.06
O0007998,P014,2,224.42,0.03,164.54
O0007999,P078,1,836.32,0.0,660.06
O0007999,P001,1,295.11,0.0,145.41
O0008000,P066,1,466.09,0.0,264.16
O0008001,P078,1,880.68,0.03,650.86
O0008002,P032,1,195.32,0.0,97.27
O0008002,P067,2,969.99,0.0,540.86
O0008003,P027,1,617.76,0.0,385.86
O0008004,P027,1,626.46,0.08,394.69
O0008005,P046,1,279.12,0.0,199.9
O0008006,P020,1,512.37,0.08,362.71
O0008006,P081,1,358.98,0.08,190.6
O0008007,P055,1,488.63,0.0,270.37
O0008007,P026,3,161.43,0.0,84.59
O0008007,P035,1,579.69,0.0,386.94
O0008008,P029,1,196.26,0.0,114.54
O0008009,P100,2,296.38,0.05,183.27
O0008010,P034,3,680.38,0.0,352.55
O0008011,P017,1,1951.33,0.0,883.82
O0008011,P003,2,1164.51,0.0,646.52
O0008012,P111,1,41.25,0.0,31.48
O0008013,P097,1,328.8,0.0,210.13
O0008014,P054,1,144.65,0.05,80.34
O0008015,P012,1,2347.38,0.03,1362.95
O0008016,P111,1,42.83,0.03,30.83
O0008016,P007,1,531.73,0.12,289.11
O0008017,P112,1,59.32,0.0,38.02
O0008018,P018,2,1765.27,0.03,1265.94
O0008019,P013,2,554.1,0.0,371.37
O0008020,P034,1,714.19,0.12,341.42
O0008021,P006,1,1870.8,0.12,1140.9
O0008021,P034,2,693.1,0.08,350.19
O0008022,P040,2,332.81,0.0,163.55
O0008023,P090,1,182.95,0.0,95.53
O0008024,P115,1,88.8,0.0,53.59
O0008025,P016,2,1458.2,0.0,978.48
O0008026,P093,1,229.37,0.0,112.23
O0008027,P004,1,1729.56,0.08,910.37
O0008028,P029,1,194.61,0.0,111.17
O0008028,P011,1,1309.29,0.05,750.38
O0008029,P031,2,425.51,0.08,293.39
O0008030,P098,2,30.66,0.0,22.53
O0008030,P036,2,242.8,0.05,178.58
O0008030,P086,1,470.37,0.0,334.24
O0008031,P008,2,1921.81,0.03,1099.71
O0008032,P027,1,644.06,0.0,377.61
O0008033,P111,2,40.67,0.0,31.89
O0008034,P006,1,1861.55,0.0,1128.52
O0008035,P098,1,32.73,0.03,23.63
O0008036,P068,2,1155.41,0.03,672.82
O0008036,P033,3,116.41,0.03,53.19
O0008037,P020,1,505.03,0.0,376.9
O0008038,P067,1,923.04,0.0,534.86
O0008039,P005,2,2158.46,0.0,1301.89
O0008040,P072,1,55.29,0.0,36.68
O0008041,P044,1,336.56,0.08,224.78
O0008042,P057,1,201.42,0.0,109.55
O0008043,P067,1,916.41,0.0,532.67
O0008044,P054,2,153.96,0.0,81.53
O0008045,P050,1,252.68,0.05,144.79
O0008046,P051,1,194.52,0.05,95.99
O0008047,P113,1,110.34,0.0,79.53
O0008048,P002,1,2470.54,0.12,1515.59
O0008049,P068,1,1196.94,0.0,665.63
O0008050,P099,3,158.81,0.0,104.31
O0008051,P099,1,152.83,0.0,99.77
O0008051,P105,1,150.35,0.0,97.26
O0008052,P018,4,1829.36,0.03,1264.32
O0008053,P083,1,239.4,0.0,118.58
O0008054,P051,2,200.63,0.03,96.85
O0008055,P007,1,552.81,0.0,296.57
O0008056,P032,2,196.39,0.08,102.38
O0008056,P048,1,494.59,0.03,291.32
O0008057,P015,1,1200.2,0.05,726.7
O0008057,P051,2,190.03,0.0,96.01
O0008058,P106,1,211.64,0.0,134.82
O0008059,P117,1,126.62,0.0,92.92
O0008060,P060,1,252.12,0.0,173.61
O0008060,P087,2,586.93,0.03,407.75
O0008060,P103,1,174.28,0.03,125.81
O0008061,P100,1,308.25,0.0,182.17
O0008061,P113,1,111.33,0.0,81.82
O0008062,P083,2,246.46,0.12,122.14
O0008063,P034,1,682.4,0.0,352.48
O0008064,P061,1,81.94,0.08,42.4
O0008064,P115,2,88.82,0.0,52.9
O0008065,P004,1,1764.75,0.0,958.46
O0008066,P070,1,54.21,0.0,27.97
O0008067,P036,2,257.38,0.0,182.88
O0008068,P071,1,689.45,0.0,341.31
O0008069,P045,1,308.58,0.0,213.06
O0008069,P035,1,597.35,0.0,380.14
O0008070,P065,2,1029.47,0.0,614.59
O0008071,P007,1,525.67,0.08,297.66
O0008072,P013,1,547.63,0.0,370.98
O0008073,P034,1,691.92,0.08,347.98
O0008074,P040,2,312.64,0.08,171.0
O0008074,P118,1,81.43,0.0,47.4
O0008074,P107,4,226.66,0.0,142.71
O0008075,P028,1,628.94,0.03,410.54
O0008075,P001,1,288.91,0.05,152.45
O0008076,P072,1,52.78,0.0,35.29
O0008076,P099,1,155.71,0.03,103.86
O0008076,P018,2,1790.45,0.03,1302.41
O0008077,P005,1,2142.76,0.03,1314.05
O0008078,P001,1,288.9,0.08,146.17
O0008079,P103,1,160.05,0.0,125.58
O0008080,P094,1,350.55,0.0,185.67
O0008081,P016,1,1399.73,0.0,980.17
O0008082,P003,1,1270.33,0.05,652.95
O0008082,P004,1,1723.63,0.0,948.53
O0008083,P016,1,1494.65,0.0,972.52
O0008083,P102,1,226.35,0.0,151.31
O0008084,P049,1,76.66,0.0,37.79
O0008085,P102,1,212.77,0.0,145.9
O0008086,P017,1,1956.15,0.08,863.3
O0008087,P096,2,549.4,0.0,352.66
O0008088,P075,1,990.22,0.03,592.42
O0008088,P002,1,2348.16,0.03,1476.45
O0008089,P047,1,300.09,0.0,199.28
O0008090,P026,1,167.63,0.0,84.09
O0008091,P097,1,306.65,0.03,206.32
O0008092,P110,1,52.97,0.12,27.17
O0008093,P115,1,90.18,0.05,51.78
O0008093,P023,1,286.99,0.03,129.4
O0008094,P091,1,237.84,0.12,159.81
O0008095,P102,1,222.45,0.0,149.38
O0008095,P114,1,135.97,0.0,61.9
O0008096,P003,1,1239.3,0.0,641.48
O0008096,P024,2,182.18,0.0,99.59
O0008097,P109,1,175.78,0.0,114.59
O0008098,P008,1,1771.6,0.0,1055.36
O0008099,P041,1,104.86,0.0,55.46
O0008100,P118,1,79.17,0.05,49.08
O0008101,P007,1,558.21,0.0,303.48
O0008102,P100,1,307.73,0.12,183.03
O0008102,P106,1,216.84,0.08,137.26
O0008103,P056,1,380.36,0.0,260.3
O0008104,P083,1,257.23,0.0,123.34
O0008105,P001,2,300.93,0.0,150.75
O0008105,P112,1,59.26,0.08,38.37
O0008105,P059,1,165.2,0.0,93.48
O0008105,P005,3,2056.92,0.03,1369.7
O0008106,P027,2,620.52,0.08,382.76
O0008107,P058,2,586.96,0.0,304.67
O0008108,P105,1,159.56,0.12,100.39
O0008109,P100,1,285.82,0.0,185.92
O0008110,P068,1,1184.93,0.08,668.06
O0008110,P107,4,221.9,0.08,144.39
O0008111,P042,2,195.96,0.08,118.46
O0008112,P097,1,307.74,0.0,218.3
O0008113,P020,1,537.03,0.0,369.46
O0008114,P117,3,128.79,0.0,94.23
O0008115,P063,1,230.48,0.0,102.45
O0008116,P053,1,89.39,0.0,41.94
O0008117,P002,1,2568.55,0.03,1468.07
O0008117,P038,1,202.21,0.12,156.1
O0008117,P009,3,123.18,0.0,85.64
O0008118,P054,2,155.14,0.03,79.62
O0008119,P031,1,437.65,0.0,280.34
O0008119,P102,1,214.88,0.0,152.15
O0008120,P004,2,1728.58,0.05,946.27
O0008120,P045,1,314.41,0.05,216.14
O0008121,P004,2,1835.07,0.03,957.43
O0008122,P025,1,477.57,0.03,327.99
O0008122,P061,3,80.63,0.0,43.46
O0008123,P039,2,365.06,0.08,173.94
O0008124,P019,1,2107.57,0.12,1420.44
O0008125,P076,1,275.98,0.0,139.03
O0008125,P072,1,54.56,0.0,34.79
O0008125,P039,1,371.44,0.05,172.7
O0008126,P080,3,1028.57,0.0,679.5
O0008126,P064,1,532.42,0.12,328.47
O0008127,P113,1,113.15,0.12,78.58
O0008128,P092,1,625.53,0.05,384.01
O0008128,P020,2,515.11,0.03,370.65
O0008128,P015,1,1158.53,0.12,762.76
O0008129,P019,1,2135.31,0.0,1430.07
O0008130,P120,1,150.94,0.0,88.89
O0008131,P098,1,30.65,0.08,22.98
O0008131,P067,1,937.34,0.03,558.79
O0008132,P056,1,358.3,0.0,258.09
O0008132,P006,1,2025.96,0.0,1168.23
O0008133,P037,1,38.63,0.0,20.7
O0008134,P028,1,615.18,0.05,397.09
O0008135,P106,1,214.8,0.0,132.9
O0008136,P023,1,268.09,0.05,132.13
O0008136,P049,1,78.63,0.03,38.54
O0008136,P084,2,481.71,0.08,338.78
O0008137,P018,1,1844.4,0.0,1269.4
O0008138,P107,1,216.69,0.05,146.17
O0008139,P060,1,267.31,0.03,172.46
O0008140,P039,1,382.11,0.05,178.2
O0008140,P035,1,586.13,0.03,383.22
O0008141,P105,3,148.79,0.0,101.49
O0008142,P077,1,46.1,0.05,28.09
O0008142,P078,2,825.97,0.08,641.93
O0008142,P107,2,217.9,0.08,146.34
O0008143,P024,2,190.79,0.05,101.4
O0008143,P033,1,116.39,0.05,53.75
O0008144,P081,1,326.06,0.0,189.79
O0008144,P084,1,466.27,0.05,332.41
O0008145,P064,3,547.26,0.03,331.24
O0008146,P073,1,590.51,0.03,298.91
O0008146,P024,1,185.9,0.0,100.48
O0008146,P113,1,114.24,0.0,80.88
O0008147,P103,2,166.34,0.0,123.27
O0008148,P002,1,2559.47,0.03,1465.54
O0008148,P011,1,1362.04,0.08,764.02
O0008149,P098,1,32.46,0.05,22.51
O0008149,P071,1,705.96,0.08,336.38
O0008149,P038,1,200.92,0.08,156.99
O0008149,P029,1,190.57,0.03,109.76
O0008150,P086,3,434.13,0.05,339.57
O0008151,P074,1,75.98,0.0,41.92
O0008152,P036,2,250.21,0.0,178.48
O0008152,P056,2,370.64,0.08,258.86
O0008152,P063,1,220.58,0.0,99.74
O0008153,P025,1,486.37,0.08,335.82
O0008153,P020,1,509.49,0.05,365.12
O0008154,P024,1,185.86,0.05,99.76
O0008155,P036,1,252.57,0.08,174.77
O0008155,P015,2,1204.18,0.0,731.74
O0008156,P070,2,55.88,0.03,28.62
O0008156,P113,1,117.26,0.0,82.61
O0008157,P018,1,1808.75,0.0,1266.61
O0008158,P114,3,133.08,0.08,61.18
O0008158,P037,1,38.34,0.0,21.49
O0008159,P067,4,965.35,0.0,551.24
O0008160,P008,1,1832.61,0.05,1073.18
O0008161,P097,1,315.84,0.03,218.27
O0008162,P072,1,53.53,0.0,34.68
O0008162,P025,1,467.55,0.0,336.06
O0008163,P083,1,252.08,0.0,122.65
O0008163,P104,1,213.69,0.0,135.95
O0008164,P017,1,1916.94,0.0,875.0
O0008164,P102,1,225.96,0.05,145.81
O0008165,P007,3,528.94,0.05,292.93
O0008166,P025,1,458.49,0.0,326.84
O0008167,P043,1,130.66,0.0,76.06
O0008168,P054,1,150.06,0.0,81.73
O0008169,P084,1,451.08,0.0,342.59
O0008170,P117,1,134.47,0.05,91.29
O0008171,P024,2,177.62,0.12,101.02
O0008172,P119,2,144.69,0.08,76.51
O0008172,P037,3,35.85,0.05,20.7
O0008173,P092,1,655.47,0.0,397.47
O0008174,P015,1,1220.24,0.03,761.29
O0008174,P026,1,159.72,0.0,84.96
O0008175,P017,1,1804.98,0.0,857.45
O0008175,P028,1,644.6,0.03,419.09
O0008175,P019,1,2007.88,0.0,1422.11
O0008176,P072,1,52.3,0.03,35.03
O0008177,P010,1,1167.63,0.03,610.45
O0008177,P033,1,112.74,0.03,53.31
O0008178,P082,2,110.83,0.03,65.58
O0008179,P009,1,119.3,0.08,85.48
O0008180,P061,2,81.99,0.03,42.78
O0008180,P104,1,226.86,0.0,131.43
O0008180,P100,1,305.96,0.0,186.53
O0008181,P026,1,163.48,0.05,84.69
O0008182,P002,1,2390.95,0.05,1496.54
O0008183,P075,1,1070.0,0.12,577.97
O0008184,P038,1,210.31,0.03,157.25
O0008185,P060,1,264.95,0.03,178.14
O0008185,P019,3,2043.88,0.15,1414.17
O0008186,P050,1,249.46,0.03,145.39
O0008187,P058,2,596.47,0.0,296.32
O0008187,P007,2,535.81,0.0,288.27
O0008188,P004,3,1849.97,0.08,934.81
O0008189,P007,1,571.28,0.05,287.53
O0008190,P022,2,394.05,0.0,248.09
O0008191,P112,1,63.15,0.0,37.73
O0008192,P015,1,1129.96,0.05,745.82
O0008192,P056,1,382.84,0.03,259.11
O0008192,P103,1,173.22,0.0,122.12
O0008193,P105,1,151.53,0.05,97.67
O0008194,P036,2,257.74,0.03,174.85
O0008194,P101,1,28.14,0.08,17.29
O0008194,P115,1,94.41,0.0,53.03
O0008195,P082,1,116.69,0.05,64.14
O0008195,P093,1,239.25,0.05,110.01
O0008196,P065,3,1051.59,0.08,623.43
O0008197,P063,1,230.79,0.0,104.31
O0008198,P023,1,281.78,0.0,129.04
O0008198,P033,1,120.19,0.03,52.07
O0008198,P117,2,128.63,0.08,94.98
O0008199,P007,1,541.64,0.05,297.63
O0008200,P086,1,435.04,0.0,328.67
O0008201,P051,1,191.03,0.0,96.31
O0008202,P064,1,526.79,0.0,343.03
O0008203,P051,2,199.55,0.15,94.72
O0008203,P085,2,277.45,0.0,205.77
O0008204,P086,1,447.96,0.0,339.67
O0008205,P040,1,337.29,0.05,163.56
O0008206,P023,1,278.83,0.05,130.94
O0008207,P036,3,252.74,0.0,178.72
O0008208,P021,1,364.24,0.0,205.75
O0008209,P116,1,100.97,0.03,50.21
O0008210,P056,1,378.35,0.03,255.84
O0008210,P112,1,64.92,0.03,38.32
O0008210,P037,1,36.21,0.0,20.93
O0008211,P024,1,182.35,0.05,99.69
O0008211,P035,2,591.61,0.03,393.18
O0008212,P110,3,54.46,0.0,28.49
O0008213,P007,3,550.42,0.03,299.44
O0008213,P075,3,1078.3,0.05,585.36
O0008213,P026,1,172.35,0.0,83.81
O0008214,P119,1,138.59,0.0,78.57
O0008215,P025,1,459.44,0.0,340.63
O0008216,P033,1,115.23,0.0,52.98
O0008217,P072,2,55.1,0.0,35.7
O0008217,P051,1,190.62,0.05,93.68
O0008217,P065,1,1046.99,0.08,595.54
O0008218,P025,3,479.53,0.15,334.78
O0008218,P033,1,120.99,0.0,51.36
O0008219,P030,1,203.72,0.03,152.3
O0008220,P030,2,208.94,0.0,157.85
O0008221,P075,1,1058.23,0.0,602.05
O0008221,P002,1,2507.54,0.0,1510.0
O0008221,P050,3,236.42,0.05,142.71
O0008222,P048,1,508.65,0.0,291.22
O0008223,P081,2,355.62,0.0,183.47
O0008223,P053,1,81.7,0.05,41.14
O0008224,P041,2,110.35,0.0,54.66
O0008225,P063,1,229.06,0.0,99.64
O0008226,P020,1,514.74,0.0,362.69
O0008226,P027,1,600.85,0.0,387.21
O0008226,P019,1,2191.64,0.0,1417.99
O0008227,P008,1,1923.4,0.0,1080.99
O0008228,P008,3,1789.73,0.0,1087.7
O0008229,P040,2,331.85,0.03,161.98
O0008230,P086,4,437.51,0.15,335.42
O0008231,P040,1,333.61,0.05,169.84
O0008231,P097,1,309.17,0.0,208.71
O0008232,P040,1,315.05,0.08,165.19
O0008233,P105,1,149.36,0.08,99.19
O0008234,P099,1,159.01,0.03,101.57
O0008235,P082,1,111.68,0.08,63.96
O0008236,P088,1,97.91,0.0,53.29
O0008237,P039,1,357.2,0.15,170.44
O0008238,P069,2,1424.41,0.03,821.79
O0008239,P003,1,1266.78,0.0,671.46
O0008240,P012,1,2218.07,0.05,1348.96
O0008240,P095,1,601.83,0.05,309.73
O0008241,P053,2,84.37,0.0,42.06
O0008241,P076,1,266.16,0.0,137.31
O0008242,P003,1,1187.6,0.0,650.95
O0008242,P048,1,493.35,0.0,302.23
O0008243,P100,1,295.44,0.0,187.89
O0008244,P031,3,413.28,0.0,292.47
O0008245,P106,2,217.2,0.0,131.32
O0008246,P053,1,82.06,0.12,42.76
O0008246,P028,1,641.58,0.0,410.68
O0008246,P077,1,50.11,0.0,27.64
O0008247,P054,3,156.71,0.0,78.15
O0008248,P041,1,108.88,0.05,55.12
O0008249,P056,1,358.21,0.0,260.29
O0008250,P054,1,155.47,0.03,77.75
O0008250,P027,2,630.72,0.0,384.65
O0008250,P022,2,390.15,0.0,255.67
O0008251,P013,1,573.92,0.08,359.26
O0008251,P046,1,261.41,0.0,196.95
O0008252,P111,1,41.48,0.15,31.08
O0008252,P016,1,1375.65,0.0,958.92
O0008253,P015,1,1202.2,0.0,750.3
O0008254,P040,1,339.92,0.0,165.54
O0008255,P040,1,332.26,0.15,165.32
O0008256,P107,2,221.63,0.0,141.19
O0008257,P115,1,87.9,0.05,53.51
O0008258,P059,3,170.56,0.0,97.18
O0008259,P065,4,1038.87,0.0,615.62
O0008259,P002,1,2536.17,0.0,1524.33
O0008260,P010,1,1175.34,0.0,615.76
O0008260,P028,1,605.03,0.0,409.04
O0008260,P034,2,667.39,0.03,347.44
O0008261,P033,2,115.67,0.05,53.47
O0008261,P023,1,276.91,0.0,127.95
O0008261,P064,3,524.83,0.0,326.51
O0008262,P001,1,295.45,0.08,145.96
O0008263,P043,1,128.14,0.0,74.66
O0008264,P085,1,283.6,0.0,202.82
O0008264,P030,1,203.35,0.15,154.16
O0008265,P068,1,1168.37,0.03,648.19
O0008266,P007,2,556.14,0.0,301.69
O0008267,P043,2,127.85,0.08,75.63
O0008267,P052,1,114.72,0.05,84.97
O0008267,P013,2,571.21,0.03,367.81
O0008268,P072,1,56.08,0.0,35.1
O0008269,P024,1,188.34,0.0,97.65
O0008270,P041,2,101.19,0.03,52.33
O0008271,P098,1,31.33,0.03,23.17
O0008272,P031,1,449.13,0.0,292.55
O0008273,P109,3,166.94,0.0,109.53
O0008274,P071,1,730.39,0.0,354.44
O0008274,P022,1,383.23,0.0,253.33
O0008274,P014,3,239.01,0.03,164.67
O0008275,P001,1,312.29,0.05,145.61
O0008275,P036,2,249.25,0.03,179.33
O0008276,P028,1,625.57,0.08,406.54
O0008277,P083,4,239.52,0.03,121.51
O0008278,P005,2,2126.46,0.0,1370.73
O0008279,P021,2,337.22,0.12,203.71
O0008280,P071,2,696.52,0.03,334.85
O0008280,P088,1,101.87,0.0,53.2
O0008281,P045,2,312.73,0.03,220.33
O0008281,P035,1,590.68,0.12,384.42
O0008282,P001,1,310.52,0.05,152.34
O0008283,P014,1,229.9,0.0,169.69
O0008284,P082,1,112.17,0.0,66.2
O0008285,P027,1,652.78,0.0,385.23
O0008285,P032,1,185.9,0.0,101.03
O0008286,P074,1,73.2,0.0,42.22
O0008287,P025,3,453.63,0.03,343.14
O0008288,P014,1,231.89,0.0,162.84
O0008289,P104,3,228.45,0.08,137.35
O0008290,P103,1,169.41,0.0,126.49
O0008290,P105,3,155.55,0.0,101.84
O0008291,P072,1,57.27,0.05,36.16
O0008291,P048,4,529.17,0.05,296.9
O0008292,P005,1,2089.79,0.15,1294.24
O0008292,P039,1,355.92,0.08,177.55
O0008292,P092,1,663.41,0.08,395.09
O0008293,P049,1,75.1,0.12,38.24
O0008293,P052,1,119.4,0.0,87.56
O0008294,P020,1,532.11,0.08,357.12
O0008295,P006,1,1882.42,0.05,1124.89
O0008296,P014,2,219.25,0.05,170.32
O0008297,P030,1,198.72,0.08,151.3
O0008297,P011,1,1344.87,0.05,764.87
O0008298,P003,3,1193.35,0.0,665.76
O0008299,P096,1,553.71,0.0,345.2
O0008300,P005,1,2200.82,0.05,1313.85
O0008301,P006,1,2011.08,0.0,1139.0
O0008302,P011,1,1272.55,0.0,786.06
O0008302,P066,2,482.1,0.05,261.24
O0008303,P068,2,1132.14,0.05,661.65
O0008304,P069,2,1409.99,0.0,831.51
O0008305,P014,1,230.41,0.0,166.61
O0008305,P080,1,1010.86,0.05,680.45
O0008305,P013,1,584.96,0.05,370.21
O0008306,P053,1,81.86,0.05,41.11
O0008306,P076,1,277.77,0.0,134.4
O0008307,P011,1,1346.98,0.12,785.42
O0008308,P005,1,2185.9,0.03,1305.84
O0008308,P068,3,1160.2,0.0,642.52
O0008309,P103,1,165.75,0.05,126.93
O0008310,P053,1,85.4,0.0,42.01
O0008310,P019,2,2208.16,0.03,1472.0
O0008311,P036,2,252.38,0.0,174.26
O0008312,P049,1,76.36,0.03,39.63
O0008312,P025,1,455.43,0.05,334.79
O0008313,P109,4,164.57,0.0,112.87
O0008313,P073,2,580.24,0.0,308.13
O0008313,P081,1,342.72,0.0,190.95
O0008314,P098,1,31.59,0.05,23.63
O0008315,P043,1,135.13,0.0,72.25
O0008316,P095,2,574.66,0.0,310.87
O0008317,P107,2,235.18,0.05,140.69
O0008318,P071,1,755.04,0.08,347.78
O0008319,P042,1,192.73,0.15,122.74
O0008320,P004,1,1862.79,0.0,923.56
O0008321,P040,2,319.29,0.0,164.29
O0008322,P045,1,318.35,0.08,217.01
O0008323,P022,1,372.33,0.08,257.29
O0008324,P035,1,578.91,0.0,380.63
O0008325,P102,2,220.35,0.0,150.78
O0008325,P050,1,250.17,0.0,140.75
O0008326,P086,1,441.48,0.05,324.17
O0008327,P118,2,78.47,0.03,49.66
O0008327,P021,1,352.33,0.0,202.71
O0008327,P046,1,279.09,0.03,196.52
O0008327,P033,1,110.15,0.08,53.8
O0008328,P019,1,2171.44,0.0,1471.09
O0008329,P013,1,564.98,0.12,352.69
O0008330,P072,1,54.88,0.0,35.73
O0008331,P026,1,163.57,0.08,83.7
O0008332,P012,1,2269.05,0.05,1405.14
O0008333,P040,1,336.47,0.0,166.29
O0008334,P087,2,617.5,0.03,421.17
O0008335,P022,1,386.88,0.05,258.26
O0008336,P058,1,559.53,0.0,309.29
O0008337,P115,2,93.51,0.05,53.82
O0008338,P018,3,1867.3,0.0,1303.3
O0008339,P088,1,94.11,0.0,54.41
O0008340,P035,1,573.74,0.0,397.06
O0008340,P050,1,255.96,0.0,144.51
O0008340,P018,1,1822.86,0.0,1271.98
O0008341,P111,1,43.38,0.05,31.46
O0008342,P043,2,126.98,0.0,74.51
O0008343,P011,1,1347.38,0.0,747.76
O0008344,P025,2,474.61,0.12,335.31
O0008344,P010,1,1101.62,0.0,589.8
O0008345,P017,2,1929.4,0.0,887.68
O0008345,P025,1,460.68,0.08,328.03
O0008345,P120,1,149.34,0.0,88.05
O0008346,P060,1,258.52,0.0,173.82
O0008347,P002,2,2446.16,0.0,1487.9
O0008348,P050,2,233.69,0.0,148.4
O0008349,P076,2,270.91,0.0,136.31
O0008350,P095,1,599.73,0.05,311.34
O0008351,P008,1,1765.48,0.0,1073.1
O0008352,P109,2,177.86,0.0,111.49
O0008352,P104,2,210.72,0.05,130.6
O0008353,P042,2,184.34,0.12,117.89
O0008354,P040,3,333.52,0.0,171.85
O0008355,P051,3,188.55,0.0,94.92
O0008356,P030,1,204.01,0.0,153.62
O0008356,P035,1,596.04,0.0,389.15
O0008357,P001,3,312.44,0.0,152.37
O0008357,P081,1,355.77,0.15,187.08
O0008358,P021,1,362.72,0.0,199.19
O0008359,P055,2,453.71,0.08,259.45
O0008359,P097,1,303.47,0.08,215.87
O0008360,P080,2,1013.65,0.0,686.61
O0008361,P014,1,222.27,0.03,167.52
O0008361,P023,1,284.51,0.08,130.33
O0008362,P027,2,637.11,0.05,379.76
O0008362,P050,1,256.93,0.03,142.63
O0008362,P074,1,75.49,0.08,42.93
O0008363,P046,2,277.32,0.0,195.74
O0008363,P112,1,60.77,0.0,36.85
O0008363,P071,3,698.54,0.03,338.04
O0008364,P005,1,2137.77,0.0,1365.48
O0008365,P011,1,1305.33,0.0,749.27
O0008365,P016,1,1485.85,0.0,1001.76
O0008365,P021,1,343.66,0.0,208.77
O0008365,P118,1,78.91,0.0,48.56
O0008366,P100,1,309.67,0.15,184.86
O0008366,P073,3,588.97,0.05,304.08
O0008367,P089,4,232.34,0.0,108.8
O0008368,P029,1,193.79,0.03,112.32
O0008369,P004,1,1774.38,0.0,908.15
O0008369,P031,3,414.01,0.0,279.56
O0008370,P061,1,81.83,0.03,43.71
O0008371,P025,2,488.33,0.0,326.4
O0008372,P019,1,2008.42,0.03,1463.47
O0008372,P032,1,204.92,0.0,97.2
O0008372,P115,1,91.15,0.0,52.37
O0008373,P063,1,212.85,0.0,103.02
O0008373,P045,1,302.49,0.0,209.58
O0008373,P070,4,53.94,0.0,27.88
O0008373,P031,1,425.88,0.03,286.03
O0008374,P038,1,214.08,0.0,158.57
O0008374,P040,1,328.23,0.05,167.78
O0008375,P074,1,71.71,0.0,42.71
O0008375,P023,2,263.09,0.0,128.99
O0008375,P062,2,1441.2,0.05,1103.63
O0008376,P117,1,134.53,0.05,93.36
O0008377,P119,1,147.34,0.03,79.08
O0008378,P078,1,826.17,0.03,642.12
O0008378,P075,2,1046.15,0.05,590.52
O0008379,P108,1,43.59,0.0,19.86
O0008379,P093,1,242.39,0.0,116.74
O0008379,P068,1,1216.33,0.05,668.96
O0008380,P053,1,85.57,0.0,41.13
O0008380,P113,2,110.22,0.0,80.77
O0008381,P104,1,218.77,0.05,131.7
O0008381,P082,2,115.71,0.0,67.31
O0008382,P079,1,764.76,0.05,364.39
O0008382,P011,1,1275.78,0.0,760.43
O0008382,P055,2,457.17,0.0,263.28
O0008383,P033,1,112.64,0.08,52.29
O0008383,P078,2,848.79,0.0,638.58
O0008384,P026,1,159.52,0.12,85.7
O0008385,P064,2,565.4,0.05,331.97
O0008386,P044,1,333.28,0.08,220.95
O0008387,P023,1,269.21,0.0,132.21
O0008388,P031,1,428.09,0.0,279.47
O0008389,P011,1,1350.5,0.0,785.27
O0008390,P076,3,273.41,0.0,138.76
O0008390,P020,4,525.53,0.0,367.4
O0008390,P018,1,1709.57,0.08,1268.9
O0008391,P021,2,354.81,0.05,200.1
O0008392,P064,1,545.0,0.12,345.28
O0008393,P100,1,301.71,0.0,184.49
O0008393,P058,1,555.38,0.12,294.79
O0008394,P027,1,653.23,0.0,390.02
O0008394,P056,1,384.65,0.03,258.44
O0008394,P070,2,54.09,0.0,28.16
O0008395,P058,2,595.36,0.0,296.61
O0008396,P102,1,217.34,0.0,147.3
O0008396,P015,1,1196.65,0.0,743.32
O0008397,P017,1,1944.9,0.0,883.72
O0008397,P001,1,293.62,0.0,151.95
O0008398,P046,1,270.64,0.0,194.49
O0008398,P003,1,1200.74,0.0,640.14
O0008399,P020,3,523.43,0.12,375.05
O0008400,P005,1,2130.99,0.0,1308.88
O0008400,P074,1,75.85,0.0,40.93
O0008400,P083,3,255.24,0.0,119.26
O0008400,P059,1,171.26,0.05,92.02
O0008401,P012,1,2294.97,0.0,1355.24
O0008402,P027,1,631.68,0.0,375.22
O0008403,P071,1,728.24,0.12,350.89
O0008404,P039,1,358.89,0.15,174.75
O0008405,P073,1,597.27,0.05,307.56
O0008406,P026,1,175.2,0.08,85.87
O0008407,P016,4,1370.95,0.0,992.6
O0008407,P051,1,191.56,0.0,96.83
O0008408,P096,3,510.43,0.03,347.31
O0008409,P024,1,193.32,0.0,97.66
O0008409,P120,1,149.13,0.05,90.35
O0008410,P109,2,173.83,0.08,112.75
O0008410,P010,1,1121.75,0.0,613.24
O0008411,P116,1,106.7,0.15,49.37
O0008412,P093,1,242.92,0.08,113.16
O0008413,P024,1,177.06,0.03,98.33
O0008413,P067,1,908.91,0.08,549.81
O0008414,P010,1,1092.42,0.0,602.81
O0008414,P043,1,134.39,0.0,75.76
O0008415,P038,1,207.64,0.03,150.5
O0008415,P057,1,214.32,0.08,113.18
O0008416,P011,1,1284.86,0.03,775.33
O0008417,P005,1,2079.08,0.0,1305.1
O0008417,P007,1,571.74,0.0,304.7
O0008417,P027,1,616.42,0.0,376.56
O0008417,P064,1,539.71,0.0,340.3
O0008418,P119,3,137.97,0.0,79.63
O0008418,P034,1,693.03,0.08,337.58
O0008419,P053,1,88.55,0.08,42.11
O0008420,P109,2,168.17,0.0,110.29
O0008421,P095,1,591.76,0.0,307.07
O0008422,P042,3,198.41,0.0,120.16
O0008423,P103,3,173.64,0.03,128.39
O0008423,P007,1,570.3,0.0,293.68
O0008424,P025,1,469.69,0.0,339.34
O0008424,P076,3,260.2,0.0,139.13
O0008425,P069,3,1472.87,0.12,823.02
O0008426,P005,2,2057.93,0.0,1324.27
O0008427,P018,1,1716.06,0.03,1333.93
O0008428,P036,1,244.93,0.03,180.13
O0008429,P023,1,278.99,0.05,128.58
O0008430,P028,2,649.37,0.03,403.46
O0008431,P067,2,898.57,0.08,541.54
O0008431,P027,1,598.57,0.0,391.13
O0008431,P015,1,1175.09,0.03,722.35
O0008431,P062,1,1399.98,0.0,1099.8
O0008432,P095,1,575.92,0.0,312.08
O0008433,P099,1,159.41,0.0,105.12
O0008434,P073,1,581.54,0.08,301.04
O0008435,P119,1,143.91,0.03,78.68
O0008435,P098,1,32.49,0.03,22.74
O0008436,P076,2,273.83,0.0,138.39
O0008436,P004,2,1808.1,0.0,905.3
O0008437,P015,2,1222.78,0.0,741.44
O0008438,P018,2,1806.09,0.03,1315.92
O0008439,P068,1,1158.62,0.0,638.36
O0008440,P051,1,192.23,0.15,96.94
O0008441,P060,1,268.51,0.0,173.05
O0008441,P114,1,139.59,0.0,60.54
O0008441,P036,1,257.94,0.0,176.62
O0008442,P101,2,29.71,0.08,16.84
O0008442,P013,1,582.27,0.0,369.06
O0008443,P098,1,32.29,0.05,23.62
O0008444,P041,1,101.71,0.12,54.45
O0008444,P011,1,1265.79,0.0,758.14
O0008444,P118,1,78.02,0.05,49.73
O0008445,P018,2,1776.05,0.0,1302.3
O0008446,P098,1,32.53,0.0,22.82
O0008446,P099,1,166.06,0.08,101.69
O0008447,P067,2,883.22,0.08,547.88
O0008448,P089,1,235.12,0.0,108.12
O0008449,P019,1,2152.39,0.05,1458.24
O0008449,P105,2,153.39,0.0,101.52
O0008450,P040,1,316.52,0.0,168.43
O0008450,P064,1,573.85,0.0,338.67
O0008451,P064,1,560.11,0.0,334.09
O0008452,P010,2,1102.41,0.03,603.23
O0008452,P057,4,201.29,0.0,109.24
O0008453,P120,1,142.94,0.0,88.5
O0008453,P093,1,243.19,0.0,110.74
O0008454,P062,3,1478.57,0.0,1065.34
O0008454,P052,3,124.13,0.08,85.71
O0008455,P111,1,44.27,0.0,31.27
O0008456,P115,1,92.48,0.0,53.93
O0008457,P113,3,110.49,0.05,78.09
O0008458,P102,1,208.38,0.0,148.24
O0008458,P087,2,595.27,0.05,408.23
O0008459,P005,2,2211.03,0.0,1353.01
O0008460,P011,1,1266.07,0.0,757.32
O0008460,P109,1,162.77,0.03,109.55
O0008461,P101,1,29.82,0.08,17.57
O0008461,P026,1,172.2,0.12,84.02
O0008462,P064,1,558.39,0.05,342.35
O0008463,P089,1,225.81,0.05,108.52
O0008464,P018,1,1765.08,0.0,1306.03
O0008465,P064,2,528.75,0.0,328.55
O0008466,P016,2,1362.08,0.0,956.33
O0008467,P011,2,1326.06,0.03,772.59
O0008468,P085,2,277.39,0.0,206.89
O0008468,P001,1,297.74,0.0,144.71
O0008469,P068,1,1154.09,0.0,648.21
O0008470,P120,1,152.9,0.0,88.86
O0008471,P037,2,36.51,0.0,21.43
O0008472,P032,1,203.7,0.0,97.52
O0008473,P104,1,232.02,0.05,132.17
O0008473,P021,1,365.84,0.0,201.54
O0008473,P050,1,257.04,0.0,140.18
O0008474,P092,2,622.91,0.0,405.05
O0008475,P099,2,163.81,0.05,101.45
O0008476,P100,2,309.72,0.0,190.19
O0008477,P054,1,156.03,0.0,80.93
O0008478,P080,1,977.07,0.0,671.76
O0008479,P051,1,201.02,0.0,95.76
O0008480,P043,1,137.32,0.0,72.49
O0008481,P090,2,176.67,0.0,92.68
O0008481,P110,2,50.92,0.0,26.98
O0008482,P013,1,567.24,0.08,356.72
O0008483,P055,1,488.18,0.03,271.51
O0008484,P099,3,157.12,0.05,104.99
O0008484,P022,1,408.06,0.03,253.33
O0008485,P113,1,114.8,0.05,81.97
O0008486,P028,1,624.94,0.08,406.19
O0008487,P027,1,620.72,0.12,380.15
O0008488,P045,3,319.22,0.03,219.36
O0008488,P016,2,1429.89,0.08,951.79
O0008489,P060,1,269.73,0.0,176.31
O0008490,P007,1,545.03,0.0,299.36
O0008491,P012,1,2176.66,0.0,1348.05
O0008492,P055,1,469.54,0.0,260.85
O0008492,P067,2,907.54,0.0,561.06
O0008492,P105,3,155.09,0.0,102.33
O0008493,P110,1,53.35,0.05,27.22
O0008494,P093,1,243.94,0.08,114.6
O0008495,P091,1,226.43,0.12,158.83
O0008496,P079,1,793.11,0.0,363.86
O0008497,P120,1,150.54,0.05,91.64
O0008498,P018,1,1854.2,0.0,1298.43
O0008499,P070,1,52.79,0.0,28.19
O0008500,P044,1,325.99,0.0,215.38
O0008501,P100,1,291.23,0.0,189.28
O0008502,P054,1,146.7,0.0,80.09
O0008502,P075,1,989.95,0.0,590.04
O0008503,P097,2,324.54,0.05,206.43
O0008504,P046,1,283.49,0.03,198.07
O0008504,P082,1,115.49,0.0,67.69
O0008505,P023,1,286.78,0.0,129.27
O0008506,P032,2,192.51,0.05,99.93
O0008507,P030,3,201.48,0.15,151.87
O0008507,P041,1,109.29,0.03,55.31
O0008507,P064,1,543.06,0.0,328.71
O0008508,P017,2,1792.19,0.0,872.49
O0008508,P031,1,432.91,0.15,291.82
O0008508,P074,2,73.98,0.08,42.35
O0008509,P100,1,304.51,0.0,185.74
O0008510,P065,2,1056.18,0.0,609.93
O0008511,P063,1,217.84,0.03,104.1
O0008512,P118,1,81.29,0.03,48.06
O0008512,P035,1,584.18,0.0,378.74
O0008513,P008,1,1824.58,0.0,1091.11
O0008514,P110,3,52.15,0.08,27.94
O0008515,P050,1,233.77,0.0,147.56
O0008516,P076,2,275.02,0.03,134.25
O0008516,P026,1,170.48,0.12,82.84
O0008517,P057,1,203.68,0.0,110.63
O0008518,P010,1,1100.46,0.0,580.72
O0008519,P070,1,52.12,0.0,28.36
O0008519,P045,2,308.15,0.0,213.16
O0008519,P106,2,213.23,0.03,131.01
O0008520,P031,1,411.03,0.0,278.94
O0008521,P095,2,624.38,0.0,303.09
O0008522,P014,1,230.01,0.0,165.69
O0008522,P019,2,2139.29,0.03,1409.79
O0008522,P110,1,55.51,0.0,26.88
O0008523,P015,2,1236.93,0.0,730.14
O0008524,P075,2,1053.49,0.0,577.29
O0008524,P054,2,150.53,0.0,80.57
O0008525,P098,1,30.82,0.05,22.47
O0008525,P016,1,1487.81,0.0,962.01
O0008526,P021,2,363.98,0.08,204.71
O0008527,P009,1,113.1,0.0,83.1
O0008527,P093,1,237.43,0.0,114.7
O0008527,P004,3,1723.6,0.0,943.89
O0008528,P010,1,1197.24,0.12,614.41
O0008529,P006,1,2029.8,0.08,1170.91
O0008530,P039,1,350.81,0.03,178.14
O0008531,P019,1,2109.38,0.0,1433.66
O0008532,P118,1,77.37,0.12,49.7
O0008533,P089,1,238.61,0.0,108.72
O0008534,P006,3,1970.56,0.08,1151.76
O0008535,P105,1,155.76,0.05,100.94
O0008535,P057,1,217.67,0.0,113.44
O0008536,P005,1,2175.93,0.0,1343.55
O0008537,P058,4,580.22,0.0,305.23
O0008537,P034,2,658.7,0.03,342.45
O0008538,P039,1,376.64,0.05,170.5
O0008539,P117,1,131.37,0.0,94.99
O0008540,P088,1,95.02,0.0,53.56
O0008540,P102,1,211.81,0.03,149.68
O0008541,P020,1,526.75,0.05,373.79
O0008542,P120,2,143.88,0.08,90.2
O0008542,P022,1,382.0,0.0,258.94
O0008543,P076,1,259.67,0.03,134.73
O0008543,P002,2,2510.6,0.0,1494.97
O0008544,P088,3,102.51,0.03,55.76
O0008544,P061,1,85.31,0.0,42.51
O0008544,P018,1,1698.45,0.05,1334.4
O0008545,P102,2,223.3,0.0,144.4
O0008546,P071,1,734.01,0.0,344.64
O0008547,P068,1,1141.36,0.0,647.61
O0008548,P041,1,104.17,0.12,53.74
O0008549,P063,1,220.76,0.08,101.13
O0008550,P005,1,2108.48,0.0,1324.82
O0008550,P013,2,533.88,0.08,356.64
O0008551,P048,3,493.44,0.05,289.5
O0008552,P010,1,1114.4,0.12,615.73
O0008553,P114,1,140.22,0.08,60.7
O0008553,P037,1,37.08,0.12,21.04
O0008553,P026,2,166.62,0.0,84.58
O0008554,P061,1,78.39,0.0,41.86
O0008554,P117,1,129.4,0.0,95.79
O0008554,P090,3,177.97,0.0,94.78
O0008555,P081,3,335.51,0.05,193.16
O0008556,P012,1,2267.22,0.0,1361.02
O0008556,P073,1,564.51,0.0,295.41
O0008556,P105,1,157.45,0.05,96.63
O0008557,P110,1,53.13,0.0,28.53
O0008558,P115,1,90.09,0.08,52.8
O0008559,P105,1,158.77,0.0,99.96
O0008560,P004,1,1853.02,0.08,929.86
O0008561,P073,1,573.15,0.03,305.16
O0008561,P092,1,663.89,0.08,398.41
O0008562,P010,1,1096.2,0.0,595.01
O0008563,P112,1,63.95,0.08,38.2
O0008563,P084,1,484.21,0.05,329.65
O0008564,P067,1,919.14,0.08,548.53
O0008565,P029,1,181.89,0.0,109.32
O0008566,P096,1,510.86,0.12,345.83
O0008567,P019,2,2097.47,0.0,1399.7
O0008568,P020,1,519.59,0.05,360.21
O0008569,P070,2,52.53,0.05,27.95
O0008570,P009,1,114.61,0.12,82.47
O0008571,P010,2,1124.46,0.0,615.84
O0008571,P076,1,278.95,0.0,137.29
O0008572,P096,2,548.99,0.12,342.22
O0008573,P017,1,1958.72,0.0,894.89
O0008574,P063,1,214.76,0.0,105.13
O0008575,P104,1,231.04,0.0,132.76
O0008576,P032,1,198.43,0.0,101.01
O0008577,P089,1,234.75,0.08,107.74
O0008577,P063,2,221.9,0.0,99.54
O0008578,P109,1,168.63,0.05,112.74
O0008579,P120,2,141.51,0.03,89.0
O0008580,P049,2,77.73,0.08,39.2
O0008581,P036,1,246.71,0.0,180.11
O0008581,P038,2,210.8,0.0,155.54
O0008582,P026,1,160.13,0.08,85.29
O0008582,P068,1,1108.92,0.12,663.68
O0008582,P052,1,124.14,0.0,87.68
O0008583,P108,1,42.42,0.03,20.18
O0008584,P109,1,166.99,0.0,115.56
O0008585,P035,1,565.04,0.12,395.29
O0008586,P047,3,296.28,0.08,203.39
O0008587,P025,2,476.87,0.0,326.04
O0008588,P108,1,42.23,0.0,20.19
O0008589,P079,3,765.59,0.0,354.85
O0008589,P016,1,1481.98,0.03,972.13
O0008590,P015,1,1224.08,0.08,744.86
O0008591,P114,1,133.9,0.0,63.07
O0008592,P029,3,182.98,0.0,115.12
O0008592,P026,2,175.41,0.0,84.67
O0008593,P078,1,896.18,0.05,656.34
O0008593,P087,1,570.05,0.0,424.53
O0008593,P002,1,2413.74,0.03,1460.93
O0008593,P047,1,309.85,0.05,201.82
O0008594,P073,1,578.35,0.12,294.51
O0008594,P025,2,481.65,0.0,340.6
O0008595,P010,1,1101.33,0.0,584.83
O0008596,P078,2,838.94,0.05,654.44
O0008597,P012,1,2162.7,0.03,1354.06
O0008597,P097,1,313.93,0.15,216.54
O0008598,P029,1,191.45,0.0,108.53
O0008599,P092,2,643.55,0.05,397.0
O0008600,P089,2,226.94,0.0,106.28
O0008601,P107,1,221.4,0.0,143.18
O0008601,P034,2,668.72,0.0,342.87
O0008602,P011,2,1318.35,0.03,772.32
O0008603,P060,1,254.31,0.0,179.04
O0008603,P089,1,227.87,0.05,107.43
O0008604,P032,4,191.78,0.03,102.47
O0008605,P097,3,309.8,0.12,216.51
O0008605,P098,1,33.22,0.0,23.16
O0008606,P117,1,124.71,0.0,93.93
O0008606,P100,1,296.46,0.03,185.92
O0008607,P084,1,476.83,0.0,334.11
O0008607,P098,2,32.28,0.0,22.58
O0008608,P065,1,1043.09,0.0,611.62
O0008609,P007,1,561.23,0.0,302.07
O0008610,P061,3,78.78,0.0,42.66
O0008611,P072,1,52.86,0.12,35.25
O0008612,P104,1,229.08,0.03,134.71
O0008612,P036,2,247.41,0.0,178.6
O0008613,P016,1,1491.07,0.03,984.62
O0008614,P104,1,220.52,0.08,130.55
O0008614,P105,1,149.33,0.0,100.94
O0008615,P007,2,567.79,0.0,295.72
O0008616,P096,3,538.41,0.03,345.1
O0008616,P018,2,1869.04,0.03,1326.63
O0008617,P026,1,163.01,0.0,86.81
O0008617,P006,1,1859.93,0.0,1169.08
O0008618,P036,1,253.32,0.05,174.86
O0008619,P015,1,1180.87,0.05,732.98
O0008620,P060,1,264.9,0.0,174.87
O0008620,P073,1,604.87,0.03,297.81
O0008621,P043,2,135.03,0.15,74.58
O0008622,P118,1,74.54,0.0,47.36
O0008622,P081,2,356.94,0.0,186.68
O0008623,P114,4,140.96,0.0,62.76
O0008623,P023,1,277.87,0.0,129.39
O0008624,P019,1,2076.01,0.0,1472.33
O0008625,P092,2,616.42,0.0,389.94
O0008625,P044,1,317.96,0.0,228.34
O0008626,P115,1,95.78,0.08,53.51
O0008626,P067,1,938.52,0.0,559.38
O0008627,P092,2,646.09,0.08,401.57
O0008628,P063,4,222.81,0.0,104.31
O0008628,P050,1,252.0,0.0,145.02
O0008628,P090,2,176.36,0.0,97.88
O0008629,P070,1,55.47,0.05,28.69
O0008630,P018,2,1754.84,0.0,1329.23
O0008631,P080,1,952.55,0.0,691.62
O0008632,P081,2,359.03,0.03,185.6
O0008633,P101,2,29.28,0.05,16.92
O0008633,P006,2,1983.47,0.05,1150.13
O0008634,P017,1,1949.58,0.0,881.55
O0008634,P059,1,166.27,0.05,97.41
O0008634,P109,1,175.91,0.0,110.65
O0008635,P010,1,1177.75,0.0,591.38
O0008636,P103,1,167.55,0.0,123.77
O0008637,P107,1,236.0,0.0,144.83
O0008638,P031,1,432.95,0.0,291.72
O0008638,P033,1,113.38,0.0,52.0
O0008639,P093,1,238.46,0.0,112.99
O0008640,P041,1,108.77,0.0,54.22
O0008640,P113,1,114.17,0.05,81.36
O0008641,P099,1,163.89,0.0,101.56
O0008642,P023,1,280.52,0.03,125.81
O0008643,P003,1,1170.15,0.03,654.4
O0008644,P108,1,43.31,0.05,19.7
O0008645,P091,1,246.33,0.03,162.66
O0008645,P050,1,247.69,0.08,144.87
O0008646,P065,1,1080.82,0.12,604.49
O0008647,P017,1,1882.04,0.05,846.89
O0008648,P044,1,340.87,0.0,217.66
O0008649,P021,1,362.33,0.0,204.81
O0008649,P118,2,82.24,0.05,47.32
O0008650,P089,1,235.36,0.0,110.6
O0008651,P044,1,314.51,0.0,227.36
O0008652,P116,3,107.55,0.0,50.53
O0008652,P021,1,363.46,0.0,198.82
O0008653,P088,1,95.71,0.0,53.65
O0008653,P099,2,152.86,0.12,103.67
O0008654,P019,2,2038.47,0.03,1465.82
O0008654,P074,2,75.1,0.03,42.43
O0008655,P018,2,1716.02,0.0,1265.6
O0008656,P001,2,313.31,0.0,148.64
O0008657,P068,2,1135.67,0.0,636.39
O0008658,P025,1,456.17,0.0,327.55
O0008659,P020,2,523.21,0.05,368.27
O0008660,P110,1,54.9,0.0,27.81
O0008661,P078,1,894.57,0.0,644.27
O0008661,P026,1,174.67,0.12,83.86
O0008662,P053,1,87.65,0.05,41.93
O0008662,P078,1,883.31,0.08,638.79
O0008663,P027,1,641.96,0.0,395.42
O0008663,P086,1,443.71,0.0,330.35
O0008664,P060,2,259.08,0.0,181.93
O0008665,P024,1,180.39,0.03,100.92
O0008666,P107,1,221.46,0.05,141.05
O0008667,P059,2,164.81,0.0,96.17
O0008667,P037,1,38.44,0.08,21.47
O0008668,P070,2,52.81,0.03,28.55
O0008668,P001,1,304.11,0.0,144.98
O0008669,P054,1,154.2,0.0,80.37
O0008670,P011,3,1272.87,0.05,787.08
O0008671,P057,1,216.62,0.05,109.59
O0008672,P042,1,190.6,0.0,117.84
O0008673,P094,2,357.27,0.08,183.31
O0008674,P002,3,2545.07,0.15,1546.16
O0008675,P029,2,184.49,0.12,109.23
O0008676,P009,2,120.02,0.08,82.07
O0008677,P114,3,137.64,0.0,61.85
O0008678,P052,1,120.02,0.0,89.07
O0008678,P074,1,73.12,0.0,41.64
O0008678,P083,2,249.1,0.0,121.39
O0008679,P099,2,154.1,0.0,101.5
O0008680,P012,2,2246.72,0.05,1383.98
O0008680,P040,1,329.25,0.0,164.04
O0008681,P118,1,82.3,0.0,48.99
O0008682,P113,2,115.42,0.0,81.25
O0008683,P003,1,1213.4,0.05,644.62
O0008684,P098,1,32.35,0.0,23.59
O0008685,P042,1,191.46,0.08,120.79
O0008686,P046,1,271.88,0.0,201.33
O0008687,P065,3,1095.95,0.0,612.53
O0008688,P109,2,165.53,0.08,114.56
O0008689,P040,1,326.24,0.12,171.58
O0008689,P090,1,185.4,0.0,96.51
O0008689,P003,2,1218.04,0.0,646.04
O0008689,P011,2,1355.55,0.0,762.83
O0008690,P111,3,44.63,0.03,31.19
O0008691,P070,2,51.27,0.0,27.67
O0008692,P036,2,262.16,0.0,177.08
O0008692,P114,1,129.91,0.08,60.15
O0008692,P015,1,1207.61,0.0,748.3
O0008693,P005,1,2202.51,0.0,1365.68
O0008693,P053,1,85.23,0.08,41.94
O0008694,P117,1,122.72,0.0,95.68
O0008695,P022,1,395.83,0.0,246.83
O0008695,P011,1,1306.94,0.0,771.7
O0008696,P091,2,245.53,0.05,156.58
O0008696,P073,1,591.72,0.05,293.47
O0008697,P059,1,166.8,0.0,94.35
O0008697,P120,1,142.55,0.0,88.75
O0008697,P007,1,531.15,0.05,297.13
O0008698,P035,1,600.25,0.08,379.96
O0008699,P053,1,83.26,0.0,41.75
O0008700,P020,1,518.56,0.05,357.02
O0008701,P099,3,165.72,0.0,102.01
O0008702,P030,2,202.89,0.0,156.83
O0008702,P044,4,320.36,0.08,220.25
O0008702,P029,1,182.82,0.08,113.64
O0008702,P028,3,612.33,0.0,408.39
O0008703,P024,1,189.84,0.03,100.53
O0008703,P037,1,39.31,0.0,20.91
O0008704,P022,1,375.35,0.12,258.26
O0008704,P047,3,317.26,0.08,205.09
O0008705,P008,2,1899.13,0.03,1047.76
O0008706,P005,2,2117.25,0.0,1352.22
O0008707,P052,1,120.89,0.0,88.12
O0008708,P118,1,78.32,0.08,48.34
O0008709,P029,2,195.02,0.12,111.1
O0008710,P091,2,226.55,0.0,162.12
O0008710,P076,3,255.39,0.0,133.09
O0008711,P075,2,1058.82,0.05,601.45
O0008712,P095,1,595.88,0.0,315.37
O0008713,P017,2,1831.72,0.0,877.49
O0008714,P087,1,617.95,0.08,424.55
O0008714,P002,1,2355.74,0.03,1501.59
O0008715,P006,1,1861.15,0.0,1118.76
O0008716,P023,1,277.9,0.0,128.04
O0008716,P001,2,309.91,0.0,147.71
O0008716,P116,1,103.05,0.05,50.46
O0008716,P040,1,315.42,0.08,164.17
O0008717,P090,1,176.82,0.0,93.23
O0008718,P072,1,56.16,0.0,34.65
O0008718,P068,2,1139.33,0.12,658.5
O0008719,P002,1,2336.99,0.0,1499.75
O0008720,P103,2,160.04,0.0,123.1
O0008721,P024,1,181.8,0.05,100.86
O0008722,P073,1,609.35,0.08,303.71
O0008723,P036,1,237.91,0.05,176.92
O0008724,P030,1,217.06,0.08,149.72
O0008725,P109,1,168.56,0.03,109.81
O0008726,P002,2,2451.26,0.0,1473.25
O0008727,P017,2,1938.49,0.0,874.7
O0008728,P112,1,61.74,0.05,38.1
O0008729,P062,1,1430.04,0.0,1069.57
O0008729,P073,1,577.38,0.0,307.88
O0008730,P006,2,1985.39,0.12,1129.85
O0008731,P053,1,89.58,0.0,42.86
O0008732,P055,1,490.68,0.0,261.25
O0008733,P046,1,271.21,0.05,202.24
O0008734,P025,1,467.71,0.0,338.54
O0008734,P014,3,232.6,0.08,163.59
O0008735,P079,2,742.58,0.05,366.37
O0008736,P113,1,112.02,0.03,80.1
O0008736,P035,1,562.76,0.0,397.86
O0008737,P017,1,1789.54,0.0,880.89
O0008737,P070,1,52.84,0.0,28.48
O0008738,P114,1,141.29,0.0,61.1
O0008739,P041,1,107.5,0.12,55.09
O0008740,P002,2,2463.77,0.0,1464.25
O0008741,P088,1,95.77,0.05,55.09
O0008741,P037,2,36.58,0.0,21.58
O0008741,P042,2,192.83,0.08,119.27
O0008742,P064,1,546.71,0.0,330.64
O0008743,P106,1,199.82,0.05,132.04
O0008744,P052,1,117.46,0.08,87.62
O0008745,P035,1,578.38,0.05,392.88
O0008746,P066,1,468.34,0.12,263.76
O0008747,P106,1,214.91,0.0,130.94
O0008748,P114,1,133.26,0.0,63.38
O0008749,P027,2,615.12,0.0,377.63
O0008749,P055,1,474.6,0.08,267.71
O0008749,P050,1,237.08,0.03,140.73
O0008750,P028,1,650.04,0.03,410.96
O0008751,P115,2,95.63,0.12,54.0
O0008752,P028,1,650.16,0.0,396.79
O0008753,P104,1,215.69,0.05,131.96
O0008753,P019,1,2200.18,0.08,1441.43
O0008754,P040,2,330.93,0.03,165.74
O0008754,P115,1,91.43,0.12,52.96
O0008755,P072,1,54.48,0.0,35.98
O0008756,P005,3,2137.95,0.03,1363.55
O0008757,P053,3,87.23,0.08,41.33
O0008758,P002,1,2430.8,0.0,1545.1
O0008759,P064,1,533.99,0.03,339.08
O0008760,P108,1,44.39,0.0,19.55
O0008761,P104,1,218.49,0.0,132.45
O0008761,P069,1,1408.64,0.05,824.56
O0008762,P019,1,2136.16,0.0,1405.19
O0008763,P101,2,30.34,0.03,17.29
O0008764,P032,1,200.66,0.03,98.21
O0008764,P067,1,906.41,0.03,560.28
O0008764,P085,2,273.13,0.0,195.16
O0008764,P047,2,294.95,0.0,207.33
O0008765,P040,2,334.9,0.0,164.85
O0008765,P010,1,1112.08,0.03,607.42
O0008766,P087,1,597.31,0.05,418.08
O0008767,P021,4,353.0,0.12,203.58
O0008767,P075,1,1065.76,0.0,601.8
O0008768,P065,1,1081.09,0.05,595.61
O0008769,P007,1,563.53,0.15,299.03
O0008770,P046,2,268.89,0.0,196.08
O0008771,P013,1,560.57,0.03,360.86
O0008772,P010,1,1138.03,0.0,600.63
O0008773,P063,2,214.08,0.05,105.25
O0008773,P112,3,59.43,0.0,36.73
O0008774,P068,1,1215.25,0.12,637.81
O0008775,P045,3,327.05,0.0,219.88
O0008776,P047,2,303.54,0.0,203.47
O0008777,P065,1,1041.74,0.0,607.94
O0008778,P094,1,368.14,0.03,185.46
O0008779,P026,1,174.58,0.05,85.5
O0008780,P105,3,158.9,0.0,98.08
O0008781,P045,2,321.33,0.05,214.34
O0008782,P003,1,1237.93,0.0,641.0
O0008783,P003,1,1262.61,0.12,638.43
O0008784,P084,1,475.76,0.0,341.46
O0008785,P003,1,1238.95,0.05,654.35
O0008786,P087,2,622.59,0.08,414.65
O0008787,P006,1,1886.73,0.05,1128.6
O0008788,P060,2,258.09,0.0,172.79
O0008789,P017,1,1853.86,0.03,887.56
O0008789,P061,1,84.62,0.03,43.61
O0008790,P096,2,504.23,0.03,356.91
O0008791,P089,3,219.39,0.0,108.23
O0008792,P120,1,141.73,0.05,89.5
O0008793,P103,1,175.24,0.0,125.5
O0008794,P028,2,662.35,0.0,412.37
O0008795,P092,2,607.23,0.0,396.49
O0008795,P029,1,188.59,0.0,113.64
O0008796,P106,1,202.94,0.0,137.49
O0008797,P027,1,644.6,0.0,390.79
O0008798,P116,1,105.72,0.0,49.92
O0008799,P105,1,160.07,0.03,97.5
O0008800,P104,1,211.89,0.0,137.13
O0008801,P051,1,199.35,0.0,96.42
O0008801,P002,1,2492.62,0.0,1526.81
O0008802,P087,1,597.39,0.0,412.07
O0008803,P025,1,449.39,0.03,339.0
O0008803,P020,1,520.56,0.0,365.7
O0008804,P045,2,306.43,0.0,216.1
O0008804,P071,1,692.85,0.03,336.57
O0008805,P077,2,46.73,0.0,27.35
O0008806,P065,1,1073.66,0.0,623.55
O0008806,P083,1,236.4,0.05,122.95
O0008807,P048,2,516.51,0.05,292.13
O0008808,P040,1,333.43,0.0,170.57
O0008809,P023,1,283.12,0.15,130.65
O0008809,P110,1,51.05,0.03,27.77
O0008810,P012,2,2318.07,0.0,1399.63
O0008811,P016,3,1365.63,0.12,974.99
O0008811,P115,2,87.99,0.0,51.52
O0008812,P038,1,213.11,0.05,155.44
O0008813,P114,1,137.91,0.12,60.72
O0008814,P010,2,1093.22,0.05,612.75
O0008815,P025,2,468.33,0.05,336.37
O0008816,P120,2,149.24,0.0,87.82
O0008816,P071,1,751.15,0.0,354.86
O0008816,P112,1,63.24,0.08,36.95
O0008817,P060,1,258.96,0.0,174.22
O0008818,P113,1,109.04,0.0,81.71
O0008818,P010,1,1106.95,0.0,607.27
O0008818,P115,3,89.22,0.0,53.8
O0008818,P044,2,314.89,0.0,218.73
O0008819,P108,1,44.17,0.0,19.47
O0008820,P031,1,426.57,0.0,292.72
O0008820,P106,1,215.52,0.03,134.1
O0008821,P056,1,389.0,0.0,261.28
O0008822,P051,1,188.32,0.08,98.83
O0008823,P004,2,1858.33,0.0,904.46
O0008824,P080,1,1017.25,0.08,654.21
O0008824,P093,1,225.59,0.0,111.11
O0008825,P053,4,84.79,0.05,42.57
O0008826,P082,1,120.4,0.0,63.93
O0008827,P012,2,2189.56,0.0,1387.93
O0008828,P005,1,2039.51,0.0,1344.76
O0008829,P070,2,52.91,0.0,27.71
O0008829,P048,1,505.95,0.0,289.25
O0008830,P091,1,230.21,0.0,159.51
O0008831,P008,2,1904.57,0.12,1104.4
O0008832,P038,2,213.24,0.08,158.98
O0008832,P078,1,868.55,0.0,644.13
O0008833,P060,1,248.89,0.12,173.09
O0008833,P113,1,108.23,0.05,80.6
O0008834,P034,1,665.08,0.08,340.49
O0008835,P038,1,201.71,0.0,156.24
O0008836,P029,2,180.32,0.0,112.28
O0008837,P005,1,2104.51,0.0,1348.09
O0008837,P094,1,363.14,0.05,182.52
O0008838,P030,2,197.98,0.0,156.37
O0008839,P048,1,529.66,0.0,293.51
O0008840,P115,1,88.27,0.0,51.18
O0008841,P113,1,112.22,0.0,78.02
O0008842,P066,1,466.63,0.05,273.46
O0008842,P095,1,586.38,0.03,309.37
O0008842,P108,1,45.52,0.0,19.48
O0008843,P043,1,134.53,0.03,74.53
O0008844,P100,1,290.53,0.0,183.18
O0008844,P103,1,169.83,0.05,128.37
O0008844,P030,1,209.3,0.08,149.83
O0008845,P013,1,557.27,0.03,371.29
O0008845,P002,1,2346.56,0.0,1466.55
O0008846,P088,1,94.27,0.0,52.66
O0008846,P027,1,641.92,0.0,394.8
O0008846,P039,1,381.93,0.0,172.47
O0008847,P047,1,294.91,0.0,203.44
O0008848,P089,1,220.96,0.0,105.2
O0008849,P103,1,163.07,0.0,127.08
O0008849,P040,3,337.3,0.0,165.73
O0008850,P085,1,294.53,0.0,205.58
O0008851,P026,1,175.81,0.0,82.51
O0008852,P081,1,340.42,0.0,191.28
O0008853,P107,1,234.95,0.0,145.18
O0008854,P048,2,499.54,0.05,292.46
O0008854,P025,1,454.49,0.12,323.88
O0008854,P040,2,318.86,0.03,164.32
O0008855,P110,1,55.79,0.0,28.26
O0008856,P032,1,186.98,0.0,98.77
O0008856,P013,2,587.34,0.05,355.88
O0008857,P007,1,568.65,0.08,304.04
O0008858,P089,1,236.74,0.0,109.46
O0008858,P050,2,239.93,0.05,141.19
O0008859,P007,3,535.64,0.0,305.09
O0008860,P116,3,104.67,0.0,49.31
O0008860,P021,1,345.58,0.0,201.5
O0008861,P078,1,911.58,0.08,655.52
O0008862,P023,1,285.17,0.05,132.08
O0008862,P039,1,374.11,0.08,180.05
O0008862,P119,1,150.24,0.08,79.89
O0008863,P030,1,199.18,0.12,155.54
O0008864,P103,3,165.21,0.03,121.61
O0008865,P022,1,399.85,0.12,250.17
O0008866,P105,1,153.34,0.05,97.89
O0008867,P031,2,417.53,0.0,292.21
O0008868,P038,1,210.95,0.0,151.54
O0008869,P022,2,387.09,0.05,248.12
O0008870,P087,1,623.27,0.08,409.15
O0008870,P051,3,204.05,0.05,93.37
O0008871,P095,2,610.72,0.0,307.61
O0008872,P072,1,53.87,0.05,36.68
O0008872,P008,1,1928.56,0.0,1071.12
O0008873,P054,2,145.88,0.05,77.74
O0008874,P018,1,1801.05,0.0,1295.82
O0008874,P033,1,111.25,0.08,52.1
O0008875,P070,1,52.96,0.0,29.04
O0008876,P046,1,285.92,0.0,196.13
O0008877,P038,2,202.56,0.0,152.57
O0008878,P091,2,244.78,0.08,164.51
O0008878,P031,1,447.04,0.0,294.5
O0008878,P013,3,546.09,0.0,365.68
O0008879,P004,1,1802.41,0.08,906.78
O0008880,P051,2,190.39,0.08,96.39
O0008880,P100,1,294.45,0.0,190.57
O0008880,P107,1,237.64,0.03,147.14
O0008881,P108,1,45.14,0.0,19.72
O0008882,P030,1,205.5,0.03,153.09
O0008883,P009,2,119.6,0.0,84.13
O0008884,P107,1,220.84,0.03,139.74
O0008884,P082,1,119.39,0.0,64.75
O0008884,P099,1,165.68,0.0,101.49
O0008885,P033,2,112.69,0.05,50.89
O0008886,P116,1,107.79,0.05,49.48
O0008886,P011,1,1291.55,0.0,778.79
O0008886,P025,1,445.63,0.05,331.19
O0008887,P066,1,477.49,0.15,261.37
O0008888,P028,3,618.75,0.03,401.75
O0008888,P087,1,576.11,0.08,403.63
O0008888,P098,2,33.08,0.0,23.61
O0008888,P043,1,131.57,0.03,76.06
O0008889,P009,1,117.16,0.0,83.84
O0008890,P119,1,149.02,0.0,76.11
O0008890,P089,1,231.75,0.08,105.65
O0008891,P116,2,106.34,0.08,49.89
O0008892,P018,1,1730.07,0.12,1310.35
O0008893,P058,1,586.45,0.0,295.96
O0008894,P008,1,1770.52,0.0,1083.64
O0008895,P013,2,551.6,0.0,367.46
O0008895,P031,2,423.9,0.0,284.51
O0008895,P029,1,191.83,0.05,111.51
O0008896,P100,1,308.37,0.0,189.97
O0008897,P061,1,83.41,0.0,42.65
O0008898,P013,3,569.85,0.08,357.78
O0008898,P006,1,1857.8,0.08,1136.2
O0008899,P048,1,500.91,0.0,294.98
O0008900,P011,2,1287.18,0.0,779.88
O0008901,P086,1,443.09,0.03,330.29
O0008901,P008,3,1810.28,0.0,1097.23
O0008901,P036,1,256.57,0.0,175.82
O0008902,P022,1,382.26,0.03,258.8
O0008903,P095,1,623.66,0.0,308.79
O0008903,P047,1,299.71,0.05,204.85
O0008904,P074,1,72.61,0.03,42.46
O0008904,P077,3,49.52,0.0,27.43
O0008905,P087,1,604.4,0.12,415.93
O0008905,P075,3,1010.46,0.0,577.33
O0008905,P019,1,2167.34,0.05,1480.59
O0008906,P052,1,121.01,0.0,88.33
O0008907,P101,1,28.37,0.0,16.9
O0008908,P032,1,202.16,0.05,101.08
O0008909,P007,1,531.87,0.0,291.63
O0008910,P036,4,245.56,0.0,178.18
O0008910,P089,1,220.46,0.05,105.31
O0008911,P060,4,249.89,0.0,175.39
O0008911,P049,4,79.02,0.08,39.46
O0008911,P118,2,77.9,0.0,48.02
O0008912,P015,1,1135.35,0.03,727.75
O0008913,P072,2,56.18,0.03,35.22
O0008913,P073,3,596.4,0.0,300.79
O0008913,P118,1,81.05,0.08,48.97
O0008913,P113,2,116.37,0.0,79.29
O0008914,P050,1,249.97,0.0,146.89
O0008915,P109,1,164.78,0.0,112.37
O0008916,P018,2,1796.41,0.0,1272.86
O0008917,P036,2,246.86,0.0,183.31
O0008918,P001,1,284.3,0.05,152.11
O0008919,P119,1,148.87,0.0,77.28
O0008920,P116,2,105.29,0.0,51.91
O0008920,P005,1,2137.02,0.08,1355.9
O0008921,P111,1,43.07,0.08,32.53
O0008922,P066,4,467.74,0.0,269.58
O0008923,P032,1,187.43,0.03,102.2
O0008924,P013,1,585.07,0.03,365.92
O0008925,P115,1,90.85,0.03,53.38
O0008926,P022,2,391.4,0.0,252.68
O0008926,P072,1,54.46,0.08,36.33
O0008927,P008,1,1852.11,0.05,1075.04
O0008928,P068,1,1182.83,0.0,657.44
O0008928,P076,1,270.02,0.0,132.85
O0008928,P040,1,339.55,0.08,161.92
O0008929,P035,1,592.18,0.08,390.6
O0008930,P035,3,569.37,0.15,391.78
O0008930,P004,2,1797.17,0.0,928.17
O0008930,P033,4,111.35,0.05,53.63
O0008930,P078,1,880.58,0.0,639.29
O0008931,P018,1,1774.08,0.05,1322.25
O0008932,P055,1,468.49,0.0,258.02
O0008932,P045,2,320.81,0.03,211.1
O0008932,P021,1,352.75,0.08,208.05
O0008933,P028,1,658.8,0.0,410.66
O0008934,P014,1,238.65,0.0,161.4
O0008935,P120,3,146.05,0.0,88.46
O0008936,P073,3,559.0,0.0,307.19
O0008936,P096,2,501.61,0.0,345.0
O0008937,P114,1,128.51,0.08,62.79
O0008938,P079,1,761.51,0.0,372.18
O0008938,P051,1,196.77,0.0,95.76
O0008938,P022,1,380.3,0.0,258.9
O0008939,P036,1,246.38,0.0,172.91
O0008939,P004,1,1731.76,0.03,920.99
O0008940,P117,2,128.48,0.08,91.65
O0008940,P079,1,773.02,0.03,360.3
O0008941,P071,3,704.17,0.0,352.8
O0008941,P051,1,201.99,0.05,97.75
O0008941,P097,1,323.92,0.0,214.27
O0008942,P052,4,114.31,0.0,86.82
O0008943,P036,1,254.53,0.05,180.86
O0008944,P075,1,1029.39,0.0,610.3
O0008945,P011,1,1301.54,0.03,762.04
O0008946,P012,1,2154.01,0.0,1352.28
O0008947,P049,2,81.07,0.03,38.97
O0008948,P067,1,946.6,0.08,547.96
O0008949,P101,1,29.28,0.0,17.69
O0008950,P119,1,138.67,0.0,76.1
O0008951,P095,1,615.81,0.03,305.31
O0008952,P041,1,108.64,0.15,55.16
O0008953,P096,1,509.47,0.08,350.48
O0008954,P107,2,215.83,0.08,147.56
O0008955,P091,1,233.22,0.0,162.8
O0008956,P022,1,403.67,0.0,255.55
O0008957,P019,1,2127.51,0.05,1460.7
O0008958,P061,1,80.61,0.0,43.26
O0008959,P054,1,148.39,0.0,78.7
O0008960,P056,1,359.89,0.0,259.26
O0008961,P082,1,119.66,0.0,65.01
O0008962,P020,3,517.53,0.05,372.94
O0008962,P019,2,2065.35,0.03,1468.45
O0008963,P011,1,1358.41,0.08,747.27
O0008963,P029,2,181.17,0.0,109.4
O0008964,P025,3,480.09,0.0,325.27
O0008964,P066,1,451.09,0.0,262.27
O0008965,P037,2,36.2,0.08,20.75
O0008966,P029,1,197.41,0.0,109.76
O0008966,P002,2,2451.7,0.0,1513.55
O0008967,P068,1,1177.33,0.12,666.4
O0008968,P077,1,49.32,0.12,27.01
O0008969,P076,3,277.27,0.03,139.25
O0008969,P033,3,116.6,0.08,52.06
O0008969,P078,3,885.23,0.08,653.96
O0008970,P053,3,84.29,0.0,41.32
O0008971,P045,1,304.85,0.05,214.84
O0008972,P089,1,241.38,0.0,111.49
O0008973,P057,2,217.86,0.0,111.64
O0008974,P103,2,166.48,0.05,128.09
O0008975,P119,2,150.24,0.0,79.25
O0008976,P095,1,613.29,0.0,301.01
O0008977,P095,3,588.78,0.0,313.66
O0008978,P045,1,313.42,0.0,215.6
O0008979,P009,1,116.57,0.0,82.27
O0008979,P038,1,202.5,0.0,157.82
O0008979,P030,1,205.69,0.0,152.84
O0008980,P026,1,171.81,0.05,84.71
O0008981,P084,1,450.58,0.0,339.65
O0008982,P047,1,299.06,0.0,204.59
O0008983,P099,2,152.94,0.03,101.36
O0008984,P043,1,136.79,0.03,76.5
O0008985,P087,1,584.07,0.03,416.54
O0008986,P118,1,74.67,0.0,48.74
O0008987,P069,2,1361.78,0.05,857.23
O0008988,P029,2,196.74,0.05,112.57
O0008989,P051,1,189.86,0.12,93.47
O0008990,P013,1,542.07,0.0,361.97
O0008991,P019,1,2070.93,0.0,1480.86
O0008991,P004,2,1813.71,0.0,935.58
O0008991,P009,1,113.84,0.0,85.52
O0008992,P068,3,1120.29,0.0,640.35
O0008993,P063,1,218.36,0.12,105.17
O0008994,P072,2,57.6,0.08,36.53
O0008994,P008,2,1800.74,0.0,1101.46
O0008995,P007,1,548.48,0.05,305.22
O0008996,P001,2,309.47,0.03,145.56
O0008997,P035,3,599.93,0.03,375.15
O0008997,P027,2,642.81,0.12,394.85
O0008998,P086,2,450.62,0.0,327.64
O0008999,P088,1,99.82,0.05,55.01
O0009000,P071,1,756.18,0.05,347.15
O0009001,P071,1,702.39,0.0,340.56
O0009002,P019,1,2060.97,0.0,1476.27
O0009003,P044,2,332.56,0.0,226.97
O0009004,P014,1,221.77,0.03,166.12
O0009005,P011,2,1309.77,0.03,771.38
O0009006,P023,2,279.91,0.05,127.02
O0009006,P042,1,196.89,0.0,123.19
O0009006,P040,2,332.02,0.05,169.47
O0009007,P065,1,1072.21,0.03,607.55
O0009008,P021,1,346.32,0.08,200.91
O0009009,P032,1,189.29,0.0,101.97
O0009010,P006,4,1968.63,0.0,1136.98
O0009011,P020,1,513.62,0.0,365.44
O0009012,P112,2,63.98,0.0,38.76
O0009013,P089,1,233.71,0.0,106.11
O0009013,P032,1,198.09,0.08,99.04
O0009014,P060,1,269.4,0.0,180.24
O0009014,P038,1,207.66,0.0,150.83
O0009015,P003,1,1200.03,0.08,659.63
O0009016,P084,2,468.41,0.0,332.44
O0009017,P001,1,301.17,0.0,153.32
O0009017,P101,1,30.09,0.12,17.13
O0009018,P045,2,322.52,0.05,220.99
O0009019,P046,3,262.36,0.0,203.06
O0009020,P118,1,80.57,0.0,48.95
O0009021,P077,1,49.52,0.0,27.83
O0009021,P008,2,1878.18,0.05,1055.39
O0009022,P010,2,1176.23,0.0,596.3
O0009023,P068,1,1158.19,0.0,665.04
O0009024,P107,1,229.65,0.05,141.72
O0009024,P045,3,327.02,0.08,220.17
O0009025,P048,1,514.55,0.03,300.4
O0009026,P005,2,2137.68,0.05,1296.37
O0009026,P065,1,1071.43,0.0,609.13
O0009027,P054,1,152.29,0.03,81.83
O0009028,P074,2,75.93,0.0,41.86
O0009028,P118,1,78.34,0.05,49.67
O0009029,P036,1,248.11,0.12,176.22
O0009030,P109,1,179.3,0.0,113.97
O0009031,P068,2,1170.7,0.0,639.84
O0009032,P018,2,1783.46,0.08,1316.59
O0009033,P030,1,204.52,0.03,156.76
O0009033,P025,1,480.29,0.0,335.37
O0009033,P063,2,218.33,0.12,101.66
O0009034,P106,2,208.83,0.03,137.67
O0009035,P049,1,77.17,0.05,38.92
O0009036,P065,4,999.41,0.05,607.88
O0009037,P041,1,104.05,0.05,52.6
O0009038,P021,1,356.61,0.0,208.0
O0009039,P003,1,1166.96,0.15,663.66
O0009040,P077,4,47.75,0.0,27.03
O0009041,P079,4,792.13,0.0,356.25
O0009042,P080,1,938.62,0.08,673.58
O0009042,P021,1,357.94,0.03,206.03
O0009043,P103,1,176.41,0.0,129.11
O0009044,P009,1,123.08,0.0,84.15
O0009045,P034,1,665.2,0.0,342.37
O0009045,P114,3,136.04,0.0,61.94
O0009046,P054,3,154.69,0.08,80.67
O0009047,P107,2,217.33,0.05,144.12
O0009048,P002,2,2375.77,0.0,1494.62
O0009049,P049,2,78.88,0.0,38.11
O0009050,P029,1,184.72,0.0,110.0
O0009051,P060,1,253.22,0.0,177.57
O0009051,P075,1,982.17,0.15,598.84
O0009052,P028,1,627.41,0.0,401.37
O0009053,P025,2,486.84,0.12,334.46
O0009054,P093,1,228.06,0.0,110.9
O0009054,P022,1,404.54,0.15,257.82
O0009055,P006,1,2034.29,0.0,1172.21
O0009056,P026,1,172.6,0.03,84.29
O0009056,P114,3,139.47,0.0,62.54
O0009057,P007,1,562.35,0.05,291.92
O0009057,P097,2,304.92,0.12,206.8
O0009058,P004,2,1812.86,0.12,935.77
O0009059,P028,1,633.56,0.05,408.66
O0009060,P093,1,229.81,0.05,112.61
O0009061,P088,2,96.7,0.0,55.27
O0009062,P029,1,181.68,0.0,109.15
O0009063,P078,1,864.38,0.0,660.22
O0009064,P097,2,326.35,0.0,211.37
O0009064,P031,1,444.77,0.0,288.13
O0009065,P037,1,37.68,0.0,21.33
O0009066,P010,1,1096.66,0.0,614.04
O0009067,P023,1,274.48,0.12,129.52
O0009067,P039,1,385.96,0.0,180.0
O0009067,P101,3,28.98,0.0,17.68
O0009068,P085,2,296.09,0.08,206.23
O0009069,P019,1,2149.05,0.0,1448.4
O0009070,P082,1,110.8,0.12,67.1
O0009071,P109,1,174.42,0.03,112.63
O0009072,P095,1,632.85,0.0,311.89
O0009073,P099,1,157.53,0.12,101.48
O0009074,P021,1,356.66,0.03,207.45
O0009074,P007,1,536.18,0.03,303.18
O0009075,P040,2,321.15,0.05,164.28
O0009075,P087,2,619.8,0.0,417.25
O0009076,P060,3,265.96,0.0,181.25
O0009076,P035,1,586.02,0.0,376.88
O0009076,P007,1,551.35,0.12,298.85
O0009077,P068,1,1107.2,0.03,641.02
O0009077,P103,1,169.44,0.0,126.02
O0009078,P008,3,1898.61,0.0,1079.03
O0009079,P031,2,428.55,0.0,280.16
O0009080,P007,1,574.37,0.0,287.96
O0009080,P020,1,496.77,0.0,374.01
O0009081,P006,1,1999.1,0.0,1141.47
O0009082,P104,2,226.01,0.05,134.28
O0009083,P117,4,134.49,0.0,94.38
O0009083,P086,2,446.21,0.05,323.01
O0009084,P115,2,90.44,0.0,54.27
O0009085,P040,1,343.14,0.08,169.78
O0009085,P097,2,327.43,0.0,215.82
O0009086,P081,2,352.93,0.0,187.78
O0009087,P107,1,222.23,0.08,141.12
O0009088,P039,1,363.01,0.0,176.78
O0009089,P008,1,1872.86,0.0,1062.27
O0009089,P015,1,1212.32,0.12,725.6
O0009090,P060,1,251.43,0.0,175.21
O0009091,P033,2,119.27,0.0,53.75
O0009092,P014,1,238.2,0.05,169.48
O0009093,P040,2,313.85,0.0,164.7
O0009093,P045,1,329.96,0.0,215.05
O0009094,P039,1,381.12,0.0,178.1
O0009095,P063,1,229.35,0.0,102.23
O0009096,P087,1,601.31,0.0,407.85
O0009097,P005,1,2061.26,0.0,1353.84
O0009098,P119,3,142.75,0.12,80.36
O0009098,P023,1,265.66,0.03,126.42
O0009098,P115,1,92.23,0.08,51.62
O0009099,P016,1,1476.4,0.05,996.65
O0009100,P118,1,80.68,0.05,50.05
O0009101,P064,2,553.64,0.0,340.76
O0009101,P085,1,272.33,0.0,198.18
O0009102,P017,1,1928.48,0.05,892.63
O0009103,P001,2,310.15,0.12,147.31
O0009104,P114,3,133.97,0.08,60.4
O0009105,P049,2,75.2,0.03,39.54
O0009105,P067,1,961.58,0.03,549.85
O0009106,P011,1,1238.29,0.0,766.85
O0009106,P018,1,1792.63,0.08,1319.97
O0009107,P040,3,324.9,0.05,171.75
O0009108,P030,1,201.97,0.15,152.6
O0009109,P047,1,295.86,0.05,205.07
O0009109,P098,1,31.3,0.0,23.65
O0009110,P001,1,306.89,0.05,144.9
O0009111,P045,1,331.23,0.0,211.16
O0009111,P018,2,1770.04,0.12,1297.33
O0009111,P037,1,35.75,0.0,20.86
O0009111,P049,1,79.85,0.12,39.82
O0009112,P028,1,645.43,0.0,419.14
O0009112,P013,1,569.14,0.0,356.47
O0009112,P064,1,563.66,0.0,340.52
O0009113,P005,1,2137.52,0.0,1327.4
O0009114,P087,2,618.79,0.12,407.46
O0009115,P037,1,37.75,0.0,21.18
O0009115,P085,1,292.62,0.0,201.15
O0009115,P029,1,183.62,0.0,112.88
O0009115,P026,2,161.7,0.0,85.78
O0009116,P037,1,36.64,0.0,20.84
O0009116,P020,2,519.65,0.03,356.97
O0009117,P020,3,514.14,0.03,362.2
O0009118,P081,3,357.71,0.08,193.46
O0009119,P030,1,198.02,0.03,151.57
O0009120,P028,1,632.9,0.15,396.53
O0009121,P070,2,54.78,0.0,29.01
O0009122,P009,2,117.47,0.0,85.67
O0009122,P044,2,313.68,0.05,220.68
O0009122,P070,1,51.7,0.0,28.85
O0009123,P017,1,1951.11,0.03,894.04
O0009124,P084,3,443.21,0.03,323.36
O0009124,P052,1,115.71,0.08,86.19
O0009125,P011,1,1290.98,0.0,783.69
O0009126,P076,1,262.17,0.08,137.97
O0009127,P048,1,497.15,0.05,306.44
O0009128,P108,1,45.16,0.0,20.2
O0009129,P006,1,1983.52,0.0,1110.76
O0009129,P041,1,104.56,0.0,54.38
O0009130,P033,1,119.33,0.05,51.42
O0009131,P042,1,200.29,0.03,120.65
O0009132,P027,1,638.76,0.0,391.37
O0009133,P094,2,345.43,0.0,182.53
O0009134,P089,1,239.66,0.05,110.82
O0009135,P040,2,312.12,0.03,162.56
O0009136,P101,1,30.3,0.0,17.77
O0009137,P078,1,847.14,0.0,645.89
O0009138,P034,2,667.11,0.03,343.33
O0009138,P049,1,79.08,0.0,37.94
O0009139,P099,1,154.77,0.0,99.85
O0009140,P012,3,2292.66,0.0,1372.28
O0009141,P037,1,37.42,0.0,21.82
O0009142,P108,2,45.58,0.08,20.22
O0009143,P056,1,368.78,0.0,263.1
O0009144,P062,1,1529.95,0.0,1051.38
O0009144,P058,1,603.55,0.03,309.68
O0009144,P078,2,904.69,0.0,665.28
O0009145,P086,1,474.67,0.03,331.19
O0009145,P112,1,60.29,0.0,37.21
O0009146,P105,2,155.93,0.0,100.22
O0009147,P015,1,1140.17,0.15,758.9
O0009148,P019,1,2164.27,0.05,1465.78
O0009149,P080,2,973.64,0.0,684.2
O0009150,P067,3,949.93,0.0,549.12
O0009150,P093,3,243.72,0.0,114.72
O0009150,P047,2,314.71,0.05,206.21
O0009150,P087,1,622.93,0.0,419.42
O0009151,P010,1,1185.93,0.05,596.89
O0009151,P110,1,54.83,0.03,28.2
O0009152,P024,2,182.12,0.0,96.34
O0009152,P025,2,460.75,0.12,340.51
O0009153,P029,1,186.41,0.0,113.78
O0009154,P038,1,209.17,0.0,153.29
O0009154,P115,2,93.89,0.0,52.45
O0009154,P084,2,462.39,0.12,332.04
O0009155,P054,2,156.92,0.03,80.81
O0009155,P101,2,29.69,0.0,17.58
O0009156,P103,1,167.3,0.0,122.79
O0009157,P074,1,70.71,0.08,40.99
O0009158,P118,1,79.32,0.05,49.54
O0009159,P009,1,118.3,0.0,85.08
O0009160,P066,4,479.39,0.0,266.1
O0009161,P001,2,304.23,0.0,150.48
O0009162,P072,3,56.37,0.05,35.11
O0009163,P071,1,746.84,0.0,349.05
O0009163,P088,1,98.52,0.0,53.75
O0009163,P035,1,615.33,0.05,383.41
O0009163,P048,1,487.3,0.05,290.8
O0009164,P115,1,95.46,0.0,52.19
O0009165,P108,1,45.33,0.08,19.65
O0009166,P115,1,91.86,0.03,52.08
O0009167,P012,1,2297.31,0.0,1392.73
O0009168,P111,1,41.85,0.0,32.58
O0009168,P011,1,1262.0,0.0,776.39
O0009169,P012,1,2225.7,0.15,1388.05
O0009170,P076,1,257.37,0.08,135.83
O0009170,P013,1,575.35,0.0,352.51
O0009171,P035,1,619.17,0.0,398.0
O0009172,P100,1,291.02,0.05,186.41
O0009172,P114,1,138.28,0.08,62.98
O0009173,P049,1,79.94,0.0,39.11
O0009173,P002,1,2415.94,0.0,1544.77
O0009174,P033,4,120.41,0.03,53.31
O0009175,P036,1,250.11,0.15,181.53
O0009176,P024,2,187.09,0.0,97.19
O0009176,P049,1,77.03,0.05,39.4
O0009177,P012,1,2256.56,0.03,1335.38
O0009178,P052,2,119.4,0.0,85.09
O0009179,P098,1,31.07,0.03,22.41
O0009180,P055,1,492.25,0.0,261.31
O0009180,P045,3,320.38,0.0,209.82
O0009181,P065,1,1023.19,0.05,614.41
O0009182,P006,1,1917.19,0.05,1107.33
O0009183,P025,2,481.89,0.0,332.31
O0009184,P081,1,336.4,0.0,194.07
O0009185,P104,1,228.36,0.0,132.61
O0009185,P050,1,253.97,0.0,147.95
O0009186,P120,1,138.77,0.0,87.47
O0009186,P066,1,472.92,0.12,267.62
O0009187,P030,1,203.37,0.0,158.44
O0009188,P075,2,1050.69,0.08,594.15
O0009188,P006,1,1877.74,0.0,1168.44
O0009188,P087,1,614.22,0.12,417.44
O0009189,P010,1,1138.47,0.05,594.8
O0009190,P085,2,298.33,0.15,202.33
O0009191,P068,2,1105.12,0.0,646.07
O0009191,P004,3,1841.1,0.12,917.65
O0009191,P065,1,1046.8,0.12,630.06
O0009192,P086,1,437.39,0.0,329.91
O0009193,P097,1,328.44,0.0,209.95
O0009194,P034,1,699.52,0.05,348.45
O0009195,P103,1,167.78,0.0,127.22
O0009196,P019,1,2178.28,0.0,1462.94
O0009197,P011,2,1286.95,0.08,754.97
O0009198,P048,1,507.46,0.08,302.33
O0009199,P019,1,2073.03,0.0,1464.78
O0009199,P098,3,32.76,0.03,23.58
O0009199,P030,1,203.58,0.0,153.31
O0009200,P114,1,128.14,0.05,63.02
O0009201,P022,3,372.84,0.12,258.15
O0009202,P012,2,2231.13,0.05,1332.55
O0009203,P101,1,29.75,0.0,17.25
O0009204,P016,1,1498.06,0.05,949.37
O0009205,P069,1,1370.69,0.0,818.03
O0009205,P021,1,356.48,0.12,206.47
O0009205,P045,1,325.28,0.05,209.57
O0009206,P087,1,585.7,0.0,415.38
O0009207,P003,2,1186.97,0.03,649.52
O0009208,P106,3,216.57,0.0,131.94
O0009209,P012,1,2242.87,0.0,1378.43
O0009210,P101,1,29.41,0.0,17.67
O0009211,P066,1,495.63,0.0,267.04
O0009212,P110,1,54.51,0.0,27.92
O0009213,P039,2,365.07,0.0,170.97
O0009213,P051,1,198.42,0.0,95.45
O0009214,P013,2,532.42,0.0,370.7
O0009215,P035,1,590.8,0.0,390.86
O0009216,P054,4,146.07,0.12,81.37
O0009217,P001,1,287.26,0.03,146.32
O0009218,P056,1,366.31,0.12,259.13
O0009219,P010,1,1098.69,0.08,604.41
O0009220,P044,3,338.12,0.12,228.41
O0009221,P047,1,319.17,0.05,206.15
O0009221,P005,1,2134.77,0.0,1340.69
O0009221,P060,1,245.07,0.05,182.48
O0009222,P007,1,567.0,0.03,292.22
O0009223,P096,1,522.66,0.0,342.51
O0009224,P046,1,271.6,0.05,196.57
O0009224,P031,3,438.7,0.03,291.6
O0009225,P010,1,1187.22,0.08,609.5
O0009225,P111,2,43.01,0.0,31.68
O0009226,P069,1,1422.93,0.08,839.87
O0009226,P027,1,639.99,0.12,377.56
O0009227,P014,1,225.09,0.08,162.2
O0009227,P020,1,491.94,0.0,375.59
O0009227,P035,1,581.93,0.0,376.54
O0009228,P015,2,1226.16,0.08,758.89
O0009229,P061,1,79.6,0.0,41.96
O0009230,P084,1,457.26,0.08,340.34
O0009231,P051,3,203.31,0.05,93.63
O0009232,P084,1,451.13,0.0,334.96
O0009232,P059,1,171.75,0.0,94.09
O0009233,P083,1,237.21,0.0,119.04
O0009234,P053,3,89.85,0.03,40.61
O0009235,P068,1,1206.21,0.0,642.7
O0009235,P090,1,179.02,0.05,92.28
O0009236,P009,1,117.2,0.0,83.84
O0009237,P058,1,586.9,0.0,293.99
O0009238,P072,1,57.38,0.15,34.76
O0009239,P009,1,120.48,0.0,83.84
O0009239,P104,1,226.74,0.05,133.78
O0009239,P005,1,2107.69,0.03,1342.34
O0009240,P108,1,43.86,0.0,19.68
O0009241,P028,1,630.27,0.0,413.9
O0009242,P084,3,449.58,0.0,329.88
O0009243,P072,1,52.54,0.0,34.96
O0009244,P008,1,1840.37,0.0,1056.57
O0009245,P065,1,1040.09,0.0,611.82
O0009246,P075,3,1031.49,0.0,593.51
O0009247,P027,2,627.07,0.0,389.54
O0009248,P068,3,1165.07,0.0,645.05
O0009249,P067,1,925.16,0.03,552.42
O0009249,P024,1,186.86,0.08,96.57
O0009250,P092,2,654.56,0.0,393.82
O0009251,P070,2,53.16,0.0,28.11
O0009251,P030,2,210.18,0.0,157.43
O0009252,P070,1,52.66,0.12,28.41
O0009253,P072,1,56.6,0.0,35.7
O0009253,P027,1,624.82,0.0,392.12
O0009254,P038,1,209.05,0.0,149.83
O0009255,P044,1,313.38,0.0,215.83
O0009256,P006,1,1913.55,0.12,1115.78
O0009257,P103,2,168.95,0.05,122.77
O0009257,P008,1,1906.38,0.03,1083.53
O0009258,P004,2,1837.42,0.0,928.92
O0009258,P061,2,79.77,0.12,41.71
O0009258,P001,2,300.44,0.05,145.79
O0009259,P026,1,159.27,0.0,86.82
O0009260,P083,1,256.76,0.05,121.3
O0009260,P043,2,130.82,0.03,72.68
O0009260,P049,1,78.76,0.0,37.86
O0009261,P032,1,196.01,0.0,97.5
O0009262,P096,1,521.71,0.08,337.67
O0009263,P039,3,386.94,0.0,176.31
O0009263,P043,2,139.42,0.05,75.28
O0009263,P120,2,152.43,0.08,88.07
O0009264,P011,1,1283.81,0.0,785.78
O0009265,P023,1,262.97,0.0,125.03
O0009265,P002,2,2407.35,0.0,1504.71
O0009266,P019,1,2091.11,0.03,1436.2
O0009267,P096,2,504.25,0.0,337.83
O0009267,P029,1,197.24,0.03,113.49
O0009268,P004,1,1779.35,0.08,913.64
O0009268,P039,1,351.79,0.0,170.1
O0009268,P008,1,1861.5,0.0,1100.44
O0009268,P026,1,163.13,0.0,85.88
O0009269,P096,2,516.55,0.0,348.55
O0009270,P060,1,258.17,0.0,181.36
O0009271,P085,1,281.97,0.08,203.95
O0009272,P047,1,299.85,0.08,207.36
O0009273,P025,1,490.08,0.12,329.98
O0009274,P091,1,229.19,0.12,162.17
O0009275,P021,2,342.19,0.05,208.07
O0009276,P018,2,1774.54,0.0,1339.56
O0009277,P059,1,155.98,0.03,96.21
O0009278,P015,1,1122.43,0.05,728.5
O0009278,P022,2,382.53,0.0,248.13
O0009278,P089,4,237.87,0.0,107.32
O0009278,P059,3,164.45,0.0,95.71
O0009279,P083,2,243.99,0.03,122.78
O0009280,P023,1,266.38,0.08,125.52
O0009280,P025,1,454.79,0.0,332.79
O0009280,P044,2,331.34,0.0,215.83
O0009281,P078,1,843.37,0.05,640.21
O0009282,P047,2,292.95,0.05,199.96
O0009282,P015,1,1164.77,0.05,759.13
O0009283,P086,1,473.22,0.0,338.33
O0009284,P095,3,600.3,0.0,311.74
O0009285,P106,2,213.13,0.05,133.35
O0009286,P033,1,120.57,0.12,51.74
O0009287,P008,3,1855.33,0.0,1044.75
O0009288,P056,1,379.44,0.0,251.58
O0009288,P090,1,180.55,0.03,92.51
O0009288,P083,3,245.16,0.0,119.36
O0009289,P120,2,140.29,0.12,89.45
O0009289,P094,1,338.34,0.0,186.31
O0009289,P036,2,259.49,0.0,179.89
O0009290,P019,1,2169.26,0.0,1432.82
O0009290,P018,1,1764.73,0.03,1335.85
O0009290,P042,4,187.96,0.15,119.49
O0009291,P101,2,28.86,0.05,16.91
O0009291,P036,1,261.12,0.05,174.61
O0009292,P021,1,334.29,0.0,205.57
O0009293,P059,1,159.12,0.0,92.62
O0009294,P047,1,298.91,0.12,206.21
O0009295,P031,1,418.93,0.0,279.7
O0009295,P071,1,718.88,0.0,354.56
O0009295,P035,1,580.87,0.0,382.77
O0009296,P073,1,600.49,0.05,293.18
O0009297,P039,1,369.23,0.0,173.3
O0009298,P069,1,1427.74,0.0,821.82
O0009299,P065,1,1056.85,0.0,610.48
O0009300,P002,1,2448.29,0.03,1517.8
O0009300,P093,1,234.62,0.0,111.05
O0009301,P101,2,27.73,0.03,17.56
O0009302,P087,2,599.81,0.05,413.56
O0009303,P031,1,417.56,0.0,291.77
O0009304,P043,4,128.38,0.0,74.58
O0009305,P011,1,1318.09,0.05,785.94
O0009305,P056,2,358.1,0.0,261.06
O0009305,P111,1,40.59,0.0,32.22
O0009305,P045,1,326.14,0.03,219.12
O0009306,P017,1,1813.88,0.0,844.82
O0009307,P007,2,561.1,0.0,299.48
O0009307,P065,1,1026.84,0.0,596.44
O0009308,P057,2,220.25,0.05,109.46
O0009309,P001,1,301.33,0.05,147.67
O0009310,P009,1,122.44,0.05,83.69
O0009311,P027,4,625.51,0.0,379.7
O0009312,P110,1,54.03,0.0,28.44
O0009313,P010,1,1204.16,0.12,599.38
O0009314,P031,2,430.83,0.08,285.54
O0009315,P045,1,309.64,0.05,214.19
O0009316,P095,2,590.94,0.0,306.59
O0009316,P097,1,302.93,0.0,217.83
O0009317,P021,1,361.57,0.03,206.69
O0009318,P114,1,134.24,0.0,61.1
O0009319,P008,1,1853.68,0.0,1099.29
O0009320,P080,1,963.86,0.0,690.02
O0009321,P071,1,726.2,0.0,351.28
O0009321,P091,1,237.46,0.0,156.37
O0009322,P021,1,345.69,0.12,200.85
O0009323,P102,2,224.97,0.08,150.61
O0009324,P116,1,100.21,0.0,51.33
O0009325,P024,1,188.47,0.0,97.13
O0009326,P064,3,544.75,0.03,344.8
O0009326,P063,3,212.8,0.0,102.09
O0009327,P038,1,215.52,0.05,152.62
O0009327,P010,1,1143.3,0.03,593.85
O0009328,P036,1,243.36,0.05,178.46
O0009329,P025,1,472.74,0.0,328.79
O0009329,P010,1,1144.4,0.05,602.86
O0009329,P022,2,391.66,0.12,256.32
O0009330,P010,1,1200.76,0.0,584.17
O0009331,P029,1,179.92,0.0,108.49
O0009332,P039,2,353.32,0.05,174.72
O0009333,P058,2,590.07,0.0,294.73
O0009334,P016,1,1359.39,0.0,968.63
O0009335,P039,4,375.53,0.0,180.16
O0009336,P045,3,315.47,0.03,211.2
O0009337,P105,1,150.27,0.03,99.16
O0009337,P012,1,2267.83,0.0,1333.53
O0009338,P019,1,2118.96,0.12,1455.83
O0009339,P113,2,113.47,0.0,78.68
O0009340,P008,2,1930.35,0.0,1048.57
O0009341,P007,1,568.22,0.0,297.84
O0009342,P024,2,187.24,0.0,100.58
O0009343,P058,1,604.73,0.05,303.66
O0009344,P035,2,579.36,0.0,381.17
O0009345,P012,1,2240.64,0.12,1346.81
O0009346,P069,1,1467.55,0.0,848.89
O0009346,P039,1,363.67,0.12,173.03
O0009347,P094,2,359.35,0.05,190.17
O0009348,P077,1,47.47,0.0,28.08
O0009349,P067,1,889.82,0.12,561.05
O0009350,P057,2,205.13,0.03,109.05
O0009350,P026,1,169.76,0.0,87.02
O0009351,P104,1,228.52,0.03,132.71
O0009351,P074,1,73.08,0.15,41.11
O0009352,P040,1,320.69,0.0,163.68
O0009353,P108,1,43.79,0.0,19.71
O0009354,P036,1,242.33,0.12,182.5
O0009355,P057,2,204.05,0.0,114.04
O0009355,P096,2,520.7,0.08,336.95
O0009356,P119,1,149.06,0.0,79.96
O0009356,P021,1,337.02,0.0,203.3
O0009356,P033,1,112.66,0.0,52.88
O0009356,P015,2,1191.2,0.0,756.12
O0009357,P117,1,131.56,0.08,92.07
O0009357,P069,1,1404.99,0.0,854.78
O0009358,P101,1,29.76,0.0,17.43
O0009358,P018,1,1769.49,0.03,1336.65
O0009359,P084,2,452.95,0.0,337.7
O0009360,P060,1,258.37,0.0,177.46
O0009360,P118,2,76.69,0.0,47.53
O0009361,P056,1,389.14,0.0,254.72
O0009361,P026,1,161.55,0.03,85.4
O0009362,P010,4,1183.44,0.0,583.75
O0009362,P004,1,1859.23,0.0,923.3
O0009363,P059,1,163.48,0.03,94.42
O0009363,P085,2,278.19,0.0,200.53
O0009364,P039,1,353.47,0.0,175.7
O0009365,P039,1,387.06,0.0,170.72
O0009366,P054,1,153.22,0.12,78.83
O0009367,P105,4,151.7,0.05,98.14
O0009368,P046,1,277.31,0.0,197.58
O0009368,P048,2,517.25,0.0,302.31
O0009369,P116,1,97.65,0.0,51.31
O0009369,P018,2,1706.57,0.08,1265.27
O0009369,P071,1,711.63,0.0,339.71
O0009370,P035,2,591.29,0.08,378.16
O0009370,P083,2,250.44,0.0,120.34
O0009370,P014,2,222.66,0.05,164.2
O0009371,P024,1,185.14,0.03,99.73
O0009372,P027,2,658.54,0.03,387.18
O0009373,P061,1,82.79,0.08,43.25
O0009374,P035,1,568.12,0.0,392.92
O0009375,P072,1,53.91,0.05,36.26
O0009376,P081,2,329.55,0.0,187.15
O0009377,P067,1,933.19,0.05,559.72
O0009377,P029,1,182.47,0.0,108.72
O0009377,P024,1,193.96,0.03,97.83
O0009377,P103,1,168.57,0.0,124.43
O0009378,P017,1,1802.69,0.08,876.7
O0009379,P078,2,838.74,0.05,643.59
O0009380,P070,1,53.03,0.0,28.29
O0009381,P075,1,1035.14,0.0,588.08
O0009382,P053,1,88.8,0.0,41.19
O0009383,P080,3,995.08,0.05,659.34
O0009383,P015,4,1196.78,0.0,749.53
O0009383,P089,1,227.1,0.0,108.21
O0009384,P082,2,110.64,0.05,66.85
O0009385,P002,1,2332.78,0.08,1482.35
O0009385,P023,1,262.76,0.05,128.15
O0009386,P030,1,208.19,0.0,156.13
O0009387,P089,1,241.03,0.0,110.81
O0009387,P010,1,1106.97,0.12,583.23
O0009388,P038,1,202.84,0.08,155.31
O0009388,P109,1,170.65,0.0,110.16
O0009389,P063,1,223.28,0.05,102.38
O0009390,P075,2,1031.93,0.03,582.27
O0009391,P117,1,122.31,0.12,94.38
O0009392,P081,3,346.76,0.08,183.21
O0009392,P066,1,459.07,0.03,268.0
O0009393,P039,3,371.82,0.08,170.95
O0009394,P013,3,573.15,0.0,361.5
O0009395,P095,1,633.44,0.0,306.13
O0009395,P006,3,1961.18,0.0,1171.57
O0009396,P027,2,628.03,0.08,391.17
O0009396,P032,1,189.11,0.0,97.94
O0009397,P100,1,284.62,0.0,181.37
O0009397,P028,1,643.5,0.0,415.14
O0009398,P077,1,47.56,0.08,27.33
O0009399,P108,1,43.79,0.0,19.85
O0009400,P056,3,386.42,0.0,259.5
O0009401,P033,2,120.66,0.0,52.72
O0009402,P089,2,234.99,0.08,106.15
O0009403,P098,2,32.58,0.05,23.12
O0009404,P103,1,169.58,0.0,122.88
O0009404,P062,1,1469.63,0.0,1088.94
O0009405,P089,1,236.97,0.0,109.03
O0009405,P003,2,1226.74,0.08,669.91
O0009405,P017,1,1851.28,0.0,877.5
O0009406,P076,1,271.87,0.0,140.18
O0009407,P065,1,1075.17,0.05,627.24
O0009407,P025,1,455.11,0.05,330.01
O0009408,P065,1,1063.77,0.0,614.74
O0009409,P019,1,2142.13,0.08,1427.19
O0009410,P064,1,529.83,0.0,342.36
O0009411,P098,1,31.36,0.03,23.34
O0009412,P025,2,467.34,0.03,327.26
O0009413,P007,1,560.25,0.0,297.08
O0009413,P077,1,49.47,0.0,27.94
O0009414,P013,4,564.75,0.12,363.56
O0009415,P037,1,37.51,0.0,21.7
O0009415,P070,1,54.62,0.0,28.0
O0009415,P096,1,539.23,0.05,343.64
O0009416,P030,3,216.76,0.0,152.63
O0009416,P018,3,1834.54,0.0,1310.99
O0009416,P113,1,116.15,0.0,82.09
O0009417,P044,2,324.68,0.03,218.32
O0009418,P013,2,570.13,0.05,369.26
O0009419,P102,1,217.89,0.05,148.38
O0009420,P114,3,136.51,0.05,60.76
O0009421,P109,2,177.89,0.05,109.02
O0009422,P058,1,556.38,0.0,300.18
O0009422,P013,2,553.22,0.0,364.52
O0009423,P030,2,198.6,0.0,151.33
O0009424,P038,3,208.95,0.0,157.42
O0009425,P060,1,257.48,0.0,178.82
O0009426,P055,3,450.89,0.0,258.53
O0009427,P107,1,236.88,0.0,139.8
O0009428,P055,2,456.28,0.0,260.09
O0009428,P006,2,1895.48,0.05,1109.54
O0009429,P019,1,2105.93,0.12,1480.3
O0009430,P107,1,220.09,0.0,145.83
O0009430,P087,1,592.6,0.05,414.65
O0009431,P090,1,169.82,0.0,93.35
O0009432,P077,1,47.28,0.0,27.22
O0009433,P107,1,216.4,0.05,147.25
O0009433,P120,2,149.8,0.12,88.35
O0009434,P007,1,553.7,0.0,299.56
O0009435,P007,3,578.57,0.0,288.43
O0009435,P047,1,313.33,0.0,199.67
O0009435,P074,3,77.79,0.0,40.98
O0009435,P089,1,230.93,0.0,110.37
O0009436,P008,1,1857.51,0.0,1081.67
O0009437,P048,3,517.52,0.05,297.77
O0009438,P062,1,1498.75,0.0,1100.73
O0009438,P117,1,127.66,0.12,91.3
O0009439,P005,2,2140.54,0.0,1356.28
O0009440,P012,1,2191.8,0.03,1379.38
O0009441,P095,1,609.0,0.0,315.45
O0009442,P021,2,356.52,0.0,204.26
O0009443,P052,2,123.16,0.15,89.0
O0009443,P026,2,174.83,0.0,85.38
O0009443,P091,2,223.83,0.0,158.32
O0009443,P019,2,2158.0,0.05,1417.44
O0009444,P034,1,720.73,0.0,346.02
O0009445,P115,4,87.45,0.05,51.99
O0009446,P008,2,1919.97,0.0,1089.83
O0009447,P036,1,246.8,0.0,177.89
O0009448,P040,1,312.94,0.0,168.36
O0009449,P031,2,452.09,0.0,281.12
O0009449,P075,1,995.73,0.05,579.71
O0009449,P093,2,239.12,0.08,111.11
O0009450,P031,1,440.59,0.05,285.23
O0009450,P102,1,225.53,0.05,144.64
O0009450,P027,1,626.37,0.08,387.27
O0009450,P036,2,246.59,0.12,181.18
O0009451,P035,1,574.35,0.03,387.63
O0009451,P108,1,44.93,0.0,20.13
O0009451,P052,1,120.59,0.05,84.13
O0009452,P030,2,202.19,0.0,154.6
O0009453,P104,2,225.65,0.0,136.45
O0009453,P020,3,515.81,0.05,378.13
O0009453,P091,2,245.89,0.0,158.69
O0009453,P062,3,1442.09,0.05,1043.08
O0009454,P004,1,1828.67,0.15,939.78
O0009454,P027,1,637.93,0.03,374.75
O0009455,P017,1,1926.17,0.12,893.7
O0009456,P087,1,593.19,0.05,424.42
O0009456,P021,2,339.6,0.03,206.51
O0009457,P088,1,97.72,0.0,54.43
O0009457,P009,1,114.6,0.03,81.98
O0009457,P067,1,913.21,0.08,542.75
O0009458,P074,3,73.82,0.0,42.92
O0009459,P022,1,401.86,0.05,253.33
O0009459,P069,1,1346.39,0.0,851.62
O0009459,P034,1,676.86,0.03,349.16
O0009460,P041,1,100.29,0.0,54.26
O0009461,P080,2,961.34,0.05,671.92
O0009462,P096,2,538.21,0.08,336.96
O0009462,P044,2,341.97,0.0,218.52
O0009463,P080,1,964.96,0.0,658.28
O0009464,P082,1,116.68,0.0,65.55
O0009465,P067,1,967.73,0.0,561.99
O0009466,P030,1,211.07,0.0,150.02
O0009467,P101,2,29.98,0.0,17.79
O0009468,P043,2,129.6,0.0,72.3
O0009468,P051,3,200.02,0.0,98.01
O0009469,P089,2,232.15,0.05,109.92
O0009469,P065,3,1077.7,0.05,626.58
O0009470,P003,1,1222.11,0.0,660.71
O0009471,P039,2,385.28,0.0,175.34
O0009472,P002,2,2378.33,0.08,1493.61
O0009473,P009,2,121.96,0.0,82.65
O0009473,P032,2,191.6,0.0,97.92
O0009474,P075,1,1016.92,0.12,607.73
O0009474,P003,4,1246.29,0.0,659.65
O0009474,P001,1,300.93,0.08,151.03
O0009475,P022,1,406.12,0.0,253.0
O0009476,P109,2,173.36,0.05,111.79
O0009477,P023,3,276.12,0.0,126.04
O0009478,P070,1,56.15,0.12,28.61
O0009478,P004,2,1763.35,0.05,916.8
O0009478,P114,2,137.7,0.0,61.06
O0009478,P015,1,1180.91,0.0,730.39
O0009479,P019,1,2008.55,0.08,1432.29
O0009480,P052,1,116.24,0.0,89.32
O0009480,P101,1,28.81,0.05,17.78
O0009480,P023,1,267.26,0.0,125.41
O0009481,P024,1,187.49,0.05,100.86
O0009482,P086,1,437.24,0.05,334.0
O0009483,P005,1,2112.53,0.0,1363.21
O0009484,P004,1,1779.51,0.0,918.97
O0009485,P061,1,84.84,0.05,41.71
O0009486,P093,1,228.42,0.0,115.88
O0009487,P050,1,246.64,0.0,145.05
O0009487,P032,3,194.0,0.03,101.75
O0009488,P120,1,148.9,0.0,89.71
O0009488,P039,1,378.04,0.0,172.53
O0009489,P093,1,229.33,0.0,114.43
O0009490,P071,1,757.18,0.03,336.25
O0009491,P088,1,100.85,0.0,53.95
O0009492,P111,1,44.47,0.0,31.88
O0009493,P032,1,196.28,0.0,98.27
O0009493,P009,1,113.73,0.0,84.29
O0009493,P120,1,151.65,0.0,91.79
O0009493,P110,2,53.91,0.0,28.36
O0009494,P113,1,108.72,0.12,78.66
O0009494,P072,1,55.92,0.08,35.88
O0009495,P082,1,120.35,0.0,64.12
O0009495,P042,1,186.96,0.0,121.08
O0009496,P060,1,266.04,0.0,175.05
O0009496,P041,1,104.27,0.0,53.68
O0009496,P110,2,51.9,0.03,27.25
O0009497,P073,2,614.1,0.0,296.66
O0009497,P060,1,246.2,0.0,173.77
O0009498,P107,1,219.18,0.0,141.26
O0009498,P103,3,171.63,0.08,124.78
O0009499,P067,1,887.1,0.0,556.66
O0009500,P055,1,458.32,0.03,272.63
O0009501,P029,1,191.38,0.15,112.56
O0009501,P119,1,150.21,0.12,78.27
O0009501,P019,1,2119.3,0.0,1408.53
O0009502,P026,1,164.8,0.05,83.82
O0009503,P083,1,250.9,0.05,123.26
O0009503,P097,2,323.7,0.0,213.76
O0009504,P066,3,452.87,0.05,266.98
O0009505,P081,1,330.24,0.05,190.03
O0009506,P042,1,199.21,0.0,118.84
O0009506,P005,2,2216.99,0.15,1343.74
O0009506,P026,1,173.49,0.05,86.26
O0009507,P010,1,1126.19,0.0,611.52
O0009508,P021,2,341.14,0.12,199.91
O0009509,P025,1,453.14,0.15,339.3
O0009510,P102,1,224.94,0.05,151.3
O0009511,P038,3,213.36,0.0,154.36
O0009511,P091,2,236.95,0.05,164.0
O0009512,P017,1,1896.09,0.0,874.4
O0009513,P070,1,52.6,0.05,27.9
O0009514,P015,1,1181.87,0.03,755.48
O0009515,P031,1,425.97,0.0,286.55
O0009516,P048,1,490.07,0.03,302.82
O0009517,P100,1,285.11,0.0,181.81
O0009518,P063,1,232.58,0.0,100.3
O0009519,P052,2,119.6,0.05,87.24
O0009519,P021,1,350.16,0.05,202.33
O0009520,P014,2,228.65,0.0,169.85
O0009521,P025,1,461.16,0.0,331.1
O0009521,P030,2,206.45,0.15,157.35
O0009521,P055,2,485.41,0.0,267.9
O0009522,P008,2,1893.46,0.0,1072.87
O0009522,P100,2,310.27,0.12,184.72
O0009522,P057,2,202.69,0.0,111.65
O0009522,P023,1,264.12,0.0,125.65
O0009523,P115,1,96.27,0.0,53.4
O0009523,P019,1,2148.08,0.05,1406.85
O0009523,P092,1,641.88,0.15,385.71
O0009524,P111,1,42.64,0.0,31.65
O0009525,P036,1,248.5,0.0,176.46
O0009526,P023,1,278.06,0.0,128.22
O0009527,P111,1,42.16,0.0,31.05
O0009528,P039,1,372.19,0.15,175.68
O0009528,P099,1,164.21,0.0,100.14
O0009529,P079,1,761.1,0.15,361.17
O0009530,P067,1,928.51,0.0,563.4
O0009531,P054,2,154.5,0.0,80.9
O0009532,P012,1,2315.54,0.0,1400.58
O0009533,P107,1,233.38,0.08,142.23
O0009534,P016,2,1393.23,0.12,958.02
O0009535,P014,1,241.2,0.0,163.71
O0009535,P068,1,1199.19,0.08,659.09
O0009535,P074,2,72.02,0.05,42.94
O0009535,P030,1,205.54,0.0,150.15
O0009536,P078,2,910.66,0.12,644.78
O0009536,P065,1,1005.74,0.0,620.2
O0009537,P006,1,1870.46,0.05,1125.24
O0009538,P110,1,52.49,0.15,27.36
O0009539,P003,1,1185.97,0.0,663.23
O0009540,P054,1,154.05,0.05,78.3
O0009540,P086,3,436.41,0.0,339.19
O0009540,P082,3,115.9,0.0,66.83
O0009541,P027,1,607.54,0.0,394.81
O0009542,P086,1,476.22,0.0,333.05
O0009542,P007,1,552.93,0.05,301.16
O0009543,P046,1,261.45,0.0,194.82
O0009544,P005,2,2126.17,0.0,1366.52
O0009545,P003,2,1200.34,0.08,653.36
O0009546,P032,1,188.84,0.08,97.52
O0009547,P034,3,673.96,0.12,352.96
O0009548,P096,1,542.04,0.03,356.93
O0009549,P034,2,714.86,0.0,341.11
O0009550,P052,1,113.21,0.12,86.84
O0009550,P013,1,576.9,0.08,355.3
O0009551,P064,1,536.53,0.0,341.38
O0009552,P080,1,1026.83,0.05,681.84
O0009552,P087,1,591.44,0.0,405.93
O0009553,P014,2,229.46,0.0,169.72
O0009553,P061,3,82.0,0.05,42.89
O0009554,P048,1,517.37,0.03,301.14
O0009554,P035,1,564.95,0.0,379.21
O0009554,P109,1,176.22,0.0,113.85
O0009555,P046,1,283.16,0.0,192.71
O0009556,P002,3,2555.74,0.05,1473.44
O0009556,P006,1,1918.23,0.12,1143.38
O0009557,P016,1,1459.99,0.05,987.75
O0009558,P032,3,195.0,0.03,100.22
O0009559,P065,1,1056.01,0.0,631.69
O0009559,P006,1,1979.94,0.0,1106.45
O0009560,P004,1,1769.13,0.03,919.39
O0009560,P027,1,605.02,0.05,394.87
O0009561,P100,1,295.55,0.05,187.17
O0009562,P065,1,1070.85,0.12,600.88
O0009563,P107,1,234.75,0.05,140.07
O0009564,P033,2,119.06,0.03,52.56
O0009565,P021,2,354.36,0.03,208.24
O0009566,P070,1,51.37,0.0,28.02
O0009567,P098,1,33.03,0.0,22.75
O0009567,P110,3,54.7,0.0,27.37
O0009568,P120,3,139.9,0.0,87.66
O0009569,P082,1,112.61,0.0,66.97
O0009570,P022,1,402.52,0.08,247.32
O0009571,P088,2,95.23,0.03,55.29
O0009572,P107,1,224.41,0.0,143.32
O0009573,P029,1,189.01,0.05,112.2
O0009573,P008,1,1767.84,0.0,1056.62
O0009573,P015,2,1227.24,0.0,752.36
O0009574,P022,3,395.48,0.05,253.67
O0009575,P106,1,206.61,0.0,136.52
O0009575,P056,1,365.6,0.0,259.92
O0009576,P019,3,2179.3,0.0,1458.61
O0009577,P073,2,589.29,0.0,296.62
O0009577,P014,1,219.15,0.0,163.17
O0009578,P036,1,244.4,0.03,173.1
O0009579,P023,1,282.18,0.03,128.87
O0009580,P018,1,1856.5,0.03,1289.57
O0009581,P085,3,275.39,0.08,200.31
O0009582,P008,4,1882.38,0.0,1068.27
O0009583,P023,2,263.61,0.12,129.14
O0009584,P055,2,469.0,0.0,269.28
O0009585,P025,1,464.12,0.12,336.55
O0009586,P047,1,293.84,0.03,204.05
O0009587,P107,2,232.03,0.08,145.79
O0009588,P039,1,387.53,0.0,177.87
O0009588,P024,1,194.57,0.0,100.24
O0009589,P107,1,222.55,0.0,139.86
O0009590,P104,3,229.61,0.0,130.08
O0009591,P097,1,317.12,0.05,217.54
O0009592,P034,2,670.81,0.0,337.28
O0009592,P043,2,137.32,0.03,76.21
O0009593,P109,3,168.48,0.15,109.96
O0009593,P088,1,100.31,0.0,54.68
O0009593,P015,1,1168.18,0.0,758.25
O0009594,P028,1,649.84,0.05,416.07
O0009595,P014,3,229.37,0.05,163.35
O0009596,P061,1,85.08,0.0,42.69
O0009597,P110,1,54.9,0.0,26.9
O0009597,P001,1,294.02,0.0,150.15
O0009597,P078,1,844.07,0.08,655.45
O0009598,P059,1,159.06,0.03,93.22
O0009599,P090,1,171.86,0.0,93.61
O0009599,P064,1,559.75,0.0,329.36
O0009600,P041,1,109.76,0.0,54.59
O0009601,P090,2,173.09,0.08,95.15
O0009601,P033,2,118.2,0.12,51.68
O0009602,P005,1,2123.18,0.05,1363.9
O0009602,P061,1,81.01,0.0,43.49
O0009602,P032,1,187.58,0.03,102.71
O0009603,P017,1,1970.83,0.12,851.18
O0009604,P097,1,307.33,0.0,213.93
O0009605,P120,1,150.92,0.0,91.82
O0009605,P067,1,937.61,0.05,552.49
O0009606,P051,1,190.81,0.08,93.73
O0009606,P049,1,79.15,0.08,39.0
O0009606,P007,3,560.19,0.03,290.36
O0009607,P015,1,1157.33,0.08,740.52
O0009608,P103,1,173.11,0.05,127.2
O0009608,P010,1,1117.45,0.0,592.66
O0009609,P028,3,641.4,0.05,404.38
O0009610,P015,2,1165.16,0.03,747.29
O0009611,P105,2,161.1,0.12,98.25
O0009612,P101,2,30.25,0.15,17.85
O0009613,P059,1,168.74,0.0,96.74
O0009614,P035,1,593.63,0.05,397.66
O0009614,P034,1,703.75,0.0,334.27
O0009615,P099,2,157.81,0.0,103.97
O0009616,P039,3,381.31,0.12,170.34
O0009616,P100,1,288.16,0.0,189.32
O0009617,P022,2,371.41,0.03,257.64
O0009618,P061,3,80.74,0.08,43.59
O0009619,P095,2,617.55,0.0,297.81
O0009620,P110,1,55.37,0.0,27.21
O0009621,P015,1,1204.72,0.03,747.05
O0009622,P062,3,1522.23,0.0,1098.8
O0009623,P099,1,165.75,0.0,100.97
O0009623,P036,1,241.84,0.0,183.35
O0009624,P109,1,173.18,0.0,112.93
O0009625,P057,2,202.04,0.15,111.16
O0009626,P028,1,605.89,0.0,397.09
O0009627,P074,1,75.57,0.05,42.29
O0009628,P106,1,207.05,0.0,133.23
O0009628,P072,2,52.32,0.0,36.64
O0009629,P018,2,1799.69,0.03,1301.83
O0009629,P108,2,44.81,0.15,19.6
O0009629,P012,2,2140.46,0.08,1394.82
O0009630,P116,1,99.59,0.05,49.32
O0009630,P085,1,299.21,0.15,202.99
O0009631,P073,1,570.5,0.08,294.37
O0009632,P008,1,1908.98,0.0,1068.61
O0009632,P004,3,1856.33,0.0,949.64
O0009633,P053,3,84.77,0.08,42.35
O0009634,P031,1,426.59,0.0,287.71
O0009634,P016,2,1402.25,0.03,967.23
O0009634,P019,1,2009.64,0.03,1413.31
O0009635,P023,1,280.66,0.0,131.36
O0009635,P026,1,161.14,0.0,85.49
O0009635,P107,1,227.77,0.0,139.58
O0009635,P057,1,199.87,0.0,113.1
O0009636,P026,1,162.87,0.0,83.23
O0009637,P070,3,52.2,0.0,27.69
O0009638,P040,1,317.34,0.05,162.16
O0009638,P052,1,114.41,0.0,86.68
O0009639,P039,1,382.66,0.12,175.02
O0009639,P080,1,955.45,0.05,672.67
O0009640,P042,1,190.04,0.05,121.38
O0009641,P069,1,1348.72,0.0,819.01
O0009642,P054,1,154.77,0.08,80.72
O0009643,P098,1,33.03,0.0,22.66
O0009644,P016,4,1367.8,0.08,994.26
O0009644,P032,1,196.84,0.0,98.43
O0009645,P100,2,301.03,0.0,188.33
O0009645,P023,2,268.1,0.05,128.72
O0009646,P106,1,199.64,0.08,134.72
O0009647,P053,1,85.18,0.0,42.03
O0009647,P034,1,674.56,0.03,351.91
O0009647,P089,1,226.55,0.05,110.77
O0009648,P069,2,1364.92,0.03,862.63
O0009648,P001,1,289.76,0.0,145.52
O0009649,P061,1,79.47,0.0,42.75
O0009650,P087,2,625.54,0.0,424.28
O0009651,P062,1,1510.78,0.12,1105.34
O0009651,P032,2,197.01,0.0,100.59
O0009652,P093,1,240.3,0.03,110.19
O0009653,P056,1,358.87,0.05,261.82
O0009654,P116,2,101.39,0.12,49.73
O0009655,P118,2,75.56,0.05,49.94
O0009656,P029,2,180.07,0.12,114.3
O0009657,P073,2,604.0,0.03,302.03
O0009658,P089,1,236.86,0.15,105.52
O0009659,P023,1,284.16,0.15,132.56
O0009660,P032,1,204.34,0.0,101.9
O0009661,P075,2,1075.93,0.03,578.59
O0009662,P056,1,365.13,0.0,251.76
O0009663,P112,1,59.45,0.0,38.47
O0009664,P061,3,84.69,0.0,42.05
O0009665,P070,3,53.88,0.0,27.57
O0009666,P098,2,33.0,0.0,23.2
O0009667,P119,1,139.19,0.0,78.16
O0009668,P071,1,743.02,0.0,352.59
O0009668,P027,1,657.94,0.08,376.84
O0009669,P043,2,137.06,0.03,75.34
O0009670,P029,3,187.07,0.0,114.31
O0009671,P020,1,491.03,0.0,366.88
O0009671,P117,1,130.05,0.08,91.1
O0009672,P077,1,46.66,0.08,27.74
O0009673,P029,2,197.83,0.03,109.26
O0009673,P094,1,372.62,0.0,183.47
O0009673,P036,1,253.37,0.05,174.9
O0009674,P015,1,1145.13,0.08,755.33
O0009675,P097,2,304.37,0.0,214.72
O0009676,P053,1,85.62,0.0,41.64
O0009677,P028,1,638.24,0.0,400.14
O0009678,P088,1,96.84,0.0,52.57
O0009679,P064,2,519.8,0.0,330.14
O0009680,P069,1,1363.34,0.12,833.95
O0009681,P056,3,388.08,0.05,253.31
O0009682,P092,1,650.96,0.0,385.74
O0009682,P107,1,228.08,0.0,143.16
O0009682,P006,1,1879.61,0.0,1158.84
O0009683,P015,1,1217.52,0.08,728.29
O0009684,P029,1,195.04,0.03,110.37
O0009684,P060,2,269.27,0.0,179.97
O0009684,P010,2,1142.77,0.0,583.71
O0009685,P118,1,78.57,0.03,49.29
O0009686,P053,2,85.97,0.08,42.96
O0009687,P025,3,477.61,0.0,338.66
O0009688,P021,1,361.06,0.0,201.22
O0009689,P042,2,197.42,0.0,118.6
O0009689,P106,1,216.58,0.0,135.55
O0009690,P010,1,1187.17,0.15,593.96
O0009691,P084,1,455.07,0.0,339.89
O0009692,P026,2,175.7,0.0,84.66
O0009693,P082,1,114.69,0.0,66.83
O0009693,P098,1,32.24,0.0,23.08
O0009694,P063,1,222.21,0.0,102.49
O0009694,P028,3,615.77,0.03,408.67
O0009695,P089,1,226.55,0.0,108.93
O0009695,P111,1,41.21,0.05,30.97
O0009695,P107,2,237.14,0.15,147.05
O0009696,P059,2,159.78,0.0,94.89
O0009696,P113,2,114.15,0.0,80.72
O0009696,P023,1,266.3,0.0,124.88
O0009697,P057,1,204.04,0.05,113.11
O0009697,P112,1,61.02,0.0,37.28
O0009698,P073,3,583.78,0.0,299.85
O0009699,P089,1,223.67,0.0,105.62
O0009700,P036,1,246.49,0.0,179.52
O0009701,P087,1,571.81,0.05,402.56
O0009701,P113,1,107.6,0.0,78.39
O0009702,P072,1,53.14,0.0,34.91
O0009703,P013,1,585.46,0.0,357.27
O0009703,P031,1,435.57,0.03,281.69
O0009704,P096,1,508.45,0.0,340.69
O0009705,P065,1,1011.4,0.03,613.44
O0009706,P069,1,1420.04,0.0,842.04
O0009707,P044,1,340.25,0.0,226.04
O0009708,P008,1,1853.98,0.05,1045.24
O0009708,P099,1,159.49,0.08,103.75
O0009709,P055,1,449.88,0.05,268.51
O0009709,P024,1,191.97,0.0,97.21
O0009709,P061,1,80.4,0.05,43.25
O0009710,P074,1,73.42,0.0,40.62
O0009711,P069,1,1404.24,0.05,845.56
O0009712,P011,1,1301.71,0.05,791.89
O0009713,P009,1,111.99,0.0,83.98
O0009713,P053,1,86.11,0.0,41.73
O0009713,P105,1,158.83,0.0,101.74
O0009714,P120,1,150.52,0.0,90.9
O0009714,P005,1,2134.82,0.0,1366.04
O0009715,P104,1,222.16,0.05,134.2
O0009716,P065,2,1087.06,0.0,613.03
O0009716,P004,1,1742.48,0.12,934.24
O0009716,P038,1,200.77,0.03,157.22
O0009717,P033,2,114.46,0.03,52.65
O0009717,P120,1,140.29,0.0,87.54
O0009718,P114,1,128.59,0.0,62.82
O0009718,P112,1,60.97,0.0,36.7
O0009719,P092,1,653.73,0.0,404.76
O0009719,P031,1,440.57,0.05,291.8
O0009719,P096,2,511.01,0.08,349.3
O0009720,P025,1,460.45,0.05,338.61
O0009721,P048,2,520.55,0.0,300.68
O0009721,P027,1,615.49,0.0,395.09
O0009721,P066,1,472.22,0.08,267.39
O0009722,P084,1,458.84,0.03,323.36
O0009723,P099,1,159.88,0.12,105.58
O0009724,P015,1,1151.7,0.05,735.99
O0009724,P012,1,2183.94,0.08,1345.81
O0009724,P074,1,77.87,0.08,40.58
O0009725,P054,1,147.58,0.0,79.81
O0009725,P079,1,757.66,0.08,373.65
O0009726,P079,1,791.06,0.0,373.45
O0009727,P089,1,236.22,0.0,105.49
O0009728,P019,1,2111.83,0.0,1415.29
O0009729,P081,1,358.85,0.15,193.01
O0009730,P016,3,1411.08,0.05,958.75
O0009731,P041,1,104.49,0.0,53.06
O0009732,P034,1,681.63,0.0,345.8
O0009733,P111,1,43.25,0.0,30.88
O0009734,P021,2,364.28,0.03,208.67
O0009735,P057,3,204.03,0.0,112.35
O0009735,P059,1,156.79,0.03,93.28
O0009735,P001,1,297.62,0.0,147.72
O0009736,P049,1,77.75,0.03,38.27
O0009737,P082,2,117.52,0.08,67.77
O0009738,P005,1,2098.33,0.0,1320.07
O0009739,P018,2,1747.43,0.03,1319.1
O0009739,P027,2,660.74,0.05,382.56
O0009739,P041,2,107.24,0.03,54.21
O0009739,P057,2,204.4,0.0,113.91
O0009740,P080,2,1001.28,0.08,691.48
O0009740,P051,1,189.85,0.0,98.21
O0009740,P019,1,2164.69,0.0,1434.6
O0009741,P081,1,338.3,0.0,186.67
O0009742,P058,4,584.01,0.12,303.28
O0009742,P042,1,185.38,0.03,120.0
O0009742,P008,1,1828.26,0.05,1080.11
O0009743,P055,1,475.25,0.08,271.96
O0009744,P020,1,504.11,0.12,357.48
O0009745,P017,1,1938.45,0.0,845.56
O0009746,P108,2,44.24,0.0,20.2
O0009747,P022,1,386.96,0.03,259.63
O0009748,P040,2,316.75,0.15,164.54
O0009748,P028,2,645.62,0.0,398.03
O0009749,P072,1,52.27,0.03,36.47
O0009749,P019,1,2046.48,0.03,1463.84
O0009749,P096,1,533.67,0.03,357.14
O0009750,P063,2,219.31,0.0,101.21
O0009751,P112,1,59.64,0.0,36.84
O0009752,P051,1,195.61,0.05,96.46
O0009753,P005,1,2070.51,0.0,1318.01
O0009754,P038,1,199.57,0.0,157.71
O0009754,P006,1,1871.88,0.0,1116.96
O0009755,P050,2,251.36,0.03,142.31
O0009756,P031,1,445.09,0.03,290.39
O0009757,P065,1,1020.07,0.03,631.09
O0009758,P093,2,235.29,0.05,115.75
O0009759,P029,3,190.68,0.05,114.22
O0009759,P048,1,529.15,0.0,297.51
O0009760,P026,2,174.71,0.0,83.75
O0009761,P031,1,414.32,0.0,279.56
O0009761,P112,2,61.1,0.12,37.79
O0009762,P023,2,266.3,0.0,128.35
O0009763,P090,1,181.39,0.0,94.54
O0009763,P094,1,337.45,0.03,191.06
O0009764,P041,1,109.24,0.0,53.93
O0009765,P076,1,257.02,0.05,136.42
O0009766,P056,1,367.85,0.12,254.9
O0009767,P063,1,223.6,0.0,104.6
O0009768,P042,1,189.64,0.0,122.73
O0009768,P048,1,526.08,0.0,289.4
O0009769,P111,1,42.23,0.05,32.49
O0009770,P004,2,1868.63,0.0,955.24
O0009771,P031,1,447.1,0.0,289.58
O0009772,P091,4,228.93,0.05,158.14
O0009773,P084,2,440.16,0.0,326.15
O0009774,P018,1,1870.72,0.0,1321.37
O0009775,P011,1,1261.73,0.0,784.4
O0009776,P079,1,755.59,0.0,354.26
O0009777,P100,2,285.3,0.05,190.86
O0009778,P035,1,598.34,0.0,389.64
O0009779,P070,2,54.97,0.08,29.06
O0009780,P111,2,44.22,0.0,31.71
O0009781,P005,2,2208.22,0.0,1301.82
O0009781,P003,2,1183.01,0.08,656.19
O0009782,P066,2,479.14,0.05,265.07
O0009783,P068,1,1138.64,0.0,640.69
O0009783,P056,1,361.74,0.08,259.97
O0009784,P030,1,200.53,0.0,155.75
O0009785,P090,1,169.62,0.0,95.64
O0009785,P065,1,1058.99,0.0,601.19
O0009785,P120,1,148.01,0.12,89.72
O0009786,P087,1,587.3,0.12,420.63
O0009786,P043,3,134.33,0.0,75.79
O0009787,P011,1,1245.45,0.03,751.75
O0009788,P109,2,173.34,0.15,114.82
O0009788,P081,3,327.34,0.0,193.42
O0009789,P031,1,424.94,0.05,291.39
O0009789,P086,1,443.06,0.0,333.62
O0009789,P029,1,189.18,0.0,109.65
O0009790,P039,1,373.15,0.05,173.73
O0009790,P023,1,282.37,0.05,131.59
O0009791,P118,2,77.62,0.08,48.78
O0009792,P056,1,365.51,0.0,265.17
O0009792,P027,2,644.23,0.0,382.22
O0009792,P046,2,264.68,0.0,194.6
O0009793,P108,1,43.01,0.0,20.07
O0009793,P019,2,2151.42,0.0,1449.98
O0009793,P059,2,157.74,0.15,92.3
O0009794,P018,1,1836.15,0.12,1268.53
O0009795,P057,1,220.27,0.0,111.27
O0009795,P036,1,259.91,0.0,175.34
O0009796,P031,1,432.3,0.0,291.94
O0009797,P048,1,508.68,0.0,298.79
O0009798,P106,1,205.98,0.0,133.53
O0009798,P030,1,217.41,0.0,155.68
O0009798,P026,1,168.87,0.0,85.72
O0009798,P070,1,54.9,0.05,28.89
O0009799,P036,1,248.3,0.03,182.76
O0009799,P024,1,185.89,0.0,100.92
O0009799,P038,1,200.26,0.0,155.87
O0009799,P059,1,170.54,0.0,94.09
O0009800,P018,1,1775.61,0.0,1291.76
O0009801,P006,3,1891.27,0.0,1130.23
O0009802,P083,1,255.88,0.03,124.92
O0009803,P111,1,42.31,0.0,31.04
O0009803,P047,1,309.84,0.0,196.89
O0009804,P094,1,363.91,0.0,184.2
O0009805,P010,1,1162.22,0.05,580.67
O0009806,P011,2,1296.85,0.08,783.32
O0009807,P013,1,557.48,0.03,363.63
O0009808,P054,3,144.74,0.0,81.21
O0009808,P101,1,29.09,0.03,17.25
O0009808,P002,2,2465.06,0.0,1535.2
O0009809,P096,2,517.0,0.08,340.82
O0009810,P077,1,48.25,0.08,27.89
O0009811,P069,1,1430.56,0.0,838.84
O0009812,P020,3,523.37,0.03,376.34
O0009813,P047,2,310.29,0.08,199.03
O0009814,P009,1,123.51,0.0,82.3
O0009815,P060,1,249.74,0.0,177.95
O0009816,P001,1,295.95,0.03,146.88
O0009817,P093,1,231.06,0.0,113.21
O0009818,P071,2,738.25,0.0,346.52
O0009818,P067,1,958.44,0.05,533.34
O0009819,P006,3,1991.11,0.0,1137.59
O0009820,P108,1,41.83,0.03,20.23
O0009820,P063,1,224.32,0.0,101.79
O0009820,P013,1,575.06,0.0,355.66
O0009821,P077,1,50.1,0.0,27.6
O0009822,P059,1,164.35,0.05,94.93
O0009822,P023,1,271.96,0.12,125.84
O0009823,P070,1,55.28,0.0,27.88
O0009824,P104,1,228.5,0.12,136.9
O0009825,P052,1,117.97,0.0,87.34
O0009826,P004,1,1711.34,0.0,921.9
O0009827,P068,3,1108.51,0.08,640.55
O0009827,P094,1,360.7,0.03,190.01
O0009828,P085,1,285.12,0.0,204.82
O0009828,P012,1,2338.98,0.0,1366.98
O0009829,P020,1,496.71,0.0,370.3
O0009830,P033,1,121.57,0.05,52.96
O0009831,P027,1,620.93,0.0,382.74
O0009831,P116,2,104.02,0.03,49.19
O0009831,P043,1,128.27,0.0,73.24
O0009832,P021,1,366.4,0.0,198.83
O0009833,P064,2,556.98,0.0,346.32
O0009834,P105,1,151.53,0.05,96.49
O0009835,P107,3,217.75,0.0,143.79
O0009836,P036,3,246.99,0.0,178.97
O0009837,P118,1,78.29,0.05,49.07
O0009837,P070,1,53.72,0.0,28.84
O0009838,P021,2,336.15,0.05,203.03
O0009839,P114,1,130.36,0.12,60.54
O0009839,P027,1,625.65,0.05,394.21
O0009839,P109,1,177.71,0.0,110.9
O0009840,P011,1,1316.38,0.0,769.65
O0009840,P088,1,102.1,0.08,54.4
O0009840,P067,1,908.68,0.05,541.97
O0009841,P058,2,610.84,0.0,293.11
O0009842,P008,4,1853.44,0.0,1063.43
O0009843,P041,4,105.82,0.08,52.37
O0009844,P119,3,144.06,0.15,79.66
O0009845,P035,1,607.75,0.0,382.23
O0009846,P090,4,169.62,0.0,96.71
O0009847,P017,1,1859.58,0.0,844.86
O0009848,P111,4,42.42,0.03,30.99
O0009849,P099,3,156.94,0.03,104.07
O0009849,P013,1,585.57,0.0,364.22
O0009850,P081,1,338.19,0.0,189.88
O0009850,P021,1,335.47,0.0,207.45
O0009851,P050,1,242.2,0.03,145.4
O0009852,P011,1,1250.65,0.08,791.71
O0009852,P030,1,212.8,0.0,149.58
O0009853,P002,1,2469.44,0.05,1534.43
O0009854,P120,3,151.61,0.0,91.46
O0009855,P016,1,1465.71,0.12,989.96
O0009855,P050,1,245.55,0.08,140.13
O0009856,P042,1,196.15,0.0,118.92
O0009857,P048,1,530.35,0.0,296.15
O0009858,P046,1,279.64,0.0,196.45
O0009859,P118,1,79.9,0.05,47.99
O0009860,P086,1,473.66,0.0,327.81
O0009861,P051,1,199.64,0.0,94.09
O0009862,P073,1,593.01,0.12,300.05
O0009863,P036,1,244.02,0.05,177.3
O0009864,P079,3,751.41,0.0,362.98
O0009864,P006,1,1898.39,0.0,1153.9
O0009865,P063,1,211.71,0.03,104.63
O0009866,P116,1,100.82,0.0,49.21
O0009867,P097,1,323.24,0.0,216.05
O0009868,P118,2,75.12,0.08,48.04
O0009868,P098,1,32.73,0.05,22.78
O0009868,P028,1,621.68,0.0,400.32
O0009869,P074,1,76.89,0.0,42.0
O0009870,P059,1,159.3,0.03,97.08
O0009871,P039,2,372.41,0.03,174.79
O0009872,P103,1,168.09,0.03,126.37
O0009872,P021,2,351.73,0.0,200.15
O0009873,P001,1,295.0,0.15,151.5
O0009874,P030,1,200.44,0.0,157.46
O0009875,P090,2,168.19,0.0,93.6
O0009876,P080,4,963.91,0.05,688.71
O0009877,P058,1,562.54,0.0,293.18
O0009878,P092,1,623.57,0.0,394.84
O0009879,P070,1,53.09,0.05,27.73
O0009880,P028,1,648.39,0.0,410.67
O0009880,P100,4,311.91,0.0,184.85
O0009881,P011,3,1243.7,0.03,776.04
O0009881,P061,2,86.29,0.08,43.44
O0009882,P057,1,215.35,0.0,112.86
O0009883,P014,2,223.43,0.0,161.92
O0009884,P085,1,284.35,0.05,202.05
O0009884,P017,2,1926.94,0.12,887.2
O0009884,P102,2,216.46,0.05,151.8
O0009885,P023,1,269.74,0.0,125.77
O0009886,P058,2,560.44,0.05,308.15
O0009886,P076,1,266.02,0.0,137.81
O0009887,P105,4,155.24,0.0,96.84
O0009887,P062,1,1437.6,0.0,1055.78
O0009888,P046,2,274.52,0.0,202.42
O0009888,P069,1,1439.43,0.0,824.58
O0009889,P007,1,563.11,0.0,295.56
O0009890,P119,1,137.9,0.12,79.47
O0009891,P007,1,538.39,0.05,296.6
O0009892,P003,1,1186.32,0.12,643.89
O0009893,P021,1,332.51,0.0,205.14
O0009894,P101,1,29.13,0.0,16.9
O0009895,P112,3,64.0,0.08,37.18
O0009895,P012,1,2131.49,0.0,1393.49
O0009895,P061,1,84.41,0.05,43.52
O0009895,P048,1,492.05,0.03,289.83
O0009896,P065,2,1058.35,0.08,596.51
O0009897,P047,1,315.56,0.05,198.33
O0009897,P108,2,44.06,0.0,20.04
O0009898,P026,1,174.47,0.05,86.35
O0009899,P008,1,1883.2,0.05,1104.92
O0009899,P118,2,78.44,0.03,49.59
O0009900,P079,1,802.11,0.08,363.71
O0009901,P025,1,476.74,0.12,340.56
O0009901,P003,1,1162.91,0.05,667.03
O0009901,P016,1,1464.23,0.05,959.26
O0009902,P005,2,2042.92,0.0,1300.61
O0009903,P001,1,309.19,0.0,151.77
O0009904,P033,2,121.65,0.12,52.79
O0009904,P054,2,152.73,0.0,81.14
O0009905,P037,1,38.33,0.08,21.55
O0009905,P107,1,232.69,0.08,139.54
O0009906,P094,1,360.76,0.0,190.29
O0009907,P119,2,140.86,0.05,77.79
O0009908,P052,1,121.56,0.12,86.77
O0009909,P078,1,881.6,0.0,665.19
O0009909,P047,2,320.95,0.08,199.72
O0009910,P001,1,289.94,0.0,146.39
O0009911,P046,2,274.18,0.03,200.43
O0009911,P093,1,241.88,0.03,114.27
O0009912,P014,1,235.72,0.0,162.53
O0009913,P033,2,115.28,0.0,53.19
O0009913,P011,1,1251.66,0.0,754.2
O0009914,P106,1,219.26,0.05,132.3
O0009915,P111,1,43.5,0.0,32.32
O0009916,P088,1,93.85,0.0,55.09
O0009916,P004,1,1823.88,0.0,917.46
O0009917,P005,3,2190.7,0.08,1297.53
O0009918,P092,1,659.34,0.0,394.63
O0009918,P023,1,284.98,0.12,129.53
O0009918,P082,2,116.23,0.0,67.75
O0009919,P065,1,1086.91,0.05,626.48
O0009920,P054,2,143.78,0.0,82.34
O0009920,P031,1,423.13,0.0,279.36
O0009921,P095,1,618.79,0.0,309.59
O0009922,P082,1,111.75,0.05,66.98
O0009923,P049,1,77.06,0.03,37.81
O0009924,P026,1,167.55,0.0,86.46
O0009925,P029,1,183.86,0.05,109.86
O0009926,P100,1,284.95,0.0,190.31
O0009927,P036,1,253.81,0.0,183.18
O0009927,P039,1,352.74,0.0,173.19
O0009928,P056,2,355.27,0.0,256.97
O0009928,P030,1,209.79,0.08,156.77
O0009928,P003,4,1243.42,0.0,673.06
O0009929,P031,2,440.79,0.05,278.96
O0009930,P089,1,231.75,0.03,109.34
O0009931,P016,1,1481.49,0.0,982.43
O0009931,P098,1,32.15,0.0,22.55
O0009931,P010,1,1187.27,0.08,586.05
O0009932,P005,1,2099.03,0.03,1352.61
O0009933,P072,1,53.04,0.0,34.98
O0009934,P027,3,634.01,0.15,387.44
O0009935,P117,1,128.85,0.0,94.65
O0009935,P116,1,99.57,0.0,49.45
O0009936,P098,3,30.56,0.0,22.37
O0009937,P035,3,576.87,0.0,381.59
O0009938,P004,2,1820.06,0.0,952.76
O0009939,P009,1,118.34,0.08,83.26
O0009940,P004,1,1782.91,0.03,909.1
O0009941,P063,1,223.97,0.0,99.46
O0009942,P027,1,656.0,0.08,389.33
O0009943,P063,1,225.51,0.0,100.01
O0009944,P028,1,630.01,0.12,413.43
O0009945,P037,3,38.69,0.03,21.65
O0009945,P050,1,244.83,0.0,148.1
O0009946,P035,2,586.79,0.0,383.08
O0009947,P038,1,214.41,0.12,152.66
O0009948,P100,1,283.97,0.0,183.45
O0009948,P063,1,213.58,0.15,100.9
O0009949,P025,1,492.39,0.0,332.07
O0009950,P091,1,227.59,0.03,158.91
O0009951,P094,1,351.32,0.05,185.0
O0009952,P048,1,491.98,0.08,295.13
O0009953,P019,1,2180.64,0.03,1443.71
O0009953,P003,1,1273.05,0.12,673.42
O0009954,P043,1,128.67,0.12,76.06
O0009955,P030,2,208.74,0.0,157.68
O0009956,P100,2,312.46,0.0,187.0
O0009957,P033,1,118.44,0.0,52.03
O0009958,P081,1,336.57,0.0,192.16
O0009959,P015,2,1189.43,0.08,742.76
O0009960,P039,1,363.54,0.0,173.06
O0009961,P083,1,246.83,0.05,122.81
O0009962,P080,1,989.25,0.08,691.31
O0009963,P011,1,1293.54,0.0,777.15
O0009964,P014,2,232.76,0.05,166.76
O0009964,P099,1,161.61,0.03,103.92
O0009965,P083,1,234.55,0.0,118.56
O0009966,P033,1,111.72,0.0,53.78
O0009966,P106,1,202.96,0.0,133.2
O0009967,P086,1,463.37,0.0,339.84
O0009967,P040,1,334.89,0.08,164.32
O0009968,P089,1,221.0,0.03,106.84
O0009968,P108,1,45.29,0.05,19.57
O0009969,P047,2,295.25,0.0,196.54
O0009970,P088,2,100.21,0.05,55.6
O0009971,P097,1,322.27,0.12,215.23
O0009971,P078,3,909.56,0.05,630.52
O0009972,P118,1,79.7,0.0,47.9
O0009972,P038,2,215.29,0.03,158.2
O0009973,P116,3,104.49,0.12,49.71
O0009973,P060,4,261.37,0.08,182.26
O0009974,P095,1,600.47,0.0,310.22
O0009974,P075,1,1022.8,0.0,608.39
O0009974,P091,3,236.36,0.0,157.79
O0009975,P057,2,207.28,0.0,111.94
O0009975,P003,1,1180.62,0.0,656.32
O0009975,P116,1,100.34,0.0,50.53
O0009976,P011,1,1272.48,0.0,779.53
O0009977,P075,1,983.13,0.0,581.61
O0009977,P036,2,248.55,0.0,180.89
O0009978,P020,2,518.48,0.0,377.93
O0009979,P102,1,214.12,0.05,144.07
O0009980,P014,1,233.29,0.0,170.43
O0009980,P022,1,404.11,0.0,246.2
O0009981,P002,1,2448.04,0.0,1464.45
O0009982,P026,1,173.21,0.0,84.46
O0009983,P003,1,1208.07,0.0,675.88
O0009984,P052,2,117.04,0.0,86.27
O0009985,P027,1,623.12,0.03,382.22
O0009985,P090,1,173.29,0.0,93.68
O0009985,P001,1,297.44,0.0,145.27
O0009985,P015,1,1237.16,0.05,757.47
O0009986,P048,1,503.98,0.0,291.75
O0009986,P093,3,240.18,0.12,113.27
O0009986,P113,1,116.41,0.0,81.23
O0009987,P081,1,337.8,0.08,186.12
O0009987,P114,1,137.24,0.03,60.33
O0009987,P092,2,624.51,0.05,403.35
O0009988,P085,1,286.02,0.08,205.85
O0009988,P104,1,224.82,0.12,134.96
O0009989,P117,1,125.78,0.15,93.27
O0009989,P013,1,535.31,0.0,368.39
O0009989,P002,3,2479.96,0.0,1476.34
O0009990,P088,1,101.07,0.0,53.87
O0009991,P096,1,519.18,0.0,348.43
O0009992,P053,1,88.08,0.08,40.77
O0009993,P010,1,1136.74,0.0,599.2
O0009993,P116,2,107.12,0.03,49.36
O0009994,P004,1,1799.83,0.08,910.33
O0009995,P004,1,1838.12,0.05,918.73
O0009996,P068,1,1168.12,0.0,671.7
O0009997,P008,2,1807.02,0.0,1081.0
O0009998,P017,1,1818.39,0.03,850.23
O0009999,P036,1,241.55,0.0,183.26
O0010000,P003,3,1260.65,0.03,642.33
O0010000,P087,2,615.07,0.05,404.11
O0010001,P082,1,114.81,0.0,67.19
O0010002,P023,4,266.89,0.0,128.84
O0010002,P109,1,165.24,0.0,114.78
O0010003,P091,2,233.53,0.0,162.98
O0010003,P074,1,76.8,0.0,42.68
O0010004,P102,1,217.98,0.0,151.61
O0010005,P031,2,445.59,0.0,287.0
O0010006,P025,1,455.25,0.05,340.65
O0010007,P020,1,517.65,0.15,367.43
O0010008,P043,1,137.32,0.0,72.91
O0010009,P084,1,449.11,0.05,329.48
O0010010,P072,2,55.17,0.08,36.4
O0010011,P023,2,287.36,0.0,128.48
O0010012,P093,1,237.18,0.0,113.64
O0010013,P033,2,118.31,0.03,50.89
O0010013,P028,1,611.72,0.15,413.86
O0010013,P116,1,102.36,0.0,51.27
O0010013,P087,1,599.29,0.05,408.18
O0010014,P049,2,80.96,0.0,39.14
O0010014,P023,1,265.84,0.0,127.27
O0010015,P019,1,2087.59,0.0,1464.9
O0010016,P058,1,573.42,0.03,308.57
O0010017,P005,1,2093.51,0.12,1312.07
O0010018,P088,2,99.71,0.0,54.71
O0010019,P057,2,201.81,0.0,109.54
O0010020,P043,1,128.08,0.0,72.67
O0010020,P042,3,187.13,0.08,120.27
O0010021,P024,3,178.32,0.0,99.24
O0010021,P050,2,243.07,0.0,145.91
O0010021,P021,1,337.07,0.05,205.15
O0010022,P020,2,519.38,0.05,366.41
O0010023,P062,1,1518.22,0.0,1067.92
O0010024,P038,1,204.54,0.0,153.8
O0010025,P042,1,197.82,0.0,121.14
O0010026,P095,1,575.38,0.0,305.68
O0010027,P084,2,466.16,0.0,326.49
O0010027,P107,1,232.32,0.0,146.4
O0010027,P087,1,580.29,0.0,422.39
O0010028,P098,1,32.15,0.0,23.31
O0010029,P024,1,179.41,0.05,99.35
O0010030,P080,1,1017.91,0.03,665.47
O0010031,P098,2,33.26,0.0,23.63
O0010031,P017,3,1913.38,0.0,858.95
O0010031,P026,1,170.14,0.15,84.43
O0010032,P060,3,256.18,0.0,172.75
O0010033,P088,1,93.98,0.05,55.49
O0010034,P059,1,156.3,0.0,93.98
O0010034,P072,1,57.37,0.08,35.92
O0010034,P039,1,362.49,0.0,172.63
O0010035,P020,4,538.52,0.0,368.76
O0010036,P060,1,251.8,0.05,180.21
O0010037,P099,1,166.6,0.0,100.16
O0010037,P019,1,2019.5,0.0,1418.42
O0010038,P008,2,1778.34,0.0,1104.43
O0010039,P062,3,1440.53,0.0,1074.68
O0010040,P052,1,116.18,0.08,85.48
O0010040,P020,1,502.51,0.0,357.24
O0010041,P025,1,462.47,0.12,342.57
O0010042,P102,1,222.85,0.03,151.2
O0010042,P073,2,581.6,0.03,292.3
O0010043,P030,3,197.24,0.03,149.76
O0010044,P016,2,1424.54,0.0,984.75
O0010044,P053,1,84.35,0.03,40.78
O0010045,P036,2,260.45,0.0,182.24
O0010046,P088,2,96.05,0.0,54.71
O0010046,P024,4,178.23,0.0,96.54
O0010047,P095,1,595.21,0.08,307.03
O0010047,P106,1,214.02,0.03,136.9
O0010048,P061,1,82.29,0.12,42.14
O0010049,P071,2,703.76,0.0,346.8
O0010050,P074,1,77.37,0.0,40.68
O0010051,P055,2,480.32,0.0,269.97
O0010052,P058,2,559.14,0.03,302.11
O0010053,P101,1,29.99,0.03,17.52
O0010054,P071,3,755.94,0.08,344.1
O0010054,P112,1,63.37,0.12,38.69
O0010055,P072,1,57.58,0.0,35.03
O0010056,P043,1,127.74,0.0,75.58
O0010056,P007,1,536.08,0.05,292.26
O0010056,P021,1,357.4,0.05,208.88
O0010057,P091,1,237.51,0.05,161.44
O0010058,P027,1,655.66,0.08,385.29
O0010059,P038,1,201.34,0.05,157.16
O0010059,P089,1,239.65,0.0,111.12
O0010059,P106,2,213.08,0.0,133.98
O0010060,P104,1,222.17,0.05,136.8
O0010061,P013,1,533.56,0.0,357.43
O0010062,P012,1,2273.65,0.15,1327.8
O0010063,P041,1,101.34,0.0,53.15
O0010064,P098,1,30.46,0.05,23.68
O0010064,P112,1,62.74,0.0,38.33
O0010064,P045,2,327.16,0.03,209.7
O0010065,P034,1,688.8,0.0,347.33
O0010066,P101,1,27.93,0.03,16.91
O0010067,P044,1,323.29,0.0,224.83
O0010068,P087,1,571.48,0.0,415.72
O0010068,P108,1,43.14,0.03,19.48
O0010069,P035,3,615.67,0.08,395.94
O0010070,P030,1,212.36,0.05,151.23
O0010071,P066,1,450.87,0.03,271.52
O0010072,P060,1,268.3,0.0,175.71
O0010073,P001,1,286.11,0.0,152.04
O0010074,P005,2,2103.99,0.08,1350.86
O0010075,P082,2,118.03,0.15,64.12
O0010076,P064,1,525.89,0.0,327.64
O0010077,P100,1,292.92,0.08,183.97
O0010078,P062,2,1497.0,0.0,1076.23
O0010079,P068,2,1219.31,0.0,644.95
O0010080,P076,2,273.26,0.15,136.63
O0010081,P027,1,644.0,0.12,380.52
O0010082,P013,1,586.57,0.12,355.94
O0010083,P009,1,113.88,0.0,83.45
O0010084,P114,1,135.19,0.05,63.1
O0010084,P066,1,457.39,0.05,261.05
O0010085,P051,3,193.22,0.0,98.16
O0010086,P016,2,1498.57,0.08,988.6
O0010087,P055,1,471.6,0.0,264.81
O0010088,P106,1,207.1,0.0,133.91
O0010089,P004,1,1703.54,0.03,947.64
O0010090,P109,3,175.19,0.0,111.06
O0010090,P095,1,595.69,0.0,302.98
O0010091,P092,1,619.62,0.0,401.76
O0010092,P065,2,1027.67,0.0,629.4
O0010093,P067,1,886.9,0.03,558.0
O0010094,P045,1,307.68,0.15,216.23
O0010094,P035,1,600.74,0.0,388.61
O0010094,P093,2,244.27,0.08,110.22
O0010095,P038,2,217.97,0.05,150.08
O0010096,P102,1,209.72,0.0,145.78
O0010096,P076,1,258.94,0.03,135.65
O0010096,P023,2,269.02,0.05,128.98
O0010096,P015,1,1207.82,0.0,750.33
O0010097,P089,1,234.77,0.0,107.81
O0010098,P097,2,320.91,0.0,211.0
O0010098,P062,1,1531.26,0.08,1081.4
O0010099,P055,1,463.37,0.12,260.62
O0010099,P111,1,44.69,0.0,32.17
O0010100,P057,3,201.42,0.05,110.59
O0010100,P055,2,446.65,0.0,264.9
O0010101,P001,1,288.94,0.08,151.97
O0010102,P072,2,53.07,0.12,36.57
O0010103,P029,2,187.4,0.03,109.06
O0010104,P094,2,358.08,0.0,186.85
O0010105,P004,3,1709.64,0.0,955.1
O0010105,P005,1,2037.21,0.0,1341.54
O0010106,P015,1,1219.93,0.0,765.86
O0010107,P013,1,582.13,0.0,370.35
O0010107,P035,2,563.91,0.0,385.59
O0010108,P098,1,32.87,0.0,22.53
O0010109,P058,2,563.37,0.0,303.53
O0010110,P071,1,690.99,0.15,353.94
O0010111,P032,1,196.67,0.0,103.05
O0010111,P010,2,1141.48,0.0,583.32
O0010112,P009,3,120.98,0.0,83.78
O0010113,P111,3,43.35,0.0,32.65
O0010114,P077,1,45.55,0.0,28.44
O0010115,P060,2,259.77,0.0,178.89
O0010115,P039,1,376.61,0.12,179.8
O0010116,P027,2,598.13,0.0,379.19
O0010116,P087,1,619.97,0.0,401.69
O0010116,P061,1,84.59,0.0,42.98
O0010117,P114,1,134.08,0.0,63.55
O0010117,P104,1,219.99,0.05,136.52
O0010118,P029,1,193.31,0.03,110.3
O0010119,P009,1,120.78,0.0,85.33
O0010119,P061,1,82.45,0.05,42.27
O0010120,P106,1,218.38,0.12,136.56
O0010120,P093,2,234.66,0.03,114.52
O0010121,P108,1,44.0,0.05,20.34
O0010122,P101,1,27.71,0.05,17.68
O0010122,P085,1,290.71,0.03,200.78
O0010123,P002,1,2519.16,0.0,1509.53
O0010124,P081,1,357.9,0.0,183.47
O0010124,P018,2,1699.14,0.0,1303.83
O0010125,P026,1,163.68,0.0,82.9
O0010126,P078,1,844.14,0.08,633.04
O0010127,P012,1,2277.74,0.0,1350.98
O0010128,P001,1,296.89,0.05,153.44
O0010129,P016,3,1388.34,0.0,993.28
O0010130,P052,1,114.87,0.05,86.36
O0010130,P010,1,1127.02,0.03,593.32
O0010131,P109,1,169.94,0.03,114.52
O0010131,P077,1,48.73,0.05,28.61
O0010132,P086,1,458.02,0.12,328.37
O0010132,P098,1,30.45,0.0,23.7
O0010133,P035,1,605.47,0.0,387.47
O0010134,P063,1,215.92,0.0,99.38
O0010135,P019,4,2037.55,0.0,1471.31
O0010135,P010,1,1194.25,0.03,603.66
O0010136,P086,1,436.19,0.15,332.78
O0010136,P030,1,214.84,0.0,156.11
O0010136,P013,2,547.52,0.12,356.95
O0010137,P033,1,111.0,0.0,51.6
O0010137,P019,1,2183.8,0.05,1423.24
O0010138,P005,1,2069.43,0.0,1304.95
O0010139,P033,4,121.31,0.0,52.06
O0010139,P013,1,572.71,0.0,362.02
O0010140,P049,2,80.59,0.05,37.94
O0010141,P029,1,186.47,0.0,109.68
O0010142,P034,1,671.63,0.05,334.92
O0010143,P027,1,605.53,0.08,388.86
O0010144,P007,1,553.9,0.0,287.98
O0010145,P111,3,41.15,0.0,31.46
O0010146,P085,2,281.57,0.03,206.04
O0010147,P027,1,626.13,0.05,388.13
O0010148,P034,1,678.66,0.0,341.76
O0010148,P091,1,244.01,0.08,162.85
O0010149,P076,1,271.5,0.03,139.54
O0010150,P079,2,775.12,0.05,371.7
O0010151,P080,2,941.55,0.05,690.16
O0010152,P059,1,157.69,0.0,94.15
O0010153,P065,1,1021.5,0.0,624.12
O0010153,P062,1,1465.79,0.03,1052.94
O0010153,P009,1,121.73,0.0,85.82
O0010154,P108,1,43.34,0.05,19.54
O0010154,P014,1,239.82,0.0,169.88
O0010155,P025,1,457.91,0.0,328.3
O0010155,P008,2,1794.83,0.08,1082.53
O0010156,P012,3,2258.12,0.03,1400.93
O0010157,P104,1,223.54,0.05,136.54
O0010158,P039,3,355.6,0.05,175.34
O0010158,P011,2,1249.54,0.0,755.65
O0010159,P100,1,305.86,0.0,186.12
O0010160,P107,2,225.57,0.0,140.68
O0010160,P049,2,80.51,0.05,37.8
O0010161,P002,1,2546.72,0.0,1492.56
O0010162,P108,1,42.59,0.12,20.2
O0010163,P080,1,1017.34,0.0,659.95
O0010163,P003,1,1224.8,0.12,667.09
O0010164,P018,2,1745.43,0.0,1310.16
O0010165,P017,1,1809.98,0.03,890.65
O0010166,P092,2,624.35,0.05,383.0
O0010167,P076,1,277.18,0.0,136.74
O0010167,P032,1,196.85,0.05,99.59
O0010168,P095,2,611.98,0.12,300.46
O0010169,P052,1,113.43,0.0,84.52
O0010170,P065,1,1080.6,0.0,604.66
O0010171,P076,3,268.56,0.0,138.79
O0010172,P014,2,234.15,0.03,165.01
O0010173,P031,1,420.83,0.08,279.22
O0010173,P060,2,269.3,0.0,180.25
O0010174,P047,1,307.92,0.0,206.74
O0010175,P017,2,1854.68,0.08,878.57
O0010175,P024,4,183.22,0.0,100.06
O0010176,P061,2,84.13,0.0,43.0
O0010177,P091,1,241.65,0.05,163.91
O0010178,P109,1,169.49,0.03,113.8
O0010179,P036,1,251.28,0.03,179.0
O0010180,P037,3,38.04,0.03,21.46
O0010180,P034,1,696.03,0.0,345.84
O0010181,P089,1,227.44,0.03,106.32
O0010182,P032,1,185.84,0.0,98.57
O0010183,P064,2,566.97,0.0,332.89
O0010184,P117,1,123.03,0.05,94.98
O0010184,P093,1,233.33,0.0,115.99
O0010185,P017,3,1873.92,0.05,895.89
O0010186,P081,1,345.37,0.05,193.44
O0010187,P049,2,80.92,0.0,39.01
O0010187,P108,1,42.64,0.0,19.72
O0010188,P010,1,1125.94,0.12,592.87
O0010188,P022,1,400.03,0.0,253.44
O0010189,P030,2,216.68,0.0,154.69
O0010189,P050,1,257.46,0.0,145.63
O0010190,P041,1,103.89,0.05,54.93
O0010191,P057,1,203.3,0.12,114.6
O0010192,P017,1,1891.44,0.0,855.23
O0010193,P053,1,90.17,0.0,42.47
O0010194,P018,1,1733.84,0.0,1304.34
O0010194,P024,1,177.0,0.05,96.31
O0010195,P011,2,1329.74,0.12,762.5
O0010196,P040,1,328.7,0.05,170.87
O0010197,P067,1,929.95,0.0,536.81
O0010197,P120,1,147.61,0.0,87.74
O0010198,P003,1,1185.49,0.08,643.71
O0010199,P101,3,29.5,0.0,17.22
O0010200,P068,1,1147.66,0.08,660.16
O0010201,P114,1,131.77,0.12,62.9
O0010202,P019,1,2062.5,0.08,1450.03
O0010203,P039,1,380.05,0.03,171.58
O0010204,P026,1,173.93,0.0,83.7
O0010205,P003,2,1235.19,0.05,648.63
O0010206,P028,1,617.01,0.0,416.93
O0010206,P106,1,211.98,0.0,136.39
O0010206,P002,1,2461.9,0.0,1501.68
O0010207,P116,2,105.91,0.0,50.43
O0010208,P064,3,571.14,0.05,345.15
O0010208,P100,1,305.01,0.05,188.05
O0010208,P022,1,398.15,0.0,250.43
O0010209,P063,1,227.1,0.08,103.2
O0010210,P017,1,1802.53,0.0,848.55
O0010210,P065,1,1040.47,0.08,602.62
O0010211,P065,1,1015.85,0.0,605.69
O0010212,P080,1,957.28,0.03,685.2
O0010213,P029,1,191.4,0.08,112.85
O0010214,P064,1,567.62,0.08,340.05
O0010215,P012,2,2324.06,0.0,1344.04
O0010215,P034,1,660.62,0.0,339.74
O0010215,P009,1,116.73,0.05,85.14
O0010216,P009,2,114.79,0.03,83.03
O0010216,P059,1,168.58,0.0,94.02
O0010217,P069,1,1420.16,0.0,856.2
O0010218,P048,2,519.75,0.03,305.07
O0010218,P116,1,99.59,0.03,51.03
O0010219,P114,1,131.24,0.05,60.45
O0010219,P105,1,150.91,0.0,100.28
O0010219,P066,4,455.44,0.08,264.35
O0010219,P005,2,2069.19,0.05,1350.75
O0010220,P025,1,449.21,0.03,337.82
O0010220,P099,1,164.54,0.05,102.81
O0010221,P069,1,1410.48,0.0,819.97
O0010222,P038,1,199.13,0.0,150.33
O0010222,P115,1,93.63,0.0,53.82
O0010223,P118,1,78.53,0.0,48.31
O0010223,P029,2,195.56,0.0,111.06
O0010223,P043,2,126.91,0.05,73.78
O0010224,P045,1,309.59,0.0,218.31
O0010225,P008,4,1861.53,0.12,1095.93
O0010226,P080,1,946.97,0.0,665.65
O0010226,P058,1,591.41,0.05,300.98
O0010227,P100,1,303.67,0.0,190.82
O0010227,P045,3,305.2,0.03,213.31
O0010228,P112,1,62.06,0.0,37.89
O0010228,P007,1,578.75,0.08,299.86
O0010229,P052,2,124.07,0.05,88.66
O0010230,P083,1,246.13,0.0,121.08
O0010231,P016,2,1374.77,0.0,949.02
O0010232,P024,1,193.0,0.05,99.6
O0010233,P102,1,208.95,0.0,150.32
O0010233,P053,1,87.01,0.0,42.28
O0010234,P018,2,1740.56,0.0,1282.86
O0010235,P102,1,214.06,0.05,150.96
O0010236,P069,1,1440.63,0.05,825.17
O0010237,P075,2,1004.04,0.0,586.89
O0010238,P097,1,302.48,0.08,212.57
O0010239,P103,1,174.65,0.0,128.03
O0010240,P110,1,53.53,0.08,28.06
O0010240,P017,1,1949.39,0.12,849.66
O0010241,P031,2,416.91,0.05,293.63
O0010241,P010,1,1151.75,0.12,581.02
O0010241,P052,1,113.49,0.05,84.33
O0010241,P059,1,158.55,0.0,96.56
O0010242,P097,3,325.59,0.0,208.73
O0010243,P108,1,42.1,0.05,19.58
O0010243,P005,1,2054.39,0.0,1304.05
O0010244,P093,2,238.59,0.03,114.14
O0010245,P069,2,1469.75,0.0,841.99
O0010246,P079,1,783.82,0.08,367.83
O0010247,P020,1,525.68,0.0,363.2
O0010247,P004,1,1860.19,0.0,931.65
O0010247,P058,1,576.03,0.0,298.02
O0010248,P033,1,119.36,0.03,51.99
O0010248,P076,2,254.3,0.0,135.87
O0010249,P019,1,2105.87,0.15,1441.25
O0010250,P006,1,2005.26,0.0,1152.88
O0010251,P071,1,717.41,0.0,339.39
O0010252,P012,1,2233.05,0.0,1409.47
O0010253,P060,1,249.61,0.12,176.01
O0010254,P027,1,627.1,0.0,378.29
O0010254,P041,2,104.35,0.15,52.37
O0010255,P001,3,285.26,0.0,147.11
O0010256,P034,1,673.07,0.12,335.14
O0010256,P109,1,163.69,0.05,110.56
O0010257,P024,2,182.95,0.03,97.12
O0010257,P054,1,151.6,0.03,79.97
O0010258,P102,1,221.54,0.05,148.11
O0010259,P119,1,143.03,0.05,77.92
O0010259,P021,1,337.87,0.0,197.09
O0010259,P066,1,488.11,0.0,266.32
O0010260,P116,1,102.65,0.0,50.95
O0010260,P046,1,259.98,0.0,203.25
O0010261,P038,1,211.27,0.05,157.94
O0010261,P063,1,213.54,0.0,100.41
O0010262,P118,1,75.46,0.03,48.15
O0010262,P088,1,99.52,0.0,55.43
O0010263,P032,1,188.99,0.0,100.05
O0010263,P041,1,102.71,0.05,53.75
O0010264,P116,1,99.49,0.0,49.11
O0010264,P009,1,113.15,0.0,84.99
O0010264,P046,3,285.56,0.0,196.75
O0010264,P025,1,469.35,0.0,331.47
O0010265,P011,2,1247.43,0.0,774.58
O0010265,P114,1,135.14,0.03,61.8
O0010266,P002,1,2387.08,0.0,1496.78
O0010267,P017,2,1918.94,0.0,892.79
O0010267,P047,1,295.45,0.0,198.84
O0010267,P054,2,156.88,0.05,81.54
O0010268,P078,1,881.83,0.03,634.89
O0010269,P023,2,285.63,0.03,131.97
O0010270,P067,1,909.08,0.0,536.6
O0010271,P113,1,114.01,0.05,81.92
O0010272,P102,1,219.22,0.05,149.48
O0010273,P041,1,105.63,0.0,53.77
O0010274,P107,1,226.08,0.0,140.5
O0010275,P105,1,151.55,0.0,98.14
O0010276,P096,1,537.62,0.0,353.79
O0010276,P017,4,1844.87,0.0,889.2
O0010277,P016,2,1479.63,0.0,958.07
O0010278,P016,2,1462.05,0.0,991.5
O0010279,P040,1,319.82,0.0,170.1
O0010279,P067,1,912.14,0.0,541.04
O0010280,P048,3,497.3,0.15,298.95
O0010280,P047,2,300.77,0.0,196.83
O0010281,P067,1,923.84,0.0,543.52
O0010282,P097,1,310.24,0.0,209.26
O0010282,P085,1,278.97,0.0,204.49
O0010283,P115,1,91.75,0.15,52.33
O0010283,P017,1,1932.25,0.0,844.29
O0010284,P069,1,1430.02,0.0,861.73
O0010285,P102,1,226.03,0.0,147.63
O0010286,P027,2,611.08,0.0,385.78
O0010287,P108,1,45.51,0.0,20.59
O0010288,P023,1,264.15,0.08,127.54
O0010289,P038,2,198.81,0.0,153.54
O0010290,P056,1,360.53,0.0,252.2
O0010290,P096,2,515.86,0.0,354.29
O0010291,P102,1,208.64,0.12,148.35
O0010292,P080,1,957.58,0.12,677.47
O0010292,P104,1,223.79,0.0,133.23
O0010292,P049,1,78.61,0.08,40.03
O0010293,P037,2,37.13,0.08,21.07
O0010293,P055,2,481.78,0.03,260.05
O0010293,P080,1,948.88,0.0,658.04
O0010294,P040,1,336.5,0.0,168.2
O0010295,P097,1,330.69,0.0,215.88
O0010296,P113,1,111.42,0.0,80.37
O0010297,P010,1,1193.14,0.03,593.4
O0010298,P028,1,661.47,0.08,403.66
O0010299,P013,1,536.4,0.0,357.72
O0010300,P011,2,1296.72,0.0,783.82
O0010300,P028,2,606.36,0.12,406.67
O0010301,P094,1,371.07,0.0,182.18
O0010302,P019,2,2005.62,0.0,1411.76
O0010303,P016,1,1416.58,0.0,965.53
O0010304,P036,1,240.41,0.05,176.76
O0010305,P062,2,1451.47,0.0,1048.64
O0010306,P080,1,997.7,0.0,661.74
O0010306,P034,1,672.87,0.0,338.59
O0010307,P002,1,2430.14,0.08,1483.38
O0010307,P062,2,1485.96,0.0,1071.29
O0010308,P017,2,1948.39,0.05,846.36
O0010308,P091,1,230.61,0.0,159.81
O0010309,P009,2,117.94,0.0,84.76
O0010309,P011,2,1296.04,0.0,759.34
O0010310,P037,4,37.05,0.08,21.14
O0010310,P049,2,82.82,0.03,38.17
O0010311,P055,2,455.79,0.12,264.36
O0010312,P105,1,163.49,0.0,100.88
O0010313,P028,1,641.37,0.0,418.4
O0010314,P040,1,328.59,0.0,169.84
O0010315,P090,1,169.14,0.0,95.93
O0010316,P040,2,337.65,0.0,165.0
O0010316,P108,2,42.38,0.0,20.4
O0010316,P022,1,393.47,0.0,246.44
O0010317,P093,2,245.97,0.0,111.28
O0010318,P109,1,175.34,0.0,110.33
O0010319,P060,1,252.66,0.0,178.46
O0010320,P080,1,942.73,0.03,685.97
O0010321,P061,2,82.34,0.12,42.72
O0010322,P009,1,114.37,0.05,85.25
O0010322,P069,2,1472.42,0.08,838.86
O0010323,P040,3,325.11,0.0,169.78
O0010324,P111,2,40.71,0.0,31.07
O0010325,P030,2,208.17,0.0,156.69
O0010326,P010,1,1189.62,0.12,613.47
O0010327,P049,4,80.6,0.08,39.03
O0010327,P092,1,662.82,0.03,390.27
O0010328,P066,1,478.01,0.0,273.59
O0010329,P096,1,513.42,0.0,351.46
O0010329,P036,2,244.22,0.05,176.94
O0010329,P015,2,1198.03,0.0,722.94
O0010330,P065,1,1045.01,0.03,620.65
O0010330,P109,1,163.83,0.15,109.23
O0010331,P014,1,225.57,0.0,162.31
O0010332,P001,2,312.39,0.0,145.47
O0010333,P019,1,2095.61,0.0,1441.58
O0010333,P068,1,1125.67,0.0,658.29
O0010334,P054,3,153.08,0.0,79.43
O0010335,P006,1,1943.76,0.0,1152.18
O0010336,P034,1,711.58,0.0,346.97
O0010337,P009,4,114.44,0.0,85.05
O0010338,P109,2,175.15,0.0,110.49
O0010339,P034,2,666.91,0.0,352.99
O0010340,P008,1,1876.61,0.0,1091.54
O0010341,P057,1,202.07,0.0,109.86
O0010342,P103,1,173.59,0.0,122.07
O0010343,P016,1,1369.16,0.0,1004.55
O0010344,P110,1,51.98,0.0,27.14
O0010344,P041,2,108.54,0.0,52.3
O0010345,P049,1,79.12,0.0,39.39
O0010346,P076,1,277.02,0.0,138.97
O0010346,P095,1,582.47,0.0,311.92
O0010346,P008,1,1867.93,0.05,1047.62
O0010347,P001,1,292.34,0.0,146.16
O0010348,P105,1,162.72,0.0,101.64
O0010349,P055,2,479.02,0.0,270.35
O0010350,P008,1,1896.1,0.03,1079.22
O0010351,P075,1,1030.36,0.0,576.33
O0010351,P001,1,303.56,0.12,152.87
O0010352,P105,2,150.72,0.08,97.43
O0010352,P065,1,1095.73,0.03,622.7
O0010353,P054,1,152.23,0.12,81.03
O0010354,P108,1,43.64,0.05,20.52
O0010355,P091,1,238.22,0.12,156.41
O0010356,P110,1,55.22,0.0,28.49
O0010357,P120,1,142.7,0.0,90.04
O0010357,P099,1,163.36,0.0,104.85
O0010358,P007,2,575.56,0.15,291.81
O0010359,P006,1,1862.9,0.03,1143.77
O0010360,P074,1,73.97,0.0,42.25
O0010360,P037,2,35.89,0.0,21.07
O0010360,P009,1,119.62,0.03,85.86
O0010360,P022,1,395.34,0.05,247.19
O0010361,P089,2,234.75,0.0,105.3
O0010362,P066,1,466.11,0.0,262.67
O0010363,P094,1,353.19,0.12,188.03
O0010363,P018,1,1750.35,0.08,1269.33
O0010364,P114,1,131.35,0.05,63.8
O0010365,P003,2,1186.89,0.0,655.62
O0010366,P037,1,37.01,0.0,21.69
O0010366,P023,1,286.19,0.12,127.43
O0010367,P029,1,196.79,0.05,114.14
O0010368,P042,3,190.59,0.05,121.98
O0010368,P011,1,1307.4,0.03,769.86
O0010368,P013,1,541.2,0.0,361.35
O0010369,P058,2,598.51,0.0,293.76
O0010370,P001,2,284.89,0.0,152.88
O0010371,P029,1,197.56,0.0,113.04
O0010372,P023,1,268.97,0.15,130.38
O0010372,P056,1,367.93,0.08,259.56
O0010372,P092,2,659.88,0.03,401.51
O0010373,P066,1,492.34,0.08,265.13
O0010374,P105,1,162.67,0.0,98.27
O0010374,P014,1,232.42,0.0,162.45
O0010375,P028,2,621.0,0.05,400.36
O0010376,P097,1,316.26,0.05,212.36
O0010377,P017,1,1847.95,0.0,844.31
O0010378,P111,1,41.36,0.0,31.21
O0010379,P016,1,1481.66,0.12,950.58
O0010379,P066,3,472.35,0.0,270.62
O0010379,P112,1,59.2,0.08,38.39
O0010380,P044,2,345.37,0.0,217.75
O0010381,P057,1,216.44,0.12,114.2
O0010382,P061,1,79.34,0.05,43.58
O0010383,P081,4,357.67,0.0,184.78
O0010384,P041,1,109.47,0.15,53.9
O0010385,P083,1,239.48,0.08,117.81
O0010385,P034,1,700.08,0.0,339.18
O0010386,P054,1,157.74,0.0,82.12
O0010387,P113,2,116.93,0.08,82.51
O0010387,P050,1,240.12,0.08,142.71
O0010388,P025,1,457.75,0.05,342.37
O0010389,P058,1,567.09,0.0,300.71
O0010389,P006,2,2002.52,0.08,1162.17
O0010389,P077,1,46.62,0.0,27.79
O0010390,P027,1,611.97,0.0,385.75
O0010391,P104,3,226.05,0.0,134.95
O0010392,P087,3,586.65,0.12,423.07
O0010393,P086,1,451.56,0.08,334.49
O0010393,P016,3,1400.44,0.08,951.86
O0010394,P019,1,2004.94,0.08,1411.97
O0010394,P003,1,1222.16,0.05,637.47
O0010395,P055,1,474.71,0.03,267.28
O0010396,P038,1,212.45,0.03,154.12
O0010397,P030,2,199.47,0.0,153.63
O0010398,P096,1,540.16,0.0,338.38
O0010399,P014,1,220.91,0.0,168.39
O0010400,P097,1,325.67,0.0,214.72
O0010400,P049,1,82.41,0.03,39.05
O0010401,P007,1,541.35,0.05,300.29
O0010402,P005,3,2065.53,0.0,1348.69
O0010402,P120,1,145.9,0.03,92.22
O0010403,P029,2,195.48,0.0,110.35
O0010404,P004,1,1737.8,0.08,947.19
O0010405,P060,1,246.65,0.0,182.18
O0010406,P037,1,38.12,0.05,21.49
O0010407,P098,1,31.64,0.0,23.24
O0010407,P015,2,1210.49,0.0,727.87
O0010407,P084,1,463.96,0.05,340.37
O0010408,P015,1,1137.35,0.0,765.25
O0010408,P112,1,64.65,0.03,37.18
O0010409,P111,1,42.8,0.0,31.68
O0010410,P018,1,1775.78,0.05,1313.2
O0010411,P071,1,728.14,0.0,352.77
O0010412,P086,3,476.22,0.0,334.9
O0010413,P083,1,244.72,0.0,118.01
O0010413,P014,1,229.69,0.0,167.51
O0010413,P011,1,1350.22,0.08,790.06
O0010414,P006,2,1933.2,0.0,1136.49
O0010415,P018,1,1861.36,0.0,1270.94
O0010416,P003,2,1229.01,0.0,659.63
O0010417,P026,1,159.39,0.05,85.02
O0010418,P036,1,250.78,0.0,173.02
O0010418,P038,1,208.89,0.08,158.12
O0010418,P104,1,216.73,0.0,134.32
O0010418,P035,1,609.93,0.0,377.02
O0010419,P088,2,97.35,0.0,53.21
O0010419,P074,1,72.98,0.03,42.63
O0010420,P026,1,163.61,0.0,84.7
O0010421,P076,2,268.92,0.0,136.81
O0010422,P052,1,123.15,0.0,88.87
O0010423,P018,1,1783.56,0.0,1326.42
O0010424,P027,1,649.82,0.05,381.31
O0010424,P016,1,1440.74,0.0,993.18
O0010425,P024,1,184.18,0.03,100.84
O0010426,P082,1,110.36,0.05,65.35
O0010426,P006,1,1905.08,0.0,1162.69
O0010427,P060,4,256.19,0.0,172.95
O0010428,P119,1,146.62,0.05,76.82
O0010429,P074,1,77.97,0.0,40.7
O0010429,P103,1,174.46,0.08,123.57
O0010430,P068,1,1122.62,0.15,653.62
O0010430,P037,1,37.13,0.0,21.53
O0010431,P105,1,159.78,0.0,100.34
O0010432,P042,1,201.53,0.12,121.59
O0010432,P048,1,490.11,0.0,290.85
O0010433,P071,2,717.42,0.0,343.69
O0010433,P025,1,474.08,0.12,326.47
O0010434,P004,2,1860.71,0.08,935.97
O0010435,P071,1,695.95,0.0,342.03
O0010436,P084,2,446.99,0.0,329.41
O0010436,P116,1,98.71,0.0,49.2
O0010437,P011,2,1260.37,0.0,786.62
O0010438,P062,3,1528.14,0.0,1048.99
O0010439,P061,1,78.83,0.0,43.47
O0010440,P021,2,333.29,0.0,198.43
O0010441,P061,1,82.09,0.0,43.03
O0010442,P044,1,335.44,0.0,220.48
O0010442,P026,2,164.56,0.05,85.86
O0010442,P031,1,412.04,0.0,294.05
O0010443,P006,4,2016.37,0.05,1106.58
O0010444,P087,1,613.11,0.05,410.74
O0010445,P005,1,2120.26,0.03,1319.9
O0010446,P053,4,84.42,0.0,41.86
O0010447,P084,1,455.11,0.05,340.37
O0010448,P099,1,153.99,0.0,100.12
O0010449,P043,1,129.26,0.0,75.71
O0010449,P067,1,972.66,0.0,538.94
O0010450,P002,2,2399.64,0.0,1522.08
O0010450,P071,1,697.07,0.0,340.3
O0010451,P015,2,1171.82,0.0,757.8
O0010451,P095,1,607.23,0.12,302.3
O0010452,P007,1,574.54,0.05,303.83
O0010452,P110,1,53.82,0.0,28.3
O0010452,P022,3,380.7,0.03,248.2
O0010453,P047,2,292.88,0.0,199.68
O0010453,P004,1,1865.53,0.05,909.23
O0010453,P086,1,461.66,0.08,331.77
O0010454,P078,1,889.96,0.08,639.37
O0010455,P038,2,205.19,0.12,156.07
O0010455,P119,1,138.48,0.0,79.66
O0010456,P058,3,603.17,0.0,309.73
O0010456,P084,1,464.82,0.12,332.64
O0010457,P036,2,262.47,0.05,181.4
O0010458,P028,2,618.39,0.0,411.26
O0010459,P014,1,222.68,0.0,162.7
O0010460,P072,1,57.38,0.03,35.47
O0010461,P106,1,200.3,0.0,132.25
O0010462,P013,1,554.65,0.05,358.77
O0010463,P063,1,214.53,0.03,104.57
O0010464,P023,2,271.81,0.0,126.96
O0010465,P085,2,289.4,0.03,198.44
O0010465,P042,2,191.19,0.08,117.35
O0010466,P055,4,467.34,0.0,260.32
O0010467,P066,1,486.15,0.0,259.45
O0010468,P071,2,710.64,0.0,336.61
O0010468,P012,2,2275.21,0.0,1356.36
O0010469,P038,3,208.67,0.03,157.83
O0010470,P110,1,53.86,0.03,28.24
O0010470,P034,3,711.55,0.05,334.19
O0010471,P036,1,254.16,0.0,174.3
O0010471,P004,1,1865.83,0.0,925.89
O0010472,P034,1,692.01,0.08,346.67
O0010473,P060,3,246.55,0.0,182.52
O0010473,P040,1,333.58,0.0,170.35
O0010474,P001,1,297.21,0.0,149.66
O0010475,P026,1,172.5,0.0,86.42
O0010476,P014,1,225.82,0.0,165.54
O0010477,P016,3,1469.47,0.03,996.1
O0010478,P057,2,218.09,0.0,110.49
O0010479,P030,3,207.18,0.08,149.56
O0010480,P072,1,57.04,0.0,36.58
O0010481,P069,2,1362.65,0.0,834.17
O0010481,P001,1,293.24,0.08,152.63
O0010482,P019,1,2009.97,0.08,1464.44
O0010482,P027,1,640.23,0.05,391.29
O0010483,P023,1,282.17,0.12,130.34
O0010483,P008,1,1864.06,0.0,1102.76
O0010483,P090,1,179.45,0.0,96.26
O0010483,P066,3,479.27,0.03,268.05
O0010484,P030,1,204.96,0.05,152.06
O0010484,P103,1,172.43,0.05,128.12
O0010485,P050,1,254.56,0.0,142.9
O0010486,P120,2,148.1,0.0,87.72
O0010487,P094,2,356.62,0.05,182.47
O0010488,P115,1,88.53,0.0,52.38
O0010489,P102,1,212.73,0.12,147.62
O0010489,P059,1,166.43,0.15,96.97
O0010490,P016,4,1492.6,0.0,967.73
O0010490,P008,1,1941.97,0.0,1048.31
O0010491,P036,1,253.45,0.08,175.37
O0010491,P096,1,502.55,0.0,343.13
O0010491,P014,1,229.43,0.0,162.6
O0010492,P082,1,116.47,0.03,67.71
O0010492,P102,2,217.76,0.08,146.59
O0010493,P028,2,614.26,0.0,404.53
O0010494,P017,1,1859.38,0.0,845.95
O0010495,P013,1,552.47,0.0,361.55
O0010495,P091,1,243.91,0.08,164.88
O0010496,P012,1,2303.17,0.03,1389.28
O0010496,P007,4,554.5,0.03,300.76
O0010497,P116,1,106.23,0.0,49.73
O0010498,P019,1,2057.28,0.0,1446.58
O0010499,P019,1,2005.36,0.0,1407.18
O0010499,P022,1,394.3,0.03,256.41
O0010500,P036,2,247.17,0.05,182.37
O0010500,P021,1,359.77,0.08,197.41
O0010501,P071,2,729.58,0.05,350.37
O0010501,P090,1,180.34,0.05,96.22
O0010502,P036,1,258.45,0.15,181.73
O0010502,P015,2,1177.49,0.0,732.21
O0010503,P091,2,233.89,0.0,160.51
O0010504,P058,1,609.29,0.08,307.31
O0010505,P051,1,193.13,0.03,93.18
O0010506,P061,1,80.72,0.03,43.44
O0010506,P114,2,140.04,0.0,62.24
O0010506,P080,1,942.63,0.05,670.66
O0010506,P010,1,1105.67,0.0,591.7
O0010507,P010,2,1204.54,0.0,583.57
O0010508,P107,3,233.38,0.03,141.58
O0010508,P009,2,120.9,0.05,83.52
O0010508,P112,2,59.96,0.0,37.35
O0010509,P086,1,432.24,0.0,340.91
O0010509,P068,1,1165.92,0.12,648.49
O0010510,P015,1,1163.92,0.0,764.39
O0010511,P030,2,204.41,0.05,156.33
O0010512,P051,2,195.63,0.0,95.73
O0010512,P105,1,151.1,0.05,96.61
O0010512,P019,1,2091.8,0.15,1451.44
O0010513,P096,1,533.99,0.03,338.26
O0010513,P075,3,1064.66,0.08,609.62
O0010514,P002,1,2411.82,0.0,1511.6
O0010514,P017,1,1811.06,0.0,857.12
O0010514,P084,1,452.61,0.03,326.43
O0010515,P114,1,140.79,0.0,60.45
O0010516,P066,1,454.4,0.0,258.88
O0010517,P048,2,528.39,0.0,306.23
O0010517,P017,1,1813.0,0.08,867.31
O0010518,P039,1,358.03,0.08,179.61
O0010518,P076,1,257.45,0.0,135.14
O0010518,P025,2,446.66,0.03,342.67
O0010518,P002,2,2553.97,0.05,1545.2
O0010519,P068,3,1205.81,0.0,672.49
O0010520,P084,3,481.83,0.05,327.64
O0010521,P035,1,621.44,0.12,396.15
O0010522,P009,1,114.7,0.15,83.29
O0010523,P047,4,316.52,0.12,203.57
O0010524,P014,2,238.37,0.12,163.45
O0010525,P016,3,1471.56,0.08,959.84
O0010525,P084,2,464.53,0.0,331.19
O0010525,P110,2,51.58,0.12,27.31
O0010526,P092,1,666.42,0.05,405.55
O0010526,P081,1,347.89,0.0,189.8
O0010527,P034,3,698.14,0.05,334.94
O0010528,P086,1,439.13,0.0,324.29
O0010529,P013,1,587.03,0.05,361.19
O0010530,P035,2,619.92,0.0,395.79
O0010530,P091,1,227.97,0.08,158.49
O0010531,P116,1,101.68,0.0,49.98
O0010532,P074,1,75.98,0.03,42.4
O0010533,P067,2,949.93,0.0,561.99
O0010534,P053,1,87.99,0.08,42.15
O0010535,P110,1,52.14,0.0,27.3
O0010535,P114,2,130.16,0.0,63.25
O0010536,P041,1,101.61,0.0,55.48
O0010536,P028,1,613.91,0.03,419.61
O0010536,P090,1,169.58,0.03,95.06
O0010537,P097,1,323.99,0.0,209.25
O0010537,P094,1,338.72,0.0,188.63
O0010538,P035,1,577.56,0.0,379.46
O0010539,P024,1,189.92,0.05,96.74
O0010540,P085,1,296.95,0.0,198.96
O0010541,P048,1,522.41,0.12,299.77
O0010541,P037,1,37.67,0.0,20.97
O0010542,P078,3,865.26,0.0,647.3
O0010543,P075,1,1042.32,0.0,584.22
O0010544,P119,1,146.77,0.03,79.92
O0010545,P012,1,2277.78,0.0,1347.18
O0010546,P089,1,232.19,0.0,108.24
O0010546,P114,1,136.29,0.15,62.97
O0010547,P034,1,686.32,0.05,340.6
O0010548,P120,1,143.96,0.03,90.14
O0010549,P113,2,106.84,0.03,82.29
O0010550,P090,4,174.38,0.0,92.81
O0010551,P064,2,558.79,0.0,341.04
O0010552,P078,2,892.07,0.0,659.95
O0010553,P023,1,270.83,0.0,131.96
O0010553,P056,1,384.37,0.0,250.72
O0010554,P037,3,36.43,0.03,20.67
O0010555,P076,1,274.89,0.12,132.26
O0010555,P109,1,163.91,0.05,115.48
O0010555,P003,1,1179.98,0.0,640.18
O0010555,P030,1,213.35,0.0,153.82
O0010556,P118,1,75.11,0.05,48.89
O0010556,P077,2,48.11,0.03,27.06
O0010557,P005,2,2143.64,0.03,1348.4
O0010558,P037,2,37.06,0.0,21.71
O0010559,P014,1,226.64,0.05,171.29
O0010560,P113,1,112.28,0.12,81.63
O0010561,P032,2,191.71,0.05,101.68
O0010562,P119,1,146.32,0.03,77.49
O0010563,P074,1,74.29,0.03,42.35
O0010564,P044,1,327.59,0.0,217.17
O0010565,P101,1,28.26,0.0,17.08
O0010566,P017,1,1867.51,0.0,879.4
O0010566,P091,1,235.81,0.0,157.9
O0010567,P052,1,120.52,0.03,85.68
O0010568,P038,2,202.05,0.03,157.03
O0010569,P075,1,1034.52,0.0,599.12
O0010569,P097,1,315.64,0.0,206.46
O0010570,P015,1,1220.9,0.0,747.99
O0010571,P109,1,167.37,0.0,112.36
O0010572,P021,1,363.62,0.12,198.88
O0010573,P023,3,284.84,0.0,131.73
O0010574,P085,1,277.28,0.0,202.61
O0010575,P063,1,216.22,0.08,101.42
O0010576,P076,1,265.47,0.0,140.14
O0010577,P015,1,1188.25,0.0,760.27
O0010577,P004,3,1828.29,0.0,939.73
O0010577,P031,1,418.19,0.03,288.69
O0010577,P086,3,434.04,0.05,341.85
O0010578,P040,1,334.09,0.0,171.6
O0010579,P001,1,292.07,0.0,146.35
O0010579,P067,2,907.92,0.0,561.11
O0010580,P002,1,2516.55,0.0,1499.19
O0010581,P028,1,617.98,0.0,405.07
O0010582,P102,3,221.3,0.0,152.44
O0010583,P057,2,199.76,0.0,113.53
O0010584,P067,1,935.81,0.12,554.95
O0010585,P026,1,169.56,0.0,82.92
O0010586,P008,1,1905.89,0.03,1044.05
O0010587,P055,1,475.81,0.0,268.85
O0010587,P060,1,254.76,0.03,178.04
O0010588,P090,2,169.18,0.0,95.07
O0010589,P018,1,1772.46,0.0,1329.31
O0010589,P010,1,1125.18,0.03,614.74
O0010590,P023,1,286.42,0.12,126.76
O0010591,P115,1,91.8,0.0,54.2
O0010591,P054,1,156.69,0.08,78.35
O0010592,P008,1,1768.04,0.0,1066.15
O0010592,P119,1,147.36,0.08,80.39
O0010592,P009,1,114.86,0.0,84.03
O0010593,P033,1,120.63,0.0,52.36
O0010593,P102,1,217.75,0.05,145.21
O0010594,P117,1,133.08,0.08,96.03
O0010595,P038,1,217.09,0.03,151.81
O0010596,P095,4,574.37,0.12,305.94
O0010596,P030,3,199.17,0.0,152.62
O0010597,P075,3,1067.28,0.0,593.8
O0010598,P026,1,175.94,0.03,82.79
O0010599,P065,3,1026.9,0.08,618.7
O0010600,P119,1,150.97,0.05,80.59
O0010601,P072,1,54.0,0.0,35.12
O0010602,P063,1,218.0,0.08,102.91
O0010603,P011,1,1347.56,0.0,759.8
O0010604,P047,1,308.68,0.0,205.08
O0010604,P085,1,292.99,0.03,200.07
O0010605,P030,1,206.49,0.0,153.08
O0010606,P035,1,621.41,0.0,375.44
O0010607,P107,1,232.63,0.0,144.3
O0010608,P077,1,47.72,0.0,28.27
O0010608,P088,2,94.13,0.0,54.59
O0010609,P045,1,318.87,0.0,212.47
O0010610,P043,1,130.54,0.0,73.09
O0010611,P001,2,289.7,0.05,150.74
O0010611,P114,1,129.88,0.12,61.67
O0010612,P001,1,300.46,0.0,146.55
O0010613,P033,1,120.91,0.0,53.51
O0010614,P069,2,1374.51,0.03,840.63
O0010615,P018,1,1706.27,0.03,1282.2
O0010616,P109,1,178.23,0.0,111.0
O0010616,P021,1,348.23,0.08,205.85
O0010617,P069,3,1372.28,0.05,822.8
O0010618,P042,1,187.4,0.0,116.79
O0010618,P002,2,2463.17,0.0,1506.01
O0010619,P013,1,560.58,0.0,357.59
O0010620,P031,1,438.48,0.0,287.51
O0010621,P090,3,180.68,0.08,94.37
O0010622,P023,1,263.64,0.0,125.59
O0010623,P118,1,80.23,0.03,47.26
O0010624,P069,2,1468.11,0.0,860.71
O0010625,P061,1,85.55,0.03,43.04
O0010626,P051,3,205.77,0.0,98.86
O0010627,P094,1,343.96,0.0,188.75
O0010628,P090,1,174.36,0.03,92.36
O0010628,P004,1,1868.19,0.0,910.46
O0010629,P028,1,632.16,0.08,399.93
O0010630,P078,1,856.39,0.08,653.37
O0010631,P033,1,113.23,0.0,52.2
O0010631,P114,1,138.1,0.0,60.42
O0010632,P032,1,185.91,0.05,97.92
O0010632,P047,1,297.11,0.08,206.6
O0010633,P095,1,600.65,0.12,300.18
O0010634,P050,1,244.42,0.03,144.03
O0010635,P013,1,586.68,0.03,365.46
O0010636,P041,1,104.85,0.0,53.57
O0010637,P034,3,700.41,0.03,341.98
O0010638,P105,1,155.22,0.05,100.23
O0010639,P057,1,203.31,0.0,110.62
O0010639,P084,1,440.23,0.0,331.03
O0010639,P108,1,41.25,0.03,20.3
O0010640,P021,1,355.71,0.0,207.36
O0010641,P068,4,1208.08,0.0,648.01
O0010642,P040,1,343.2,0.0,164.03
O0010643,P064,1,573.45,0.0,340.16
O0010644,P108,1,43.7,0.0,19.42
O0010645,P020,1,494.18,0.0,365.25
O0010646,P037,1,36.42,0.0,20.99
O0010647,P006,1,2013.03,0.0,1114.15
O0010648,P032,1,190.98,0.03,99.15
O0010648,P009,1,117.27,0.0,86.24
O0010649,P042,3,188.37,0.12,122.16
O0010649,P049,1,81.39,0.0,39.94
O0010650,P038,1,201.88,0.0,156.29
O0010651,P023,1,274.78,0.0,125.76
O0010652,P002,2,2540.14,0.0,1514.71
O0010652,P070,3,54.74,0.0,28.04
O0010653,P027,1,621.25,0.0,395.62
O0010654,P086,1,448.19,0.12,327.96
O0010655,P018,2,1711.6,0.03,1272.0
O0010656,P035,1,591.63,0.0,378.91
O0010657,P095,2,607.5,0.0,312.26
O0010657,P091,2,245.43,0.0,160.88
O0010658,P007,2,554.26,0.03,290.83
O0010658,P070,1,56.03,0.08,27.57
O0010659,P039,1,371.59,0.08,178.76
O0010659,P043,1,127.32,0.08,72.82
O0010660,P087,1,588.82,0.03,416.35
O0010661,P064,1,570.56,0.03,337.62
O0010662,P038,2,206.35,0.12,157.48
O0010663,P058,1,589.5,0.08,296.48
O0010664,P020,1,500.37,0.05,365.39
O0010665,P066,1,480.52,0.0,273.91
O0010665,P104,3,220.77,0.0,131.1
O0010665,P107,1,229.07,0.08,141.88
O0010665,P049,2,81.25,0.03,38.96
O0010666,P107,1,218.46,0.05,141.45
O0010667,P014,1,237.74,0.03,165.73
O0010667,P077,2,46.04,0.0,27.74
O0010668,P051,1,205.3,0.0,95.04
O0010669,P002,2,2498.44,0.0,1471.78
O0010670,P085,2,274.05,0.05,199.74
O0010671,P043,4,130.18,0.0,72.9
O0010671,P009,1,122.39,0.0,86.69
O0010672,P003,1,1224.1,0.12,665.52
O0010672,P082,1,117.74,0.15,65.49
O0010673,P034,1,672.01,0.0,352.34
O0010673,P038,1,204.95,0.03,153.86
O0010673,P089,2,234.52,0.12,105.59
O0010674,P068,1,1167.14,0.0,669.37
O0010674,P032,1,195.06,0.08,101.87
O0010675,P054,1,146.97,0.0,77.71
O0010676,P065,1,1044.74,0.0,614.69
O0010677,P069,1,1376.39,0.0,816.03
O0010678,P090,1,170.05,0.0,93.56
O0010679,P024,1,177.94,0.0,96.75
O0010680,P029,1,197.62,0.0,110.07
O0010681,P105,2,153.41,0.05,97.51
O0010682,P047,1,299.04,0.0,207.22
O0010683,P118,1,77.63,0.0,48.36
O0010684,P112,1,64.15,0.12,37.71
O0010685,P055,4,447.65,0.0,267.59
O0010686,P023,1,266.11,0.15,132.26
O0010687,P038,1,206.46,0.0,149.82
O0010687,P110,3,55.03,0.05,27.72
O0010687,P058,1,595.54,0.0,300.2
O0010688,P067,1,937.96,0.15,547.0
O0010689,P027,1,649.11,0.03,374.48
O0010690,P036,3,252.75,0.03,174.47
O0010691,P073,1,581.43,0.08,295.92
O0010692,P001,1,298.35,0.0,146.12
O0010693,P015,1,1199.15,0.08,743.44
O0010694,P017,2,1928.35,0.03,869.83
O0010694,P109,4,171.13,0.0,110.5
O0010695,P049,1,80.57,0.15,39.22
O0010696,P036,2,249.52,0.12,177.54
O0010697,P015,1,1182.02,0.05,731.92
O0010698,P020,1,528.42,0.0,365.16
O0010699,P070,2,54.5,0.03,28.6
O0010699,P080,1,936.61,0.0,655.38
O0010700,P007,1,531.29,0.0,303.79
O0010701,P029,1,186.16,0.0,114.73
O0010702,P085,3,295.2,0.0,203.73
O0010703,P015,1,1181.06,0.0,738.19
O0010704,P049,1,76.89,0.08,38.13
O0010705,P093,2,246.68,0.0,114.13
O0010706,P006,1,1919.13,0.03,1112.57
O0010707,P029,2,186.89,0.0,111.14
O0010708,P066,1,475.18,0.0,260.79
O0010708,P036,3,261.87,0.0,177.55
O0010708,P090,3,169.85,0.08,92.8
O0010709,P119,2,151.32,0.05,76.63
O0010710,P119,1,148.9,0.03,78.68
O0010711,P014,1,227.52,0.08,170.54
O0010712,P084,1,441.82,0.0,337.88
O0010712,P083,1,244.64,0.05,118.97
O0010713,P083,1,233.5,0.0,120.24
O0010713,P055,1,454.24,0.0,272.87
O0010714,P099,1,151.9,0.08,104.47
O0010714,P075,1,994.75,0.03,577.24
O0010714,P110,1,53.36,0.03,28.27
O0010715,P073,1,568.32,0.05,308.05
O0010716,P069,1,1435.48,0.0,821.5
O0010717,P031,1,440.91,0.08,280.25
O0010717,P111,2,42.04,0.0,31.85
O0010718,P017,1,1911.48,0.0,892.55
O0010718,P026,1,163.96,0.0,86.35
O0010718,P080,1,945.53,0.0,665.11
O0010719,P006,2,1908.77,0.05,1126.61
O0010720,P092,1,655.8,0.0,389.8
O0010721,P077,1,46.1,0.03,28.12
O0010722,P071,1,745.56,0.0,349.54
O0010723,P116,1,107.43,0.0,49.52
O0010724,P097,1,314.82,0.08,212.26
O0010724,P076,1,253.46,0.0,136.33
O0010724,P115,1,88.58,0.0,53.88
O0010725,P120,1,148.13,0.05,88.87
O0010726,P113,1,117.27,0.0,79.01
O0010727,P033,3,117.93,0.03,51.51
O0010728,P100,1,283.99,0.03,186.12
O0010729,P120,1,139.44,0.0,88.88
O0010730,P045,1,307.48,0.12,209.46
O0010731,P113,1,117.18,0.0,79.13
O0010732,P083,1,257.12,0.08,120.1
O0010733,P072,3,55.04,0.05,34.8
O0010733,P102,1,212.74,0.0,150.02
O0010734,P045,1,319.7,0.0,218.68
O0010734,P001,1,286.15,0.05,147.18
O0010734,P036,1,240.23,0.03,180.6
O0010734,P020,2,495.37,0.03,376.36
O0010735,P100,2,308.51,0.0,186.02
O0010736,P018,1,1791.57,0.08,1282.13
O0010737,P117,1,126.79,0.05,92.86
O0010738,P002,1,2453.06,0.05,1539.54
O0010738,P071,2,746.19,0.03,343.1
O0010739,P119,2,138.27,0.03,77.57
O0010739,P039,1,377.78,0.12,179.14
O0010740,P028,1,618.2,0.08,396.34
O0010741,P035,1,565.93,0.0,387.45
O0010742,P095,2,574.9,0.0,310.81
O0010743,P085,2,273.08,0.12,203.54
O0010744,P020,2,496.12,0.0,358.1
O0010744,P099,1,160.67,0.0,105.56
O0010745,P031,1,432.6,0.0,290.24
O0010746,P021,1,334.79,0.0,207.36
O0010747,P089,1,226.68,0.03,110.98
O0010748,P033,1,114.96,0.05,50.88
O0010749,P103,2,173.52,0.0,122.53
O0010749,P058,1,558.12,0.08,292.85
O0010750,P059,2,169.87,0.03,97.47
O0010751,P018,3,1873.76,0.0,1336.1
O0010752,P037,1,39.01,0.0,21.62
O0010753,P083,1,242.13,0.05,121.61
O0010754,P033,1,118.85,0.12,53.52
O0010755,P052,2,119.89,0.0,86.44
O0010756,P050,1,251.56,0.0,146.44
O0010756,P036,2,248.32,0.0,174.37
O0010757,P081,2,346.82,0.0,191.64
O0010758,P040,1,336.67,0.0,169.07
O0010759,P091,1,246.15,0.0,157.79
O0010759,P028,3,626.45,0.0,419.5
O0010759,P026,1,170.16,0.0,83.73
O0010760,P012,4,2152.94,0.0,1341.16
O0010761,P017,2,1959.25,0.05,849.66
O0010762,P035,1,568.03,0.03,392.2
O0010763,P107,1,224.05,0.12,141.33
O0010764,P106,3,215.0,0.03,130.7
O0010765,P001,1,294.57,0.12,149.21
O0010766,P092,1,617.94,0.0,383.51
O0010766,P117,1,128.67,0.0,93.92
O0010767,P045,2,331.82,0.0,218.91
O0010767,P082,1,117.45,0.15,67.63
O0010767,P078,1,902.11,0.0,636.77
O0010768,P037,1,38.04,0.08,21.19
O0010768,P053,1,84.42,0.12,40.51
O0010769,P012,3,2298.98,0.0,1392.77
O0010769,P050,1,252.36,0.0,147.57
O0010770,P056,2,360.32,0.0,263.81
O0010771,P097,1,322.52,0.0,218.06
O0010772,P016,1,1427.49,0.03,997.76
O0010772,P008,1,1816.88,0.0,1086.66
O0010772,P117,1,130.54,0.0,96.17
O0010773,P115,4,89.31,0.0,51.17
O0010774,P028,1,618.39,0.0,398.66
O0010775,P031,3,441.96,0.0,294.28
O0010775,P073,1,603.45,0.05,305.85
O0010776,P106,1,209.76,0.0,130.52
O0010777,P107,1,225.87,0.0,139.76
O0010777,P076,1,260.47,0.12,136.37
O0010778,P110,1,52.28,0.0,28.03
O0010779,P095,3,631.22,0.03,311.86
O0010780,P001,1,311.95,0.0,149.12
O0010781,P043,1,134.18,0.0,74.96
O0010782,P060,3,264.52,0.03,182.7
O0010783,P058,1,559.16,0.0,295.67
O0010784,P001,1,298.42,0.0,149.56
O0010784,P031,2,419.9,0.08,293.13
O0010785,P044,1,330.7,0.0,224.93
O0010786,P022,1,409.05,0.03,249.62
O0010787,P058,1,605.11,0.03,303.69
O0010788,P111,1,40.53,0.12,32.6
O0010788,P004,1,1731.71,0.05,911.31
O0010789,P061,1,81.72,0.0,42.86
O0010789,P030,1,212.26,0.03,152.3
O0010789,P093,1,244.67,0.0,114.53
O0010790,P011,1,1301.46,0.0,778.99
O0010791,P088,1,96.5,0.0,54.39
O0010792,P044,1,317.91,0.0,225.42
O0010792,P089,1,221.94,0.03,107.67
O0010792,P028,1,608.82,0.0,396.67
O0010793,P108,1,44.17,0.0,19.44
O0010793,P052,1,113.47,0.0,86.11
O0010794,P026,1,160.61,0.03,86.01
O0010795,P041,1,102.68,0.0,53.24
O0010795,P096,1,535.05,0.0,343.62
O0010796,P026,2,174.62,0.15,85.45
O0010796,P086,1,466.16,0.05,333.8
O0010797,P025,1,470.02,0.03,341.86
O0010797,P002,2,2478.22,0.0,1490.6
O0010798,P072,3,56.74,0.0,35.25
O0010799,P050,2,241.7,0.0,148.11
O0010800,P106,1,206.77,0.03,136.62
O0010800,P045,1,333.14,0.03,213.96
O0010801,P079,3,774.31,0.08,356.03
O0010802,P063,1,228.13,0.08,101.64
O0010803,P097,1,303.53,0.0,215.0
O0010804,P070,1,52.64,0.0,28.67
O0010805,P086,1,457.09,0.03,326.75
O0010805,P068,1,1181.76,0.0,636.61
O0010806,P024,2,192.91,0.05,97.63
O0010806,P107,1,228.86,0.12,147.39
O0010807,P104,1,223.2,0.12,133.71
O0010808,P038,1,212.45,0.08,156.54
O0010808,P049,3,81.99,0.0,38.45
O0010808,P051,1,198.75,0.05,96.4
O0010809,P085,1,278.23,0.05,197.89
O0010810,P094,1,343.11,0.05,184.88
O0010811,P073,1,586.04,0.03,292.28
O0010812,P076,1,261.22,0.0,136.08
O0010813,P024,3,189.55,0.0,96.49
O0010814,P069,1,1437.25,0.0,820.31
O0010815,P111,1,41.83,0.0,31.11
O0010816,P045,2,323.07,0.05,217.19
O0010817,P105,1,150.38,0.08,98.84
O0010818,P059,2,155.98,0.05,96.73
O0010818,P064,1,528.05,0.0,335.51
O0010819,P064,1,531.12,0.05,330.37
O0010819,P004,1,1870.84,0.05,916.44
O0010820,P027,2,645.95,0.0,385.66
O0010820,P017,1,1792.36,0.08,885.17
O0010821,P102,1,215.0,0.12,145.58
O0010821,P020,2,502.26,0.0,373.34
O0010822,P059,1,160.41,0.0,96.96
O0010823,P012,1,2246.59,0.0,1404.3
O0010824,P008,1,1844.95,0.03,1084.24
O0010825,P048,1,501.47,0.05,294.51
O0010825,P038,1,216.83,0.03,153.99
O0010825,P078,4,880.9,0.03,664.8
O0010826,P056,2,357.83,0.05,254.55
O0010827,P051,2,194.46,0.05,97.05
O0010828,P029,3,183.74,0.12,112.36
O0010828,P116,2,98.26,0.05,49.24
O0010829,P003,1,1215.2,0.08,667.73
O0010830,P035,1,575.01,0.0,388.59
O0010831,P049,1,76.02,0.05,39.39
O0010832,P016,1,1459.31,0.0,1006.27
O0010832,P027,2,624.16,0.05,374.64
O0010833,P057,2,213.8,0.08,109.7
O0010833,P098,1,32.77,0.0,23.16
O0010833,P006,1,1865.76,0.03,1105.84
O0010834,P086,1,469.59,0.05,328.15
O0010834,P039,3,355.89,0.0,173.62
O0010835,P100,2,312.25,0.05,186.12
O0010835,P010,2,1121.15,0.05,591.61
O0010835,P082,4,112.63,0.0,65.06
O0010836,P074,1,75.41,0.03,40.74
O0010836,P114,1,129.02,0.0,63.12
O0010837,P062,1,1428.34,0.08,1058.1
O0010838,P097,1,329.25,0.12,209.41
O0010839,P039,1,387.2,0.03,177.93
O0010839,P020,1,519.73,0.0,357.19
O0010840,P091,1,231.71,0.05,164.12
O0010841,P102,3,209.7,0.03,146.74
O0010842,P032,1,199.95,0.03,98.96
O0010842,P019,3,2101.73,0.05,1435.02
O0010842,P070,1,53.38,0.0,28.77
O0010843,P079,1,806.65,0.0,360.31
O0010844,P027,1,656.61,0.05,391.94
O0010845,P098,1,32.8,0.0,23.65
O0010846,P076,1,260.14,0.0,132.47
O0010847,P037,1,36.31,0.03,20.98
O0010848,P082,1,114.04,0.03,65.68
O0010849,P095,1,598.14,0.0,299.59
O0010850,P061,2,78.35,0.05,41.21
O0010851,P048,1,498.35,0.0,289.38
O0010852,P033,1,112.88,0.0,52.36
O0010853,P008,2,1923.89,0.12,1059.17
O0010853,P028,1,638.59,0.0,405.58
O0010854,P052,1,119.42,0.08,85.04
O0010855,P082,3,119.4,0.0,65.56
O0010855,P119,2,145.97,0.15,77.0
O0010856,P054,1,144.38,0.08,81.32
O0010857,P111,1,41.37,0.0,31.66
O0010857,P066,1,474.99,0.05,258.42
O0010858,P003,2,1198.2,0.0,652.23
O0010859,P072,1,53.96,0.0,36.1
O0010860,P016,1,1491.92,0.03,983.64
O0010861,P030,1,202.47,0.08,156.78
O0010861,P099,1,167.18,0.08,100.4
O0010862,P060,1,267.04,0.0,174.46
O0010862,P030,1,213.07,0.05,151.07
O0010863,P072,1,54.54,0.03,34.81
O0010864,P038,3,199.84,0.0,156.69
O0010864,P019,1,2202.09,0.12,1450.79
O0010864,P116,1,100.27,0.0,51.47
O0010865,P072,1,52.79,0.0,35.32
O0010866,P023,3,277.96,0.0,127.01
O0010867,P095,2,603.23,0.03,303.82
O0010868,P045,1,310.16,0.0,210.23
O0010869,P010,2,1166.46,0.03,584.16
O0010870,P027,2,657.13,0.05,395.84
O0010870,P031,2,425.3,0.0,289.07
O0010871,P016,1,1426.1,0.05,985.07
O0010872,P010,1,1173.28,0.05,594.94
O0010873,P003,1,1283.71,0.08,654.05
O0010874,P041,2,105.63,0.15,54.96
O0010875,P008,1,1944.27,0.12,1068.53
O0010876,P016,1,1388.98,0.0,959.14
O0010877,P021,1,336.21,0.0,197.08
O0010878,P019,1,2024.31,0.03,1397.56
O0010879,P014,2,224.69,0.0,163.33
O0010880,P046,1,281.52,0.15,192.96
O0010881,P057,1,203.61,0.0,108.17
O0010881,P005,1,2030.68,0.0,1343.03
O0010881,P108,2,43.25,0.0,19.59
O0010882,P005,1,2131.14,0.0,1309.42
O0010883,P058,1,572.25,0.0,293.16
O0010884,P091,1,231.76,0.0,158.63
O0010885,P006,1,2027.01,0.08,1128.75
O0010886,P048,1,527.21,0.0,302.21
O0010886,P017,1,1932.96,0.0,886.05
O0010886,P026,2,167.78,0.0,82.46
O0010887,P032,1,197.09,0.0,99.72
O0010887,P013,1,560.36,0.0,361.05
O0010888,P032,1,199.2,0.12,97.26
O0010888,P094,1,348.21,0.0,185.02
O0010889,P076,3,256.05,0.0,135.91
O0010890,P015,1,1230.89,0.0,725.92
O0010891,P107,2,232.58,0.03,140.04
O0010891,P022,1,386.12,0.0,244.84
O0010892,P042,2,195.25,0.05,117.32
O0010893,P060,2,248.12,0.0,176.67
O0010894,P020,1,495.49,0.03,358.94
O0010895,P100,1,291.82,0.0,184.32
O0010896,P061,1,82.14,0.0,41.4
O0010897,P024,1,189.17,0.08,99.42
O0010897,P012,1,2226.36,0.03,1339.3
O0010898,P094,1,363.77,0.0,189.19
O0010898,P011,1,1297.49,0.03,767.45
O0010898,P079,1,736.98,0.0,362.82
O0010899,P105,2,160.46,0.0,97.08
O0010900,P019,1,2012.18,0.08,1429.65
O0010901,P009,1,116.34,0.15,86.98
O0010901,P005,2,2148.3,0.0,1329.62
O0010902,P007,1,556.66,0.03,298.16
O0010903,P088,1,99.94,0.08,52.56
O0010903,P081,1,330.71,0.0,187.4
O0010904,P039,2,368.96,0.05,172.12
O0010905,P051,1,199.32,0.0,94.25
O0010905,P015,1,1226.3,0.05,755.79
O0010905,P100,2,291.14,0.0,186.43
O0010906,P106,1,205.32,0.0,132.3
O0010907,P098,2,31.76,0.0,22.99
O0010908,P049,1,77.15,0.0,39.83
O0010908,P065,1,1012.17,0.03,628.49
O0010908,P068,1,1154.04,0.03,635.47
O0010908,P107,1,216.81,0.0,141.77
O0010909,P087,2,601.12,0.0,409.62
O0010910,P111,3,43.69,0.0,32.45
O0010910,P107,2,225.92,0.05,143.48
O0010911,P085,1,279.72,0.0,204.81
O0010911,P061,1,81.72,0.03,43.62
O0010911,P099,2,156.4,0.03,103.94
O0010912,P022,1,396.74,0.0,256.91
O0010913,P030,1,208.44,0.03,152.16
O0010914,P089,1,237.34,0.12,107.36
O0010915,P005,1,2079.5,0.0,1297.39
O0010916,P074,1,71.09,0.0,41.83
O0010917,P039,1,356.07,0.0,177.49
O0010918,P029,1,189.21,0.0,111.04
O0010919,P072,2,57.23,0.05,35.74
O0010920,P029,2,196.61,0.03,110.04
O0010921,P085,1,274.68,0.12,202.04
O0010922,P091,1,225.85,0.0,162.84
O0010923,P073,2,592.74,0.0,308.48
O0010923,P104,2,229.72,0.0,131.09
O0010923,P119,1,150.35,0.12,77.65
O0010923,P038,2,204.07,0.05,157.5
O0010924,P034,2,673.98,0.05,346.57
O0010925,P006,2,1938.77,0.12,1154.46
O0010926,P071,1,705.2,0.0,342.18
O0010927,P114,1,134.29,0.0,63.8
O0010928,P069,1,1440.77,0.12,854.47
O0010928,P108,1,42.45,0.0,20.43
O0010929,P018,1,1787.11,0.15,1331.22
O0010929,P099,2,165.68,0.08,101.05
O0010930,P118,2,79.87,0.0,47.41
O0010930,P092,2,641.87,0.0,398.58
O0010930,P107,3,237.87,0.0,146.97
O0010930,P002,1,2495.3,0.05,1463.91
O0010931,P059,1,156.29,0.0,92.61
O0010932,P026,2,167.87,0.0,83.8
O0010933,P113,1,107.16,0.03,80.03
O0010934,P106,3,217.03,0.0,134.38
O0010935,P081,1,350.88,0.0,194.09
O0010935,P096,1,529.77,0.0,338.16
O0010935,P049,1,78.01,0.0,37.88
O0010936,P076,1,267.66,0.0,132.73
O0010937,P052,2,120.31,0.0,85.25
O0010938,P044,1,322.48,0.0,221.33
O0010938,P036,1,258.2,0.05,177.79
O0010939,P053,1,86.36,0.0,41.12
O0010940,P024,1,183.14,0.05,99.32
O0010941,P034,2,684.87,0.0,348.6
O0010942,P040,1,332.7,0.0,171.26
O0010942,P012,2,2160.38,0.0,1365.2
O0010943,P066,2,457.69,0.0,263.75
O0010944,P027,1,604.08,0.0,390.96
O0010944,P022,1,402.48,0.05,247.28
O0010945,P003,1,1222.05,0.05,673.5
O0010946,P068,1,1117.27,0.0,663.88
O0010946,P076,1,265.81,0.0,138.33
O0010946,P027,1,610.31,0.0,388.5
O0010947,P079,1,801.95,0.05,360.47
O0010947,P061,1,83.52,0.0,43.45
O0010948,P099,1,156.31,0.08,104.27
O0010949,P007,1,547.02,0.0,302.11
O0010950,P081,2,340.96,0.0,194.11
O0010950,P093,1,235.71,0.0,114.64
O0010951,P066,1,488.43,0.08,267.5
O0010952,P120,1,147.29,0.12,89.82
O0010953,P003,1,1284.82,0.0,657.81
O0010954,P070,1,55.94,0.0,29.19
O0010954,P032,1,201.77,0.05,101.39
O0010954,P082,1,115.31,0.05,64.51
O0010955,P044,1,320.6,0.05,223.79
O0010955,P018,1,1719.7,0.03,1317.72
O0010955,P035,1,594.75,0.05,387.31
O0010956,P117,1,128.44,0.15,96.25
O0010957,P018,1,1698.01,0.0,1300.36
O0010958,P014,2,229.67,0.0,163.89
O0010959,P006,2,2028.6,0.05,1113.0
O0010960,P041,1,104.07,0.0,55.46
O0010960,P119,1,137.56,0.0,77.82
O0010961,P006,2,1846.18,0.05,1117.15
O0010962,P041,1,101.1,0.0,53.95
O0010962,P047,2,317.23,0.0,204.75
O0010963,P087,1,595.02,0.12,415.73
O0010964,P058,1,588.97,0.0,299.9
O0010964,P097,1,322.58,0.0,214.84
O0010964,P034,3,697.29,0.05,335.03
O0010965,P068,1,1122.53,0.12,640.27
O0010966,P054,1,153.05,0.0,79.56
O0010967,P102,1,227.4,0.0,149.07
O0010968,P101,1,29.07,0.0,17.82
O0010969,P104,1,227.13,0.08,131.61
O0010970,P084,2,448.18,0.0,336.56
O0010971,P048,1,513.55,0.05,289.56
O0010972,P046,2,285.76,0.08,201.86
O0010973,P060,1,268.08,0.05,176.49
O0010974,P051,1,193.97,0.0,94.33
O0010975,P047,1,314.09,0.12,196.85
O0010976,P112,1,64.37,0.0,37.26
O0010977,P029,3,180.24,0.0,109.73
O0010978,P054,2,146.71,0.12,78.19
O0010979,P091,1,245.26,0.03,161.91
O0010980,P014,3,228.57,0.0,163.64
O0010981,P039,2,351.39,0.0,178.79
O0010981,P066,1,484.59,0.05,262.03
O0010982,P017,1,1904.82,0.05,879.94
O0010983,P068,2,1108.13,0.08,635.18
O0010983,P089,2,234.27,0.03,109.87
O0010984,P021,2,355.01,0.05,198.6
O0010984,P007,1,529.66,0.08,294.47
O0010984,P101,1,29.31,0.15,17.31
O0010984,P019,1,2035.06,0.0,1423.44
O0010985,P031,1,427.13,0.08,289.45
O0010986,P086,1,464.68,0.0,325.07
O0010987,P029,1,182.71,0.0,108.67
O0010987,P031,2,426.46,0.0,281.6
O0010987,P035,1,570.87,0.03,376.6
O0010988,P047,1,309.01,0.05,203.37
O0010989,P038,1,198.13,0.0,157.04
O0010989,P074,1,72.36,0.05,42.42
O0010989,P014,2,219.81,0.0,167.65
O0010990,P019,2,2087.45,0.0,1448.91
O0010990,P095,1,616.2,0.0,302.87
O0010990,P093,2,234.88,0.0,115.07
O0010991,P004,1,1800.35,0.0,916.39
O0010992,P014,1,224.86,0.0,162.32
O0010993,P002,1,2474.09,0.0,1494.95
O0010993,P072,1,52.56,0.0,35.13
O0010994,P009,4,111.91,0.0,85.25
O0010994,P030,1,201.95,0.15,156.43
O0010994,P022,1,385.82,0.12,250.16
O0010995,P006,3,1971.9,0.0,1109.57
O0010995,P056,1,384.08,0.0,254.33
O0010995,P003,1,1224.67,0.08,657.73
O0010996,P080,3,1019.18,0.0,686.48
O0010997,P043,1,134.18,0.0,74.13
O0010997,P034,1,702.67,0.0,352.18
O0010998,P028,3,655.14,0.08,397.01
O0010999,P017,1,1951.65,0.05,852.94
O0011000,P007,1,539.76,0.0,292.5
O0011001,P029,1,195.25,0.0,109.98
O0011002,P078,2,904.68,0.03,664.87
O0011003,P064,1,540.79,0.03,338.01
O0011003,P034,1,719.94,0.05,349.88
O0011004,P017,1,1857.21,0.08,853.53
O0011005,P005,1,2034.44,0.08,1333.41
O0011006,P009,3,123.67,0.05,84.76
O0011006,P005,2,2187.84,0.05,1368.78
O0011007,P062,2,1411.86,0.0,1064.03
O0011008,P029,1,190.01,0.05,113.85
O0011009,P096,1,517.55,0.0,343.88
O0011010,P086,1,465.58,0.0,324.43
O0011011,P036,1,256.32,0.05,176.51
O0011012,P043,1,127.36,0.0,76.53
O0011013,P075,1,1060.18,0.0,587.4
O0011014,P021,3,335.42,0.0,205.98
O0011014,P118,1,81.8,0.0,47.82
O0011015,P022,2,395.07,0.0,246.7
O0011016,P031,1,424.22,0.12,280.94
O0011016,P006,3,1996.06,0.03,1123.42
O0011017,P044,1,330.11,0.0,222.55
O0011018,P021,1,339.83,0.0,208.58
O0011018,P085,3,299.81,0.0,195.38
O0011019,P100,1,296.11,0.03,185.32
O0011020,P057,2,207.25,0.05,114.77
O0011021,P082,2,120.74,0.05,64.26
O0011022,P103,2,169.22,0.0,127.8
O0011022,P102,4,226.31,0.0,150.86
O0011023,P087,1,604.7,0.0,410.29
O0011023,P037,2,38.52,0.03,21.2
O0011023,P015,1,1180.0,0.0,731.4
O0011024,P020,1,520.33,0.0,364.44
O0011025,P088,1,102.68,0.0,55.2
O0011026,P042,3,186.64,0.0,118.02
O0011027,P028,1,623.94,0.0,396.21
O0011028,P042,1,187.17,0.0,118.11
O0011028,P050,1,237.07,0.0,144.63
O0011029,P088,1,93.99,0.0,53.71
O0011030,P009,2,116.93,0.0,82.67
O0011031,P037,1,36.51,0.05,21.03
O0011032,P018,1,1796.84,0.05,1308.75
O0011032,P034,1,711.81,0.0,341.11
O0011033,P063,3,225.17,0.05,103.28
O0011034,P073,2,610.09,0.0,304.95
O0011035,P101,2,29.12,0.05,17.34
O0011036,P053,1,90.01,0.0,42.33
O0011037,P012,3,2180.04,0.12,1332.51
O0011037,P039,2,374.34,0.08,179.26
O0011038,P118,1,79.93,0.05,49.82
O0011039,P018,1,1839.46,0.0,1327.12
O0011039,P004,1,1710.23,0.05,931.81
O0011039,P058,2,563.32,0.0,298.87
O0011040,P032,3,200.36,0.03,101.75
O0011041,P031,1,441.88,0.0,288.55
O0011041,P022,1,372.45,0.0,247.43
O0011042,P050,2,252.02,0.0,146.24
O0011042,P060,2,267.23,0.0,177.46
O0011042,P006,3,2027.41,0.0,1135.86
O0011042,P118,1,81.17,0.0,47.62
O0011043,P045,3,313.39,0.0,220.4
O0011043,P101,1,28.37,0.05,16.88
O0011043,P066,1,461.44,0.0,263.28
O0011044,P093,1,236.69,0.03,114.97
O0011044,P045,1,330.22,0.08,213.93
O0011045,P034,1,709.95,0.08,335.75
O0011046,P029,1,185.67,0.0,113.24
O0011047,P005,1,2041.14,0.0,1358.79
O0011047,P054,2,148.32,0.0,80.69
O0011048,P024,1,190.8,0.0,101.58
O0011049,P004,3,1735.89,0.0,948.34
O0011050,P020,1,514.41,0.08,363.1
O0011051,P030,3,210.61,0.08,150.18
O0011052,P019,1,2027.85,0.0,1410.16
O0011053,P085,1,290.59,0.08,195.0
O0011053,P091,1,241.78,0.0,155.63
O0011054,P023,3,275.68,0.0,129.98
O0011055,P018,1,1869.62,0.05,1336.69
O0011055,P070,1,55.48,0.0,27.99
O0011056,P082,1,110.38,0.0,64.16
O0011057,P120,2,147.71,0.0,91.68
O0011058,P017,1,1855.76,0.0,851.67
O0011059,P084,1,477.01,0.0,336.85
O0011060,P111,1,42.86,0.05,31.87
O0011060,P019,1,2036.11,0.03,1421.31
O0011061,P108,2,44.57,0.0,19.82
O0011062,P063,1,228.64,0.08,101.05
O0011063,P013,2,583.09,0.0,363.9
O0011064,P007,1,527.67,0.0,288.72
O0011065,P100,1,310.06,0.0,183.26
O0011066,P020,1,522.28,0.12,361.44
O0011067,P089,2,235.88,0.12,110.22
O0011067,P050,2,246.76,0.0,141.98
O0011068,P082,1,113.52,0.0,66.27
O0011068,P038,1,212.56,0.08,152.12
O0011068,P100,1,311.92,0.0,180.31
O0011069,P082,2,112.77,0.15,67.09
O0011070,P084,2,459.13,0.0,330.42
O0011071,P021,1,364.57,0.0,208.05
O0011072,P010,1,1199.76,0.03,610.11
O0011072,P105,2,161.49,0.0,99.35
O0011073,P004,1,1729.79,0.08,956.57
O0011074,P019,3,2095.49,0.0,1441.02
O0011074,P007,1,530.62,0.0,297.67
O0011075,P045,1,321.97,0.0,220.19
O0011075,P060,2,246.01,0.0,181.15
O0011075,P046,1,281.13,0.08,198.05
O0011076,P001,2,297.56,0.0,152.25
O0011077,P029,2,197.73,0.03,113.51
O0011077,P017,1,1866.96,0.0,875.5
O0011078,P017,1,1879.88,0.0,858.39
O0011079,P006,1,1964.13,0.0,1171.97
O0011080,P077,3,45.7,0.0,27.07
O0011080,P110,1,51.91,0.0,27.13
O0011080,P028,1,657.86,0.03,401.08
O0011081,P001,1,297.18,0.05,153.5
O0011082,P079,1,767.1,0.0,360.2
O0011083,P044,2,337.45,0.05,220.01
O0011083,P106,2,210.47,0.05,134.87
O0011084,P023,1,274.84,0.0,127.5
O0011085,P030,2,216.78,0.0,157.16
O0011085,P055,1,449.85,0.0,260.15
O0011086,P029,1,183.22,0.08,115.0
O0011087,P054,1,152.58,0.0,81.7
O0011088,P008,3,1903.25,0.05,1091.97
O0011089,P082,2,112.12,0.12,65.17
O0011090,P040,1,318.88,0.05,162.92
O0011091,P120,1,144.45,0.03,92.17
O0011092,P080,1,964.35,0.0,692.56
O0011093,P016,1,1471.75,0.0,985.64
O0011094,P033,2,114.91,0.0,52.76
O0011094,P050,1,254.64,0.0,142.45
O0011094,P062,2,1404.25,0.0,1061.6
O0011095,P037,2,37.47,0.0,21.08
O0011096,P120,1,142.48,0.12,91.62
O0011097,P044,1,326.82,0.0,220.19
O0011098,P026,1,174.04,0.0,85.12
O0011098,P112,1,61.63,0.0,38.21
O0011099,P076,1,262.37,0.0,132.56
O0011100,P020,1,525.76,0.0,370.63
O0011100,P115,3,90.66,0.0,53.48
O0011101,P037,1,37.24,0.0,20.75
O0011101,P100,3,306.12,0.05,187.04
O0011102,P020,1,506.33,0.03,373.63
O0011103,P061,2,84.9,0.0,42.69
O0011103,P011,2,1321.66,0.08,762.82
O0011104,P021,1,340.75,0.0,207.46
O0011105,P102,2,209.98,0.0,150.53
O0011105,P025,1,467.08,0.0,341.36
O0011106,P013,1,583.92,0.0,352.36
O0011107,P030,2,197.6,0.0,154.54
O0011107,P076,3,271.34,0.05,139.86
O0011108,P079,2,772.05,0.0,368.53
O0011109,P063,1,227.84,0.0,99.39
O0011110,P113,1,117.26,0.05,80.16
O0011111,P093,3,242.49,0.08,116.1
O0011111,P100,1,287.37,0.15,190.9
O0011111,P035,1,569.85,0.0,381.73
O0011112,P019,1,2165.13,0.05,1466.25
O0011113,P032,1,194.57,0.0,101.89
O0011114,P068,1,1146.99,0.12,669.73
O0011115,P116,2,106.64,0.05,51.18
O0011115,P044,2,323.46,0.0,225.52
O0011115,P060,1,267.65,0.05,175.69
O0011116,P070,1,53.82,0.0,29.18
O0011117,P087,2,597.61,0.03,414.39
O0011117,P040,2,322.22,0.0,166.31
O0011118,P024,1,194.32,0.15,99.8
O0011119,P023,1,281.41,0.0,126.09
O0011120,P049,4,76.07,0.0,40.0
O0011120,P003,3,1241.17,0.0,676.36
O0011121,P113,1,117.29,0.0,82.23
O0011122,P014,1,240.97,0.12,167.59
O0011122,P045,1,318.82,0.0,216.66
O0011122,P012,1,2292.08,0.03,1401.63
O0011123,P072,2,57.57,0.0,36.09
O0011123,P073,1,575.02,0.08,303.69
O0011123,P079,1,752.76,0.15,363.48
O0011124,P017,1,1818.37,0.0,850.41
O0011125,P028,1,614.77,0.0,397.78
O0011126,P009,2,116.92,0.0,82.78
O0011127,P025,1,467.56,0.0,325.32
O0011128,P099,1,158.14,0.12,104.83
O0011128,P059,1,167.45,0.05,93.91
O0011128,P043,1,129.15,0.12,74.52
O0011129,P074,1,76.92,0.0,42.18
O0011130,P008,1,1850.99,0.03,1048.78
O0011131,P065,2,1100.6,0.0,600.5
O0011131,P037,1,39.45,0.0,21.5
O0011131,P008,1,1928.9,0.0,1052.61
O0011131,P079,1,747.92,0.0,369.48
O0011132,P065,2,1055.31,0.0,619.97
O0011132,P089,1,236.23,0.0,105.07
O0011132,P043,1,131.51,0.0,73.25
O0011133,P024,3,182.47,0.0,96.57
O0011133,P011,1,1348.18,0.12,789.03
O0011134,P018,1,1771.89,0.0,1281.08
O0011134,P080,1,957.74,0.0,657.98
O0011135,P093,1,241.95,0.0,111.02
O0011136,P114,1,135.36,0.0,63.74
O0011137,P008,2,1791.76,0.0,1072.07
O0011137,P028,1,609.57,0.0,399.84
O0011137,P113,1,114.5,0.0,81.49
O0011138,P094,2,361.68,0.0,182.81
O0011138,P116,1,101.44,0.0,50.39
O0011139,P043,2,134.0,0.0,75.8
O0011140,P017,1,1841.72,0.05,890.03
O0011141,P047,1,319.55,0.12,199.24
O0011142,P120,1,150.05,0.05,90.36
O0011142,P108,1,41.39,0.0,19.54
O0011142,P050,1,254.91,0.05,142.38
O0011143,P089,2,235.29,0.05,108.77
O0011144,P063,1,220.65,0.08,100.14
O0011145,P054,1,144.43,0.0,79.05
O0011145,P021,1,333.95,0.05,196.98
O0011146,P041,1,102.91,0.0,54.16
O0011146,P067,1,954.88,0.05,560.82
O0011147,P014,2,218.71,0.0,164.78
O0011148,P009,1,115.98,0.0,84.51
O0011149,P046,1,267.27,0.03,202.51
O0011150,P044,1,322.3,0.12,217.89
O0011151,P078,1,837.91,0.15,637.52
O0011152,P021,2,345.11,0.08,199.03
O0011153,P051,4,197.56,0.03,93.29
O0011154,P004,2,1821.85,0.05,956.8
O0011155,P103,1,159.76,0.12,122.45
O0011156,P017,1,1912.81,0.05,870.39
O0011157,P084,1,438.7,0.03,328.55
O0011157,P105,2,162.9,0.05,101.3
O0011158,P006,1,1892.33,0.0,1125.02
O0011158,P078,2,834.6,0.0,637.5
O0011159,P020,1,521.1,0.0,364.84
O0011160,P082,2,117.22,0.08,65.61
O0011161,P114,1,129.9,0.0,62.85
O0011161,P100,1,286.94,0.05,180.79
O0011161,P112,1,59.46,0.05,38.49
O0011162,P035,1,582.4,0.15,395.6
O0011163,P102,1,211.39,0.0,152.4
O0011164,P004,1,1742.73,0.03,919.34
O0011165,P087,1,567.06,0.12,423.99
O0011166,P035,1,591.51,0.05,380.87
O0011167,P028,1,603.9,0.0,401.14
O0011168,P023,4,269.05,0.0,129.17
O0011169,P077,1,46.46,0.0,27.24
O0011169,P013,2,547.74,0.0,350.91
O0011170,P032,1,199.96,0.0,102.81
O0011171,P048,2,512.23,0.0,295.29
O0011172,P010,3,1101.73,0.0,594.79
O0011173,P044,1,343.54,0.0,225.58
O0011173,P029,4,191.84,0.0,109.83
O0011174,P100,1,288.68,0.0,190.48
O0011175,P115,1,94.64,0.03,51.44
O0011175,P014,1,221.62,0.05,161.42
O0011176,P028,1,643.37,0.03,404.56
O0011176,P075,1,995.65,0.08,610.71
O0011177,P016,1,1466.37,0.0,978.0
O0011177,P088,2,99.96,0.08,55.19
O0011177,P065,1,1040.73,0.0,611.94
O0011177,P001,1,301.95,0.0,148.49
O0011178,P117,3,123.16,0.0,96.26
O0011179,P020,2,516.61,0.0,377.25
O0011180,P097,1,323.92,0.0,215.05
O0011181,P047,1,314.11,0.0,203.61
O0011181,P103,1,160.37,0.0,125.18
O0011182,P018,1,1764.64,0.03,1321.92
O0011183,P019,2,2057.72,0.03,1432.33
O0011184,P074,1,74.37,0.0,40.55
O0011184,P012,2,2139.52,0.0,1365.29
O0011185,P089,2,237.87,0.0,108.85
O0011186,P006,2,1893.13,0.0,1120.17
O0011187,P058,3,568.41,0.05,305.77
O0011188,P076,1,273.5,0.0,133.24
O0011188,P027,3,655.6,0.0,395.55
O0011189,P119,1,145.34,0.12,76.56
O0011190,P027,3,619.3,0.03,384.93
O0011191,P001,1,299.69,0.12,145.66
O0011192,P005,1,2173.74,0.0,1344.42
O0011193,P083,1,233.51,0.0,118.89
O0011194,P010,3,1109.68,0.0,609.52
O0011195,P062,1,1464.65,0.0,1049.22
O0011195,P085,1,288.84,0.12,198.41
O0011196,P069,2,1438.93,0.0,835.58
O0011197,P115,1,88.18,0.0,54.18
O0011198,P043,4,138.25,0.12,76.46
O0011199,P091,1,223.96,0.08,164.38
O0011200,P045,3,303.58,0.0,216.12
O0011201,P010,1,1175.58,0.0,613.04
O0011202,P099,1,162.78,0.03,102.56
O0011203,P081,1,329.31,0.0,193.64
O0011203,P103,1,165.09,0.08,121.95
O0011203,P005,2,2164.33,0.08,1318.24
O0011204,P051,1,198.53,0.0,97.93
O0011205,P011,1,1316.72,0.08,755.32
O0011206,P035,1,610.61,0.03,384.17
O0011207,P119,1,137.82,0.15,77.28
O0011208,P113,1,112.57,0.0,80.7
O0011208,P022,1,385.23,0.05,255.66
O0011208,P045,1,306.23,0.0,218.69
O0011209,P004,3,1704.49,0.0,934.86
O0011210,P028,3,607.23,0.08,408.06
O0011210,P118,1,76.57,0.0,49.43
O0011210,P055,1,462.37,0.03,258.39
O0011210,P047,1,301.06,0.0,198.93
O0011211,P065,1,1077.61,0.0,611.84
O0011212,P034,1,672.59,0.0,353.3
O0011212,P080,1,984.23,0.12,676.92
O0011213,P084,1,440.74,0.0,331.7
O0011214,P041,1,109.52,0.03,55.4
O0011214,P038,1,217.09,0.03,153.11
O0011215,P042,1,187.1,0.08,122.32
O0011216,P010,1,1169.75,0.08,599.79
O0011217,P108,2,42.88,0.05,20.03
O0011218,P077,1,48.25,0.03,27.4
O0011219,P093,1,236.79,0.0,113.09
O0011219,P024,1,185.27,0.0,101.9
O0011219,P060,1,265.7,0.08,177.94
O0011219,P091,1,228.63,0.0,164.48
O0011220,P079,1,765.28,0.05,366.61
O0011221,P069,1,1342.17,0.12,825.98
O0011222,P048,2,531.97,0.0,292.7
O0011223,P105,1,151.38,0.08,98.05
O0011223,P098,3,32.13,0.0,23.29
O0011224,P112,1,64.99,0.05,38.66
O0011225,P021,1,349.93,0.08,202.86
O0011226,P090,4,169.96,0.05,93.27
O0011227,P026,2,175.93,0.0,82.88
O0011227,P048,1,517.58,0.0,291.42
O0011228,P084,1,452.86,0.05,325.96
O0011229,P076,1,268.02,0.0,132.79
O0011229,P034,1,674.51,0.0,346.94
O0011229,P090,2,175.38,0.0,93.85
O0011230,P106,1,218.39,0.05,136.79
O0011231,P078,2,912.07,0.03,662.42
O0011232,P002,1,2477.61,0.05,1458.82
O0011233,P010,3,1162.42,0.0,606.01
O0011234,P036,1,250.22,0.12,176.74
O0011235,P011,2,1283.14,0.0,758.53
O0011236,P021,1,349.15,0.03,206.85
O0011236,P047,1,298.9,0.0,207.91
O0011237,P075,2,1081.95,0.12,588.27
O0011238,P021,2,341.62,0.08,201.07
O0011238,P091,1,246.15,0.05,160.77
O0011239,P112,4,64.96,0.03,37.14
O0011239,P014,1,226.31,0.0,166.29
O0011240,P025,3,465.72,0.05,325.3
O0011241,P003,1,1192.96,0.08,671.61
O0011242,P020,4,524.46,0.08,358.89
O0011243,P111,1,42.58,0.08,32.58
O0011243,P036,2,246.36,0.08,174.24
O0011244,P043,1,138.27,0.0,74.12
O0011245,P094,2,364.8,0.03,187.97
O0011246,P042,1,186.76,0.0,117.3
O0011246,P086,3,462.8,0.0,331.82
O0011247,P040,2,334.53,0.0,168.07
O0011248,P085,1,273.67,0.05,202.19
O0011248,P092,1,647.99,0.0,387.61
O0011249,P035,2,605.22,0.0,388.53
O0011250,P003,2,1201.05,0.05,652.92
O0011251,P082,1,118.88,0.0,64.78
O0011251,P035,1,585.18,0.0,375.19
O0011251,P115,3,88.55,0.05,52.17
O0011251,P009,2,118.96,0.05,82.43
O0011252,P017,1,1898.92,0.0,883.5
O0011253,P031,1,417.54,0.03,284.81
O0011254,P047,2,299.22,0.0,198.01
O0011254,P049,1,76.25,0.0,39.99
O0011254,P040,2,341.02,0.0,168.59
O0011255,P105,2,153.77,0.03,97.69
O0011256,P017,1,1858.75,0.03,884.94
O0011256,P023,1,271.69,0.0,129.2
O0011257,P085,1,291.46,0.0,202.83
O0011257,P043,1,136.56,0.03,75.49
O0011258,P116,1,104.63,0.03,50.49
O0011259,P080,1,1000.13,0.0,683.14
O0011260,P023,1,282.61,0.0,125.53
O0011260,P038,2,205.82,0.0,156.13
O0011261,P020,1,535.8,0.0,370.47
O0011262,P015,1,1145.39,0.0,747.97
O0011263,P034,1,705.64,0.0,342.87
O0011264,P024,1,192.31,0.05,99.72
O0011264,P072,2,52.59,0.0,35.38
O0011264,P026,1,164.18,0.0,85.07
O0011265,P012,1,2183.57,0.0,1380.88
O0011265,P013,1,558.16,0.0,358.36
O0011266,P022,1,391.52,0.08,257.18
O0011267,P057,1,214.04,0.03,112.68
O0011268,P107,2,223.97,0.0,141.87
O0011268,P059,1,170.23,0.0,96.98
O0011269,P039,1,372.78,0.0,171.21
O0011270,P112,1,63.83,0.05,36.69
O0011271,P005,2,2043.03,0.0,1319.54
O0011272,P062,2,1409.98,0.08,1071.63
O0011273,P055,1,463.87,0.0,263.97
O0011274,P088,1,98.02,0.0,55.35
O0011275,P092,2,656.99,0.05,403.47
O0011276,P108,3,41.96,0.0,19.75
O0011276,P021,3,350.14,0.08,200.96
O0011276,P020,1,501.89,0.05,356.15
O0011277,P074,1,72.71,0.05,40.81
O0011278,P002,1,2556.34,0.08,1464.26
O0011279,P006,3,1918.74,0.0,1113.48
O0011280,P056,2,388.69,0.0,260.17
O0011281,P087,2,609.38,0.08,404.9
O0011282,P001,1,290.77,0.0,151.59
O0011282,P086,1,451.74,0.0,326.56
O0011283,P040,1,327.71,0.08,162.7
O0011283,P032,1,193.38,0.0,100.32
O0011284,P048,2,527.87,0.0,293.56
O0011285,P032,2,190.6,0.03,98.34
O0011286,P009,1,115.47,0.0,86.3
O0011287,P039,1,377.18,0.0,179.2
O0011287,P045,1,323.83,0.05,216.46
O0011287,P064,1,552.7,0.0,335.07
O0011288,P031,2,437.36,0.0,280.78
O0011289,P011,1,1335.95,0.0,780.33
O0011290,P019,1,2164.2,0.0,1447.45
O0011290,P071,4,688.72,0.0,335.28
O0011291,P039,2,386.68,0.0,172.32
O0011292,P089,1,239.21,0.08,110.18
O0011293,P062,1,1463.57,0.12,1082.58
O0011293,P093,2,233.02,0.0,112.79
O0011293,P013,2,537.91,0.05,358.44
O0011294,P022,2,386.09,0.05,257.14
O0011294,P023,1,283.76,0.03,126.06
O0011295,P092,1,618.99,0.0,388.83
O0011296,P017,1,1816.77,0.12,886.23
O0011297,P010,3,1179.93,0.0,598.11
O0011298,P006,2,2033.32,0.0,1134.62
O0011299,P102,1,209.45,0.05,151.42
O0011300,P036,1,250.28,0.05,178.74
O0011301,P105,3,162.67,0.0,99.01
O0011302,P066,1,474.68,0.0,268.57
O0011303,P016,1,1401.29,0.05,1000.03
O0011304,P009,1,113.82,0.05,83.99
O0011305,P026,1,175.26,0.0,85.86
O0011305,P006,1,1893.13,0.08,1129.12
O0011305,P082,1,109.4,0.05,64.46
O0011305,P003,2,1197.82,0.03,646.16
O0011306,P099,2,159.93,0.0,105.58
O0011307,P110,1,55.12,0.0,28.36
O0011308,P101,1,29.9,0.05,16.84
O0011309,P061,1,78.84,0.0,43.45
O0011309,P003,1,1252.91,0.08,646.77
O0011309,P114,4,139.63,0.0,62.12
O0011310,P099,1,153.51,0.0,101.08
O0011311,P066,1,459.31,0.05,270.44
O0011312,P030,1,210.76,0.05,152.26
O0011313,P110,1,52.8,0.0,27.04
O0011313,P073,1,587.68,0.0,296.98
O0011314,P022,1,401.77,0.03,253.57
O0011315,P059,4,156.05,0.0,93.47
O0011315,P079,1,734.92,0.0,357.9
O0011316,P013,1,583.35,0.03,367.36
O0011317,P018,1,1745.55,0.0,1268.14
O0011318,P065,1,1019.89,0.08,614.95
O0011319,P038,1,207.57,0.0,157.93
O0011319,P036,1,260.94,0.0,173.59
O0011319,P046,3,265.8,0.03,198.34
O0011320,P105,1,150.39,0.05,100.15
O0011321,P047,1,318.72,0.0,200.92
O0011322,P017,1,1833.22,0.05,852.83
O0011322,P073,1,603.16,0.03,303.83
O0011323,P005,4,2178.2,0.0,1350.67
O0011323,P057,2,205.14,0.0,108.78
O0011324,P031,1,443.35,0.0,294.02
O0011325,P099,3,157.57,0.0,100.22
O0011326,P029,3,191.89,0.0,109.15
O0011326,P011,2,1240.68,0.0,757.02
O0011326,P006,1,1984.21,0.0,1140.74
O0011327,P025,1,490.59,0.0,324.46
O0011328,P010,1,1193.92,0.0,606.77
O0011328,P024,4,177.46,0.0,101.62
O0011329,P090,1,185.43,0.0,93.56
O0011329,P003,4,1262.48,0.0,672.46
O0011330,P091,1,230.6,0.03,161.58
O0011331,P017,1,1896.03,0.03,850.42
O0011331,P023,1,277.13,0.0,127.63
O0011331,P108,1,44.58,0.03,19.82
O0011332,P013,1,563.39,0.0,364.67
O0011333,P088,1,95.81,0.08,52.91
O0011333,P002,1,2362.33,0.0,1476.14
O0011334,P095,1,610.31,0.05,311.72
O0011335,P108,2,44.69,0.0,20.55
O0011336,P033,1,120.02,0.03,53.86
O0011337,P097,2,323.46,0.05,216.64
O0011338,P006,1,1879.59,0.08,1117.03
O0011339,P068,3,1164.97,0.08,665.74
O0011340,P029,1,181.25,0.05,113.77
O0011341,P041,1,108.28,0.0,52.73
O0011342,P028,1,616.55,0.03,408.15
O0011343,P022,3,406.01,0.0,255.4
O0011343,P076,1,271.27,0.12,137.06
O0011343,P010,2,1205.79,0.08,601.59
O0011343,P063,2,215.79,0.0,105.04
O0011344,P076,1,277.07,0.08,137.48
O0011345,P006,1,2006.32,0.0,1130.01
O0011345,P072,3,56.29,0.05,35.81
O0011346,P017,3,1839.41,0.05,846.09
O0011346,P020,1,525.55,0.05,361.58
O0011347,P059,1,160.07,0.12,93.58
O0011347,P080,2,969.5,0.12,688.36
O0011348,P021,1,342.75,0.0,204.45
O0011349,P109,2,164.07,0.0,110.33
O0011350,P038,2,204.66,0.12,156.54
O0011351,P061,1,85.64,0.0,41.21
O0011352,P095,2,624.51,0.05,311.52
O0011353,P037,3,36.72,0.03,21.74
O0011354,P016,3,1399.33,0.0,960.5
O0011355,P074,1,70.69,0.05,42.54
O0011355,P013,1,533.58,0.08,358.19
O0011355,P057,1,219.01,0.0,112.68
O0011356,P073,1,594.63,0.05,292.86
O0011357,P014,2,227.56,0.0,163.47
O0011358,P039,1,376.33,0.08,174.38
O0011358,P114,1,136.28,0.0,62.6
O0011359,P074,1,72.28,0.08,42.26
O0011360,P024,1,184.19,0.0,101.84
O0011360,P076,1,259.87,0.05,137.06
O0011360,P078,3,862.75,0.05,639.61
O0011360,P037,1,37.79,0.0,20.81
O0011361,P042,1,189.19,0.0,118.34
O0011361,P067,1,945.99,0.05,550.75
O0011361,P074,1,74.5,0.0,41.14
O0011362,P073,1,609.22,0.03,301.03
O0011363,P118,1,76.61,0.0,48.27
O0011364,P037,1,37.9,0.05,20.93
O0011365,P083,1,251.81,0.0,123.33
O0011366,P033,1,111.76,0.0,52.62
O0011367,P018,1,1736.35,0.0,1329.87
O0011368,P024,2,182.02,0.0,96.25
O0011369,P064,1,570.42,0.0,333.17
O0011370,P053,1,83.96,0.08,42.32
O0011371,P037,2,35.9,0.05,21.24
O0011372,P016,1,1486.15,0.0,991.5
O0011373,P092,1,640.52,0.12,394.33
O0011374,P025,1,460.79,0.05,333.91
O0011375,P019,2,2088.37,0.0,1449.57
O0011376,P007,1,530.96,0.0,302.26
O0011377,P048,1,507.6,0.0,305.15
O0011378,P115,3,88.37,0.03,52.9
O0011379,P065,1,1102.73,0.0,616.65
O0011379,P007,1,579.58,0.0,302.09
O0011379,P038,1,203.68,0.05,150.56
O0011380,P001,1,313.44,0.0,151.76
O0011381,P004,1,1786.61,0.03,909.82
O0011381,P031,1,434.23,0.0,289.96
O0011382,P100,1,289.47,0.0,190.86
O0011383,P114,1,134.51,0.0,62.69
O0011383,P103,1,169.63,0.0,126.03
O0011384,P005,1,2114.31,0.05,1372.55
O0011385,P104,2,213.16,0.0,133.74
O0011386,P085,1,277.3,0.08,198.91
O0011386,P078,1,895.76,0.12,666.52
O0011387,P058,2,562.2,0.03,301.95
O0011388,P105,2,150.01,0.0,99.58
O0011389,P054,3,152.78,0.08,80.6
O0011390,P072,2,52.55,0.0,36.39
O0011391,P057,1,208.84,0.0,109.24
O0011391,P040,2,320.14,0.0,166.36
O0011391,P035,1,563.34,0.03,381.0
O0011391,P009,1,119.71,0.05,86.96
O0011392,P014,1,240.81,0.0,167.71
O0011393,P047,2,313.26,0.0,205.88
O0011393,P033,2,115.98,0.0,52.58
O0011394,P008,1,1926.28,0.05,1092.05
O0011394,P037,1,37.94,0.0,21.91
O0011395,P010,3,1150.83,0.0,592.26
O0011395,P063,2,230.12,0.0,99.45
O0011396,P119,1,140.49,0.0,78.72
O0011397,P035,1,599.86,0.0,384.42
O0011398,P043,1,130.87,0.05,73.39
O0011399,P119,1,145.92,0.05,78.28
O0011400,P086,1,469.97,0.0,325.71
O0011400,P026,2,164.37,0.0,82.5
O0011401,P034,2,711.16,0.0,343.3
O0011402,P093,1,231.3,0.05,114.67
O0011403,P019,1,2180.0,0.0,1474.9
O0011403,P036,1,242.15,0.0,178.19
O0011403,P043,1,136.4,0.08,74.41
O0011404,P094,1,359.62,0.03,183.76
O0011405,P031,3,415.98,0.08,281.13
O0011406,P061,1,86.11,0.0,42.82
O0011407,P076,1,279.06,0.08,138.58
O0011407,P044,1,322.74,0.0,228.0
O0011407,P058,2,597.7,0.03,303.86
O0011408,P010,1,1139.23,0.0,615.71
O0011409,P072,2,52.28,0.12,34.93
O0011410,P013,1,552.69,0.05,370.0
O0011411,P045,1,318.62,0.12,209.02
O0011412,P057,1,215.18,0.03,112.47
O0011412,P028,1,621.25,0.12,403.36
O0011412,P107,2,217.81,0.0,146.87
O0011413,P021,1,347.77,0.05,203.55
O0011414,P012,2,2256.57,0.08,1388.99
O0011415,P014,1,228.41,0.12,165.86
O0011416,P014,1,231.11,0.05,170.3
O0011417,P056,1,375.59,0.05,261.04
O0011418,P040,1,311.84,0.0,166.88
O0011418,P023,3,285.28,0.0,129.46
O0011418,P096,1,506.92,0.03,337.54
O0011418,P015,2,1186.66,0.08,733.86
O0011419,P089,1,228.48,0.0,110.91
O0011419,P110,1,51.62,0.0,26.96
O0011420,P068,1,1203.4,0.05,641.38
O0011421,P111,1,41.19,0.05,31.66
O0011422,P054,1,143.89,0.0,81.81
O0011423,P086,2,450.46,0.03,327.45
O0011424,P046,1,274.31,0.05,195.84
O0011424,P080,1,966.85,0.0,676.01
O0011425,P102,3,211.08,0.0,151.82
O0011426,P014,1,238.14,0.0,170.08
O0011426,P059,2,160.89,0.0,94.26
O0011427,P027,2,640.87,0.0,392.64
O0011428,P034,1,667.22,0.0,350.63
O0011429,P059,3,169.3,0.0,92.54
O0011430,P111,1,41.2,0.12,32.07
O0011431,P028,2,635.68,0.08,410.68
O0011432,P005,1,2128.28,0.15,1362.03
O0011432,P102,1,215.76,0.08,146.71
O0011433,P016,1,1419.65,0.03,990.55
O0011433,P094,2,358.73,0.15,185.25
O0011433,P065,1,1014.25,0.0,619.93
O0011433,P090,4,182.73,0.0,95.73
O0011434,P001,2,286.51,0.03,148.02
O0011434,P069,3,1343.77,0.08,824.61
O0011435,P085,1,274.6,0.0,206.49
O0011436,P064,1,542.04,0.0,343.04
O0011436,P063,1,230.46,0.08,102.55
O0011437,P120,2,148.12,0.15,87.13
O0011438,P061,1,84.0,0.0,41.52
O0011439,P106,1,206.01,0.12,132.86
O0011440,P106,1,208.67,0.0,138.39
O0011440,P090,1,176.34,0.0,94.98
O0011440,P104,1,227.98,0.03,137.22
O0011441,P003,1,1257.29,0.12,662.47
O0011441,P041,1,106.95,0.03,52.53
O0011442,P056,2,365.24,0.0,258.95
O0011442,P078,1,849.26,0.05,635.24
O0011443,P083,1,240.06,0.03,119.11
O0011444,P106,1,204.2,0.0,131.18
O0011445,P002,1,2513.25,0.03,1516.99
O0011445,P027,1,645.58,0.0,381.16
O0011445,P107,1,221.1,0.0,144.03
O0011446,P008,1,1942.29,0.12,1098.25
O0011446,P084,1,450.01,0.0,327.66
O0011447,P016,1,1440.93,0.0,993.74
O0011447,P020,1,515.94,0.05,369.78
O0011448,P046,1,259.51,0.08,197.3
O0011449,P083,1,256.97,0.08,117.72
O0011449,P119,1,149.53,0.08,77.97
O0011449,P093,1,225.57,0.0,116.67
O0011449,P004,3,1839.33,0.05,934.48
O0011450,P108,3,41.89,0.0,19.83
O0011451,P026,2,161.37,0.0,82.84
O0011451,P054,1,148.18,0.0,78.75
O0011452,P026,1,173.29,0.0,86.36
O0011453,P053,1,89.91,0.03,40.82
O0011453,P020,1,494.47,0.0,359.64
O0011454,P051,1,194.77,0.0,93.81
O0011454,P025,1,468.86,0.0,338.82
O0011454,P075,1,1038.45,0.05,594.92
O0011455,P005,2,2141.37,0.08,1311.8
O0011456,P004,1,1763.47,0.12,933.35
O0011456,P013,2,540.15,0.08,365.14
O0011456,P023,2,266.13,0.03,124.95
O0011457,P098,2,31.16,0.05,23.39
O0011458,P028,1,625.91,0.15,402.22
O0011459,P047,1,308.9,0.0,206.89
O0011460,P102,1,213.26,0.0,151.97
O0011461,P039,3,361.44,0.05,180.28
O0011461,P036,2,253.92,0.0,178.74
O0011461,P038,1,199.12,0.0,154.82
O0011462,P028,3,647.97,0.03,403.48
O0011462,P004,1,1748.38,0.0,939.52
O0011462,P051,1,202.22,0.0,94.96
O0011463,P065,2,1098.31,0.03,631.63
O0011464,P032,1,195.6,0.05,100.52
O0011465,P033,2,119.02,0.0,52.11
O0011466,P018,1,1804.93,0.08,1323.68
O0011467,P113,1,110.48,0.0,79.35
O0011468,P087,1,613.96,0.05,409.21
O0011468,P071,1,747.6,0.0,335.29
O0011469,P071,1,739.06,0.05,351.5
O0011469,P022,2,379.7,0.03,245.88
O0011470,P039,1,355.82,0.0,173.71
O0011471,P004,1,1703.05,0.05,951.27
O0011472,P015,2,1137.13,0.0,743.12
O0011472,P044,1,343.63,0.0,219.03
O0011473,P022,3,378.61,0.0,247.52
O0011474,P108,1,43.85,0.03,20.21
O0011475,P008,2,1937.33,0.0,1105.95
O0011476,P019,3,2192.18,0.0,1415.24
O0011477,P109,1,172.35,0.0,112.92
O0011478,P067,1,920.45,0.12,534.3
O0011479,P024,1,177.05,0.15,98.64
O0011480,P009,1,117.43,0.0,82.17
O0011481,P003,1,1208.0,0.0,661.71
O0011482,P117,2,124.58,0.0,93.71
O0011482,P079,1,770.54,0.08,361.85
O0011483,P117,1,128.86,0.05,95.11
O0011484,P089,1,219.32,0.08,108.16
O0011485,P009,1,119.99,0.08,83.66
O0011486,P113,2,114.34,0.05,80.76
O0011487,P028,1,612.66,0.08,399.76
O0011487,P088,1,99.65,0.0,54.0
O0011488,P038,1,215.81,0.0,153.56
O0011489,P041,2,107.82,0.0,54.07
O0011490,P043,1,132.11,0.05,76.48
O0011491,P043,1,134.14,0.03,75.35
O0011492,P016,2,1377.02,0.0,1000.98
O0011493,P012,1,2186.94,0.0,1381.67
O0011493,P015,1,1153.02,0.08,745.87
O0011493,P030,1,198.44,0.05,152.66
O0011494,P067,1,891.8,0.0,533.85
O0011495,P082,1,112.2,0.05,67.51
O0011496,P040,1,343.31,0.0,170.96
O0011497,P076,1,277.74,0.0,133.52
O0011498,P013,3,539.85,0.0,357.4
O0011499,P067,1,930.19,0.12,539.7
O0011500,P034,3,690.91,0.0,352.19
O0011501,P078,1,881.37,0.0,644.97
O0011502,P118,1,74.79,0.0,47.74
O0011502,P002,1,2464.98,0.05,1487.8
O0011503,P029,1,196.41,0.05,110.41
O0011503,P035,1,593.93,0.03,376.87
O0011504,P012,2,2318.41,0.0,1361.15
O0011505,P012,1,2207.43,0.03,1357.88
O0011505,P110,1,55.88,0.0,27.64
O0011505,P085,2,298.41,0.03,203.23
O0011506,P020,2,497.02,0.0,361.04
O0011507,P087,3,614.46,0.0,406.29
O0011507,P045,1,324.54,0.05,214.32
O0011508,P012,1,2236.16,0.0,1346.25
O0011509,P018,1,1805.19,0.0,1318.53
O0011509,P113,1,111.09,0.0,77.92
O0011510,P112,1,64.72,0.0,38.63
O0011510,P001,1,309.0,0.03,149.04
O0011510,P050,1,252.98,0.0,145.62
O0011510,P033,1,113.74,0.12,53.14
O0011511,P054,1,153.79,0.12,81.83
O0011512,P110,3,55.3,0.05,28.17
O0011512,P089,1,233.04,0.03,109.06
O0011513,P046,3,279.51,0.0,199.52
O0011513,P012,1,2284.68,0.03,1335.87
O0011514,P103,2,169.58,0.03,124.74
O0011515,P071,1,692.04,0.0,346.29
O0011516,P011,1,1258.48,0.0,772.85
O0011516,P023,1,266.57,0.0,130.98
O0011517,P077,1,45.79,0.0,28.12
O0011518,P076,1,256.9,0.08,136.83
O0011519,P075,1,1004.19,0.05,594.29
O0011520,P054,2,150.58,0.0,78.36
O0011520,P082,1,116.11,0.0,67.32
O0011520,P030,1,199.52,0.0,156.61
O0011521,P102,2,221.58,0.0,151.49
O0011522,P093,1,243.79,0.08,113.54
O0011523,P084,1,476.39,0.0,334.24
O0011523,P095,2,578.15,0.0,302.12
O0011524,P081,1,347.82,0.03,188.1
O0011525,P024,1,182.64,0.0,101.36
O0011526,P035,2,613.8,0.0,381.83
O0011527,P030,1,212.35,0.0,157.43
O0011528,P003,2,1232.6,0.05,655.12
O0011529,P114,1,140.28,0.05,62.13
O0011529,P067,3,965.13,0.0,542.47
O0011530,P025,4,451.81,0.03,338.9
O0011531,P082,1,119.35,0.03,66.36
O0011531,P013,2,586.02,0.05,368.88
O0011532,P092,1,614.61,0.0,385.74
O0011533,P030,1,200.83,0.0,154.87
O0011533,P071,4,691.3,0.03,336.79
O0011534,P100,1,304.84,0.0,189.72
O0011534,P062,2,1442.26,0.0,1048.25
O0011535,P069,1,1365.61,0.0,823.53
O0011536,P039,1,357.77,0.0,177.85
O0011537,P026,2,163.01,0.08,82.57
O0011538,P092,1,626.21,0.0,400.69
O0011539,P102,1,217.98,0.08,148.23
O0011540,P096,1,507.31,0.03,356.66
O0011541,P040,1,330.58,0.0,167.12
O0011542,P021,1,345.27,0.03,198.3
O0011543,P095,1,611.46,0.05,303.07
O0011544,P105,1,155.27,0.0,100.67
O0011545,P075,1,1023.49,0.0,603.65
O0011546,P009,4,119.92,0.0,82.7
O0011547,P027,1,622.69,0.0,381.31
O0011547,P049,1,74.98,0.08,39.35
O0011547,P015,1,1191.02,0.03,732.95
O0011547,P067,1,936.35,0.0,534.32
O0011548,P024,2,181.55,0.0,98.19
O0011548,P019,1,2077.86,0.0,1412.85
O0011548,P081,3,333.04,0.03,184.26
O0011548,P048,1,496.62,0.0,295.74
O0011549,P078,3,906.2,0.0,660.56
O0011550,P072,1,56.57,0.08,35.06
O0011550,P067,2,927.85,0.0,547.04
O0011550,P084,2,447.2,0.05,323.48
O0011550,P018,1,1825.0,0.0,1323.96
O0011551,P077,2,46.55,0.0,27.08
O0011552,P074,1,74.68,0.08,42.21
O0011553,P037,1,36.01,0.05,21.14
O0011554,P008,1,1934.41,0.05,1078.64
O0011555,P112,1,62.23,0.12,36.63
O0011555,P060,1,264.01,0.0,181.61
O0011556,P009,2,113.35,0.0,84.08
O0011557,P062,2,1465.14,0.0,1055.99
O0011558,P018,1,1816.11,0.08,1291.37
O0011559,P120,1,143.49,0.05,87.43
O0011560,P022,1,392.09,0.0,258.45
O0011560,P045,1,325.2,0.0,211.83
O0011561,P010,1,1130.09,0.0,581.98
O0011562,P032,1,202.09,0.0,99.47
O0011562,P105,1,162.83,0.0,100.68
O0011563,P018,1,1794.05,0.0,1294.34
O0011564,P002,3,2402.67,0.0,1528.65
O0011565,P116,2,103.76,0.0,50.91
O0011566,P082,4,109.37,0.08,65.72
O0011566,P115,3,91.54,0.12,51.38
O0011567,P101,1,28.37,0.0,16.88
O0011567,P029,3,190.01,0.08,109.49
O0011567,P005,2,2057.04,0.03,1320.15
O0011568,P100,1,289.47,0.0,181.18
O0011568,P009,2,119.89,0.0,81.96
O0011569,P090,1,169.88,0.0,97.84
O0011570,P015,1,1206.62,0.12,754.67
O0011570,P071,2,744.34,0.03,341.34
O0011571,P093,1,230.34,0.0,114.81
O0011572,P075,1,986.59,0.0,600.34
O0011573,P055,2,468.29,0.05,261.99
O0011574,P062,1,1415.53,0.0,1042.66
O0011575,P020,1,536.74,0.0,376.58
O0011575,P001,1,295.17,0.0,149.18
O0011576,P066,1,454.9,0.05,260.97
O0011576,P052,1,122.8,0.0,85.98
O0011577,P115,1,95.06,0.0,51.6
O0011578,P098,1,33.32,0.03,23.37
O0011579,P056,1,382.94,0.0,259.22
O0011580,P116,1,105.62,0.0,50.15
O0011580,P064,2,571.02,0.0,335.93
O0011581,P118,1,79.95,0.05,47.46
O0011581,P026,2,162.48,0.0,84.27
O0011581,P060,3,250.84,0.0,176.35
O0011581,P087,2,592.43,0.0,420.76
O0011582,P065,1,1039.97,0.0,612.29
O0011583,P085,1,289.52,0.0,195.54
O0011584,P016,2,1425.32,0.0,981.86
O0011584,P101,2,29.79,0.0,17.64
O0011585,P062,1,1467.46,0.0,1099.55
O0011586,P033,2,118.59,0.12,51.74
O0011587,P019,1,2056.52,0.0,1451.42
O0011588,P045,1,326.42,0.0,211.14
O0011588,P080,2,968.96,0.12,661.68
O0011589,P067,1,958.49,0.0,541.5
O0011589,P100,1,290.2,0.08,188.14
O0011589,P037,2,35.71,0.0,21.56
O0011590,P042,2,194.57,0.0,121.27
O0011591,P057,1,207.87,0.05,114.21
O0011592,P018,1,1719.58,0.0,1269.01
O0011593,P032,1,186.74,0.08,102.61
O0011593,P058,1,612.86,0.12,300.04
O0011594,P120,2,142.56,0.08,89.24
O0011594,P067,1,965.32,0.05,563.62
O0011595,P020,2,516.93,0.0,373.38
O0011596,P032,1,189.44,0.05,101.45
O0011597,P034,3,708.34,0.0,337.34
O0011598,P113,1,112.56,0.0,81.5
O0011598,P082,1,117.08,0.0,67.51
O0011599,P108,1,42.12,0.0,20.44
O0011600,P062,1,1458.02,0.0,1097.39
O0011601,P018,2,1868.13,0.0,1334.34
O0011602,P053,3,83.69,0.0,41.54
O0011603,P029,1,184.53,0.0,112.27
O0011604,P015,1,1170.18,0.0,759.28
O0011605,P082,2,113.82,0.0,66.7
O0011606,P059,1,157.16,0.0,94.76
O0011607,P020,4,513.24,0.0,367.77
O0011607,P099,1,157.99,0.03,101.58
O0011608,P011,3,1273.96,0.0,748.17
O0011609,P120,1,152.43,0.0,89.62
O0011610,P075,1,1037.43,0.0,579.22
O0011610,P057,1,219.18,0.0,109.52
O0011611,P107,1,223.27,0.0,142.9
O0011612,P091,1,231.63,0.08,160.09
O0011613,P094,1,357.83,0.03,188.96
O0011614,P033,1,120.24,0.03,51.48
O0011615,P065,1,1022.21,0.0,619.6
O0011616,P021,2,339.93,0.05,204.69
O0011617,P025,1,470.44,0.12,331.95
O0011618,P033,1,111.01,0.0,54.0
O0011618,P036,1,256.15,0.0,174.39
O0011618,P119,3,142.35,0.0,76.83
O0011619,P068,1,1150.15,0.0,670.82
O0011619,P013,2,569.84,0.0,365.2
O0011620,P005,3,2176.69,0.12,1294.09
O0011620,P040,1,327.81,0.0,168.1
O0011620,P033,1,120.36,0.03,52.59
O0011621,P070,1,54.17,0.05,28.42
O0011622,P040,1,321.71,0.0,163.92
O0011623,P004,1,1800.98,0.0,955.29
O0011623,P032,1,186.73,0.0,99.89
O0011624,P058,2,610.3,0.08,298.41
O0011625,P112,3,62.74,0.03,37.2
O0011625,P060,3,268.84,0.0,178.95
O0011625,P114,2,136.23,0.0,62.66
O0011625,P100,1,286.47,0.12,188.27
O0011626,P098,2,30.37,0.05,22.8
O0011627,P045,1,319.0,0.03,220.11
O0011627,P063,3,218.33,0.0,104.72
O0011628,P082,1,119.46,0.0,67.05
O0011628,P071,2,730.29,0.0,353.98
O0011629,P022,2,379.21,0.03,256.83
O0011630,P073,1,608.74,0.15,308.16
O0011631,P058,1,562.41,0.0,294.37
O0011632,P029,1,179.33,0.05,109.92
O0011633,P107,1,220.86,0.0,140.64
O0011634,P107,1,218.39,0.0,146.17
O0011634,P078,1,888.66,0.0,647.95
O0011635,P072,1,55.32,0.08,36.34
O0011636,P023,2,268.66,0.05,130.17
O0011637,P013,1,537.87,0.0,367.68
O0011638,P040,1,319.76,0.0,167.16
O0011638,P016,1,1386.63,0.0,950.52
O0011639,P107,1,222.09,0.08,147.08
O0011640,P056,1,378.92,0.0,250.42
O0011640,P115,2,88.52,0.0,51.68
O0011640,P040,2,318.89,0.08,165.8
O0011641,P065,2,1081.37,0.0,623.46
O0011642,P020,2,528.99,0.0,371.69
O0011642,P055,1,470.5,0.0,272.27
O0011643,P009,2,112.64,0.05,86.08
O0011643,P054,1,158.62,0.0,77.82
O0011644,P084,1,458.18,0.0,328.55
O0011645,P074,2,75.64,0.0,42.47
O0011646,P003,1,1240.28,0.05,667.92
O0011647,P001,1,299.01,0.03,145.98
O0011648,P117,1,130.81,0.0,93.09
O0011648,P045,3,330.49,0.08,210.0
O0011648,P023,1,262.98,0.12,129.96
O0011649,P072,1,57.39,0.03,35.79
O0011650,P002,3,2551.18,0.03,1457.64
O0011651,P059,3,164.67,0.15,94.2
O0011652,P006,2,1865.28,0.08,1169.9
O0011652,P058,1,585.04,0.05,306.95
O0011653,P065,1,1023.12,0.08,611.18
O0011654,P102,1,214.29,0.12,150.31
O0011655,P087,1,585.82,0.15,400.31
O0011655,P004,1,1833.59,0.05,910.75
O0011655,P114,3,133.0,0.03,63.35
O0011656,P118,2,77.19,0.08,47.26
O0011656,P005,1,2153.29,0.0,1303.22
O0011656,P047,1,297.84,0.12,203.8
O0011657,P089,1,232.11,0.08,110.29
O0011658,P002,1,2390.78,0.0,1478.76
O0011659,P005,1,2026.04,0.0,1305.44
O0011660,P007,1,573.66,0.0,301.73
O0011661,P061,1,81.02,0.05,42.15
O0011661,P112,3,62.18,0.0,37.98
O0011662,P012,1,2142.41,0.05,1405.14
O0011663,P064,1,537.14,0.0,344.74
O0011664,P011,1,1334.91,0.0,763.02
O0011664,P091,1,239.52,0.0,157.9
O0011665,P046,1,266.99,0.03,194.87
O0011665,P031,1,448.0,0.08,280.67
O0011666,P027,1,624.61,0.08,390.79
O0011667,P047,1,294.98,0.0,207.56
O0011667,P043,1,139.61,0.0,73.22
O0011668,P026,2,168.77,0.05,85.55
O0011668,P075,1,1007.85,0.0,591.87
O0011669,P065,1,1010.31,0.0,620.07
O0011670,P074,1,75.62,0.0,41.13
O0011671,P061,1,81.66,0.12,42.66
O0011671,P087,1,580.62,0.0,424.69
O0011671,P006,3,1850.83,0.05,1119.5
O0011672,P109,1,162.82,0.08,110.04
O0011672,P060,2,261.37,0.15,174.57
O0011672,P012,4,2317.54,0.05,1344.06
O0011673,P107,2,234.23,0.03,140.29
O0011673,P022,1,376.56,0.05,250.01
O0011673,P102,1,206.44,0.0,148.75
O0011674,P120,2,145.68,0.03,87.87
O0011675,P037,3,36.04,0.0,20.73
O0011675,P036,2,241.02,0.12,176.12
O0011676,P063,1,222.09,0.08,103.9
O0011677,P037,1,38.13,0.03,21.21
O0011678,P084,2,463.26,0.0,325.67
O0011679,P075,1,1000.67,0.0,582.02
O0011680,P011,1,1351.74,0.05,749.64
O0011680,P019,2,2130.35,0.08,1477.95
O0011681,P018,1,1788.27,0.0,1264.0
O0011681,P073,1,610.71,0.03,299.03
O0011682,P017,2,1928.55,0.0,868.35
O0011682,P043,1,136.03,0.0,75.43
O0011683,P096,1,526.89,0.0,340.16
O0011684,P066,2,487.83,0.0,272.24
O0011684,P035,1,574.05,0.0,383.66
O0011685,P082,3,114.05,0.0,64.5
O0011685,P010,3,1173.39,0.12,609.71
O0011685,P004,1,1709.16,0.08,950.08
O0011686,P024,2,188.11,0.05,101.84
O0011687,P115,1,94.73,0.05,53.89
O0011688,P051,1,199.17,0.0,98.03
O0011689,P087,1,613.31,0.0,418.82
O0011690,P033,1,110.4,0.15,51.5
O0011691,P110,4,51.3,0.08,27.31
O0011692,P050,1,235.51,0.0,141.15
O0011693,P030,1,201.98,0.03,151.76
O0011694,P018,1,1768.72,0.0,1328.47
O0011695,P069,1,1343.71,0.0,856.36
O0011695,P072,1,53.99,0.03,35.0
O0011696,P045,1,329.26,0.05,215.12
O0011697,P028,1,620.98,0.08,415.46
O0011698,P069,2,1347.27,0.0,848.53
O0011699,P030,1,217.67,0.0,152.67
O0011700,P029,1,190.43,0.05,113.63
O0011701,P060,1,245.66,0.0,178.65
O0011702,P049,1,81.38,0.05,39.08
O0011703,P112,1,61.3,0.05,38.75
O0011703,P052,2,113.23,0.05,86.85
O0011704,P002,1,2424.32,0.0,1498.74
O0011705,P013,2,536.88,0.0,353.71
O0011706,P034,1,698.11,0.03,348.99
O0011707,P066,2,492.93,0.0,262.17
O0011708,P111,1,42.7,0.08,31.78
O0011709,P090,1,176.28,0.03,92.32
O0011710,P033,2,116.17,0.0,53.69
O0011710,P101,1,28.51,0.0,17.84
O0011711,P037,2,38.54,0.0,20.72
O0011712,P027,1,657.88,0.03,381.53
O0011712,P044,1,314.55,0.0,219.75
O0011713,P087,1,589.73,0.0,420.64
O0011714,P003,1,1280.38,0.08,672.79
O0011714,P062,1,1449.18,0.03,1069.2
O0011715,P019,2,2209.42,0.0,1407.21
O0011716,P059,2,161.37,0.0,94.98
O0011716,P109,1,177.91,0.0,113.31
O0011717,P021,1,363.35,0.05,201.35
O0011718,P078,2,826.02,0.0,662.68
O0011719,P084,2,463.24,0.12,335.62
O0011720,P040,2,316.13,0.05,170.58
O0011720,P063,1,223.26,0.03,105.27
O0011721,P074,1,71.39,0.12,42.33
O0011721,P070,2,54.84,0.05,28.94
O0011721,P118,1,77.3,0.12,48.1
O0011721,P021,1,339.05,0.0,202.76
O0011722,P002,1,2442.71,0.05,1531.5
O0011722,P114,2,138.6,0.08,63.16
O0011723,P106,1,215.2,0.0,132.4
O0011724,P065,1,1025.84,0.08,620.64
O0011724,P092,1,658.93,0.0,397.18
O0011724,P006,1,1992.84,0.0,1117.71
O0011725,P015,1,1154.53,0.12,731.13
O0011726,P078,3,901.41,0.08,666.87
O0011727,P033,1,114.31,0.05,53.91
O0011728,P086,1,438.26,0.12,327.62
O0011728,P120,1,150.85,0.0,92.28
O0011729,P059,1,159.98,0.05,92.48
O0011730,P014,4,227.13,0.12,165.91
O0011731,P031,1,420.48,0.0,285.17
O0011732,P045,3,314.95,0.0,219.46
O0011733,P033,1,117.67,0.03,52.55
O0011733,P014,2,223.24,0.03,171.19
O0011734,P035,1,590.83,0.0,392.75
O0011734,P033,2,117.86,0.05,52.64
O0011735,P060,3,268.54,0.03,181.36
O0011736,P069,2,1469.56,0.05,818.17
O0011737,P074,2,73.45,0.15,41.38
O0011737,P031,1,439.73,0.05,281.65
O0011738,P025,1,449.88,0.0,325.54
O0011739,P092,2,622.95,0.08,403.66
O0011740,P060,1,251.68,0.0,177.68
O0011741,P042,2,197.3,0.0,119.66
O0011742,P007,2,532.63,0.08,288.03
O0011743,P059,1,161.88,0.0,95.38
O0011744,P053,1,86.22,0.0,40.89
O0011745,P032,1,186.6,0.0,100.69
O0011746,P060,3,262.15,0.03,176.9
O0011747,P035,1,571.25,0.05,379.78
O0011748,P002,1,2486.77,0.05,1475.4
O0011748,P079,1,778.83,0.12,358.91
O0011748,P062,1,1479.49,0.0,1075.71
O0011749,P024,1,176.7,0.05,100.2
O0011749,P013,2,543.79,0.0,365.55
O0011749,P081,1,357.8,0.0,191.37
O0011750,P118,1,78.94,0.03,49.35
O0011750,P102,1,219.24,0.0,144.34
O0011751,P028,1,661.6,0.12,396.84
O0011751,P087,1,570.66,0.0,410.03
O0011752,P075,4,1045.02,0.12,600.33
O0011753,P009,1,118.34,0.0,86.23
O0011753,P046,1,285.97,0.08,198.33
O0011753,P031,1,436.94,0.0,288.56
O0011753,P034,4,664.25,0.0,335.35
O0011754,P064,1,568.08,0.05,343.74
O0011754,P014,2,230.78,0.0,161.77
O0011755,P055,2,453.65,0.03,265.43
O0011756,P049,2,75.6,0.03,39.53
O0011757,P017,1,1918.02,0.0,852.32
O0011758,P117,2,130.71,0.0,93.24
O0011759,P050,1,242.2,0.0,143.89
O0011760,P026,1,169.19,0.0,87.09
O0011761,P041,1,101.83,0.08,53.69
O0011762,P056,1,386.07,0.12,264.11
O0011763,P109,1,171.99,0.05,110.36
O0011763,P007,1,570.32,0.0,302.67
O0011764,P020,1,495.24,0.05,371.76
O0011764,P051,1,203.63,0.05,95.67
O0011764,P103,1,166.51,0.0,124.21
O0011764,P022,1,383.26,0.0,247.31
O0011765,P045,1,315.44,0.05,209.08
O0011766,P078,1,848.71,0.08,649.48
O0011766,P115,2,94.46,0.0,53.04
O0011766,P076,1,258.54,0.0,137.68
O0011766,P096,1,513.95,0.05,349.62
O0011767,P052,1,123.84,0.08,85.69
O0011767,P112,1,60.28,0.12,37.16
O0011768,P030,2,214.09,0.0,153.02
O0011769,P095,1,614.78,0.0,305.15
O0011770,P003,3,1258.74,0.03,654.8
O0011771,P068,1,1112.68,0.05,673.44
O0011771,P015,1,1235.69,0.05,724.53
O0011772,P077,2,45.85,0.0,28.57
O0011772,P088,1,98.16,0.03,55.78
O0011773,P007,1,539.78,0.0,295.12
O0011774,P058,1,561.54,0.0,296.92
O0011775,P063,3,215.81,0.0,105.21
O0011776,P020,1,526.61,0.0,366.07
O0011777,P029,3,182.04,0.0,111.7
O0011778,P046,2,271.78,0.0,194.29
O0011778,P117,2,131.14,0.05,95.7
O0011779,P035,1,593.81,0.0,393.47
O0011780,P029,1,185.38,0.08,112.41
O0011781,P015,2,1172.5,0.03,742.86
O0011782,P093,2,235.21,0.0,111.65
O0011782,P001,1,293.88,0.0,145.85
O0011782,P036,1,255.82,0.03,174.56
O0011783,P119,4,150.45,0.08,79.93
O0011784,P081,1,337.77,0.08,187.31
O0011784,P103,1,168.63,0.0,124.36
O0011785,P043,2,138.69,0.0,73.13
O0011786,P008,2,1799.56,0.0,1056.92
O0011787,P081,2,356.07,0.0,183.3
O0011788,P084,1,480.39,0.15,331.8
O0011789,P100,2,296.48,0.03,182.6
O0011790,P119,1,139.56,0.15,79.08
O0011791,P090,1,184.29,0.0,95.66
O0011792,P023,3,281.27,0.0,126.86
O0011793,P093,4,244.82,0.05,111.07
O0011794,P021,2,353.19,0.0,207.82
O0011795,P056,2,359.48,0.03,261.59
O0011796,P032,1,199.31,0.03,101.07
O0011797,P046,1,272.24,0.0,194.8
O0011798,P109,1,169.77,0.0,109.5
O0011799,P013,1,578.04,0.0,367.4
O0011800,P084,1,448.85,0.08,334.8
O0011801,P113,1,114.37,0.0,80.73
O0011802,P060,3,259.0,0.03,173.07
O0011803,P089,1,222.99,0.08,106.24
O0011803,P117,2,124.15,0.0,92.4
O0011804,P001,1,288.5,0.0,151.1
O0011804,P007,4,541.24,0.0,300.29
O0011805,P036,1,262.37,0.0,176.63
O0011806,P044,1,342.45,0.0,227.84
O0011807,P093,1,246.86,0.08,110.3
O0011807,P070,1,56.15,0.0,28.22
O0011808,P116,1,97.85,0.05,50.52
O0011808,P011,1,1276.16,0.12,774.19
O0011809,P095,2,578.23,0.12,309.16
O0011810,P094,1,348.42,0.05,186.68
O0011810,P104,1,223.39,0.0,131.26
O0011810,P098,1,31.72,0.12,23.7
O0011810,P101,3,30.41,0.0,17.33
O0011811,P047,1,313.12,0.12,205.3
O0011812,P055,1,465.89,0.0,270.57
O0011813,P015,1,1163.65,0.0,735.59
O0011814,P077,2,49.93,0.12,27.51
O0011814,P082,3,113.13,0.0,66.26
O0011815,P116,1,102.95,0.0,49.98
O0011816,P007,2,575.79,0.03,293.51
O0011816,P096,2,528.22,0.0,347.09
O0011817,P047,1,296.5,0.0,203.36
O0011818,P071,3,747.15,0.0,341.45
O0011819,P045,4,326.03,0.05,213.13
O0011820,P003,2,1232.52,0.0,668.83
O0011820,P031,1,422.19,0.05,279.49
O0011821,P066,1,477.61,0.0,260.13
O0011822,P051,1,193.91,0.05,98.45
O0011823,P047,1,313.22,0.12,197.3
O0011823,P019,1,2044.54,0.03,1438.14
O0011824,P070,1,52.35,0.0,27.55
O0011825,P022,1,391.77,0.0,256.28
O0011826,P102,1,211.96,0.05,147.47
O0011827,P054,1,151.71,0.0,78.66
O0011828,P062,2,1439.28,0.0,1046.53
O0011829,P002,3,2413.98,0.0,1510.03
O0011829,P117,1,122.35,0.0,94.88
O0011830,P040,3,330.39,0.0,168.33
O0011830,P047,3,294.31,0.0,200.92
O0011831,P109,2,177.52,0.0,112.67
O0011832,P008,1,1844.81,0.0,1088.72
O0011833,P071,1,742.24,0.05,343.37
O0011834,P099,1,156.61,0.0,102.61
O0011835,P115,1,90.44,0.0,51.55
O0011836,P062,1,1459.56,0.03,1089.6
O0011836,P053,3,83.59,0.12,40.76
O0011836,P082,1,119.61,0.12,65.39
O0011837,P014,2,239.8,0.08,167.94
O0011838,P080,1,1007.5,0.03,672.25
O0011839,P024,1,190.8,0.03,96.57
O0011839,P083,1,240.73,0.0,119.26
O0011840,P104,2,223.35,0.0,134.03
O0011840,P100,1,289.1,0.05,188.62
O0011840,P062,1,1503.2,0.0,1073.36
O0011841,P105,1,157.22,0.08,96.69
O0011842,P095,1,609.28,0.0,304.91
O0011842,P104,1,214.76,0.03,136.54
O0011843,P062,1,1520.14,0.05,1061.02
O0011843,P080,1,981.0,0.0,675.29
O0011844,P003,1,1240.01,0.03,665.78
O0011845,P111,1,43.62,0.0,30.93
O0011846,P002,2,2494.56,0.0,1528.66
O0011847,P056,2,388.78,0.0,263.63
O0011848,P031,1,439.3,0.05,287.38
O0011849,P087,1,573.73,0.0,412.28
O0011850,P118,2,76.96,0.03,47.43
O0011851,P106,1,203.68,0.0,134.49
O0011851,P078,1,826.1,0.12,648.45
O0011852,P051,1,193.33,0.0,95.57
O0011852,P026,1,165.37,0.08,82.81
O0011853,P040,2,332.43,0.0,164.29
O0011854,P039,1,371.77,0.0,172.77
O0011855,P117,1,132.77,0.05,93.35
O0011855,P094,1,357.59,0.0,192.06
O0011856,P112,1,60.67,0.0,37.17
O0011857,P023,1,282.08,0.03,126.13
O0011858,P041,1,106.73,0.0,54.36
O0011859,P109,2,163.91,0.08,110.96
O0011860,P010,1,1093.79,0.0,590.59
O0011860,P005,2,2110.69,0.0,1305.31
O0011860,P099,1,156.39,0.0,99.81
O0011861,P048,1,531.4,0.12,295.72
O0011862,P031,4,438.32,0.0,287.23
O0011863,P091,2,239.13,0.0,164.71
O0011863,P058,1,562.31,0.08,299.03
O0011864,P117,1,128.85,0.0,93.38
O0011865,P073,1,612.91,0.08,303.48
O0011866,P061,2,84.36,0.12,43.71
O0011866,P090,1,178.02,0.0,92.8
O0011866,P009,2,113.85,0.08,83.6
O0011867,P020,1,513.68,0.03,374.18
O0011868,P006,3,1992.63,0.0,1113.9
O0011869,P095,1,622.55,0.08,311.68
O0011869,P019,1,2045.84,0.0,1407.7
O0011870,P076,2,269.95,0.05,135.17
O0011870,P013,1,546.66,0.0,367.59
O0011871,P036,1,258.59,0.0,180.08
O0011872,P046,1,266.8,0.0,202.37
O0011873,P061,2,82.99,0.12,42.67
O0011873,P048,3,534.01,0.0,293.05
O0011874,P004,2,1759.39,0.0,924.0
O0011875,P032,1,186.94,0.08,97.78
O0011876,P033,3,115.83,0.0,51.01
O0011876,P066,1,481.99,0.05,271.23
O0011877,P023,4,284.06,0.0,128.01
O0011877,P024,2,183.92,0.12,98.31
O0011878,P097,1,324.8,0.05,207.99
O0011879,P030,2,205.57,0.0,154.7
O0011880,P018,1,1861.9,0.0,1269.39
O0011881,P010,1,1133.14,0.0,602.72
O0011881,P043,1,127.7,0.0,73.38
O0011882,P049,1,77.67,0.05,38.94
O0011883,P029,2,197.44,0.0,112.77
O0011884,P025,1,489.74,0.0,333.2
O0011884,P002,1,2409.57,0.05,1541.25
O0011884,P052,2,118.78,0.03,88.68
O0011885,P108,1,44.04,0.0,20.08
O0011886,P039,1,369.7,0.0,169.92
O0011887,P044,1,318.61,0.0,221.95
O0011888,P043,1,137.67,0.08,74.26
O0011889,P004,1,1866.5,0.03,952.36
O0011890,P023,2,268.64,0.0,125.76
O0011891,P024,1,190.4,0.0,100.77
O0011892,P016,2,1416.17,0.12,991.11
O0011893,P028,1,627.82,0.0,408.31
O0011894,P057,1,220.43,0.03,114.35
O0011895,P064,3,563.74,0.0,340.02
O0011895,P032,1,202.58,0.05,98.96
O0011896,P077,1,48.08,0.0,27.88
O0011897,P024,1,178.63,0.0,96.72
O0011898,P006,1,1945.87,0.12,1134.03
O0011899,P086,1,463.27,0.08,336.55
O0011900,P064,2,530.69,0.0,342.67
O0011901,P030,1,214.3,0.0,155.83
O0011902,P093,1,243.28,0.05,113.18
O0011902,P078,1,840.64,0.0,636.04
O0011903,P064,1,531.45,0.03,339.72
O0011904,P027,1,659.22,0.05,373.2
O0011905,P092,2,611.8,0.03,388.51
O0011905,P061,2,82.51,0.05,42.71
O0011906,P076,3,265.36,0.0,139.4
O0011906,P108,1,44.79,0.08,19.61
O0011907,P009,1,113.79,0.08,85.19
O0011908,P034,1,703.65,0.12,339.65
O0011909,P040,2,322.62,0.0,162.94
O0011910,P116,4,99.47,0.05,50.5
O0011910,P040,1,319.01,0.15,166.24
O0011910,P063,1,214.99,0.0,99.4
O0011911,P105,1,162.14,0.05,101.25
O0011911,P042,1,197.16,0.05,122.76
O0011912,P113,1,114.2,0.0,80.16
O0011913,P080,1,1030.25,0.0,693.09
O0011914,P098,1,31.86,0.0,23.03
O0011914,P011,2,1301.63,0.0,750.79
O0011915,P099,2,157.65,0.03,100.88
O0011916,P011,1,1237.78,0.03,783.79
O0011917,P068,2,1111.33,0.0,644.68
O0011918,P053,1,86.4,0.0,41.67
O0011918,P113,2,106.58,0.0,82.42
O0011918,P068,1,1198.82,0.0,637.16
O0011918,P070,1,54.56,0.08,28.61
O0011919,P025,1,476.95,0.0,343.13
O0011919,P056,1,371.58,0.03,250.08
O0011920,P029,1,196.19,0.0,109.4
O0011920,P085,4,294.54,0.0,197.68
O0011921,P006,3,1874.68,0.05,1148.12
O0011922,P008,1,1859.39,0.0,1103.11
O0011923,P025,1,477.42,0.0,343.03
O0011924,P120,1,138.71,0.03,90.03
O0011925,P079,1,773.0,0.0,366.18
O0011926,P077,1,47.96,0.0,27.93
O0011927,P071,1,714.88,0.08,341.62
O0011928,P027,2,622.29,0.0,381.9
O0011929,P090,1,168.71,0.0,92.34
O0011930,P065,2,1044.52,0.0,621.75
O0011931,P063,1,214.39,0.0,101.3
O0011932,P030,1,211.82,0.03,151.41
O0011933,P004,2,1852.9,0.05,908.17
O0011933,P036,1,245.96,0.08,175.64
O0011933,P064,1,572.85,0.0,344.15
O0011933,P114,1,132.23,0.08,61.28
O0011934,P039,3,360.01,0.0,171.08
O0011935,P051,1,190.14,0.05,97.13
O0011936,P017,1,1795.58,0.05,872.32
O0011937,P037,1,36.73,0.0,21.75
O0011938,P053,1,89.53,0.08,42.76
O0011938,P086,2,460.77,0.0,327.82
O0011939,P056,1,360.45,0.03,250.87
O0011939,P097,1,316.58,0.03,217.58
O0011940,P011,1,1283.96,0.05,789.63
O0011941,P010,1,1165.47,0.0,610.38
O0011941,P044,1,328.66,0.0,223.04
O0011941,P049,1,76.55,0.12,39.8
O0011942,P111,1,41.05,0.0,32.1
O0011942,P031,1,419.89,0.0,278.79
O0011943,P049,1,78.28,0.0,39.83
O0011943,P011,1,1306.62,0.03,760.73
O0011944,P025,4,469.29,0.08,334.25
O0011945,P016,2,1392.23,0.0,966.08
O0011946,P053,1,82.57,0.0,41.72
O0011947,P041,1,102.83,0.0,55.48
O0011948,P064,1,521.9,0.05,328.18
O0011949,P118,1,80.22,0.0,49.59
O0011950,P105,1,149.58,0.05,99.76
O0011951,P082,2,115.72,0.0,66.17
O0011952,P041,1,106.83,0.05,52.96
O0011953,P004,1,1806.46,0.0,948.44
O0011954,P037,1,35.97,0.0,21.87
O0011954,P026,1,170.36,0.08,85.72
O0011955,P026,2,161.87,0.0,86.92
O0011956,P066,4,477.73,0.03,270.07
O0011957,P004,1,1874.44,0.0,914.31
O0011958,P020,1,513.45,0.03,371.78
O0011959,P095,2,623.04,0.0,301.35
O0011960,P007,2,538.76,0.0,302.5
O0011960,P112,1,59.02,0.05,38.4
O0011961,P002,2,2540.59,0.0,1490.68
O0011961,P085,1,275.68,0.0,206.72
O0011962,P041,1,101.66,0.0,52.61
O0011963,P019,1,2197.72,0.05,1401.21
O0011964,P041,1,100.83,0.12,53.81
O0011964,P073,2,582.92,0.05,298.58
O0011964,P108,2,42.88,0.15,20.08
O0011965,P031,2,438.1,0.0,292.4
O0011966,P043,1,134.27,0.05,76.2
O0011966,P104,1,228.12,0.0,130.67
O0011966,P012,1,2254.92,0.03,1346.93
O0011967,P106,1,215.13,0.08,131.85
O0011968,P094,1,361.98,0.08,191.59
O0011969,P012,1,2266.59,0.0,1404.6
O0011970,P023,2,279.4,0.03,125.38
O0011971,P088,3,102.37,0.05,53.64
O0011972,P079,2,765.58,0.0,360.72
O0011973,P015,2,1221.77,0.03,764.53
O0011974,P032,1,204.3,0.0,100.25
O0011974,P021,1,340.26,0.05,203.34
O0011975,P116,1,101.32,0.03,49.54
O0011976,P012,3,2204.76,0.0,1342.78
O0011976,P096,1,526.03,0.03,342.07
O0011976,P114,1,141.21,0.05,62.91
O0011977,P024,1,184.06,0.05,96.81
O0011978,P088,1,96.55,0.08,54.01
O0011979,P074,1,74.95,0.0,41.05
O0011979,P065,1,1022.57,0.0,614.69
O0011980,P036,2,257.75,0.08,181.04
O0011981,P011,1,1333.77,0.0,782.35
O0011981,P021,1,356.63,0.0,200.87
O0011982,P007,2,526.49,0.0,288.77
O0011983,P099,1,165.7,0.0,104.57
O0011984,P083,1,250.28,0.0,124.42
O0011984,P013,1,544.35,0.08,364.29
O0011984,P051,1,202.18,0.0,96.15
O0011985,P070,1,53.22,0.0,28.46
O0011985,P010,1,1199.2,0.0,605.88
O0011985,P036,2,242.12,0.03,174.24
O0011985,P105,1,149.47,0.05,101.28
O0011986,P099,3,162.31,0.12,102.16
O0011987,P036,1,239.34,0.0,178.41
O0011987,P029,1,187.33,0.12,112.36
O0011987,P034,1,694.18,0.08,348.5
O0011988,P094,3,358.03,0.0,189.41
O0011988,P005,2,2225.81,0.05,1364.72
O0011989,P040,1,331.56,0.0,163.1
O0011990,P073,1,602.55,0.05,306.46
O0011991,P078,1,889.59,0.05,663.72
O0011992,P049,1,82.39,0.0,38.73
O0011993,P075,1,996.11,0.0,596.34
O0011993,P022,1,382.81,0.0,256.48
O0011993,P113,2,108.44,0.05,79.11
O0011994,P058,3,593.92,0.03,302.22
O0011995,P100,2,300.96,0.05,181.4
O0011995,P118,2,76.31,0.05,49.56
O0011996,P067,3,915.59,0.15,539.01
O0011997,P094,1,361.87,0.0,191.98
O0011998,P110,1,55.4,0.05,27.06
O0011998,P067,1,882.42,0.0,558.14
O0011998,P023,2,287.09,0.08,128.34
O0011999,P057,1,219.88,0.05,111.8
O0012000,P100,1,295.84,0.05,180.79
O0012001,P046,3,268.79,0.08,199.16
O0012002,P023,1,265.99,0.0,130.9
O0012002,P046,1,276.27,0.08,198.82
O0012003,P053,1,81.71,0.0,42.01
O0012004,P078,1,867.07,0.12,638.52
O0012005,P114,1,130.05,0.0,63.37
O0012006,P031,1,442.88,0.0,288.2
O0012007,P047,1,322.3,0.0,199.44
O0012008,P075,1,1068.74,0.12,601.15
O0012009,P031,2,450.99,0.08,287.38
O0012010,P084,1,439.34,0.05,327.95
O0012011,P075,1,990.59,0.0,609.47
O0012011,P007,3,571.58,0.08,299.67
O0012011,P073,1,596.91,0.0,300.62
O0012012,P061,1,82.9,0.0,43.32
O0012013,P083,1,242.72,0.0,124.36
O0012013,P037,1,38.01,0.05,21.89
O0012014,P049,2,81.34,0.08,39.15
O0012014,P116,1,98.09,0.0,51.43
O0012014,P107,2,223.35,0.03,147.58
O0012015,P001,1,290.06,0.0,151.47
O0012015,P016,1,1380.74,0.0,955.46
O0012016,P093,2,244.55,0.03,111.27
O0012016,P069,1,1473.2,0.03,828.4
O0012017,P108,1,43.52,0.0,19.61
O0012018,P008,1,1871.68,0.0,1048.99
O0012019,P003,2,1229.22,0.0,656.27
O0012019,P045,1,321.26,0.15,210.95
O0012020,P092,1,640.79,0.0,388.2
O0012020,P040,1,339.92,0.05,163.11
O0012021,P099,1,151.93,0.0,101.87
O0012022,P065,1,1008.89,0.0,618.23
O0012023,P017,1,1946.36,0.12,877.33
O0012023,P051,1,187.33,0.12,96.95
O0012024,P082,1,116.46,0.03,65.78
O0012025,P040,2,329.01,0.05,163.64
O0012025,P095,3,582.42,0.0,307.46
O0012025,P017,1,1811.43,0.0,877.66
O0012026,P023,1,288.53,0.0,129.1
O0012027,P012,1,2204.78,0.03,1363.95
O0012028,P101,1,30.42,0.03,17.56
O0012029,P074,1,74.11,0.0,41.15
O0012030,P086,1,435.25,0.05,327.96
O0012031,P053,1,86.33,0.0,41.74
O0012032,P116,1,105.54,0.08,49.63
O0012033,P010,2,1151.31,0.12,605.45
O0012034,P085,2,281.76,0.0,204.22
O0012035,P087,2,566.74,0.0,412.76
O0012036,P020,1,519.67,0.05,360.08
O0012036,P033,2,110.73,0.05,53.23
O0012037,P016,3,1488.04,0.15,999.96
O0012037,P019,1,2203.77,0.0,1464.04
O0012038,P103,2,160.47,0.0,127.01
O0012039,P023,2,275.13,0.0,132.54
O0012039,P101,1,28.97,0.0,17.83
O0012039,P099,2,156.21,0.03,105.27
O0012040,P040,1,328.7,0.0,167.95
O0012041,P021,2,336.54,0.0,199.62
O0012042,P018,2,1811.64,0.0,1287.8
O0012042,P040,1,338.58,0.0,171.11
O0012043,P054,1,145.08,0.05,80.96
O0012044,P056,1,356.57,0.12,252.82
O0012045,P039,1,387.27,0.0,180.29
O0012046,P004,1,1708.44,0.08,954.2
O0012047,P053,2,87.18,0.0,42.64
O0012048,P057,2,215.53,0.0,113.88
O0012049,P031,1,451.56,0.0,289.18
O0012050,P090,1,181.69,0.08,96.27
O0012051,P021,1,349.72,0.0,202.0
O0012051,P069,1,1401.12,0.0,825.14
O0012051,P075,1,1013.54,0.0,583.37
O0012052,P051,1,186.82,0.03,96.0
O0012052,P086,1,467.07,0.0,331.82
O0012053,P003,1,1233.39,0.05,658.4
O0012054,P038,1,214.49,0.0,154.09
O0012055,P064,1,548.67,0.0,326.43
O0012055,P084,1,463.79,0.0,324.77
O0012056,P095,1,593.41,0.08,304.81
O0012057,P084,3,467.71,0.05,337.49
O0012058,P034,1,674.23,0.08,340.74
O0012058,P090,1,172.31,0.12,94.73
O0012059,P001,1,284.68,0.12,150.1
O0012060,P022,1,384.14,0.0,244.99
O0012061,P001,2,293.11,0.12,146.47
O0012061,P043,1,128.24,0.0,76.24
O0012062,P117,1,123.15,0.0,92.55
O0012062,P062,2,1516.83,0.0,1043.05
O0012063,P012,1,2234.09,0.05,1399.82
O0012064,P027,3,598.6,0.08,381.02
O0012065,P113,2,116.2,0.0,80.63
O0012066,P102,1,208.89,0.0,152.06
O0012067,P061,1,80.62,0.05,42.23
O0012068,P010,1,1161.41,0.0,595.06
O0012069,P097,1,313.6,0.0,207.4
O0012070,P091,2,232.62,0.0,158.51
O0012071,P066,2,473.99,0.0,264.4
O0012072,P022,1,392.69,0.0,250.24
O0012073,P011,1,1347.48,0.0,774.87
O0012074,P022,2,404.52,0.08,257.3
O0012074,P068,2,1193.28,0.05,659.58
O0012074,P001,1,289.84,0.05,150.66
O0012075,P105,2,160.67,0.08,99.15
O0012076,P027,1,603.2,0.08,385.62
O0012077,P087,1,591.89,0.08,419.62
O0012078,P033,1,113.01,0.12,51.9
O0012079,P091,1,239.18,0.08,162.29
O0012079,P014,1,220.84,0.0,170.9
O0012080,P002,1,2443.51,0.0,1466.92
O0012081,P030,1,202.27,0.0,156.3
O0012082,P014,1,237.18,0.03,167.29
O0012083,P004,1,1814.33,0.05,948.73
O0012083,P008,1,1769.27,0.0,1107.12
O0012083,P086,1,434.13,0.0,338.53
O0012084,P085,1,289.79,0.03,196.62
O0012085,P046,2,276.05,0.0,196.86
O0012086,P071,2,755.6,0.0,353.62
O0012087,P107,2,220.23,0.0,143.92
O0012088,P021,1,358.25,0.0,200.19
O0012089,P007,1,558.18,0.0,296.28
O0012090,P080,1,980.67,0.0,665.34
O0012091,P032,2,197.24,0.05,98.96
O0012092,P044,1,344.25,0.0,219.73
O0012092,P079,1,741.89,0.0,354.7
O0012092,P108,3,45.16,0.0,19.97
O0012093,P027,1,644.39,0.12,373.83
O0012093,P073,1,582.21,0.0,306.17
O0012094,P083,1,244.27,0.03,121.05
O0012095,P036,2,239.05,0.0,180.27
O0012096,P082,1,120.46,0.05,67.67
O0012097,P015,1,1183.63,0.0,725.62
O0012097,P116,2,106.61,0.0,50.38
O0012098,P034,1,701.2,0.0,339.13
O0012099,P038,1,204.78,0.0,158.43
O0012100,P032,1,201.81,0.0,99.93
O0012101,P057,1,216.55,0.0,109.23
O0012101,P012,1,2150.24,0.0,1400.44
O0012102,P013,1,586.38,0.0,367.95
O0012102,P077,3,48.29,0.0,28.13
O0012103,P105,1,153.89,0.0,100.94
O0012104,P107,1,217.12,0.0,146.51
O0012105,P019,3,2067.83,0.0,1477.27
O0012106,P023,1,268.56,0.0,128.85
O0012107,P037,4,39.28,0.0,21.44
O0012108,P105,1,160.45,0.0,96.87
O0012108,P004,1,1862.22,0.03,938.2
O0012109,P031,1,437.6,0.03,281.26
O0012110,P116,2,98.15,0.0,50.73
O0012111,P036,1,246.52,0.0,175.8
O0012111,P070,1,53.15,0.03,28.34
O0012111,P054,1,145.3,0.0,80.82
O0012111,P034,1,678.89,0.0,334.03
O0012112,P056,1,373.48,0.0,261.81
O0012112,P086,1,470.22,0.0,332.53
O0012113,P097,2,315.87,0.0,218.44
O0012114,P092,2,661.35,0.0,396.66
O0012114,P005,1,2198.49,0.0,1341.37
O0012114,P026,1,169.58,0.05,84.29
O0012115,P019,1,2199.73,0.05,1438.59
O0012115,P028,2,627.1,0.0,406.04
O0012115,P055,2,483.43,0.03,266.94
O0012116,P099,1,162.37,0.0,103.01
O0012117,P031,2,421.09,0.0,280.02
O0012117,P005,1,2160.96,0.0,1304.98
O0012118,P068,1,1206.69,0.0,647.69
O0012119,P012,1,2304.35,0.03,1349.37
O0012119,P021,1,333.94,0.12,206.07
O0012120,P068,3,1116.37,0.08,648.04
O0012121,P005,1,2073.59,0.0,1340.01
O0012121,P096,1,553.79,0.0,349.42
O0012122,P092,1,610.99,0.0,385.49
O0012123,P043,1,139.02,0.05,74.43
O0012124,P104,1,217.49,0.0,135.09
O0012125,P032,1,202.59,0.0,98.56
O0012126,P100,1,311.3,0.0,189.21
O0012126,P062,1,1407.98,0.0,1105.27
O0012127,P034,3,699.73,0.0,339.54
O0012128,P074,2,70.93,0.0,41.66
O0012128,P118,2,74.55,0.0,48.02
O0012129,P009,1,120.39,0.05,82.11
O0012129,P046,1,261.57,0.0,194.55
O0012130,P020,3,526.75,0.0,362.12
O0012130,P105,1,156.98,0.12,96.75
O0012131,P085,1,272.19,0.0,199.86
O0012131,P014,3,226.25,0.08,167.6
O0012131,P089,1,227.97,0.08,106.25
O0012132,P118,1,80.04,0.08,48.87
O0012132,P114,2,131.64,0.0,63.21
O0012133,P074,1,77.88,0.03,40.71
O0012133,P116,2,99.08,0.0,50.27
O0012134,P038,1,198.58,0.0,155.38
O0012135,P084,1,453.53,0.05,330.1
O0012135,P004,1,1811.42,0.05,907.64
O0012136,P032,1,187.71,0.0,98.67
O0012137,P026,1,174.34,0.0,82.16
O0012137,P080,1,951.34,0.05,664.05
O0012137,P062,2,1535.34,0.0,1093.76
O0012138,P082,2,110.55,0.03,66.85
O0012139,P001,1,309.75,0.08,153.26
O0012140,P013,2,564.09,0.0,353.45
O0012141,P005,1,2050.41,0.0,1307.82
O0012142,P105,1,160.23,0.0,98.55
O0012143,P041,1,102.02,0.08,52.58
O0012144,P093,3,233.28,0.0,113.09
O0012145,P009,1,120.29,0.0,86.22
O0012146,P114,1,137.6,0.0,63.42
O0012147,P110,1,52.31,0.05,27.72
O0012148,P004,2,1794.02,0.05,913.99
O0012149,P007,1,558.83,0.0,291.54
O0012150,P032,1,197.15,0.0,102.19
O0012151,P043,2,132.17,0.12,74.65
O0012152,P108,1,41.81,0.05,20.27
O0012153,P004,1,1865.55,0.03,920.77
O0012154,P104,1,216.28,0.0,137.0
O0012154,P046,2,276.3,0.0,193.03
O0012154,P035,1,582.8,0.08,381.2
O0012155,P102,3,213.77,0.0,145.39
O0012156,P051,1,190.32,0.03,93.45
O0012156,P056,1,367.94,0.0,264.77
O0012157,P045,1,312.36,0.05,210.62
O0012158,P028,2,613.01,0.0,411.27
O0012159,P082,1,117.72,0.0,66.35
O0012160,P014,2,232.38,0.0,170.26
O0012160,P043,1,128.5,0.03,73.09
O0012161,P113,1,114.5,0.0,78.15
O0012161,P019,1,2146.1,0.12,1440.02
O0012162,P038,1,212.94,0.03,154.42
O0012162,P013,1,587.12,0.15,370.3
O0012163,P097,1,323.06,0.12,216.27
O0012164,P050,1,237.79,0.05,146.29
O0012165,P104,2,212.09,0.0,135.02
O0012166,P041,1,102.19,0.0,52.33
O0012167,P100,1,284.25,0.05,183.08
O0012168,P014,1,239.89,0.0,168.73
O0012169,P031,1,449.23,0.0,284.87
O0012169,P027,1,637.69,0.15,375.44
O0012169,P051,1,201.59,0.0,98.25
O0012169,P046,1,278.16,0.03,192.5
O0012170,P069,1,1433.03,0.0,821.22
O0012171,P070,1,51.06,0.03,28.38
O0012171,P089,1,225.43,0.05,106.44
O0012172,P057,1,215.83,0.12,114.54
O0012172,P019,2,2011.87,0.0,1399.99
O0012173,P001,1,291.87,0.0,151.76
O0012174,P059,2,166.09,0.0,94.57
O0012175,P098,1,32.16,0.0,23.17
O0012175,P056,1,355.57,0.0,265.41
O0012175,P048,2,504.23,0.0,304.07
O0012176,P040,1,341.76,0.12,169.29
O0012177,P100,1,290.86,0.03,187.51
O0012178,P047,1,321.17,0.0,197.34
O0012178,P110,2,51.5,0.0,28.11
O0012178,P007,1,554.91,0.05,304.29
O0012179,P033,1,116.06,0.0,51.39
O0012179,P046,1,272.13,0.12,198.78
O0012180,P001,1,310.75,0.03,149.97
O0012180,P017,2,1841.07,0.03,855.06
O0012180,P031,1,421.06,0.03,281.77
O0012181,P043,1,133.86,0.03,73.88
O0012182,P026,1,163.84,0.03,86.06
O0012183,P085,1,295.68,0.08,205.11
O0012184,P004,1,1838.67,0.0,945.04
O0012184,P035,1,579.77,0.03,388.43
O0012185,P089,2,232.49,0.0,106.52
O0012185,P090,1,178.09,0.12,97.4
O0012186,P065,3,1022.95,0.0,624.56
O0012187,P066,1,455.18,0.0,263.11
O0012188,P066,1,482.97,0.0,264.84
O0012188,P102,1,216.46,0.0,144.92
O0012188,P003,1,1244.44,0.0,641.07
O0012188,P074,1,77.62,0.0,40.71
O0012189,P021,1,359.5,0.0,200.14
O0012189,P039,2,356.47,0.12,174.3
O0012189,P119,3,137.25,0.0,76.62
O0012190,P042,1,198.38,0.05,116.5
O0012191,P025,1,471.13,0.05,325.58
O0012191,P096,1,548.85,0.0,354.51
O0012191,P027,1,612.65,0.0,381.77
O0012192,P023,2,273.27,0.0,126.96
O0012192,P053,1,85.14,0.0,40.64
O0012192,P071,2,757.03,0.05,349.04
O0012192,P081,3,328.14,0.0,194.13
O0012193,P119,2,138.93,0.05,80.64
O0012194,P009,1,116.39,0.0,83.47
O0012195,P002,1,2385.92,0.08,1507.88
O0012196,P023,2,274.52,0.03,126.58
O0012197,P102,1,211.14,0.0,144.1
O0012198,P113,3,111.62,0.08,81.2
O0012199,P039,1,382.98,0.03,172.02
O0012199,P067,1,902.16,0.08,554.95
O0012200,P056,1,387.08,0.05,250.61
O0012200,P021,2,338.79,0.08,202.37
O0012200,P031,1,451.9,0.0,286.59
O0012201,P012,1,2348.72,0.0,1392.59
O0012202,P037,1,37.5,0.08,20.7
O0012202,P075,1,1063.91,0.0,611.16
O0012203,P052,1,121.67,0.0,85.91
O0012204,P060,1,265.09,0.08,176.64
O0012205,P015,1,1156.57,0.0,733.12
O0012206,P078,2,850.64,0.0,639.45
O0012207,P061,1,85.57,0.0,43.39
O0012207,P066,1,468.47,0.0,260.93
O0012208,P087,3,568.54,0.15,408.92
O0012208,P063,2,223.12,0.0,104.39
O0012209,P019,1,2101.93,0.0,1408.72
O0012210,P102,1,212.18,0.0,147.83
O0012211,P099,1,156.97,0.0,101.73
O0012211,P037,1,38.84,0.0,21.44
O0012212,P098,1,32.14,0.0,23.53
O0012212,P048,2,503.91,0.08,293.58
O0012213,P083,1,240.27,0.0,122.43
O0012214,P031,1,421.44,0.12,288.23
O0012215,P025,1,462.2,0.12,331.12
O0012215,P070,1,52.82,0.05,28.19
O0012216,P099,3,155.06,0.15,102.99
O0012217,P076,1,259.14,0.05,133.42
O0012218,P069,1,1410.63,0.03,842.91
O0012219,P039,2,366.99,0.0,170.37
O0012219,P119,3,147.8,0.08,79.26
O0012220,P072,2,57.0,0.0,35.73
O0012220,P024,1,177.73,0.0,101.5
O0012220,P099,1,151.91,0.0,100.86
O0012221,P047,1,311.96,0.08,206.77
O0012222,P011,1,1292.03,0.0,749.08
O0012223,P010,1,1186.55,0.03,589.79
O0012224,P093,1,229.16,0.0,112.01
O0012224,P010,2,1136.31,0.0,593.88
O0012225,P048,1,531.53,0.0,303.31
O0012226,P045,1,304.14,0.0,220.09
O0012226,P020,1,507.11,0.0,360.04
O0012227,P031,1,434.56,0.0,286.05
O0012228,P015,1,1172.0,0.05,752.55
O0012229,P049,1,78.99,0.0,40.06
O0012229,P008,1,1764.55,0.0,1100.22
O0012229,P061,1,80.71,0.03,42.87
O0012230,P003,1,1247.4,0.12,641.32
O0012231,P099,1,156.14,0.0,101.75
O0012232,P081,1,339.06,0.05,190.71
O0012232,P056,1,361.05,0.05,260.23
O0012232,P034,1,714.84,0.08,350.36
O0012233,P064,1,565.09,0.03,344.36
O0012234,P007,1,573.71,0.0,294.08
O0012235,P092,3,629.11,0.0,402.74
O0012235,P026,2,160.37,0.0,83.22
O0012235,P023,1,285.28,0.12,128.26
O0012236,P031,1,411.64,0.03,283.58
O0012237,P009,1,121.1,0.08,84.16
O0012238,P070,1,51.51,0.0,28.87
O0012238,P039,2,356.94,0.08,178.71
O0012239,P109,2,177.93,0.05,112.18
O0012240,P013,1,556.57,0.0,364.01
O0012241,P120,2,152.91,0.0,87.91
O0012242,P027,1,609.53,0.05,382.07
O0012242,P056,1,364.9,0.0,262.19
O0012243,P070,1,51.49,0.12,28.23
O0012243,P025,1,464.46,0.0,328.74
O0012243,P068,1,1117.28,0.0,648.36
O0012244,P012,1,2198.0,0.0,1406.59
O0012245,P060,1,256.91,0.03,180.86
O0012246,P027,2,636.67,0.03,393.96
O0012246,P032,1,202.03,0.03,102.75
O0012247,P011,2,1258.69,0.03,788.07
O0012248,P051,1,190.64,0.0,97.04
O0012249,P018,1,1741.43,0.0,1298.87
O0012250,P100,2,293.93,0.0,188.64
O0012250,P022,2,403.49,0.0,254.94
O0012251,P082,1,113.9,0.0,65.61
O0012252,P021,1,363.01,0.0,201.2
O0012253,P045,1,311.28,0.0,209.84
O0012254,P012,2,2185.68,0.0,1382.44
O0012254,P009,2,121.4,0.03,85.3
O0012254,P015,1,1197.91,0.12,760.5
O0012255,P012,1,2332.35,0.03,1349.36
O0012256,P002,1,2434.96,0.0,1509.43
O0012256,P099,1,160.51,0.05,101.29
O0012257,P009,3,120.25,0.0,85.8
O0012257,P046,1,264.42,0.0,193.27
O0012257,P103,2,167.7,0.0,123.46
O0012258,P070,1,52.07,0.0,28.21
O0012258,P089,1,230.42,0.0,106.92
O0012258,P043,1,126.85,0.0,73.32
O0012259,P061,1,83.21,0.0,41.44
O0012259,P003,1,1212.96,0.0,650.89
O0012260,P008,1,1891.39,0.0,1086.23
O0012261,P079,1,778.01,0.0,366.77
O0012262,P119,1,140.07,0.08,79.36
O0012263,P030,1,199.35,0.0,154.56
O0012264,P035,1,580.01,0.0,378.84
O0012265,P021,2,355.6,0.0,201.52
O0012265,P081,2,337.93,0.0,193.87
O0012266,P018,2,1796.53,0.0,1287.49
O0012267,P034,1,675.31,0.0,335.55
O0012268,P076,1,262.77,0.03,138.61
O0012269,P114,4,135.55,0.0,62.21
O0012270,P117,1,127.26,0.08,94.65
O0012271,P101,1,28.85,0.12,17.82
O0012272,P033,1,115.04,0.0,52.51
O0012273,P079,1,740.9,0.05,354.79
O0012274,P110,1,50.68,0.0,27.75
O0012274,P095,1,603.5,0.05,307.66
O0012275,P035,2,577.15,0.08,391.39
O0012276,P072,2,53.53,0.05,36.39
O0012276,P029,1,183.18,0.0,115.03
O0012277,P053,2,87.34,0.0,42.78
O0012277,P033,2,115.97,0.0,52.59
O0012278,P074,2,73.64,0.0,41.21
O0012279,P015,1,1183.5,0.0,765.48
O0012280,P059,1,165.11,0.08,97.39
O0012281,P038,1,204.69,0.12,155.47
O0012282,P036,1,254.31,0.0,176.61
O0012282,P035,1,569.84,0.0,375.42
O0012282,P066,1,487.4,0.0,273.04
O0012283,P001,1,299.21,0.0,146.03
O0012284,P063,1,212.15,0.0,103.55
O0012284,P101,2,28.85,0.03,17.51
O0012284,P087,1,588.62,0.0,404.29
O0012285,P052,1,115.2,0.0,85.84
O0012286,P092,3,609.02,0.05,392.83
O0012287,P105,1,156.2,0.0,102.06
O0012287,P018,1,1838.14,0.0,1264.06
O0012288,P102,2,226.78,0.0,151.06
O0012288,P060,1,263.68,0.0,182.96
O0012289,P001,1,312.77,0.0,146.57
O0012289,P101,1,28.77,0.05,16.84
O0012290,P038,1,208.69,0.0,154.01
O0012291,P064,3,566.2,0.05,333.23
O0012292,P087,1,603.58,0.05,410.11
O0012293,P087,2,585.03,0.05,411.47
O0012294,P023,2,288.94,0.0,131.45
O0012295,P055,1,491.2,0.05,266.12
O0012296,P017,2,1797.02,0.0,856.55
O0012296,P112,3,63.69,0.0,38.26
O0012297,P119,1,140.66,0.0,78.66
O0012298,P120,1,152.84,0.0,91.41
O0012298,P011,2,1359.97,0.03,787.99
O0012299,P007,2,571.12,0.0,298.54
O0012300,P047,1,298.59,0.0,200.12
O0012300,P088,1,100.52,0.0,52.75
O0012300,P031,1,440.15,0.0,278.92
O0012300,P070,2,53.71,0.0,27.58
O0012301,P039,1,371.61,0.0,179.8
O0012302,P118,1,81.92,0.0,49.57
O0012303,P063,2,220.94,0.0,103.53
O0012303,P016,3,1413.08,0.05,982.61
O0012304,P016,1,1433.68,0.0,967.37
O0012305,P007,2,544.64,0.0,299.44
O0012306,P003,1,1244.62,0.15,674.96
O0012306,P046,2,278.1,0.05,196.56
O0012306,P036,1,259.24,0.0,182.24
O0012307,P041,1,106.16,0.0,53.41
O0012307,P119,1,145.73,0.0,80.28
O0012308,P046,1,259.85,0.0,199.25
O0012309,P025,1,472.43,0.08,339.77
O0012310,P038,3,215.15,0.03,150.39
O0012311,P024,1,188.56,0.12,96.33
O0012312,P119,1,145.96,0.03,78.48
O0012313,P028,1,646.31,0.12,404.87
O0012313,P082,1,119.72,0.03,66.04
O0012313,P039,2,373.03,0.0,178.48
O0012314,P098,2,33.41,0.03,22.92
O0012314,P071,1,726.75,0.08,353.87
O0012315,P014,1,223.93,0.05,161.43
O0012316,P004,2,1714.67,0.12,947.05
O0012317,P018,1,1812.7,0.0,1318.76
O0012318,P052,1,117.6,0.0,87.96
O0012318,P096,1,530.88,0.0,348.24
O0012318,P012,2,2133.21,0.0,1334.03
O0012319,P076,2,274.21,0.0,133.8
O0012320,P003,1,1244.0,0.0,669.77
O0012320,P029,1,196.09,0.0,114.74
O0012321,P007,1,569.26,0.12,299.79
O0012322,P021,1,366.11,0.03,206.87
O0012323,P075,2,1010.64,0.08,588.47
O0012324,P068,1,1177.16,0.0,663.76
O0012325,P046,1,265.89,0.0,193.47
O0012326,P038,1,201.52,0.0,152.02
O0012326,P080,2,977.3,0.12,660.79
O0012327,P111,3,42.3,0.05,32.32
O0012327,P114,2,139.81,0.0,62.05
O0012328,P096,1,526.41,0.05,356.19
O0012328,P090,3,173.37,0.12,93.33
O0012328,P103,1,174.45,0.0,122.42
O0012329,P015,1,1229.11,0.0,747.33
O0012330,P100,1,309.65,0.0,188.04
O0012330,P092,1,640.21,0.0,391.28
O0012331,P060,2,249.93,0.0,178.59
O0012332,P049,1,80.84,0.0,39.64
O0012332,P037,2,39.12,0.0,21.9
O0012333,P004,2,1794.59,0.05,931.01
O0012334,P068,1,1161.43,0.0,656.92
O0012334,P031,1,434.37,0.0,278.39
O0012335,P098,1,31.92,0.05,22.81
O0012335,P032,3,202.91,0.0,100.86
O0012336,P083,1,256.0,0.0,124.53
O0012336,P082,2,117.62,0.05,66.1
O0012336,P028,1,621.22,0.12,409.3
O0012337,P002,4,2546.69,0.15,1501.24
O0012337,P009,2,121.57,0.03,83.91
O0012337,P116,3,97.78,0.0,49.36
O0012338,P046,1,266.39,0.08,195.48
O0012339,P059,2,160.33,0.0,92.97
O0012340,P102,1,217.19,0.0,146.64
O0012341,P049,1,75.83,0.08,38.24
O0012342,P061,1,82.86,0.0,43.56
O0012343,P105,1,157.31,0.0,101.73
O0012344,P064,2,525.6,0.0,344.36
O0012344,P032,3,196.03,0.0,97.78
O0012345,P037,2,36.51,0.0,21.88
O0012345,P020,1,507.87,0.03,374.18
O0012346,P008,1,1884.87,0.03,1102.1
O0012347,P096,1,517.65,0.03,356.77
O0012348,P104,1,223.28,0.0,134.22
O0012348,P006,1,2009.73,0.03,1122.27
O0012349,P016,1,1401.85,0.0,984.09
O0012350,P053,1,88.43,0.0,41.22
O0012351,P034,2,665.21,0.0,342.27
O0012352,P015,1,1199.1,0.0,739.22
O0012353,P003,1,1229.66,0.0,649.11
O0012354,P087,3,608.27,0.0,404.68
O0012355,P025,1,483.44,0.0,326.35
O0012356,P056,1,359.04,0.03,254.12
O0012357,P083,1,238.64,0.0,123.26
O0012358,P053,2,88.05,0.0,41.55
O0012358,P061,1,81.3,0.0,43.32
O0012358,P013,1,585.54,0.0,366.49
O0012359,P054,1,148.85,0.0,79.67
O0012360,P010,1,1195.08,0.0,607.69
O0012360,P035,3,607.06,0.05,383.53
O0012360,P026,1,165.69,0.0,85.25
O0012361,P067,1,901.74,0.0,560.18
O0012361,P051,1,194.63,0.0,97.72
O0012362,P113,1,114.05,0.03,78.21
O0012362,P005,1,2108.3,0.0,1363.13
O0012363,P030,1,197.18,0.0,154.69
O0012363,P005,3,2045.5,0.0,1313.22
O0012364,P070,1,54.35,0.05,28.09
O0012364,P033,1,119.09,0.0,51.05
O0012365,P057,1,210.83,0.0,114.59
O0012365,P106,1,208.94,0.0,132.79
O0012365,P045,3,316.04,0.0,211.41
O0012366,P048,1,527.72,0.0,292.55
O0012367,P048,1,532.51,0.03,291.5
O0012367,P014,1,228.95,0.05,168.27
O0012367,P107,2,236.12,0.0,143.18
O0012367,P084,2,444.93,0.08,338.86
O0012368,P029,1,180.07,0.0,108.82
O0012368,P042,1,198.57,0.03,118.4
O0012368,P107,1,220.37,0.03,139.46
O0012368,P035,1,585.81,0.0,396.22
O0012369,P090,2,175.45,0.0,93.69
O0012370,P114,1,129.48,0.05,63.07
O0012371,P098,2,31.53,0.08,23.57
O0012371,P042,2,194.71,0.0,123.25
O0012371,P015,1,1232.9,0.03,725.7
O0012372,P040,1,319.57,0.0,169.02
O0012373,P098,2,31.25,0.0,23.27
O0012374,P009,1,121.86,0.0,86.76
O0012375,P048,3,526.71,0.03,306.76
O0012376,P114,2,138.13,0.0,63.66
O0012377,P045,1,308.48,0.08,215.49
O0012378,P065,1,1010.93,0.05,606.66
O0012378,P002,1,2492.62,0.12,1500.77
O0012379,P040,1,337.01,0.0,165.36
O0012379,P057,1,203.12,0.03,111.11
O0012380,P020,4,490.97,0.05,361.89
O0012381,P014,2,231.25,0.15,168.11
O0012382,P027,2,615.51,0.0,378.58
O0012383,P085,2,278.54,0.03,196.93
O0012383,P006,1,1940.68,0.05,1125.06
O0012383,P012,2,2311.82,0.0,1379.79
O0012384,P052,1,117.88,0.0,88.4
O0012385,P032,1,186.39,0.0,101.3
O0012386,P096,1,543.52,0.0,356.82
O0012387,P025,2,446.68,0.12,325.35
O0012388,P051,1,206.04,0.0,94.37
O0012389,P085,2,285.19,0.0,201.83
O0012390,P020,1,516.56,0.0,366.86
O0012390,P009,1,113.99,0.03,84.96
O0012391,P001,1,313.32,0.0,152.91
O0012391,P006,1,1860.46,0.0,1165.06
O0012391,P100,2,308.39,0.05,188.0
O0012392,P075,2,1060.22,0.0,592.45
O0012393,P113,1,108.76,0.0,80.55
O0012394,P105,1,154.05,0.0,96.66
O0012395,P016,1,1392.56,0.0,978.5
O0012396,P043,2,137.1,0.0,76.42
O0012397,P029,1,196.11,0.0,112.9
O0012398,P107,1,232.35,0.0,146.77
O0012399,P063,2,215.75,0.05,102.1
O0012399,P025,1,469.67,0.0,327.66
O0012400,P009,1,117.94,0.03,84.15
O0012401,P033,1,113.9,0.08,52.92
O0012401,P069,2,1456.43,0.05,815.84
O0012402,P108,1,43.3,0.03,20.09
O0012403,P002,3,2536.53,0.05,1510.06
O0012404,P003,1,1230.02,0.0,656.12
O0012405,P065,1,1015.56,0.0,614.96
O0012406,P027,1,650.27,0.0,388.12
O0012407,P070,1,54.5,0.0,29.14
O0012407,P105,1,163.08,0.12,97.91
O0012408,P091,1,225.6,0.05,162.97
O0012409,P020,3,516.32,0.0,358.3
O0012410,P006,1,1862.78,0.12,1114.53
O0012410,P041,2,110.37,0.0,55.04
O0012410,P112,3,61.27,0.0,37.48
O0012411,P045,1,311.34,0.03,210.48
O0012412,P034,1,705.7,0.12,347.49
O0012413,P052,1,124.33,0.0,85.02
O0012414,P089,3,238.2,0.0,107.36
O0012415,P015,2,1208.04,0.05,734.8
O0012416,P018,3,1749.0,0.0,1313.52
O0012416,P005,1,2046.29,0.12,1332.12
O0012417,P109,2,170.99,0.05,111.02
O0012418,P060,1,253.56,0.0,181.61
O0012418,P094,3,351.61,0.0,182.63
O0012419,P035,1,575.8,0.0,386.53
O0012420,P075,1,1008.32,0.05,606.99
O0012421,P018,1,1845.87,0.0,1283.89
O0012422,P079,1,775.76,0.0,370.0
O0012423,P053,1,86.31,0.0,41.48
O0012424,P090,2,184.05,0.05,92.45
O0012425,P047,1,317.33,0.05,202.04
O0012426,P016,1,1365.64,0.0,969.51
O0012426,P107,2,233.81,0.0,145.27
O0012427,P059,2,156.6,0.05,95.74
O0012427,P057,1,201.3,0.0,112.38
O0012427,P015,2,1203.92,0.08,756.15
O0012428,P113,3,108.65,0.0,80.88
O0012428,P111,1,41.36,0.05,31.25
O0012428,P093,1,228.28,0.0,113.25
O0012429,P003,1,1187.64,0.0,675.2
O0012430,P004,1,1725.97,0.0,908.54
O0012431,P056,1,376.61,0.0,255.53
O0012431,P053,2,86.54,0.08,42.04
O0012432,P009,1,123.4,0.0,84.3
O0012432,P100,1,311.05,0.03,181.21
O0012432,P028,1,629.58,0.05,403.04
O0012432,P050,2,255.5,0.0,140.22
O0012433,P025,1,488.13,0.12,336.45
O0012433,P094,1,344.3,0.0,184.82
O0012434,P028,2,605.26,0.0,415.17
O0012435,P017,1,1884.84,0.03,878.42
O0012436,P005,2,2197.96,0.15,1300.93
O0012436,P117,2,125.82,0.0,91.4
O0012437,P023,1,268.33,0.0,125.74
O0012438,P110,1,51.62,0.12,28.13
O0012439,P078,1,830.32,0.05,657.88
O0012440,P045,1,307.27,0.05,217.47
O0012441,P049,2,79.2,0.0,39.15
O0012441,P096,1,533.09,0.0,337.23
O0012441,P094,2,365.12,0.05,191.97
O0012441,P013,1,583.08,0.08,360.04
O0012442,P083,1,254.57,0.0,122.93
O0012443,P009,1,113.55,0.03,86.0
O0012444,P061,2,81.49,0.03,42.33
O0012445,P061,1,78.51,0.05,43.4
O0012445,P002,1,2354.57,0.08,1518.71
O0012446,P020,1,527.6,0.0,361.75
O0012447,P073,1,606.54,0.05,301.28
O0012447,P114,2,139.83,0.0,62.24
O0012448,P077,1,46.78,0.12,27.3
O0012449,P041,2,104.29,0.0,55.18
O0012450,P080,1,1010.77,0.0,672.24
O0012451,P118,1,80.47,0.0,48.55
O0012451,P115,2,92.79,0.0,53.81
O0012452,P027,2,630.8,0.0,379.6
O0012453,P017,1,1976.26,0.0,879.73
O0012454,P039,1,373.6,0.05,177.19
O0012454,P005,2,2080.73,0.0,1311.58
O0012455,P034,1,699.86,0.05,334.85
O0012455,P040,2,312.76,0.08,166.34
O0012456,P040,2,320.62,0.0,167.69
O0012456,P110,3,52.65,0.0,27.24
O0012456,P004,2,1747.16,0.05,939.42
O0012457,P108,1,43.3,0.03,20.3
O0012458,P061,2,85.02,0.0,41.4
O0012458,P010,1,1169.93,0.12,595.78
O0012459,P062,1,1426.69,0.0,1054.21
O0012460,P104,3,216.94,0.0,133.61
O0012461,P019,1,2085.79,0.05,1468.36
O0012462,P025,1,457.39,0.0,338.23
O0012463,P025,1,466.95,0.0,330.86
O0012464,P065,1,1005.25,0.12,616.03
O0012465,P077,2,48.33,0.0,28.4
O0012465,P018,2,1778.36,0.03,1306.48
O0012466,P030,2,214.39,0.12,152.47
O0012467,P116,1,98.24,0.0,50.67
O0012467,P053,1,83.69,0.0,42.62
O0012467,P018,1,1863.48,0.0,1284.03
O0012468,P076,2,272.76,0.03,134.53
O0012469,P012,4,2174.94,0.0,1333.88
O0012470,P098,2,31.88,0.0,23.25
O0012471,P113,2,106.48,0.0,81.46
O0012471,P043,1,138.98,0.08,74.61
O0012472,P093,2,235.1,0.05,112.46
O0012473,P103,2,160.51,0.0,128.68
O0012474,P088,2,93.89,0.08,53.9
O0012475,P003,1,1221.26,0.0,642.3
O0012475,P080,2,983.77,0.05,694.33
O0012475,P056,2,381.22,0.12,265.38
O0012476,P071,1,758.58,0.0,341.82
O0012477,P099,1,159.89,0.05,103.48
O0012477,P120,2,148.51,0.03,88.37
O0012477,P013,2,558.85,0.0,362.58
O0012478,P052,3,118.28,0.0,86.0
O0012479,P063,1,223.67,0.0,104.18
O0012480,P003,1,1163.14,0.0,667.42
O0012481,P089,1,240.33,0.05,109.34
O0012482,P040,1,311.73,0.0,165.49
O0012482,P009,1,121.33,0.08,83.88
O0012482,P113,1,106.95,0.0,81.7
O0012482,P021,1,333.13,0.03,204.63
O0012483,P038,1,201.38,0.0,151.58
O0012483,P070,1,54.06,0.0,28.74
O0012483,P091,1,239.21,0.05,161.78
O0012483,P009,1,119.78,0.0,82.99
O0012484,P017,1,1892.83,0.03,876.94
O0012485,P096,1,535.62,0.08,349.53
O0012485,P078,1,851.34,0.08,648.89
O0012486,P038,1,213.0,0.0,150.37
O0012487,P022,1,393.82,0.08,257.02
O0012488,P079,2,774.63,0.08,361.52
O0012489,P063,3,229.31,0.0,102.11
O0012490,P090,3,184.97,0.0,96.7
O0012491,P047,1,299.93,0.15,205.02
O0012492,P038,1,204.3,0.0,153.34
O0012493,P081,1,351.87,0.0,190.44
O0012494,P108,1,43.92,0.0,19.91
O0012495,P046,1,271.94,0.08,191.9
O0012496,P071,1,728.37,0.12,335.68
O0012497,P071,1,700.24,0.08,346.11
O0012497,P032,3,191.02,0.0,102.5
O0012497,P011,3,1271.15,0.0,752.12
O0012498,P076,1,262.43,0.0,137.74
O0012499,P045,1,332.86,0.0,212.99
O0012499,P056,1,359.02,0.0,250.95
O0012500,P015,2,1137.14,0.08,739.35
O0012500,P040,1,320.67,0.12,165.39
O0012501,P029,1,191.8,0.0,111.33
O0012501,P023,1,263.96,0.0,129.38
O0012502,P011,1,1357.72,0.0,783.61
O0012503,P006,2,1980.64,0.0,1132.63
O0012504,P065,2,1057.6,0.08,628.34
O0012504,P085,1,294.03,0.03,201.83
O0012505,P100,1,313.59,0.0,185.58
O0012506,P045,1,314.49,0.03,218.16
O0012506,P029,2,185.73,0.05,112.87
O0012507,P024,2,182.48,0.15,99.95
O0012508,P030,2,205.64,0.0,157.92
O0012509,P084,1,460.73,0.0,337.01
O0012510,P027,3,632.91,0.0,379.12
O0012511,P057,1,218.88,0.0,109.49
O0012512,P034,1,708.13,0.0,350.61
O0012513,P049,2,79.14,0.05,39.43
O0012514,P061,2,83.1,0.0,42.37
O0012515,P053,2,87.65,0.0,42.89
O0012515,P087,1,574.47,0.0,407.2
O0012516,P009,1,120.55,0.0,87.01
O0012517,P062,1,1403.36,0.08,1052.73
O0012518,P033,1,116.53,0.0,51.99
O0012519,P108,2,43.81,0.0,19.82
O0012519,P078,2,889.18,0.05,659.92
O0012520,P042,1,190.91,0.0,122.78
O0012520,P024,1,181.98,0.15,100.26
O0012521,P038,1,211.09,0.0,157.11
O0012521,P119,1,140.57,0.0,78.17
O0012522,P013,2,549.83,0.08,368.89
O0012523,P005,1,2228.13,0.03,1336.18
O0012524,P073,3,604.2,0.0,308.18
O0012524,P024,1,176.7,0.0,100.34
O0012524,P029,1,186.49,0.12,112.85
O0012525,P028,4,624.34,0.12,396.6
O0012525,P016,2,1452.69,0.03,970.68
O0012526,P016,1,1449.74,0.05,963.25
O0012526,P035,1,606.0,0.05,396.32
O0012527,P083,1,247.64,0.0,118.3
O0012528,P013,2,587.83,0.03,365.82
O0012528,P031,1,441.69,0.12,282.98
O0012529,P011,2,1319.23,0.0,786.17
O0012529,P009,4,122.69,0.03,86.11
O0012529,P065,1,1101.9,0.08,616.76
O0012530,P065,1,1027.53,0.0,609.57
O0012531,P008,1,1936.84,0.08,1092.76
O0012532,P092,1,640.22,0.08,382.02
O0012533,P053,1,85.51,0.03,42.8
O0012534,P029,1,194.71,0.03,109.05
O0012535,P049,1,80.92,0.0,39.99
O0012536,P048,4,501.23,0.08,299.35
O0012537,P002,1,2453.66,0.0,1482.24
O0012538,P058,1,576.61,0.0,307.82
O0012539,P053,1,88.87,0.0,41.56
O0012540,P040,1,313.22,0.0,167.02
O0012541,P042,1,197.3,0.05,120.1
O0012542,P029,1,189.18,0.12,111.61
O0012542,P080,1,1000.18,0.05,661.33
O0012543,P092,3,640.55,0.0,387.45
O0012544,P006,1,2030.4,0.08,1171.15
O0012544,P071,1,754.69,0.12,341.4
O0012545,P029,2,196.86,0.05,108.57
O0012546,P029,2,195.05,0.0,113.23
O0012547,P093,1,227.79,0.05,114.14
O0012548,P022,2,374.19,0.0,247.74
O0012548,P071,1,714.37,0.05,335.15
O0012549,P040,2,343.7,0.0,167.53
O0012549,P024,3,194.7,0.08,96.5
O0012550,P003,1,1270.21,0.0,671.99
O0012551,P020,1,505.51,0.0,378.13
O0012551,P001,1,294.41,0.05,147.82
O0012552,P014,2,233.38,0.03,169.03
O0012553,P015,1,1132.62,0.0,756.38
O0012554,P064,2,566.07,0.0,335.38
O0012555,P068,1,1168.82,0.0,669.01
O0012556,P110,1,52.15,0.0,27.57
O0012556,P011,1,1350.59,0.12,777.26
O0012556,P064,2,571.35,0.05,337.06
O0012557,P101,1,29.0,0.03,17.28
O0012558,P061,1,81.64,0.03,42.1
O0012559,P056,1,360.67,0.0,263.97
O0012559,P030,3,201.09,0.12,149.85
O0012559,P011,2,1331.44,0.0,763.78
O0012560,P016,2,1387.38,0.0,993.21
O0012561,P052,1,115.13,0.03,85.77
O0012561,P077,1,46.36,0.0,27.88
O0012561,P038,1,218.81,0.05,150.88
O0012562,P037,1,37.16,0.0,21.41
O0012563,P048,2,518.85,0.05,296.59
O0012564,P026,1,169.14,0.05,84.7
O0012565,P025,1,453.22,0.05,334.5
O0012566,P077,1,47.4,0.0,27.88
O0012567,P015,1,1176.05,0.0,743.92
O0012568,P011,2,1338.68,0.0,783.96
O0012569,P004,1,1842.4,0.03,942.63
O0012570,P091,2,240.7,0.0,163.22
O0012571,P016,1,1396.14,0.0,954.58
O0012572,P092,3,643.01,0.0,393.78
O0012573,P082,1,109.7,0.12,65.57
O0012574,P002,1,2456.3,0.0,1511.33
O0012575,P042,1,194.37,0.0,122.22
O0012576,P104,2,211.11,0.12,135.28
O0012576,P044,2,338.7,0.0,227.1
O0012577,P036,1,258.52,0.08,180.45
O0012578,P096,1,541.73,0.05,336.9
O0012579,P117,1,128.9,0.0,93.98
O0012580,P079,1,785.2,0.0,367.01
O0012581,P085,1,280.5,0.0,206.33
O0012582,P098,1,30.95,0.05,23.43
O0012583,P012,1,2302.44,0.0,1344.06
O0012584,P025,1,470.15,0.08,326.78
O0012585,P036,3,242.4,0.0,180.09
O0012586,P117,2,124.39,0.0,91.23
O0012587,P082,1,120.77,0.0,66.4
O0012588,P093,1,226.01,0.0,115.45
O0012589,P041,1,102.3,0.03,53.03
O0012589,P067,3,952.68,0.05,537.83
O0012590,P114,1,129.5,0.05,60.85
O0012590,P085,3,288.88,0.08,197.23
O0012590,P084,1,478.89,0.08,323.22
O0012591,P082,1,120.84,0.03,64.64
O0012591,P072,2,54.48,0.03,35.5
O0012592,P048,1,516.02,0.03,292.83
O0012593,P025,2,489.73,0.03,336.66
O0012594,P089,2,239.8,0.0,106.67
O0012594,P032,1,201.23,0.0,101.38
O0012594,P101,3,28.55,0.03,17.18
O0012595,P005,1,2214.23,0.0,1340.31
O0012596,P005,1,2025.33,0.05,1362.13
O0012597,P118,1,78.47,0.08,48.04
O0012598,P018,2,1821.82,0.0,1318.4
O0012599,P120,1,146.1,0.0,88.39
O0012600,P106,1,200.54,0.0,134.12
O0012601,P001,1,311.67,0.05,152.13
O0012602,P119,1,146.07,0.03,79.91
O0012603,P040,1,339.18,0.15,162.98
O0012603,P044,1,342.12,0.0,221.57
O0012604,P078,1,832.07,0.0,657.69
O0012604,P099,1,156.27,0.0,104.87
O0012605,P027,1,604.98,0.0,391.89
O0012606,P077,2,45.59,0.03,28.13
O0012607,P112,1,62.32,0.0,36.57
O0012607,P027,1,659.81,0.0,392.4
O0012608,P025,1,476.3,0.05,328.42
O0012608,P091,1,240.54,0.0,164.29
O0012609,P039,3,377.95,0.03,171.54
O0012610,P049,2,76.75,0.0,39.36
O0012610,P048,1,532.51,0.0,289.26
O0012611,P063,2,232.49,0.05,102.31
O0012611,P046,1,267.25,0.0,202.01
O0012611,P101,1,29.46,0.08,16.86
O0012612,P028,1,640.71,0.03,402.58
O0012613,P082,1,112.59,0.0,66.43
O0012614,P112,1,61.81,0.0,37.1
O0012615,P047,1,298.22,0.05,196.5
O0012615,P080,4,967.87,0.0,675.14
O0012616,P019,1,2077.86,0.0,1396.98
O0012617,P065,1,1029.91,0.12,599.08
O0012617,P058,1,578.62,0.03,307.96
O0012617,P099,2,156.75,0.0,99.87
O0012618,P108,1,44.33,0.0,19.59
O0012618,P031,1,410.07,0.0,282.39
O0012618,P044,1,321.18,0.08,219.06
O0012619,P010,3,1122.07,0.05,597.75
O0012620,P019,2,2164.28,0.0,1410.68
O0012621,P098,1,31.24,0.0,23.07
O0012622,P003,2,1232.32,0.12,664.87
O0012623,P041,1,106.22,0.05,55.31
O0012623,P097,1,326.15,0.0,212.65
O0012624,P072,1,52.72,0.03,34.95
O0012625,P075,4,1052.22,0.0,581.57
O0012625,P047,1,293.45,0.0,198.48
O0012626,P039,2,367.26,0.0,171.92
O0012627,P103,1,166.97,0.05,124.33
O0012627,P054,1,157.55,0.0,79.45
O0012628,P010,1,1178.64,0.0,598.05
O0012628,P012,1,2343.43,0.08,1354.78
O0012629,P030,1,199.12,0.15,155.57
O0012629,P041,1,109.8,0.03,55.46
O0012630,P034,1,696.75,0.0,334.38
O0012630,P075,1,1014.84,0.03,593.85
O0012631,P049,2,75.56,0.12,38.7
O0012632,P047,2,320.43,0.0,200.76
O0012633,P100,3,295.97,0.0,184.74
O0012634,P030,1,217.36,0.08,157.33
O0012635,P019,1,2140.41,0.12,1424.61
O0012636,P057,1,214.05,0.08,109.18
O0012636,P067,2,957.24,0.0,540.98
O0012637,P088,2,103.07,0.0,55.55
O0012638,P009,1,117.24,0.03,84.23
O0012639,P007,1,558.64,0.08,295.21
O0012640,P026,2,173.53,0.05,84.27
O0012641,P070,1,52.57,0.03,28.92
O0012641,P026,1,172.66,0.08,86.01
O0012642,P082,2,114.98,0.0,64.67
O0012642,P055,1,467.48,0.0,264.43
O0012642,P076,1,254.75,0.03,138.02
O0012642,P028,1,610.14,0.0,405.64
O0012643,P023,3,266.65,0.08,126.87
O0012643,P047,1,307.56,0.0,197.25
O0012644,P077,1,47.85,0.0,27.54
O0012645,P011,2,1256.59,0.03,757.78
O0012646,P025,2,460.08,0.0,338.28
O0012647,P012,1,2326.86,0.08,1352.63
O0012648,P090,2,177.35,0.15,95.73
O0012648,P098,1,31.67,0.12,23.35
O0012649,P077,1,49.06,0.0,27.79
O0012650,P115,1,91.48,0.0,51.44
O0012650,P025,1,460.49,0.05,336.17
O0012651,P074,3,75.59,0.0,41.88
O0012652,P081,1,357.68,0.03,191.92
O0012653,P113,1,115.73,0.03,79.02
O0012654,P012,2,2169.07,0.0,1354.01
O0012655,P033,3,114.17,0.08,53.53
O0012656,P079,1,778.38,0.08,357.21
O0012657,P039,2,363.93,0.0,176.63
O0012657,P019,1,2050.07,0.12,1448.72
O0012658,P017,2,1869.33,0.0,877.47
O0012658,P056,3,367.39,0.0,254.06
O0012659,P115,2,96.26,0.0,51.55
O0012659,P017,1,1959.78,0.08,869.21
O0012660,P080,1,939.35,0.15,670.1
O0012661,P118,1,77.96,0.03,47.36
O0012662,P117,2,130.65,0.0,94.92
O0012662,P046,1,273.72,0.0,193.1
O0012663,P034,1,696.91,0.03,338.68
O0012663,P112,1,59.87,0.0,37.81
O0012663,P099,2,160.11,0.03,103.69
O0012664,P094,1,353.5,0.05,183.27
O0012664,P007,2,575.94,0.0,304.02
O0012665,P093,1,236.88,0.0,114.54
O0012666,P075,3,1030.82,0.08,595.07
O0012667,P083,2,246.43,0.0,123.36
O0012667,P018,1,1820.26,0.0,1269.88
O0012668,P027,4,606.64,0.0,386.14
O0012669,P027,1,633.32,0.05,385.26
O0012670,P095,1,619.81,0.0,312.82
O0012671,P051,1,205.95,0.08,97.48
O0012671,P039,2,384.18,0.0,174.43
O0012672,P027,1,600.94,0.0,373.36
O0012673,P113,1,110.82,0.0,82.16
O0012674,P051,2,200.57,0.0,98.34
O0012675,P009,1,119.42,0.0,83.25
O0012676,P026,1,164.46,0.05,86.54
O0012677,P036,1,251.56,0.05,177.02
O0012678,P108,3,45.23,0.03,20.4
O0012679,P043,1,136.33,0.03,76.26
O0012679,P039,1,370.73,0.05,174.57
O0012680,P116,1,105.62,0.08,50.4
O0012681,P093,1,234.0,0.0,116.1
O0012681,P112,1,61.61,0.15,38.24
O0012682,P006,2,1872.0,0.05,1138.5
O0012682,P057,1,206.76,0.0,112.75
O0012683,P024,1,185.73,0.0,100.55
O0012683,P104,1,210.84,0.0,130.11
O0012684,P019,1,2186.46,0.0,1481.03
O0012684,P072,1,53.61,0.0,34.77
O0012685,P065,2,1051.62,0.08,619.92
O0012686,P073,1,610.02,0.05,299.23
O0012687,P017,1,1935.21,0.0,876.02
O0012687,P001,1,291.94,0.03,145.29
O0012688,P021,1,344.47,0.05,207.74
O0012689,P052,3,118.81,0.05,86.16
O0012690,P095,1,624.13,0.05,301.9
O0012691,P114,2,135.84,0.03,60.31
O0012692,P089,1,222.46,0.12,110.21
O0012693,P115,2,89.06,0.0,52.85
O0012693,P066,1,476.83,0.0,258.52
O0012694,P022,1,407.17,0.08,252.32
O0012695,P047,1,318.68,0.0,199.01
O0012696,P091,1,240.3,0.05,161.43
O0012696,P019,1,2064.17,0.0,1466.72
O0012697,P021,2,338.16,0.08,200.16
O0012698,P032,1,196.1,0.03,97.78
O0012699,P066,1,484.88,0.0,266.52
O0012699,P042,3,195.27,0.0,117.0
O0012699,P054,1,148.0,0.0,82.46
O0012699,P043,1,129.32,0.0,76.33
O0012700,P026,2,173.22,0.05,86.47
O0012701,P062,1,1409.13,0.0,1059.35
O0012702,P089,4,241.41,0.0,105.73
O0012702,P001,1,293.18,0.0,146.83
O0012703,P067,2,903.75,0.0,545.39
O0012704,P062,2,1478.37,0.0,1081.17
O0012705,P101,2,29.3,0.05,17.07
O0012706,P018,1,1868.61,0.0,1296.48
O0012707,P097,1,316.22,0.12,218.33
O0012708,P048,1,493.03,0.0,289.24
O0012708,P074,3,72.75,0.12,41.07
O0012708,P024,1,184.76,0.08,100.67
O0012709,P030,3,215.59,0.0,149.76
O0012709,P104,2,231.38,0.0,130.79
O0012710,P036,1,243.43,0.0,180.49
O0012711,P039,1,371.3,0.12,173.51
O0012712,P033,2,118.88,0.08,51.62
O0012712,P028,1,609.73,0.05,399.06
O0012713,P029,1,189.3,0.0,114.52
O0012714,P027,2,604.77,0.05,387.57
O0012714,P100,1,303.59,0.03,189.39
O0012714,P007,1,529.55,0.12,296.76
O0012715,P120,1,144.87,0.05,91.11
O0012715,P050,2,239.89,0.0,144.77
O0012716,P035,2,620.79,0.12,380.53
O0012717,P063,1,227.61,0.0,100.59
O0012718,P031,2,423.27,0.0,293.2
O0012719,P057,2,215.12,0.0,113.24
O0012720,P027,1,628.88,0.0,376.35
O0012721,P060,3,258.43,0.03,173.28
O0012722,P097,1,330.56,0.0,216.81
O0012722,P076,1,265.28,0.0,138.99
O0012723,P032,3,188.08,0.0,100.67
O0012724,P011,2,1350.4,0.0,751.7
O0012725,P045,1,329.77,0.05,218.65
O0012726,P031,2,446.95,0.0,285.66
O0012726,P012,2,2286.55,0.0,1341.51
O0012727,P068,2,1189.12,0.08,637.97
O0012727,P009,1,122.26,0.03,86.38
O0012727,P040,3,337.22,0.0,162.41
O0012728,P060,1,265.26,0.05,173.37
O0012729,P006,3,1961.09,0.0,1112.89
O0012729,P051,1,198.58,0.05,93.83
O0012729,P058,1,605.88,0.0,297.95
O0012730,P007,1,539.02,0.0,294.73
O0012730,P003,1,1209.7,0.0,651.91
O0012730,P014,2,233.02,0.0,165.95
O0012731,P009,1,116.16,0.0,85.25
O0012731,P044,1,313.65,0.15,218.59
O0012731,P112,1,62.5,0.0,37.7
O0012732,P116,1,107.15,0.08,49.89
O0012733,P008,1,1909.44,0.03,1044.89
O0012733,P110,1,53.03,0.15,28.18
O0012734,P006,1,1918.28,0.0,1142.17
O0012734,P053,1,83.36,0.0,40.77
O0012735,P043,1,136.62,0.0,75.97
O0012736,P023,1,273.31,0.15,128.1
O0012737,P111,1,41.65,0.0,32.68
O0012738,P087,1,585.27,0.05,412.2
O0012739,P054,2,158.63,0.12,78.67
O0012740,P041,1,106.48,0.05,52.74
O0012741,P065,1,1031.46,0.0,628.77
O0012741,P020,1,536.94,0.0,369.18
O0012742,P069,1,1458.37,0.12,819.07
O0012743,P013,2,568.01,0.0,357.48
O0012744,P120,1,140.56,0.0,88.74
O0012745,P050,1,242.58,0.0,146.01
O0012745,P008,2,1848.14,0.0,1099.84
O0012746,P052,1,123.77,0.0,84.41
O0012747,P101,3,27.95,0.08,17.59
O0012748,P042,1,198.08,0.0,118.57
O0012749,P119,1,147.21,0.0,76.22
O0012749,P038,1,210.67,0.08,154.77
O0012749,P046,3,278.61,0.15,202.31
O0012750,P100,2,286.09,0.0,187.0
O0012751,P089,1,236.08,0.15,106.91
O0012751,P018,1,1702.28,0.0,1293.97
O0012751,P015,1,1137.53,0.03,740.35
O0012752,P003,1,1250.15,0.05,643.44
O0012753,P093,1,226.84,0.08,113.49
O0012754,P046,1,270.89,0.03,196.17
O0012755,P047,1,300.03,0.0,198.56
O0012756,P101,2,28.32,0.03,17.01
O0012756,P065,2,1045.68,0.0,610.88
O0012756,P036,1,239.18,0.08,181.09
O0012757,P058,1,562.58,0.0,297.66
O0012757,P030,1,208.53,0.0,151.94
O0012758,P077,1,49.57,0.03,27.91
O0012759,P036,1,254.57,0.0,177.3
O0012759,P120,3,152.44,0.05,88.83
O0012760,P062,1,1407.76,0.08,1096.66
O0012761,P036,1,251.32,0.0,175.72
O0012761,P020,3,522.81,0.0,367.26
O0012761,P090,1,175.48,0.03,95.9
O0012762,P043,1,128.67,0.08,76.19
O0012763,P062,1,1478.09,0.08,1100.18
O0012764,P013,2,566.57,0.08,370.67
O0012765,P065,1,1091.02,0.03,622.3
O0012766,P117,1,125.57,0.08,92.79
O0012767,P072,1,53.8,0.0,35.87
O0012768,P016,2,1374.18,0.03,983.74
O0012768,P001,1,285.34,0.08,150.71
O0012769,P036,2,262.19,0.03,174.38
O0012770,P095,1,609.6,0.0,314.59
O0012771,P080,2,968.09,0.0,656.31
O0012771,P047,2,306.85,0.03,203.22
O0012772,P020,2,492.63,0.0,357.84
O0012773,P027,1,651.61,0.0,389.9
O0012773,P056,1,385.93,0.0,260.78
O0012774,P031,2,449.98,0.05,293.13
O0012775,P044,1,338.17,0.05,226.96
O0012776,P030,1,204.94,0.05,150.86
O0012776,P034,1,679.19,0.05,349.32
O0012777,P113,2,115.6,0.08,82.25
O0012778,P112,2,63.01,0.08,36.85
O0012779,P006,2,2038.28,0.05,1126.92
O0012780,P041,1,107.08,0.08,54.49
O0012781,P030,2,198.28,0.05,152.7
O0012782,P104,2,216.73,0.05,136.46
O0012783,P020,1,517.02,0.03,366.12
O0012783,P059,1,169.61,0.0,93.28
O0012784,P015,2,1125.49,0.0,725.98
O0012784,P018,1,1745.26,0.0,1287.07
O0012784,P078,1,874.52,0.12,638.25
O0012785,P036,3,260.47,0.0,181.76
O0012785,P063,1,227.08,0.08,103.72
O0012786,P090,2,182.54,0.08,93.22
O0012787,P016,2,1441.11,0.12,974.57
O0012788,P082,1,115.41,0.0,65.72
O0012789,P090,3,176.84,0.03,93.91
O0012790,P065,3,1053.45,0.05,631.84
O0012791,P092,1,641.78,0.15,388.43
O0012791,P024,1,190.56,0.12,98.04
O0012791,P056,2,366.62,0.08,252.03
O0012792,P036,1,244.54,0.0,179.02
O0012793,P059,1,159.15,0.0,92.44
O0012794,P008,1,1791.48,0.12,1071.07
O0012794,P056,1,381.48,0.0,265.41
O0012795,P059,2,166.8,0.0,92.92
O0012796,P075,3,1006.96,0.0,600.14
O0012797,P067,1,941.23,0.0,546.32
O0012798,P091,2,242.82,0.0,158.54
O0012799,P021,2,350.14,0.05,206.43
O0012799,P069,1,1470.13,0.0,834.66
O0012800,P008,1,1907.79,0.0,1089.68
O0012800,P086,1,461.65,0.0,323.05
O0012800,P017,1,1869.13,0.0,858.34
O0012801,P023,1,274.04,0.0,130.09
O0012802,P025,1,466.42,0.08,323.76
O0012803,P001,2,310.67,0.0,144.96
O0012804,P047,2,314.33,0.08,203.33
O0012805,P106,1,213.39,0.0,137.56
O0012806,P063,1,212.32,0.0,104.39
O0012807,P060,1,248.02,0.0,181.33
O0012807,P011,1,1324.42,0.0,764.09
O0012807,P040,3,313.16,0.0,167.84
O0012808,P029,1,194.84,0.0,112.15
O0012809,P024,1,185.84,0.0,96.98
O0012810,P077,1,46.83,0.08,27.38
O0012811,P098,1,31.21,0.03,23.52
O0012812,P098,1,33.48,0.0,22.48
O0012813,P007,1,548.83,0.05,287.75
O0012814,P118,1,81.27,0.08,48.46
O0012815,P056,1,363.71,0.0,260.14
O0012815,P059,1,170.46,0.0,96.42
O0012816,P099,1,157.54,0.05,103.12
O0012816,P009,2,114.7,0.03,82.14
O0012817,P115,1,94.1,0.05,51.46
O0012817,P028,1,606.72,0.0,405.58
O0012818,P013,1,563.08,0.0,352.9
O0012819,P050,1,234.48,0.0,143.93
O0012820,P029,1,191.39,0.0,110.46
O0012821,P061,1,80.56,0.0,41.99
O0012822,P061,1,85.06,0.0,42.21
O0012823,P078,1,908.64,0.03,661.63
O0012823,P079,2,795.38,0.0,355.67
O0012824,P006,2,1882.3,0.0,1169.66
O0012824,P050,1,234.73,0.0,144.52
O0012825,P009,1,114.01,0.0,85.89
O0012825,P003,4,1190.96,0.05,657.6
O0012826,P044,3,315.39,0.0,215.46
O0012827,P052,1,113.77,0.0,86.19
O0012827,P025,2,468.91,0.0,328.18
O0012828,P042,1,188.98,0.0,117.71
O0012829,P021,1,345.52,0.0,197.73
O0012829,P084,1,450.71,0.03,337.8
O0012830,P056,1,356.29,0.08,250.59
O0012831,P005,1,2051.81,0.08,1349.24
O0012832,P036,2,252.2,0.0,178.51
O0012833,P065,1,1079.11,0.15,629.35
O0012833,P109,1,168.07,0.08,111.64
O0012834,P046,2,262.36,0.0,193.93
O0012834,P033,1,121.53,0.0,52.29
O0012834,P016,3,1467.1,0.05,973.39
O0012835,P046,1,260.95,0.03,193.27
O0012835,P067,1,917.94,0.05,537.52
O0012836,P011,1,1360.16,0.03,747.29
O0012837,P040,2,317.18,0.05,171.43
O0012838,P035,2,608.72,0.0,376.92
O0012839,P047,1,299.51,0.0,203.4
O0012839,P085,1,274.79,0.0,196.61
O0012840,P010,1,1172.16,0.0,602.06
O0012840,P014,2,225.26,0.03,162.19
O0012841,P017,1,1951.87,0.15,893.21
O0012842,P111,1,44.28,0.0,32.22
O0012842,P033,1,117.16,0.0,53.8
O0012843,P063,1,228.86,0.05,104.28
O0012843,P095,2,574.54,0.03,303.6
O0012843,P092,3,646.44,0.0,402.19
O0012843,P073,1,599.87,0.0,297.93
O0012844,P120,1,140.55,0.0,89.73
O0012844,P058,2,599.02,0.0,303.43
O0012844,P006,1,1932.34,0.0,1162.76
O0012845,P028,3,621.56,0.0,397.28
O0012846,P056,3,366.66,0.0,257.92
O0012847,P002,2,2475.1,0.0,1481.36
O0012848,P018,1,1770.31,0.03,1312.8
O0012849,P010,1,1158.19,0.05,586.27
O0012850,P029,2,195.86,0.0,114.69
O0012851,P039,1,374.51,0.0,171.54
O0012851,P076,1,270.05,0.0,132.24
O0012852,P050,2,237.58,0.0,146.48
O0012852,P103,2,164.53,0.05,127.65
O0012853,P021,1,346.23,0.05,207.12
O0012854,P050,1,237.56,0.0,146.94
O0012854,P023,1,272.42,0.0,127.94
O0012855,P061,1,85.94,0.12,41.91
O0012856,P080,1,964.06,0.08,660.72
O0012857,P020,1,501.44,0.0,364.99
O0012858,P068,1,1216.7,0.0,664.56
O0012859,P033,1,119.47,0.0,53.19
O0012860,P040,2,337.75,0.0,170.56
O0012861,P043,1,134.66,0.0,75.04
O0012861,P098,1,30.76,0.0,23.41
O0012861,P076,1,267.43,0.05,136.68
O0012862,P027,3,616.8,0.0,380.35
O0012863,P057,3,207.12,0.03,109.03
O0012864,P022,1,396.22,0.0,251.12
O0012865,P031,1,416.98,0.0,289.27
O0012866,P014,1,219.51,0.0,163.27
O0012866,P002,4,2353.93,0.0,1519.63
O0012866,P020,1,535.4,0.0,361.41
O0012867,P018,2,1773.74,0.0,1329.19
O0012868,P038,1,204.08,0.0,151.13
O0012869,P102,1,212.66,0.0,149.41
O0012870,P056,2,382.69,0.03,263.82
O0012871,P012,1,2318.39,0.05,1409.24
O0012872,P103,1,175.3,0.0,128.83
O0012872,P077,2,49.58,0.0,28.25
O0012873,P119,2,150.23,0.05,76.09
O0012874,P019,2,2199.76,0.05,1472.94
O0012874,P088,1,93.96,0.05,53.35
O0012874,P090,1,168.42,0.0,95.76
O0012875,P062,1,1507.52,0.05,1099.61
O0012875,P020,1,492.86,0.08,372.41
O0012876,P019,1,2093.22,0.0,1439.58
O0012877,P087,1,590.55,0.0,402.96
O0012878,P058,1,596.57,0.05,293.68
O0012878,P002,1,2349.85,0.0,1464.11
O0012879,P102,1,215.9,0.12,148.09
O0012879,P082,1,115.9,0.0,67.68
O0012880,P009,1,120.85,0.05,82.82
O0012881,P072,1,56.38,0.0,35.4
O0012882,P003,1,1215.02,0.08,649.62
O0012883,P050,1,247.8,0.0,142.83
O0012884,P064,1,568.64,0.05,338.36
O0012885,P113,1,108.09,0.05,81.7
O0012886,P045,2,327.7,0.0,219.16
O0012887,P034,1,656.73,0.0,335.34
O0012888,P008,1,1782.82,0.05,1079.19
O0012889,P049,1,75.92,0.08,38.8
O0012890,P033,3,114.64,0.05,52.11
O0012891,P066,3,485.89,0.0,262.36
O0012892,P041,2,107.93,0.0,54.07
O0012892,P069,3,1427.07,0.0,850.82
O0012893,P010,2,1150.33,0.0,582.65
O0012893,P068,3,1209.13,0.03,647.73
O0012894,P055,2,451.46,0.08,262.02
O0012895,P113,1,106.88,0.12,79.99
O0012896,P084,1,482.87,0.0,334.73
O0012897,P094,3,353.42,0.0,191.35
O0012898,P077,2,49.56,0.08,27.71
O0012899,P008,1,1854.68,0.0,1050.45
O0012899,P098,1,33.05,0.0,23.65
O0012900,P011,2,1252.8,0.05,750.11
O0012901,P040,1,326.38,0.0,163.28
O0012902,P040,1,322.51,0.0,163.88
O0012903,P056,1,372.74,0.12,251.89
O0012904,P110,1,52.9,0.0,27.21
O0012905,P032,1,190.24,0.0,99.29
O0012905,P073,1,571.64,0.0,293.9
O0012906,P097,2,303.69,0.12,214.04
O0012907,P054,3,145.48,0.0,77.82
O0012908,P090,2,169.51,0.0,97.21
O0012909,P014,3,240.6,0.0,170.05
O0012910,P116,1,100.58,0.12,51.85
O0012910,P021,3,358.51,0.05,202.46
O0012910,P035,1,579.63,0.12,379.29
O0012911,P030,1,213.59,0.0,155.45
O0012912,P119,3,147.96,0.03,79.97
O0012913,P003,1,1181.6,0.0,672.55
O0012913,P008,3,1773.62,0.15,1044.43
O0012914,P008,1,1769.98,0.03,1054.28
O0012915,P089,1,222.71,0.05,110.54
O0012916,P105,1,155.69,0.03,99.68
O0012916,P019,1,2055.61,0.0,1477.13
O0012917,P084,1,465.43,0.0,336.21
O0012917,P094,1,355.8,0.0,182.64
O0012918,P037,2,38.76,0.0,21.77
O0012919,P068,1,1208.85,0.0,640.68
O0012919,P076,1,255.78,0.0,134.26
O0012920,P048,1,516.53,0.03,290.33
O0012920,P044,1,321.94,0.05,222.38
O0012921,P081,2,354.5,0.0,184.78
O0012921,P110,2,53.42,0.12,27.55
O0012921,P061,2,85.35,0.0,42.85
O0012922,P035,3,592.87,0.0,394.74
O0012923,P045,1,310.41,0.03,215.3
O0012923,P096,1,524.0,0.0,348.14
O0012924,P013,1,562.64,0.03,363.77
O0012925,P101,2,30.38,0.0,17.29
O0012925,P046,1,283.17,0.0,199.65
O0012926,P005,1,2147.22,0.0,1306.45
O0012927,P086,1,450.5,0.0,330.41
O0012928,P003,2,1216.03,0.0,661.33
O0012929,P011,1,1329.79,0.0,779.17
O0012930,P038,2,215.12,0.0,153.75
O0012930,P027,1,602.53,0.12,394.9
O0012931,P014,1,232.25,0.03,163.75
O0012931,P089,2,225.45,0.03,109.75
O0012932,P066,1,475.29,0.05,270.41
O0012933,P057,3,208.78,0.0,112.99
O0012933,P041,1,107.39,0.0,53.97
O0012934,P011,2,1240.63,0.03,753.27
O0012935,P024,1,179.74,0.0,101.33
O0012936,P023,2,272.09,0.0,127.23
O0012937,P018,1,1807.25,0.05,1330.79
O0012937,P116,1,102.78,0.0,50.26
O0012938,P094,1,372.35,0.0,190.72
O0012939,P017,1,1805.97,0.0,862.65
O0012940,P055,2,449.29,0.0,270.7
O0012940,P110,1,51.69,0.12,26.96
O0012941,P070,1,53.25,0.05,29.14
O0012942,P042,1,187.63,0.0,122.65
O0012943,P042,1,197.91,0.0,117.48
O0012944,P078,1,866.8,0.0,649.38
O0012944,P024,2,178.14,0.0,96.31
O0012945,P097,1,329.03,0.0,209.3
O0012945,P116,1,97.88,0.0,49.76
O0012946,P082,2,117.21,0.15,64.22
O0012946,P012,1,2321.8,0.0,1397.52
O0012947,P025,2,448.67,0.05,327.17
O0012947,P029,2,185.4,0.03,112.42
O0012948,P017,1,1833.44,0.0,863.76
O0012948,P092,2,668.52,0.08,397.42
O0012949,P025,3,450.84,0.0,326.15
O0012950,P020,1,537.12,0.0,368.26
O0012951,P034,2,696.7,0.0,337.62
O0012952,P022,1,389.41,0.15,251.74
O0012953,P115,1,88.36,0.0,52.53
O0012954,P030,2,210.43,0.03,154.46
O0012955,P036,1,253.95,0.0,176.39
O0012956,P071,1,707.48,0.0,341.38
O0012957,P073,1,574.45,0.0,297.96
O0012957,P105,1,159.02,0.0,101.87
O0012957,P035,1,603.14,0.05,396.0
O0012958,P023,1,281.93,0.12,129.43
O0012959,P105,1,157.64,0.0,100.31
O0012959,P098,1,32.36,0.12,23.07
O0012959,P066,1,478.85,0.05,266.95
O0012960,P097,1,305.15,0.12,218.75
O0012960,P029,2,188.36,0.08,113.13
O0012961,P012,2,2145.43,0.03,1405.14
O0012962,P028,1,628.48,0.0,416.63
O0012963,P004,1,1789.24,0.0,917.23
O0012963,P080,1,993.06,0.0,666.45
O0012964,P080,2,1009.99,0.0,677.75
O0012965,P034,1,721.54,0.12,335.09
O0012966,P103,3,164.88,0.12,126.52
O0012967,P025,1,480.84,0.0,336.64
O0012967,P015,1,1216.98,0.0,732.07
O0012968,P084,1,443.37,0.0,335.07
O0012969,P007,2,526.7,0.0,289.71
O0012969,P107,2,235.78,0.0,144.19
O0012969,P038,2,198.29,0.05,158.9
O0012970,P107,1,226.48,0.08,146.22
O0012970,P085,1,290.07,0.03,200.53
O0012970,P038,3,198.31,0.0,150.15
O0012971,P103,1,168.66,0.03,125.62
O0012972,P117,1,124.27,0.03,93.36
O0012973,P003,1,1230.2,0.0,639.12
O0012973,P088,2,102.28,0.0,53.04
O0012973,P023,3,274.52,0.12,131.44
O0012973,P013,1,535.78,0.0,354.85
O0012974,P104,1,228.18,0.0,133.31
O0012975,P007,1,534.42,0.0,288.05
O0012976,P061,1,78.69,0.0,42.35
O0012976,P047,1,294.21,0.05,199.83
O0012977,P060,2,246.45,0.0,173.79
O0012978,P110,3,54.85,0.0,27.45
O0012979,P060,1,259.1,0.0,176.84
O0012980,P066,1,462.72,0.03,265.83
O0012981,P105,1,159.6,0.0,100.45
O0012981,P119,3,148.64,0.0,79.98
O0012981,P004,2,1727.48,0.0,916.17
O0012982,P099,3,161.81,0.0,100.71
O0012982,P117,1,124.02,0.0,92.11
O0012982,P035,3,578.78,0.0,394.75
O0012983,P005,1,2073.85,0.0,1343.39
O0012984,P055,3,465.16,0.08,273.52
O0012985,P049,1,79.25,0.05,39.41
O0012986,P111,1,43.21,0.0,31.6
O0012987,P116,1,103.1,0.0,50.51
O0012988,P095,2,605.77,0.05,299.17
O0012989,P015,1,1175.48,0.03,763.09
O0012990,P053,3,83.95,0.0,41.67
O0012991,P009,1,118.7,0.0,84.35
O0012992,P046,1,263.03,0.08,196.64
O0012993,P115,1,91.79,0.12,52.85
O0012993,P068,1,1175.46,0.0,664.58
O0012994,P107,4,238.03,0.12,147.56
O0012995,P087,1,619.91,0.0,400.99
O0012996,P079,1,766.7,0.0,361.0
O0012996,P062,1,1475.14,0.08,1081.42
O0012996,P038,2,215.71,0.0,154.39
O0012996,P033,1,121.07,0.0,53.07
O0012997,P098,1,31.3,0.12,22.54
O0012998,P093,1,230.31,0.05,114.51
O0012998,P047,1,303.8,0.08,205.12
O0012998,P020,1,532.69,0.0,363.03
O0012999,P039,1,371.75,0.08,173.5
O0013000,P009,1,114.54,0.0,86.66
O0013000,P042,3,191.06,0.08,120.76
O0013001,P017,1,1877.94,0.0,872.58
O0013001,P008,1,1918.12,0.0,1056.86
O0013002,P070,1,55.3,0.08,28.2
O0013002,P072,1,57.53,0.03,35.71
O0013003,P050,2,244.64,0.0,146.68
O0013004,P014,1,219.1,0.0,170.06
O0013004,P065,3,1004.04,0.0,614.56
O0013005,P031,1,412.05,0.05,284.69
O0013005,P032,2,192.24,0.03,99.2
O0013006,P073,2,583.03,0.03,294.4
O0013006,P054,1,153.96,0.0,79.67
O0013007,P041,2,106.05,0.0,54.52
O0013007,P003,3,1174.33,0.0,657.46
O0013008,P014,3,239.54,0.05,162.48
O0013009,P094,2,347.22,0.0,185.12
O0013010,P048,1,527.75,0.12,296.76
O0013011,P081,4,337.19,0.0,185.73
O0013012,P024,2,189.36,0.0,101.38
O0013012,P036,4,252.35,0.0,178.02
O0013012,P082,2,117.81,0.05,66.14
O0013013,P094,1,338.25,0.0,186.87
O0013014,P037,1,37.95,0.12,20.82
O0013015,P067,1,954.86,0.0,554.41
O0013016,P102,2,218.81,0.0,151.77
O0013017,P091,2,226.94,0.0,156.75
O0013017,P060,1,259.12,0.0,180.23
O0013017,P027,1,607.64,0.03,386.19
O0013017,P014,2,238.72,0.0,168.76
O0013018,P035,2,595.8,0.0,376.62
O0013019,P040,1,340.65,0.05,168.06
O0013020,P076,1,257.82,0.05,134.92
O0013021,P024,4,186.74,0.0,99.21
O0013022,P037,1,38.17,0.03,21.75
O0013023,P057,4,204.81,0.0,110.72
O0013024,P019,1,2053.87,0.03,1398.06
O0013025,P016,1,1406.33,0.0,969.24
O0013026,P007,1,566.88,0.05,290.96
O0013027,P063,1,221.29,0.08,100.29
O0013028,P114,1,137.22,0.0,62.01
O0013029,P062,1,1512.47,0.08,1086.15
O0013029,P097,2,302.13,0.0,217.69
O0013030,P020,1,504.97,0.0,359.41
O0013031,P005,2,2086.66,0.05,1352.54
O0013032,P016,1,1450.12,0.0,962.89
O0013033,P008,1,1921.77,0.08,1068.04
O0013034,P072,1,54.77,0.05,35.07
O0013035,P015,2,1232.54,0.0,766.5
O0013036,P007,2,531.33,0.08,300.6
O0013037,P101,1,30.11,0.08,17.16
O0013037,P072,3,56.02,0.08,35.11
O0013037,P036,1,245.02,0.05,182.34
O0013037,P113,1,108.11,0.03,80.61
O0013038,P021,2,353.97,0.03,206.62
O0013038,P020,1,519.45,0.05,378.09
O0013038,P070,2,53.08,0.0,28.32
O0013039,P116,1,104.58,0.08,51.79
O0013040,P089,1,234.18,0.0,106.59
O0013041,P001,1,302.3,0.0,146.55
O0013041,P087,2,622.3,0.05,408.61
O0013041,P042,1,187.27,0.0,122.2
O0013041,P039,3,380.0,0.05,173.17
O0013042,P004,2,1825.84,0.05,951.48
O0013043,P088,1,94.69,0.0,55.41
O0013043,P030,2,202.45,0.08,157.09
O0013043,P015,1,1155.53,0.0,763.7
O0013044,P029,1,181.65,0.0,111.05
O0013045,P082,3,117.19,0.0,64.62
O0013046,P068,1,1197.22,0.0,648.75
O0013047,P107,4,217.52,0.05,140.13
O0013048,P039,1,384.41,0.05,174.37
O0013049,P048,2,520.44,0.0,294.07
O0013050,P026,1,159.54,0.0,83.8
O0013051,P025,1,462.8,0.0,331.88
O0013052,P030,1,204.95,0.03,154.37
O0013053,P014,2,227.27,0.0,166.28
O0013054,P004,4,1805.92,0.05,939.11
O0013055,P028,3,656.79,0.0,416.86
O0013056,P037,1,39.28,0.12,20.92
O0013056,P064,1,572.5,0.05,341.1
O0013057,P001,2,313.11,0.0,149.61
O0013057,P003,1,1225.37,0.05,672.63
O0013058,P038,1,209.38,0.03,155.95
O0013059,P006,1,2023.95,0.0,1154.44
O0013060,P112,2,61.5,0.0,37.55
O0013060,P114,1,135.7,0.0,60.5
O0013060,P035,1,579.14,0.03,390.7
O0013061,P010,1,1135.17,0.12,596.93
O0013062,P048,1,516.57,0.0,301.37
O0013062,P080,1,945.45,0.08,689.18
O0013063,P078,1,840.44,0.0,655.15
O0013063,P035,2,581.25,0.0,394.7
O0013064,P024,1,181.82,0.05,100.62
O0013064,P028,4,612.31,0.0,418.24
O0013065,P009,1,116.41,0.15,85.79
O0013066,P035,1,576.01,0.0,390.06
O0013066,P100,1,285.57,0.12,182.27
O0013067,P011,1,1288.77,0.0,756.48
O0013068,P118,1,81.59,0.0,48.61
O0013069,P027,1,657.07,0.03,383.39
O0013070,P097,2,313.73,0.05,214.92
O0013071,P011,1,1342.86,0.03,771.74
O0013072,P065,4,1091.21,0.08,615.07
O0013073,P014,2,224.71,0.0,163.22
O0013073,P085,3,274.81,0.05,197.35
O0013074,P097,1,326.17,0.03,206.84
O0013074,P083,1,249.21,0.0,120.41
O0013075,P034,1,694.85,0.0,347.61
O0013076,P031,1,420.66,0.0,287.43
O0013077,P030,3,199.31,0.0,150.69
O0013078,P070,2,53.68,0.0,29.18
O0013079,P018,2,1795.23,0.0,1286.64
O0013080,P073,2,595.92,0.0,295.45
O0013081,P037,1,36.03,0.0,20.95
O0013081,P096,3,538.8,0.12,345.16
O0013081,P097,1,311.72,0.0,212.3
O0013082,P078,1,882.21,0.08,633.91
O0013082,P044,1,315.05,0.0,215.68
O0013083,P003,1,1187.2,0.03,676.11
O0013084,P001,1,308.27,0.0,147.84
O0013085,P038,3,205.51,0.0,155.59
O0013086,P117,2,124.69,0.0,91.36
O0013087,P115,2,89.08,0.0,53.27
O0013087,P011,2,1322.41,0.0,746.58
O0013087,P004,2,1720.13,0.08,945.03
O0013088,P039,1,375.74,0.05,179.3
O0013089,P047,3,312.27,0.12,207.8
O0013089,P010,1,1093.67,0.0,615.45
O0013089,P060,1,268.74,0.05,181.23
O0013090,P101,1,27.89,0.0,17.64
O0013090,P023,1,288.4,0.03,129.92
O0013090,P102,1,212.79,0.03,146.02
O0013091,P076,1,269.56,0.0,134.66
O0013092,P083,1,244.55,0.05,120.96
O0013092,P032,1,194.41,0.0,99.2
O0013093,P008,3,1893.94,0.0,1058.19
O0013093,P047,1,302.51,0.0,206.01
O0013094,P008,2,1783.14,0.08,1069.93
O0013094,P033,1,116.7,0.0,53.85
O0013095,P101,1,29.41,0.0,17.72
O0013096,P091,1,234.93,0.0,156.69
O0013097,P091,1,232.78,0.0,161.52
O0013098,P100,4,298.82,0.05,189.49
O0013099,P029,2,185.66,0.05,111.52
O0013100,P091,1,237.94,0.0,161.94
O0013101,P026,1,163.29,0.05,83.33
O0013102,P092,1,657.23,0.12,392.59
O0013102,P001,2,291.08,0.05,146.66
O0013103,P107,1,233.47,0.0,142.5
O0013104,P067,1,943.18,0.12,549.22
O0013105,P012,1,2319.01,0.0,1335.58
O0013106,P062,1,1420.72,0.0,1092.35
O0013106,P032,2,186.41,0.12,101.54
O0013107,P087,1,589.57,0.0,406.08
O0013107,P063,1,232.77,0.05,104.39
O0013107,P102,3,208.88,0.0,148.62
O0013108,P093,1,224.88,0.0,114.86
O0013109,P099,1,165.74,0.03,102.48
O0013110,P009,1,113.76,0.0,86.5
O0013111,P077,1,47.1,0.0,28.07
O0013112,P035,1,580.25,0.0,385.88
O0013113,P010,2,1119.18,0.03,612.65
O0013114,P083,1,239.47,0.08,119.33
O0013115,P028,1,616.09,0.08,398.64
O0013115,P015,3,1200.68,0.05,736.66
O0013116,P011,1,1282.33,0.0,784.15
O0013117,P073,3,559.57,0.0,295.58
O0013118,P107,1,232.33,0.03,143.82
O0013118,P115,1,96.09,0.05,52.71
O0013118,P075,1,1031.86,0.12,596.04
O0013119,P084,2,467.67,0.0,333.6
O0013120,P026,1,171.18,0.05,83.63
O0013120,P023,1,273.86,0.08,130.39
O0013121,P051,1,196.6,0.12,98.81
O0013122,P058,2,559.96,0.0,296.75
O0013123,P004,2,1742.46,0.05,931.83
O0013124,P076,1,276.77,0.03,139.75
O0013125,P092,2,639.94,0.0,404.01
O0013126,P089,1,224.11,0.15,109.9
O0013127,P030,1,217.63,0.0,155.04
O0013128,P015,1,1192.62,0.05,735.15
O0013129,P103,1,170.63,0.0,126.91
O0013130,P053,4,84.43,0.03,42.78
O0013131,P118,1,77.74,0.0,48.69
O0013132,P096,1,532.02,0.0,341.55
O0013132,P053,1,88.52,0.0,40.69
O0013132,P073,1,572.09,0.0,297.56
O0013133,P005,1,2136.0,0.0,1373.99
O0013134,P002,1,2381.94,0.05,1514.46
O0013135,P021,2,360.11,0.0,204.05
O0013136,P098,1,30.61,0.0,23.1
O0013136,P068,1,1154.09,0.0,664.02
O0013136,P110,1,55.61,0.03,27.56
O0013137,P012,1,2227.54,0.0,1340.11
O0013138,P015,2,1207.9,0.0,747.13
O0013139,P012,1,2307.36,0.03,1365.0
O0013140,P102,2,221.03,0.0,147.79
O0013141,P023,1,262.9,0.08,127.19
O0013142,P059,3,167.43,0.0,94.35
O0013143,P039,1,379.75,0.0,175.19
O0013143,P034,1,714.88,0.0,342.01
O0013143,P089,2,227.41,0.12,109.13
O0013144,P109,3,177.47,0.0,113.02
O0013145,P040,3,338.57,0.0,168.53
O0013146,P022,2,378.95,0.0,248.23
O0013147,P010,1,1181.53,0.05,608.33
O0013148,P096,2,528.54,0.0,353.17
O0013148,P009,1,112.22,0.0,83.03
O0013149,P017,1,1875.38,0.0,854.52
O0013150,P028,3,611.92,0.12,400.55
O0013151,P016,3,1420.19,0.0,995.3
O0013152,P047,1,301.56,0.0,196.01
O0013152,P011,2,1329.87,0.0,768.4
O0013153,P020,1,517.01,0.08,368.98
O0013154,P063,2,223.24,0.08,103.59
O0013154,P093,1,237.01,0.0,114.47
O0013154,P008,1,1841.06,0.0,1103.0
O0013154,P104,1,215.86,0.08,136.86
O0013155,P018,1,1819.92,0.05,1276.73
O0013156,P061,2,86.11,0.05,41.22
O0013157,P115,2,87.19,0.0,52.38
O0013158,P088,1,101.14,0.05,54.58
O0013159,P075,1,1040.85,0.0,583.26
O0013159,P110,1,54.83,0.08,27.15
O0013160,P009,1,115.59,0.08,84.45
O0013161,P080,2,984.25,0.0,671.79
O0013162,P088,2,98.38,0.08,53.4
O0013163,P035,1,592.58,0.0,389.47
O0013163,P068,1,1188.32,0.0,671.27
O0013164,P040,1,317.62,0.0,170.85
O0013165,P099,1,157.73,0.03,101.08
O0013166,P026,1,171.01,0.0,86.59
O0013167,P014,1,224.33,0.0,163.12
O0013168,P093,1,227.59,0.08,112.79
O0013168,P069,1,1373.64,0.0,859.54
O0013169,P036,1,252.21,0.0,181.64
O0013170,P035,1,608.71,0.0,385.08
O0013171,P027,1,657.53,0.0,381.38
O0013171,P059,1,160.25,0.05,92.31
O0013171,P008,1,1862.02,0.0,1094.31
O0013172,P111,1,42.51,0.05,31.81
O0013172,P007,1,554.85,0.03,288.26
O0013173,P031,1,432.79,0.0,280.59
O0013174,P080,2,952.43,0.08,682.35
O0013174,P069,1,1363.43,0.0,819.76
O0013175,P025,1,461.17,0.08,333.46
O0013176,P024,1,190.27,0.0,100.29
O0013177,P013,1,569.45,0.03,359.42
O0013177,P032,1,194.56,0.0,102.71
O0013178,P072,2,57.53,0.0,34.71
O0013178,P071,1,749.15,0.12,340.23
O0013179,P073,1,572.63,0.08,298.36
O0013180,P030,1,213.71,0.0,154.23
O0013181,P015,2,1163.57,0.0,725.09
O0013181,P025,1,453.59,0.0,337.15
O0013181,P068,2,1189.62,0.0,652.36
O0013182,P120,1,141.84,0.0,91.32
O0013183,P085,1,299.07,0.08,203.76
O0013184,P032,1,194.62,0.15,102.75
O0013185,P036,1,255.21,0.0,177.12
O0013185,P074,1,71.68,0.0,42.73
O0013186,P120,1,150.14,0.0,89.14
O0013187,P068,1,1195.37,0.0,644.85
O0013188,P110,1,53.41,0.0,27.13
O0013189,P076,1,261.6,0.0,132.91
O0013190,P043,1,134.34,0.05,72.37
O0013190,P063,2,227.99,0.0,102.52
O0013190,P065,1,1009.87,0.08,599.58
O0013191,P010,1,1091.79,0.0,602.82
O0013191,P039,1,383.04,0.08,176.68
O0013192,P039,1,352.37,0.05,172.28
O0013193,P012,1,2249.3,0.0,1351.66
O0013194,P017,1,1843.79,0.03,850.48
O0013194,P019,1,2066.55,0.0,1474.74
O0013195,P032,1,199.32,0.05,99.0
O0013196,P089,1,238.69,0.03,106.65
O0013197,P047,3,296.54,0.12,200.37
O0013198,P097,1,310.65,0.0,210.46
O0013199,P109,1,171.14,0.0,111.8
O0013200,P113,1,115.36,0.05,81.23
O0013201,P004,1,1734.25,0.0,907.52
O0013202,P037,1,37.73,0.0,21.34
O0013202,P044,1,329.25,0.05,216.98
O0013202,P098,1,33.18,0.0,22.55
O0013202,P099,1,157.54,0.0,100.58
O0013203,P005,1,2071.97,0.05,1322.28
O0013204,P099,1,165.4,0.03,99.93
O0013205,P081,2,325.71,0.12,185.3
O0013206,P078,1,852.4,0.08,661.55
O0013207,P104,1,225.0,0.0,132.03
O0013208,P111,1,41.03,0.08,32.26
O0013208,P008,1,1917.18,0.0,1091.87
O0013209,P083,1,248.78,0.05,121.08
O0013210,P010,2,1115.18,0.0,590.1
O0013211,P028,2,613.64,0.0,400.64
O0013211,P053,2,89.01,0.0,41.28
O0013212,P061,1,80.94,0.05,42.91
O0013213,P092,1,624.11,0.0,392.66
O0013214,P039,3,365.08,0.0,179.86
O0013215,P033,1,115.52,0.0,52.47
O0013216,P079,1,737.92,0.0,373.36
O0013216,P028,2,609.3,0.08,407.19
O0013217,P024,1,189.1,0.03,96.27
O0013218,P007,1,561.37,0.03,295.62
O0013219,P117,1,127.88,0.0,96.16
O0013220,P045,1,303.78,0.12,210.18
O0013221,P024,1,185.78,0.0,98.3
O0013222,P114,1,137.96,0.0,60.28
O0013223,P037,3,38.53,0.0,21.09
O0013223,P002,1,2354.75,0.0,1461.09
O0013223,P023,1,273.69,0.08,128.97
O0013224,P055,3,463.0,0.0,261.64
O0013225,P063,2,227.15,0.0,103.79
O0013226,P070,2,55.78,0.03,28.99
O0013227,P050,1,246.34,0.05,142.46
O0013228,P024,1,178.58,0.12,99.36
O0013229,P099,1,157.0,0.03,102.19
O0013230,P114,1,138.22,0.0,61.01
O0013231,P085,1,290.89,0.12,200.73
O0013232,P018,1,1816.91,0.0,1303.08
O0013233,P068,1,1168.56,0.0,654.58
O0013234,P101,2,29.48,0.12,17.38
O0013234,P055,1,447.29,0.0,266.25
O0013235,P049,3,79.79,0.0,39.31
O0013236,P067,1,923.92,0.05,542.52
O0013237,P044,1,314.05,0.0,218.93
O0013238,P088,1,101.02,0.0,55.21
O0013239,P013,3,557.32,0.05,354.81
O0013239,P094,1,337.43,0.0,190.3
O0013240,P059,1,159.42,0.15,93.06
O0013240,P019,1,2027.05,0.0,1450.54
O0013241,P025,1,446.58,0.15,337.22
O0013242,P043,1,134.44,0.05,75.86
O0013243,P004,1,1864.52,0.12,904.03
O0013243,P057,1,206.98,0.05,113.6
O0013244,P087,1,615.34,0.05,409.61
O0013245,P111,1,42.07,0.0,31.88
O0013245,P040,1,333.59,0.12,168.64
O0013246,P032,1,197.85,0.0,102.48
O0013247,P012,1,2333.67,0.0,1334.42
O0013248,P013,1,552.63,0.05,367.34
O0013249,P023,1,279.89,0.12,127.73
O0013250,P048,1,505.33,0.0,301.97
O0013251,P081,1,327.36,0.0,185.58
O0013252,P067,2,882.81,0.03,535.25
O0013253,P105,1,152.46,0.05,98.28
O0013254,P019,1,2126.16,0.0,1456.3
O0013254,P031,3,428.49,0.0,289.15
O0013255,P008,2,1932.76,0.05,1088.68
O0013256,P051,1,190.04,0.12,93.36
O0013256,P084,1,451.76,0.0,329.3
O0013257,P050,1,249.65,0.0,140.23
O0013258,P051,3,203.78,0.0,98.81
O0013259,P077,1,46.15,0.05,27.19
O0013260,P049,3,75.8,0.0,39.35
O0013261,P052,1,113.98,0.0,84.99
O0013261,P078,1,858.24,0.0,649.1
O0013262,P065,1,1061.31,0.08,628.86
O0013263,P036,1,240.49,0.0,177.35
O0013264,P032,3,197.49,0.08,102.29
O0013265,P089,2,238.41,0.0,107.59
O0013266,P071,1,751.7,0.0,337.05
O0013267,P001,1,302.01,0.0,145.17
O0013268,P008,1,1822.63,0.12,1089.11
O0013268,P005,1,2127.43,0.05,1306.11
O0013269,P091,1,243.82,0.0,158.24
O0013270,P050,1,253.59,0.03,145.41
O0013271,P111,1,44.52,0.0,32.54
O0013272,P053,2,84.59,0.0,40.89
O0013273,P082,1,117.32,0.0,65.63
O0013274,P001,1,305.25,0.0,145.9
O0013275,P020,1,531.13,0.03,370.03
O0013276,P008,1,1933.49,0.12,1089.94
O0013277,P016,3,1494.81,0.0,1005.26
O0013277,P013,1,576.56,0.0,364.91
O0013278,P058,1,609.36,0.0,300.7
O0013278,P059,1,160.29,0.0,93.34
O0013279,P118,1,81.08,0.05,48.96
O0013279,P013,3,582.7,0.05,368.85
O0013280,P036,3,244.66,0.0,179.33
O0013281,P109,1,169.76,0.0,114.0
O0013282,P104,1,222.85,0.15,130.91
O0013283,P070,1,51.96,0.0,28.7
O0013283,P090,3,173.83,0.0,94.85
O0013284,P036,1,245.83,0.03,176.55
O0013284,P005,2,2059.49,0.0,1343.95
O0013285,P080,1,993.48,0.15,666.56
O0013285,P019,1,2161.6,0.0,1470.86
O0013285,P007,1,576.39,0.0,299.38
O0013286,P051,1,197.63,0.0,94.88
O0013287,P116,1,101.92,0.0,50.44
O0013288,P012,1,2136.28,0.0,1390.67
O0013288,P001,1,302.17,0.05,153.43
O0013288,P044,1,333.29,0.05,220.34
O0013289,P103,1,159.85,0.0,126.67
O0013289,P017,2,1892.98,0.0,859.35
O0013289,P069,1,1424.27,0.03,847.25
O0013290,P016,1,1427.48,0.12,999.88
O0013291,P038,1,214.34,0.15,150.85
O0013291,P009,1,112.02,0.05,82.58
O0013292,P018,1,1719.27,0.15,1298.71
O0013293,P108,1,44.75,0.03,20.36
O0013294,P017,1,1909.18,0.05,850.78
O0013294,P008,1,1866.16,0.0,1053.02
O0013295,P001,1,309.64,0.03,149.48
O0013296,P024,4,189.72,0.0,101.19
O0013297,P028,1,660.32,0.0,412.47
O0013298,P020,2,489.63,0.0,378.1
O0013299,P087,1,617.96,0.08,416.89
O0013300,P112,2,59.1,0.03,37.92
O0013301,P030,2,208.41,0.03,153.6
O0013302,P111,1,44.53,0.0,31.74
O0013303,P023,1,271.65,0.0,131.85
O0013303,P026,1,162.31,0.05,85.14
O0013303,P064,1,547.92,0.05,339.47
O0013304,P064,1,527.01,0.08,329.72
O0013304,P022,1,399.27,0.0,250.86
O0013305,P067,1,936.21,0.03,563.25
O0013305,P022,1,378.65,0.0,257.92
O0013306,P057,1,211.53,0.0,108.26
O0013306,P066,1,481.02,0.0,265.92
O0013307,P089,2,233.24,0.05,107.3
O0013308,P036,1,257.4,0.08,176.85
O0013309,P079,2,743.48,0.0,361.35
O0013309,P021,1,357.53,0.08,198.33
O0013309,P006,1,1959.91,0.03,1110.58
O0013310,P069,3,1442.5,0.05,856.33
O0013311,P030,2,202.46,0.05,152.98
O0013312,P006,1,1960.21,0.12,1159.79
O0013313,P035,1,621.14,0.03,394.52
O0013314,P013,1,554.27,0.03,359.82
O0013314,P022,1,376.03,0.0,249.8
O0013315,P083,2,236.41,0.03,121.34
O0013316,P120,2,141.86,0.0,88.03
O0013317,P087,4,593.83,0.05,403.09
O0013318,P021,1,354.8,0.0,198.2
O0013319,P103,1,174.37,0.0,125.28
O0013320,P090,1,178.57,0.0,92.41
O0013321,P044,1,332.45,0.0,216.06
O0013321,P092,3,624.49,0.03,402.28
O0013322,P046,3,270.65,0.0,199.48
O0013323,P024,3,181.04,0.0,96.85
O0013324,P072,1,54.78,0.03,35.37
O0013324,P079,1,732.06,0.08,367.29
O0013325,P007,1,576.59,0.05,290.92
O0013325,P081,1,352.61,0.0,185.85
O0013326,P050,3,241.48,0.12,140.44
O0013327,P078,3,829.31,0.08,637.3
O0013328,P029,1,195.48,0.0,114.86
O0013329,P072,3,56.18,0.0,35.75
O0013330,P086,1,463.85,0.0,322.85
O0013330,P094,1,366.36,0.0,181.99
O0013331,P016,1,1375.57,0.05,980.02
O0013332,P087,1,605.74,0.0,411.33
O0013333,P042,2,188.93,0.08,118.95
O0013334,P088,3,97.51,0.08,54.82
O0013335,P013,2,558.65,0.12,354.38
O0013336,P033,2,117.82,0.0,53.37
O0013337,P072,1,54.48,0.0,36.53
O0013337,P053,1,84.3,0.0,40.61
O0013338,P033,1,120.59,0.0,51.48
O0013339,P047,1,316.24,0.03,202.12
O0013340,P019,1,2078.64,0.12,1402.08
O0013341,P016,3,1421.1,0.03,949.87
O0013341,P108,1,41.59,0.08,20.11
O0013342,P010,3,1108.36,0.0,597.95
O0013343,P029,1,181.55,0.0,109.3
O0013344,P108,1,43.45,0.08,20.29
O0013344,P012,3,2196.46,0.05,1369.87
O0013345,P022,1,389.22,0.12,248.09
O0013345,P045,1,322.73,0.08,219.78
O0013345,P043,1,130.79,0.08,74.32
O0013346,P012,1,2296.85,0.0,1340.55
O0013347,P076,2,267.12,0.0,138.88
O0013348,P009,1,114.2,0.0,86.87
O0013348,P033,1,111.96,0.0,51.96
O0013348,P056,1,368.93,0.0,261.41
O0013349,P029,3,181.53,0.05,110.66
O0013350,P031,1,433.83,0.03,293.28
O0013350,P080,1,1002.05,0.08,686.02
O0013351,P065,1,1057.8,0.0,613.04
O0013352,P087,1,616.97,0.0,405.48
O0013353,P084,1,444.06,0.0,336.61
O0013354,P016,2,1481.62,0.0,999.83
O0013354,P095,2,579.31,0.03,298.47
O0013354,P019,1,2040.66,0.05,1442.9
O0013355,P080,1,939.98,0.08,656.93
O0013356,P086,2,457.42,0.03,323.64
O0013356,P012,1,2233.3,0.0,1338.68
O0013357,P012,1,2341.5,0.0,1407.67
O0013357,P068,1,1210.2,0.05,666.38
O0013358,P043,1,129.54,0.08,76.27
O0013359,P027,1,621.7,0.08,388.31
O0013359,P053,2,89.01,0.05,40.77
O0013360,P026,1,168.39,0.0,82.21
O0013360,P062,1,1447.95,0.0,1102.88
O0013361,P001,1,298.99,0.0,151.66
O0013362,P015,1,1160.43,0.05,760.89
O0013363,P117,2,128.87,0.0,93.62
O0013364,P013,1,556.57,0.0,368.69
O0013365,P086,1,436.59,0.12,337.59
O0013366,P029,1,180.82,0.03,111.44
O0013366,P094,2,339.93,0.08,192.25
O0013367,P031,1,423.64,0.0,288.36
O0013367,P015,2,1223.17,0.0,743.04
O0013367,P045,2,305.54,0.0,218.44
O0013368,P068,1,1112.52,0.08,638.07
O0013369,P077,3,49.11,0.0,28.2
O0013370,P002,1,2397.23,0.0,1490.9
O0013371,P038,1,207.63,0.12,150.47
O0013371,P021,2,336.1,0.0,204.32
O0013372,P088,2,95.98,0.03,53.3
O0013372,P043,1,129.26,0.0,75.49
O0013373,P016,1,1408.74,0.0,996.3
O0013374,P071,2,743.74,0.0,349.14
O0013375,P055,1,450.14,0.0,271.96
O0013375,P001,1,300.54,0.12,151.1
O0013376,P016,1,1445.97,0.0,987.36
O0013377,P015,2,1127.61,0.08,723.49
O0013378,P093,1,245.32,0.03,112.35
O0013378,P088,1,95.82,0.0,53.9
O0013379,P003,1,1163.85,0.15,651.51
O0013380,P099,1,160.97,0.0,104.48
O0013380,P068,1,1159.07,0.0,663.2
O0013381,P033,1,120.75,0.05,53.57
O0013381,P077,1,49.41,0.05,27.87
O0013382,P043,1,126.58,0.0,72.84
O0013383,P033,1,110.52,0.05,50.94
O0013384,P071,1,717.95,0.05,347.83
O0013384,P101,1,29.51,0.05,17.2
O0013385,P020,2,536.34,0.0,364.44
O0013386,P046,1,271.22,0.05,195.54
O0013387,P111,1,40.76,0.0,31.42
O0013388,P038,1,213.72,0.03,158.47
O0013389,P076,1,268.32,0.12,137.05
O0013390,P031,2,419.61,0.0,280.97
O0013391,P059,3,171.02,0.0,92.37
O0013392,P079,1,734.54,0.12,362.06
O0013393,P012,1,2335.64,0.0,1377.85
O0013393,P040,1,319.75,0.0,168.74
O0013394,P037,1,36.46,0.0,20.68
O0013395,P104,2,228.77,0.0,134.92
O0013396,P089,1,238.65,0.0,109.83
O0013397,P115,1,91.57,0.05,53.37
O0013398,P002,1,2382.76,0.15,1458.91
O0013398,P034,1,715.56,0.0,348.94
O0013399,P009,2,115.86,0.0,82.59
O0013400,P037,2,37.38,0.12,21.73
O0013401,P019,1,2093.64,0.08,1441.9
O0013401,P032,1,195.55,0.08,98.37
O0013402,P007,1,542.6,0.0,287.93
O0013403,P105,1,163.15,0.08,102.12
O0013404,P022,2,394.02,0.08,247.11
O0013405,P039,1,373.18,0.03,171.35
O0013406,P069,1,1469.6,0.0,844.79
O0013407,P034,1,712.94,0.03,344.07
O0013408,P037,1,37.75,0.0,20.75
O0013408,P004,1,1856.21,0.0,904.59
O0013408,P104,1,211.33,0.05,134.24
O0013409,P067,1,941.11,0.0,560.39
O0013410,P038,2,206.96,0.0,158.34
O0013410,P035,1,570.11,0.0,394.83
O0013410,P041,1,101.66,0.05,55.4
O0013410,P080,2,1002.45,0.08,675.22
O0013411,P051,1,202.32,0.05,94.41
O0013412,P045,1,319.54,0.0,218.9
O0013413,P052,2,114.87,0.08,87.48
O0013414,P106,1,216.76,0.08,134.1
O0013414,P067,1,925.17,0.05,537.83
O0013415,P061,1,80.74,0.12,42.17
O0013415,P094,1,339.9,0.0,187.36
O0013416,P013,1,573.56,0.08,364.42
O0013417,P099,1,156.54,0.0,101.29
O0013417,P026,2,161.61,0.05,83.79
O0013418,P117,1,133.42,0.0,91.25
O0013419,P078,1,841.48,0.03,641.8
O0013419,P052,1,113.88,0.05,84.32
O0013419,P027,2,611.76,0.0,389.4
O0013420,P046,1,279.4,0.12,200.36
O0013421,P036,1,243.82,0.05,177.76
O0013422,P070,1,53.53,0.12,28.2
O0013422,P024,2,189.91,0.05,96.76
O0013423,P083,3,245.67,0.0,121.2
O0013424,P051,1,187.04,0.0,98.53
O0013425,P027,3,655.98,0.05,394.46
O0013426,P060,1,263.6,0.03,181.59
O0013426,P071,2,747.59,0.0,339.95
O0013426,P035,2,571.57,0.0,396.39
O0013427,P045,4,322.38,0.05,216.72
O0013428,P049,2,82.4,0.0,37.97
O0013429,P026,1,162.71,0.0,86.16
O0013430,P068,1,1133.36,0.0,642.01
O0013431,P012,1,2316.22,0.0,1399.14
O0013432,P016,1,1376.78,0.0,987.3
O0013433,P034,1,705.25,0.0,348.96
O0013434,P015,1,1221.5,0.0,745.28
O0013435,P072,3,57.55,0.05,34.66
O0013436,P015,3,1181.89,0.03,739.69
O0013437,P060,1,260.33,0.0,176.12
O0013438,P022,1,385.09,0.0,252.66
O0013439,P083,1,236.95,0.0,117.75
O0013440,P052,1,117.98,0.0,89.12
O0013440,P091,1,230.93,0.0,161.29
O0013441,P027,1,655.48,0.0,373.0
O0013442,P078,1,876.65,0.03,653.49
O0013443,P025,1,447.66,0.0,337.67
O0013443,P057,1,208.22,0.0,112.58
O0013444,P014,3,218.77,0.0,166.27
O0013445,P010,1,1118.82,0.05,604.77
O0013446,P012,4,2320.22,0.0,1400.18
O0013447,P036,1,253.72,0.0,179.73
O0013447,P003,4,1201.69,0.05,665.75
O0013447,P053,1,85.04,0.08,42.22
O0013448,P082,1,111.96,0.05,65.29
O0013449,P036,1,250.0,0.0,177.9
O0013450,P021,1,344.37,0.0,204.17
O0013450,P074,1,71.14,0.0,42.62
O0013450,P102,1,225.48,0.12,143.96
O0013451,P048,2,505.64,0.08,306.99
O0013451,P083,1,245.48,0.0,123.79
O0013452,P102,1,216.13,0.0,147.52
O0013452,P013,1,557.44,0.12,366.93
O0013452,P047,1,307.69,0.0,201.54
O0013453,P002,1,2439.1,0.03,1465.54
O0013454,P096,1,522.2,0.0,353.66
O0013454,P030,1,216.36,0.0,156.76
O0013454,P090,1,171.86,0.0,93.41
O0013455,P043,1,129.37,0.0,75.85
O0013455,P077,1,49.27,0.05,28.33
O0013455,P022,1,382.69,0.0,250.08
O0013456,P007,1,531.0,0.12,291.47
O0013456,P099,1,163.52,0.0,104.56
O0013457,P085,1,272.49,0.03,205.56
O0013458,P009,2,120.48,0.0,86.68
O0013459,P007,2,525.67,0.0,300.67
O0013460,P045,2,331.81,0.05,209.38
O0013461,P074,1,76.13,0.0,40.65
O0013462,P031,1,450.55,0.15,283.68
O0013462,P022,1,398.21,0.12,250.94
O0013463,P018,1,1751.44,0.03,1314.95
O0013464,P120,1,143.48,0.08,91.94
O0013465,P103,1,171.04,0.05,127.33
O0013466,P023,2,271.18,0.0,130.01
O0013467,P009,2,121.51,0.0,85.45
O0013468,P104,4,222.48,0.0,136.47
O0013469,P007,2,546.51,0.0,299.19
O0013470,P072,1,55.4,0.0,36.55
O0013471,P052,1,115.71,0.0,88.99
O0013472,P103,3,164.17,0.0,124.4
O0013473,P042,1,187.42,0.0,118.44
O0013473,P048,1,506.43,0.08,304.5
O0013474,P030,1,213.94,0.08,157.23
O0013475,P016,4,1415.87,0.15,981.23
O0013476,P117,2,134.14,0.0,92.49
O0013476,P061,1,84.75,0.0,41.23
O0013477,P117,1,124.18,0.0,91.19
O0013477,P018,4,1800.84,0.05,1325.76
O0013478,P089,1,227.29,0.03,110.86
O0013479,P059,1,166.27,0.03,96.87
O0013480,P071,3,731.78,0.05,341.11
O0013480,P060,1,246.15,0.0,182.68
O0013481,P053,1,86.56,0.03,42.57
O0013481,P030,3,207.75,0.0,156.32
O0013481,P068,3,1109.39,0.08,666.0
O0013481,P109,2,172.47,0.0,111.9
O0013482,P046,1,277.1,0.0,202.48
O0013483,P018,1,1756.39,0.0,1327.9
O0013484,P070,1,51.88,0.0,28.81
O0013485,P040,2,324.19,0.05,164.65
O0013486,P041,1,102.17,0.08,53.66
O0013487,P044,2,317.08,0.05,218.16
O0013488,P103,1,174.37,0.0,127.74
O0013489,P077,1,48.33,0.0,27.55
O0013489,P031,1,427.84,0.12,277.9
O0013490,P039,1,380.86,0.0,177.37
O0013491,P069,2,1427.15,0.0,823.42
O0013491,P014,4,220.23,0.0,164.92
O0013492,P028,1,644.44,0.05,412.89
O0013492,P107,1,229.01,0.08,145.55
O0013493,P063,2,232.58,0.0,103.2
O0013494,P020,1,494.08,0.12,377.86
O0013494,P061,1,85.59,0.0,43.27
O0013495,P052,1,121.52,0.0,84.25
O0013496,P011,1,1323.61,0.08,752.93
O0013496,P010,1,1099.42,0.03,589.05
O0013497,P013,4,574.44,0.0,364.95
O0013498,P026,4,161.37,0.0,86.68
O0013499,P018,1,1813.97,0.0,1318.83
O0013500,P001,1,290.15,0.0,148.11
O0013501,P098,1,30.37,0.03,23.32
O0013501,P101,1,28.57,0.03,17.26
O0013501,P036,1,246.01,0.05,174.63
O0013501,P093,1,230.44,0.0,115.64
O0013502,P024,2,184.62,0.03,100.19
O0013503,P116,1,97.8,0.0,51.82
O0013504,P029,1,192.11,0.0,113.4
O0013505,P020,1,496.16,0.03,369.51
O0013506,P116,1,100.54,0.03,49.85
O0013507,P026,1,168.03,0.03,82.45
O0013508,P068,2,1120.8,0.0,666.49
O0013509,P046,2,278.63,0.08,197.26
O0013510,P114,1,128.25,0.08,63.08
O0013511,P115,1,92.62,0.08,53.96
O0013511,P078,1,828.73,0.0,648.53
O0013511,P070,1,51.04,0.0,27.88
O0013511,P056,1,370.94,0.05,264.03
O0013512,P032,1,204.93,0.0,99.38
O0013513,P053,2,87.8,0.05,42.99
O0013513,P036,2,258.11,0.0,174.08
O0013514,P105,2,155.05,0.0,99.6
O0013515,P008,1,1859.06,0.0,1106.38
O0013516,P098,1,32.39,0.03,22.5
O0013517,P016,1,1498.51,0.05,994.68
O0013518,P016,1,1418.65,0.08,1004.53
O0013519,P103,3,159.73,0.0,127.77
O0013520,P097,1,307.96,0.0,206.64
O0013521,P029,1,185.88,0.08,114.28
O0013522,P026,4,166.03,0.0,82.46
O0013523,P071,1,723.52,0.0,350.54
O0013523,P016,2,1439.46,0.0,953.19
O0013524,P105,1,152.56,0.03,102.02
O0013525,P063,1,232.75,0.0,102.93
O0013526,P081,1,343.82,0.12,188.78
O0013527,P088,1,97.91,0.0,55.21
O0013528,P081,2,331.28,0.08,190.24
O0013529,P031,1,442.04,0.05,280.7
O0013530,P034,1,660.6,0.03,353.08
O0013531,P005,3,2063.51,0.0,1327.88
O0013532,P048,1,497.07,0.0,306.79
O0013533,P024,2,177.4,0.08,99.62
O0013533,P017,1,1874.13,0.12,874.79
O0013534,P117,1,133.75,0.0,95.86
O0013535,P006,3,1991.64,0.0,1105.0
O0013536,P022,2,397.26,0.08,257.62
O0013537,P084,2,443.58,0.05,341.76
O0013537,P016,1,1461.18,0.03,963.64
O0013538,P107,2,231.45,0.0,143.5
O0013539,P013,2,566.26,0.0,366.64
O0013540,P061,1,85.59,0.05,43.3
O0013540,P063,1,217.36,0.05,100.61
O0013540,P026,1,160.15,0.15,85.6
O0013541,P009,2,112.49,0.03,86.79
O0013541,P083,2,256.4,0.0,119.06
O0013542,P020,1,514.88,0.12,364.01
O0013543,P036,1,245.43,0.0,178.26
O0013544,P092,1,627.56,0.05,400.66
O0013545,P119,2,147.98,0.08,76.3
O0013545,P088,1,96.7,0.0,53.88
O0013546,P027,2,618.41,0.0,394.41
O0013546,P015,2,1194.61,0.0,722.19
O0013546,P046,1,271.07,0.0,197.53
O0013547,P111,1,41.84,0.03,31.25
O0013547,P087,1,607.88,0.0,416.56
O0013548,P038,3,218.15,0.0,155.93
O0013549,P067,2,964.29,0.0,562.57
O0013550,P043,2,127.43,0.0,74.35
O0013551,P059,1,161.22,0.03,94.75
O0013552,P069,1,1474.03,0.0,841.49
O0013553,P013,2,575.91,0.05,365.83
