order_id,customer_id,order_date,order_status,channel,payment_method
O0000001,C02738,2025-12-28,Concluído,Site,Cartão
O0000002,C02738,2025-10-09,Concluído,Site,PIX
O0000003,C02738,2025-10-16,Concluído,Marketplace,Cartão
O0000004,C02738,2025-05-11,Concluído,Site,PIX
O0000005,C03379,2024-09-22,Concluído,Site,PIX
O0000006,C02785,2025-04-10,Concluído,Site,Cartão
O0000007,C02785,2024-05-08,Concluído,Marketplace,PIX
O0000008,C02785,2025-11-29,Concluído,Site,PIX
O0000009,C02785,2024-10-12,Concluído,App,Cartão
O0000010,C02785,2024-08-24,Concluído,Marketplace,Cartão
O0000011,C03546,2024-02-08,Concluído,App,PIX
O0000012,C03546,2025-05-12,Concluído,Site,Cartão
O0000013,C03546,2024-11-23,Concluído,Site,Carteira digital
O0000014,C03546,2025-07-18,Concluído,Site,Cartão
O0000015,C01146,2024-09-27,Concluído,Marketplace,Cartão
O0000016,C01146,2025-09-28,Devolvido,App,Cartão
O0000017,C01146,2024-05-09,Concluído,App,Cartão
O0000018,C01146,2023-03-28,Concluído,Site,Carteira digital
O0000019,C01146,2023-07-11,Concluído,Site,Cartão
O0000020,C01146,2024-04-09,Concluído,Marketplace,Cartão
O0000021,C01146,2023-01-08,Concluído,App,Cartão
O0000022,C01146,2024-12-17,Concluído,Site,Carteira digital
O0000023,C01146,2025-02-08,Concluído,Site,Cartão
O0000024,C01146,2024-06-14,Concluído,App,Cartão
O0000025,C01146,2024-12-28,Concluído,App,Carteira digital
O0000026,C01146,2023-05-08,Concluído,Marketplace,Cartão
O0000027,C02555,2024-05-09,Concluído,Site,Cartão
O0000028,C00465,2025-02-28,Concluído,Site,PIX
O0000029,C03591,2024-05-02,Concluído,App,Cartão
O0000030,C03591,2024-04-04,Concluído,App,PIX
O0000031,C03591,2025-03-29,Concluído,Site,Carteira digital
O0000032,C03561,2024-12-20,Concluído,Site,Cartão
O0000033,C03561,2025-02-16,Concluído,Site,Carteira digital
O0000034,C02578,2025-05-29,Concluído,Marketplace,Carteira digital
O0000035,C02578,2025-05-19,Concluído,Marketplace,Carteira digital
O0000036,C02578,2025-06-22,Concluído,Site,Cartão
O0000037,C02578,2025-05-14,Concluído,Site,PIX
O0000038,C01836,2025-04-13,Concluído,Marketplace,Boleto
O0000039,C01836,2024-02-15,Concluído,Site,Cartão
O0000040,C00743,2025-08-22,Concluído,Marketplace,PIX
O0000041,C00743,2023-11-21,Concluído,Site,Cartão
O0000042,C00743,2024-02-11,Concluído,Marketplace,Cartão
O0000043,C04186,2023-08-19,Concluído,Site,PIX
O0000044,C04186,2023-09-24,Concluído,Site,Cartão
O0000045,C04186,2023-07-22,Concluído,App,Cartão
O0000046,C04186,2023-11-17,Concluído,App,Cartão
O0000047,C04186,2025-02-08,Concluído,Site,PIX
O0000048,C04186,2025-10-08,Concluído,Site,Cartão
O0000049,C04186,2025-12-19,Concluído,App,Carteira digital
O0000050,C00131,2025-03-20,Concluído,App,Cartão
O0000051,C00131,2025-05-03,Concluído,App,Carteira digital
O0000052,C00131,2025-12-03,Concluído,Site,Cartão
O0000053,C00464,2025-02-04,Concluído,Site,Carteira digital
O0000054,C00464,2024-07-21,Concluído,Site,Cartão
O0000055,C00464,2025-12-06,Concluído,App,PIX
O0000056,C00464,2023-11-25,Concluído,Site,Cartão
O0000057,C04397,2024-12-14,Concluído,Site,Cartão
O0000058,C01466,2025-11-16,Concluído,App,Cartão
O0000059,C01466,2024-05-29,Concluído,App,PIX
O0000060,C01735,2023-06-13,Concluído,Site,PIX
O0000061,C01123,2025-12-13,Concluído,App,Cartão
O0000062,C01123,2025-12-31,Concluído,Site,PIX
O0000063,C01123,2025-12-21,Concluído,Site,Cartão
O0000064,C01123,2025-12-13,Concluído,Site,Cartão
O0000065,C03535,2024-09-22,Cancelado,Site,Cartão
O0000066,C03535,2023-07-23,Concluído,Marketplace,Carteira digital
O0000067,C00232,2025-10-12,Concluído,Marketplace,Cartão
O0000068,C04963,2024-06-08,Concluído,App,Cartão
O0000069,C01876,2025-11-14,Concluído,Site,PIX
O0000070,C00170,2025-08-17,Concluído,Marketplace,Cartão
O0000071,C00170,2025-06-20,Concluído,Site,Cartão
O0000072,C00170,2025-05-19,Concluído,Site,Cartão
O0000073,C00170,2025-03-25,Concluído,Site,Carteira digital
O0000074,C00170,2025-05-31,Concluído,Site,PIX
O0000075,C00170,2025-09-14,Concluído,Marketplace,Cartão
O0000076,C00170,2025-03-29,Concluído,Site,Cartão
O0000077,C00170,2025-08-18,Concluído,App,PIX
O0000078,C00170,2025-03-31,Concluído,Site,Cartão
O0000079,C00170,2025-02-21,Concluído,App,Cartão
O0000080,C00170,2025-03-11,Concluído,Site,PIX
O0000081,C00170,2025-10-02,Concluído,App,Carteira digital
O0000082,C00170,2025-04-27,Concluído,App,PIX
O0000083,C01372,2025-04-23,Concluído,Site,Boleto
O0000084,C01372,2025-08-12,Concluído,Site,PIX
O0000085,C01372,2025-08-02,Concluído,Marketplace,Cartão
O0000086,C01372,2024-05-04,Concluído,Marketplace,Carteira digital
O0000087,C01372,2024-12-28,Concluído,Site,Cartão
O0000088,C01372,2025-07-09,Concluído,Site,PIX
O0000089,C01372,2024-01-31,Concluído,Marketplace,Cartão
O0000090,C01372,2025-07-24,Concluído,Site,PIX
O0000091,C01372,2024-05-12,Concluído,Site,Cartão
O0000092,C01372,2024-06-14,Concluído,App,Cartão
O0000093,C01372,2025-04-13,Concluído,Site,Cartão
O0000094,C02879,2025-02-14,Concluído,Marketplace,Cartão
O0000095,C02879,2025-04-25,Concluído,Site,Cartão
O0000096,C02879,2023-06-14,Concluído,Site,Carteira digital
O0000097,C02879,2023-04-10,Concluído,App,Boleto
O0000098,C02879,2023-06-02,Concluído,App,PIX
O0000099,C02879,2025-11-18,Concluído,Site,Cartão
O0000100,C02879,2025-12-28,Concluído,Site,Carteira digital
O0000101,C04739,2025-09-27,Concluído,Site,Cartão
O0000102,C04739,2023-05-04,Concluído,App,Cartão
O0000103,C04739,2023-02-28,Concluído,Site,PIX
O0000104,C04739,2024-08-19,Concluído,Site,PIX
O0000105,C03828,2024-03-07,Concluído,Site,Cartão
O0000106,C03828,2023-10-30,Concluído,Site,Cartão
O0000107,C01860,2023-08-13,Concluído,App,Cartão
O0000108,C01860,2023-10-26,Concluído,Marketplace,PIX
O0000109,C02068,2025-05-07,Concluído,Site,Boleto
O0000110,C02068,2024-03-14,Concluído,App,Cartão
O0000111,C00120,2025-03-04,Cancelado,Site,Cartão
O0000112,C00120,2025-06-05,Concluído,Site,Cartão
O0000113,C00120,2025-04-22,Concluído,Site,Boleto
O0000114,C00624,2025-10-20,Concluído,App,Cartão
O0000115,C00624,2025-06-12,Concluído,App,PIX
O0000116,C00624,2025-02-24,Concluído,Site,PIX
O0000117,C00624,2025-12-14,Concluído,App,PIX
O0000118,C03064,2024-07-25,Concluído,Marketplace,PIX
O0000119,C01825,2025-04-29,Concluído,Site,Cartão
O0000120,C01825,2024-05-29,Concluído,Site,Cartão
O0000121,C02155,2024-10-13,Concluído,Site,Cartão
O0000122,C02155,2023-08-05,Concluído,Site,Cartão
O0000123,C02169,2025-11-06,Concluído,Site,Cartão
O0000124,C02169,2024-08-24,Concluído,Site,PIX
O0000125,C02169,2024-08-29,Devolvido,Site,Carteira digital
O0000126,C02169,2025-11-28,Concluído,Site,PIX
O0000127,C02169,2025-10-10,Concluído,Site,Carteira digital
O0000128,C02169,2025-09-28,Concluído,Site,Cartão
O0000129,C02169,2025-12-27,Cancelado,App,Boleto
O0000130,C02169,2024-02-20,Concluído,Site,Cartão
O0000131,C02169,2025-11-28,Concluído,Site,Cartão
O0000132,C02169,2024-09-07,Concluído,Marketplace,Cartão
O0000133,C02169,2024-03-21,Concluído,Site,Cartão
O0000134,C02169,2023-12-05,Concluído,Site,Boleto
O0000135,C02169,2024-05-09,Concluído,Site,Carteira digital
O0000136,C02169,2023-09-06,Cancelado,Site,Cartão
O0000137,C02169,2025-09-14,Concluído,Site,Cartão
O0000138,C02169,2025-05-19,Concluído,App,Carteira digital
O0000139,C02169,2024-10-14,Concluído,Marketplace,Carteira digital
O0000140,C00929,2025-07-27,Concluído,App,Cartão
O0000141,C01059,2023-07-29,Concluído,App,Cartão
O0000142,C01059,2024-01-01,Concluído,Marketplace,Boleto
O0000143,C01059,2025-01-26,Concluído,Marketplace,PIX
O0000144,C01059,2024-03-14,Concluído,Site,PIX
O0000145,C01059,2025-06-28,Concluído,App,Cartão
O0000146,C01059,2025-06-19,Devolvido,Site,Cartão
O0000147,C01059,2024-07-18,Concluído,App,PIX
O0000148,C04499,2025-07-18,Concluído,App,Carteira digital
O0000149,C04499,2024-03-16,Concluído,App,Cartão
O0000150,C04499,2024-08-13,Concluído,App,Cartão
O0000151,C04499,2024-11-23,Concluído,Marketplace,PIX
O0000152,C04499,2025-11-02,Concluído,App,PIX
O0000153,C04499,2025-08-11,Concluído,App,PIX
O0000154,C04499,2024-05-07,Concluído,App,PIX
O0000155,C04499,2024-09-10,Concluído,Site,PIX
O0000156,C02493,2025-10-17,Concluído,Site,Cartão
O0000157,C02493,2023-09-21,Concluído,Site,Cartão
O0000158,C02493,2023-06-24,Concluído,Site,Cartão
O0000159,C02030,2024-10-15,Concluído,Marketplace,Boleto
O0000160,C02915,2025-09-07,Concluído,Site,Boleto
O0000161,C03967,2023-12-11,Concluído,App,Carteira digital
O0000162,C03967,2025-05-14,Concluído,App,Carteira digital
O0000163,C03967,2025-10-06,Concluído,Site,PIX
O0000164,C01709,2025-05-05,Concluído,Marketplace,Cartão
O0000165,C01709,2024-02-16,Devolvido,App,PIX
O0000166,C04469,2025-02-27,Concluído,Site,Cartão
O0000167,C04469,2025-12-29,Concluído,Site,Cartão
O0000168,C04469,2025-11-01,Concluído,App,Cartão
O0000169,C03380,2025-03-26,Concluído,App,PIX
O0000170,C01780,2025-05-01,Concluído,App,Cartão
O0000171,C01780,2025-05-13,Concluído,App,Cartão
O0000172,C01780,2024-04-02,Concluído,Site,Cartão
O0000173,C01780,2025-01-15,Concluído,App,PIX
O0000174,C01780,2025-06-30,Concluído,Site,Cartão
O0000175,C01780,2025-05-07,Concluído,Marketplace,Cartão
O0000176,C01895,2025-10-30,Concluído,Site,Cartão
O0000177,C01382,2025-07-12,Concluído,Site,Carteira digital
O0000178,C01382,2023-10-20,Concluído,Site,Cartão
O0000179,C01382,2024-10-25,Concluído,Site,PIX
O0000180,C00247,2024-04-23,Concluído,Site,Boleto
O0000181,C00247,2025-02-25,Concluído,App,Carteira digital
O0000182,C00247,2023-06-23,Concluído,App,Cartão
O0000183,C00247,2025-05-17,Concluído,Marketplace,Cartão
O0000184,C00472,2025-12-01,Concluído,Marketplace,Cartão
O0000185,C00472,2025-11-28,Concluído,Site,Cartão
O0000186,C02318,2025-12-16,Concluído,App,Cartão
O0000187,C01393,2024-04-26,Concluído,Marketplace,PIX
O0000188,C04409,2023-07-15,Concluído,App,PIX
O0000189,C04409,2023-05-10,Concluído,App,Cartão
O0000190,C04409,2023-12-26,Concluído,App,Cartão
O0000191,C00444,2025-12-17,Concluído,Site,Cartão
O0000192,C00444,2025-09-01,Concluído,Site,Cartão
O0000193,C00444,2025-09-13,Concluído,Site,Cartão
O0000194,C03426,2024-06-14,Concluído,Site,PIX
O0000195,C03426,2025-04-30,Concluído,Marketplace,PIX
O0000196,C03426,2024-12-30,Concluído,Marketplace,Carteira digital
O0000197,C03426,2025-05-15,Concluído,App,Cartão
O0000198,C04506,2023-12-01,Concluído,Site,PIX
O0000199,C02013,2024-09-01,Concluído,Site,Carteira digital
O0000200,C03081,2025-02-27,Concluído,App,PIX
O0000201,C03806,2024-05-30,Concluído,Site,Cartão
O0000202,C03806,2025-11-03,Concluído,App,Cartão
O0000203,C01220,2025-01-06,Concluído,Site,Cartão
O0000204,C04118,2024-08-24,Concluído,App,Cartão
O0000205,C04118,2024-10-10,Concluído,App,Cartão
O0000206,C04118,2025-06-03,Concluído,Site,PIX
O0000207,C03901,2025-06-10,Concluído,App,Boleto
O0000208,C04295,2025-07-01,Concluído,Site,Cartão
O0000209,C04295,2024-10-17,Concluído,App,Boleto
O0000210,C04295,2025-05-13,Concluído,Site,Cartão
O0000211,C00511,2025-10-05,Cancelado,Site,Carteira digital
O0000212,C00511,2025-10-30,Concluído,Site,PIX
O0000213,C04910,2025-02-09,Concluído,Site,PIX
O0000214,C04180,2025-12-03,Concluído,Site,Carteira digital
O0000215,C04180,2025-11-22,Concluído,Site,Carteira digital
O0000216,C04180,2025-10-20,Cancelado,Site,Cartão
O0000217,C04180,2025-11-07,Concluído,Marketplace,Cartão
O0000218,C04180,2025-11-24,Concluído,App,Cartão
O0000219,C03746,2025-06-24,Concluído,Site,Carteira digital
O0000220,C03746,2025-12-09,Concluído,Site,Cartão
O0000221,C03746,2025-12-27,Concluído,Marketplace,Cartão
O0000222,C04593,2024-11-15,Concluído,Site,Cartão
O0000223,C04297,2025-01-01,Concluído,Site,Cartão
O0000224,C04297,2025-09-30,Concluído,Site,Cartão
O0000225,C04297,2023-07-19,Concluído,Site,Cartão
O0000226,C04297,2023-05-01,Concluído,App,Cartão
O0000227,C00115,2025-03-01,Concluído,Site,Cartão
O0000228,C00420,2025-12-13,Concluído,Site,Cartão
O0000229,C01255,2025-11-12,Concluído,App,Carteira digital
O0000230,C01255,2024-11-24,Concluído,App,Cartão
O0000231,C02809,2024-09-06,Concluído,App,Boleto
O0000232,C04074,2025-05-15,Concluído,App,Cartão
O0000233,C03046,2023-10-15,Devolvido,Site,Cartão
O0000234,C03046,2025-08-02,Concluído,Site,Cartão
O0000235,C03046,2024-04-29,Concluído,Marketplace,PIX
O0000236,C03046,2024-01-13,Concluído,App,PIX
O0000237,C03046,2025-10-04,Concluído,Site,Cartão
O0000238,C03046,2024-08-05,Concluído,App,Carteira digital
O0000239,C03046,2023-08-06,Concluído,App,Cartão
O0000240,C03046,2025-09-07,Concluído,Marketplace,PIX
O0000241,C03046,2024-09-29,Concluído,Site,Cartão
O0000242,C03046,2025-07-17,Concluído,Site,Cartão
O0000243,C03046,2024-11-25,Concluído,Site,Cartão
O0000244,C03046,2024-01-24,Concluído,Site,PIX
O0000245,C03046,2024-02-06,Concluído,Site,Cartão
O0000246,C03046,2023-08-21,Concluído,Site,Carteira digital
O0000247,C03046,2024-10-05,Concluído,Site,PIX
O0000248,C02391,2024-03-29,Concluído,App,Cartão
O0000249,C02391,2024-11-02,Concluído,App,Cartão
O0000250,C00668,2025-04-17,Concluído,App,PIX
O0000251,C00668,2025-03-29,Concluído,Site,Cartão
O0000252,C00668,2025-11-30,Concluído,App,Carteira digital
O0000253,C00668,2025-08-10,Concluído,App,Cartão
O0000254,C00668,2025-11-10,Concluído,Site,Cartão
O0000255,C00668,2025-10-17,Cancelado,App,Cartão
O0000256,C04682,2025-04-26,Concluído,Marketplace,Carteira digital
O0000257,C00763,2025-10-07,Concluído,Site,Cartão
O0000258,C00763,2025-09-16,Concluído,App,Cartão
O0000259,C00763,2025-06-16,Concluído,Site,PIX
O0000260,C00763,2025-10-27,Concluído,Marketplace,Cartão
O0000261,C00763,2025-04-16,Concluído,Site,Cartão
O0000262,C01658,2024-01-17,Concluído,Site,Cartão
O0000263,C01982,2025-06-07,Concluído,App,Cartão
O0000264,C02356,2025-05-21,Cancelado,Marketplace,PIX
O0000265,C00229,2024-12-19,Concluído,App,PIX
O0000266,C00229,2025-11-10,Concluído,Site,Cartão
O0000267,C00229,2025-06-16,Concluído,Marketplace,Cartão
O0000268,C00229,2025-01-11,Concluído,Marketplace,Cartão
O0000269,C02255,2025-02-06,Concluído,Marketplace,Cartão
O0000270,C02255,2025-03-14,Concluído,Site,Cartão
O0000271,C00307,2025-10-10,Concluído,Site,Cartão
O0000272,C00307,2024-06-12,Concluído,Site,PIX
O0000273,C00307,2024-11-23,Concluído,Site,Cartão
O0000274,C00307,2024-05-06,Concluído,Marketplace,Cartão
O0000275,C00307,2025-10-20,Concluído,Site,Carteira digital
O0000276,C00307,2023-07-13,Concluído,Marketplace,Carteira digital
O0000277,C00307,2024-02-26,Concluído,Site,Cartão
O0000278,C02056,2025-06-15,Concluído,Marketplace,Cartão
O0000279,C02056,2024-07-26,Concluído,Marketplace,Cartão
O0000280,C02056,2025-04-19,Cancelado,Marketplace,Cartão
O0000281,C02581,2025-12-02,Concluído,Marketplace,Cartão
O0000282,C02581,2025-08-24,Concluído,Marketplace,PIX
O0000283,C02828,2024-04-25,Concluído,Site,Cartão
O0000284,C03262,2025-11-01,Concluído,Site,Cartão
O0000285,C03262,2025-09-24,Concluído,Marketplace,PIX
O0000286,C04960,2025-09-29,Concluído,Site,Cartão
O0000287,C04960,2025-07-26,Concluído,Site,Boleto
O0000288,C04960,2025-06-24,Concluído,App,PIX
O0000289,C04960,2025-11-06,Devolvido,Marketplace,PIX
O0000290,C04960,2025-07-04,Concluído,App,Cartão
O0000291,C04960,2025-12-24,Concluído,Site,Carteira digital
O0000292,C04960,2025-12-20,Concluído,Site,Carteira digital
O0000293,C04960,2025-09-26,Concluído,App,Carteira digital
O0000294,C04960,2025-06-24,Concluído,Site,Cartão
O0000295,C04960,2025-08-14,Concluído,App,Cartão
O0000296,C04960,2025-10-31,Concluído,Site,Boleto
O0000297,C04960,2025-07-30,Concluído,App,PIX
O0000298,C03522,2025-12-28,Concluído,Site,Cartão
O0000299,C00609,2024-06-17,Concluído,App,Cartão
O0000300,C00609,2023-05-19,Concluído,Site,Cartão
O0000301,C03008,2025-12-05,Concluído,App,PIX
O0000302,C03008,2025-09-30,Concluído,App,Cartão
O0000303,C02225,2025-12-25,Concluído,Site,Cartão
O0000304,C02225,2025-12-28,Concluído,Site,PIX
O0000305,C00363,2025-04-30,Concluído,Site,Cartão
O0000306,C00363,2023-12-04,Concluído,App,Cartão
O0000307,C00363,2025-05-17,Concluído,Site,Cartão
O0000308,C02339,2025-02-04,Concluído,Site,Cartão
O0000309,C02339,2025-09-09,Concluído,Site,Cartão
O0000310,C02339,2025-04-05,Concluído,App,PIX
O0000311,C02339,2025-08-01,Concluído,Site,Cartão
O0000312,C02339,2024-12-29,Concluído,App,Cartão
O0000313,C02339,2025-01-12,Concluído,Marketplace,Cartão
O0000314,C02339,2025-02-20,Concluído,App,Cartão
O0000315,C02339,2025-05-15,Concluído,App,Cartão
O0000316,C02339,2025-06-30,Concluído,Marketplace,Cartão
O0000317,C02339,2025-08-22,Concluído,Site,Cartão
O0000318,C02339,2025-09-06,Concluído,App,Cartão
O0000319,C02339,2025-07-08,Concluído,Site,Boleto
O0000320,C02339,2025-09-15,Concluído,Site,Boleto
O0000321,C02339,2025-09-03,Concluído,Site,PIX
O0000322,C02339,2025-06-10,Cancelado,App,Boleto
O0000323,C02339,2025-02-19,Concluído,Site,PIX
O0000324,C02339,2025-08-14,Concluído,Site,Cartão
O0000325,C02339,2024-12-08,Concluído,Site,Cartão
O0000326,C02339,2025-03-20,Concluído,Site,PIX
O0000327,C04467,2024-09-09,Concluído,Marketplace,PIX
O0000328,C04467,2024-02-08,Concluído,Site,Cartão
O0000329,C04467,2024-09-03,Concluído,Site,Cartão
O0000330,C00298,2024-03-11,Concluído,Site,Cartão
O0000331,C02644,2025-12-14,Concluído,Marketplace,Cartão
O0000332,C02644,2024-08-03,Concluído,Site,PIX
O0000333,C03408,2024-12-15,Cancelado,App,PIX
O0000334,C03408,2023-10-29,Concluído,Marketplace,Cartão
O0000335,C03408,2023-10-11,Concluído,Marketplace,Cartão
O0000336,C01099,2024-09-15,Concluído,Site,Cartão
O0000337,C01099,2024-09-22,Concluído,App,PIX
O0000338,C01099,2025-07-16,Concluído,App,Cartão
O0000339,C00881,2025-05-02,Concluído,App,Cartão
O0000340,C00881,2024-09-22,Concluído,Marketplace,Cartão
O0000341,C02021,2023-10-10,Concluído,Site,PIX
O0000342,C01088,2025-10-30,Concluído,App,PIX
O0000343,C00801,2024-09-17,Concluído,Marketplace,PIX
O0000344,C04329,2025-02-25,Concluído,App,Carteira digital
O0000345,C04329,2024-06-24,Concluído,Site,Cartão
O0000346,C04329,2024-09-19,Concluído,Site,PIX
O0000347,C04329,2023-05-23,Concluído,Marketplace,Cartão
O0000348,C00263,2025-06-21,Concluído,Marketplace,Cartão
O0000349,C00391,2025-07-23,Concluído,Site,Carteira digital
O0000350,C03599,2024-11-18,Concluído,Marketplace,Cartão
O0000351,C03599,2025-05-30,Concluído,App,Cartão
O0000352,C00214,2024-01-22,Concluído,Site,Boleto
O0000353,C00214,2024-04-01,Concluído,App,Cartão
O0000354,C00214,2024-09-12,Concluído,Site,PIX
O0000355,C00850,2024-11-29,Concluído,Site,Cartão
O0000356,C00850,2024-12-20,Concluído,Site,Carteira digital
O0000357,C03289,2025-03-25,Concluído,App,PIX
O0000358,C03289,2025-04-11,Concluído,Marketplace,PIX
O0000359,C03289,2025-04-12,Concluído,Site,Cartão
O0000360,C02193,2025-12-06,Concluído,Marketplace,Carteira digital
O0000361,C02193,2024-04-28,Concluído,Site,Cartão
O0000362,C03605,2025-03-10,Concluído,Marketplace,PIX
O0000363,C03605,2025-02-21,Concluído,Marketplace,Cartão
O0000364,C04503,2024-12-19,Concluído,Site,PIX
O0000365,C04503,2025-02-28,Concluído,Site,Cartão
O0000366,C03637,2025-11-17,Concluído,Site,Cartão
O0000367,C03637,2025-08-21,Concluído,App,PIX
O0000368,C03637,2025-12-24,Concluído,App,Cartão
O0000369,C03637,2025-09-24,Concluído,Marketplace,Carteira digital
O0000370,C03637,2025-12-29,Concluído,Site,Carteira digital
O0000371,C03637,2025-07-16,Concluído,Marketplace,Cartão
O0000372,C03633,2025-04-30,Concluído,Site,Cartão
O0000373,C03633,2024-06-01,Concluído,Site,Carteira digital
O0000374,C03633,2024-09-08,Concluído,App,Carteira digital
O0000375,C01184,2025-09-05,Concluído,Site,Cartão
O0000376,C01184,2025-02-27,Concluído,Site,Cartão
O0000377,C01184,2025-11-22,Concluído,Site,Cartão
O0000378,C04930,2023-02-22,Concluído,Site,Cartão
O0000379,C04930,2023-05-16,Concluído,Site,Carteira digital
O0000380,C04930,2025-11-28,Concluído,Site,PIX
O0000381,C04930,2025-03-30,Concluído,Site,Boleto
O0000382,C04930,2025-03-06,Concluído,Site,Boleto
O0000383,C04930,2023-09-17,Concluído,App,Cartão
O0000384,C04930,2025-04-03,Concluído,Marketplace,Cartão
O0000385,C04930,2023-11-21,Devolvido,Site,Cartão
O0000386,C04930,2023-04-20,Concluído,Marketplace,Carteira digital
O0000387,C04930,2023-01-08,Concluído,Site,Cartão
O0000388,C03987,2025-09-11,Concluído,App,Carteira digital
O0000389,C03662,2025-07-01,Concluído,Site,PIX
O0000390,C03662,2025-11-08,Concluído,Site,Carteira digital
O0000391,C03661,2024-12-06,Concluído,App,Boleto
O0000392,C03661,2025-09-02,Concluído,Site,Cartão
O0000393,C03661,2025-02-23,Concluído,Site,Cartão
O0000394,C03661,2025-08-07,Concluído,Marketplace,Cartão
O0000395,C03661,2025-04-19,Concluído,App,Cartão
O0000396,C03661,2025-03-04,Devolvido,App,Cartão
O0000397,C03661,2025-01-19,Concluído,Site,Carteira digital
O0000398,C03661,2025-03-16,Concluído,Marketplace,PIX
O0000399,C03661,2024-12-30,Concluído,Site,Cartão
O0000400,C03661,2025-07-24,Concluído,App,Cartão
O0000401,C03661,2025-10-24,Concluído,Site,Boleto
O0000402,C03661,2025-07-26,Cancelado,Marketplace,PIX
O0000403,C03661,2025-11-06,Concluído,Site,Carteira digital
O0000404,C03661,2025-03-03,Concluído,App,PIX
O0000405,C03661,2025-08-08,Concluído,App,Cartão
O0000406,C01633,2024-10-18,Concluído,Site,PIX
O0000407,C03026,2025-05-12,Concluído,App,Cartão
O0000408,C03026,2025-06-14,Cancelado,App,Carteira digital
O0000409,C03026,2025-06-15,Concluído,Site,Cartão
O0000410,C03026,2025-05-20,Concluído,Site,Cartão
O0000411,C04335,2025-01-30,Concluído,App,Cartão
O0000412,C04335,2024-03-27,Concluído,Site,Cartão
O0000413,C04335,2024-06-22,Concluído,Marketplace,Boleto
O0000414,C04335,2023-12-25,Concluído,App,Cartão
O0000415,C02243,2025-10-18,Concluído,Site,Carteira digital
O0000416,C02243,2025-10-22,Concluído,App,Carteira digital
O0000417,C02454,2025-06-19,Concluído,Site,Cartão
O0000418,C01790,2024-04-12,Concluído,Marketplace,Carteira digital
O0000419,C01790,2025-12-25,Concluído,Marketplace,Cartão
O0000420,C03260,2025-12-13,Concluído,Site,PIX
O0000421,C03260,2025-12-10,Concluído,Site,Cartão
O0000422,C03260,2025-12-22,Concluído,Site,Cartão
O0000423,C03260,2025-12-23,Concluído,App,Carteira digital
O0000424,C04572,2025-05-31,Concluído,Site,Carteira digital
O0000425,C01970,2024-02-19,Concluído,Site,PIX
O0000426,C04110,2025-07-09,Concluído,Site,PIX
O0000427,C01521,2024-08-11,Concluído,Site,Boleto
O0000428,C02267,2024-09-13,Concluído,Site,Cartão
O0000429,C02267,2025-04-12,Concluído,Site,PIX
O0000430,C02267,2024-12-03,Concluído,Marketplace,Cartão
O0000431,C02267,2025-11-11,Concluído,Site,Cartão
O0000432,C00637,2025-01-08,Concluído,App,PIX
O0000433,C02321,2024-05-06,Concluído,Site,PIX
O0000434,C02321,2024-08-11,Concluído,Site,Cartão
O0000435,C02321,2025-06-05,Concluído,Marketplace,Cartão
O0000436,C02321,2024-02-28,Concluído,Marketplace,PIX
O0000437,C03723,2025-05-13,Concluído,Site,Carteira digital
O0000438,C03723,2025-06-30,Concluído,Site,Cartão
O0000439,C02955,2025-06-06,Concluído,App,Cartão
O0000440,C04155,2025-02-05,Concluído,Marketplace,Boleto
O0000441,C04155,2025-04-18,Concluído,Site,Cartão
O0000442,C04155,2024-09-30,Concluído,App,PIX
O0000443,C04155,2025-04-22,Concluído,App,Cartão
O0000444,C04155,2025-01-02,Concluído,App,PIX
O0000445,C03961,2025-08-15,Concluído,Site,PIX
O0000446,C03961,2025-12-09,Concluído,App,Cartão
O0000447,C03961,2025-07-03,Concluído,App,Cartão
O0000448,C03018,2024-11-14,Concluído,Site,Cartão
O0000449,C04752,2024-09-14,Concluído,Site,PIX
O0000450,C03098,2024-11-18,Concluído,Site,Cartão
O0000451,C03098,2025-08-19,Concluído,Site,PIX
O0000452,C01853,2024-12-27,Concluído,Site,Cartão
O0000453,C01853,2025-07-19,Concluído,Site,PIX
O0000454,C01044,2025-12-16,Concluído,Marketplace,Cartão
O0000455,C01044,2025-11-29,Concluído,Site,Carteira digital
O0000456,C03492,2024-02-21,Concluído,App,PIX
O0000457,C03492,2023-11-18,Concluído,Site,Cartão
O0000458,C04051,2024-03-15,Concluído,App,Cartão
O0000459,C04051,2025-03-03,Concluído,App,PIX
O0000460,C04051,2025-02-05,Concluído,Site,Cartão
O0000461,C04051,2024-02-10,Concluído,Site,Carteira digital
O0000462,C04051,2023-11-01,Concluído,Site,Cartão
O0000463,C04051,2023-07-29,Concluído,Site,PIX
O0000464,C04051,2024-01-03,Concluído,Site,Cartão
O0000465,C04051,2025-11-01,Concluído,Site,Cartão
O0000466,C04051,2023-12-19,Concluído,Site,PIX
O0000467,C04051,2024-09-14,Concluído,Marketplace,PIX
O0000468,C04051,2023-07-14,Concluído,Site,Cartão
O0000469,C04051,2025-05-12,Concluído,Site,Carteira digital
O0000470,C04051,2025-01-27,Concluído,Site,PIX
O0000471,C04051,2025-05-12,Concluído,Site,PIX
O0000472,C04051,2025-02-15,Concluído,Site,PIX
O0000473,C04051,2025-12-13,Concluído,Marketplace,Carteira digital
O0000474,C04051,2025-05-11,Concluído,Site,Cartão
O0000475,C00885,2025-12-07,Concluído,Marketplace,Carteira digital
O0000476,C00885,2025-05-15,Concluído,Site,PIX
O0000477,C00885,2025-10-09,Concluído,Marketplace,Cartão
O0000478,C00885,2025-02-11,Concluído,Site,Cartão
O0000479,C00885,2025-11-12,Concluído,Site,Cartão
O0000480,C00885,2025-03-14,Concluído,App,PIX
O0000481,C00885,2025-10-10,Concluído,Site,Boleto
O0000482,C00885,2025-07-21,Devolvido,Site,Carteira digital
O0000483,C00885,2025-05-19,Concluído,App,Boleto
O0000484,C00885,2025-11-10,Concluído,Site,PIX
O0000485,C00885,2025-07-23,Concluído,Site,Cartão
O0000486,C00885,2025-04-15,Concluído,App,Carteira digital
O0000487,C00885,2025-03-10,Concluído,Site,PIX
O0000488,C00885,2025-01-25,Concluído,Site,Cartão
O0000489,C00885,2025-09-01,Concluído,Marketplace,Carteira digital
O0000490,C00885,2025-10-26,Concluído,Site,Carteira digital
O0000491,C00885,2025-03-04,Concluído,Site,PIX
O0000492,C00885,2025-10-13,Concluído,App,Cartão
O0000493,C01730,2024-10-18,Concluído,Site,Carteira digital
O0000494,C01730,2024-12-19,Concluído,Site,PIX
O0000495,C01730,2025-04-02,Concluído,App,Cartão
O0000496,C01172,2024-05-13,Concluído,App,Cartão
O0000497,C01567,2025-04-15,Cancelado,App,PIX
O0000498,C01567,2025-09-11,Concluído,Site,PIX
O0000499,C04442,2025-07-08,Devolvido,Marketplace,Cartão
O0000500,C00712,2024-12-05,Concluído,Marketplace,Cartão
O0000501,C00393,2023-12-23,Concluído,Site,PIX
O0000502,C02597,2025-12-26,Concluído,Site,PIX
O0000503,C02597,2025-01-22,Concluído,Site,Cartão
O0000504,C02597,2025-09-13,Concluído,Site,Carteira digital
O0000505,C04668,2025-09-17,Concluído,Site,PIX
O0000506,C01319,2023-03-31,Cancelado,Site,PIX
O0000507,C03130,2025-03-29,Concluído,App,Boleto
O0000508,C03130,2024-08-15,Concluído,Site,Carteira digital
O0000509,C03487,2024-04-29,Concluído,Site,Cartão
O0000510,C03487,2025-06-03,Concluído,Site,Cartão
O0000511,C03487,2023-03-20,Concluído,App,Cartão
O0000512,C02937,2023-10-07,Concluído,App,PIX
O0000513,C02937,2025-03-30,Concluído,App,PIX
O0000514,C02937,2023-09-15,Concluído,Marketplace,Cartão
O0000515,C02937,2023-12-13,Concluído,Site,PIX
O0000516,C02937,2025-02-10,Concluído,Site,Cartão
O0000517,C01195,2024-01-07,Concluído,App,PIX
O0000518,C01195,2024-12-27,Concluído,Site,Cartão
O0000519,C04622,2025-07-22,Devolvido,Marketplace,PIX
O0000520,C02012,2023-10-10,Concluído,Site,Cartão
O0000521,C02012,2023-08-19,Concluído,App,Boleto
O0000522,C00502,2023-09-24,Concluído,Site,Cartão
O0000523,C00502,2023-11-15,Concluído,App,Carteira digital
O0000524,C00502,2024-08-15,Concluído,Marketplace,PIX
O0000525,C00502,2025-11-29,Concluído,Site,PIX
O0000526,C00502,2025-08-02,Concluído,Site,PIX
O0000527,C00502,2023-03-06,Concluído,App,Cartão
O0000528,C00502,2025-01-10,Concluído,App,Boleto
O0000529,C00502,2024-07-31,Concluído,Site,Cartão
O0000530,C00502,2024-12-03,Concluído,Site,Cartão
O0000531,C01670,2025-02-08,Concluído,Site,Cartão
O0000532,C01670,2025-07-17,Concluído,Site,Carteira digital
O0000533,C01670,2024-08-14,Concluído,App,Cartão
O0000534,C01670,2025-10-20,Concluído,App,PIX
O0000535,C01670,2025-06-11,Concluído,Site,Cartão
O0000536,C01670,2023-10-31,Concluído,Marketplace,Carteira digital
O0000537,C01670,2023-07-05,Concluído,App,Carteira digital
O0000538,C01670,2025-08-05,Concluído,Site,PIX
O0000539,C04407,2025-05-23,Concluído,App,Carteira digital
O0000540,C04407,2025-06-05,Concluído,Site,Cartão
O0000541,C01477,2025-11-06,Concluído,App,Boleto
O0000542,C01477,2025-06-15,Concluído,Site,Cartão
O0000543,C01477,2025-09-26,Concluído,App,PIX
O0000544,C01477,2025-02-07,Concluído,App,Cartão
O0000545,C01477,2025-01-13,Concluído,Site,Carteira digital
O0000546,C01277,2023-05-12,Concluído,Site,PIX
O0000547,C03049,2023-07-03,Concluído,Site,Cartão
O0000548,C02675,2023-12-08,Concluído,App,Carteira digital
O0000549,C04825,2025-03-06,Concluído,App,Boleto
O0000550,C04825,2025-07-08,Cancelado,Site,Cartão
O0000551,C04825,2023-10-27,Concluído,Site,PIX
O0000552,C04825,2025-07-14,Concluído,Site,Carteira digital
O0000553,C04825,2024-11-26,Concluído,App,PIX
O0000554,C04825,2024-06-08,Concluído,Site,PIX
O0000555,C04825,2024-05-18,Concluído,Site,Cartão
O0000556,C04825,2025-07-29,Concluído,Site,Cartão
O0000557,C04825,2024-06-16,Concluído,App,Boleto
O0000558,C04825,2025-09-01,Concluído,Marketplace,Cartão
O0000559,C04825,2023-07-21,Concluído,Marketplace,Cartão
O0000560,C04825,2024-02-05,Concluído,App,Cartão
O0000561,C04825,2024-07-07,Concluído,App,Cartão
O0000562,C04825,2025-02-14,Concluído,App,Carteira digital
O0000563,C01285,2025-11-23,Concluído,Marketplace,Cartão
O0000564,C03810,2025-11-29,Concluído,Site,Cartão
O0000565,C03810,2024-05-11,Concluído,Site,PIX
O0000566,C03810,2024-02-18,Concluído,App,Boleto
O0000567,C00462,2025-09-30,Concluído,Site,PIX
O0000568,C02005,2025-03-27,Concluído,Site,Cartão
O0000569,C02005,2024-03-08,Concluído,App,Cartão
O0000570,C01619,2025-04-17,Devolvido,App,Boleto
O0000571,C00203,2025-12-10,Concluído,App,PIX
O0000572,C03140,2025-06-23,Concluído,App,Cartão
O0000573,C03140,2024-04-29,Concluído,App,PIX
O0000574,C03140,2025-09-28,Concluído,Site,Boleto
O0000575,C01377,2024-03-17,Concluído,Site,PIX
O0000576,C01377,2025-08-16,Concluído,App,PIX
O0000577,C01377,2025-10-29,Devolvido,Site,PIX
O0000578,C01377,2024-12-04,Concluído,Marketplace,Cartão
O0000579,C01792,2025-04-16,Concluído,Site,PIX
O0000580,C01792,2025-10-30,Concluído,App,Cartão
O0000581,C03744,2023-04-17,Concluído,App,Carteira digital
O0000582,C03744,2025-12-03,Concluído,Site,Boleto
O0000583,C00103,2024-11-20,Cancelado,Site,Cartão
O0000584,C00103,2024-07-22,Concluído,Marketplace,Carteira digital
O0000585,C00103,2025-09-25,Concluído,Marketplace,Cartão
O0000586,C04621,2025-05-27,Concluído,App,Carteira digital
O0000587,C03344,2025-08-17,Concluído,Site,Boleto
O0000588,C03344,2023-11-16,Concluído,Marketplace,Cartão
O0000589,C03344,2024-04-13,Concluído,Site,Cartão
O0000590,C00286,2024-12-09,Concluído,Site,Cartão
O0000591,C00611,2024-07-31,Devolvido,Marketplace,Carteira digital
O0000592,C00611,2025-01-28,Concluído,Marketplace,Cartão
O0000593,C00611,2024-12-06,Concluído,App,PIX
O0000594,C00611,2025-07-29,Concluído,App,PIX
O0000595,C00611,2024-11-28,Concluído,App,Cartão
O0000596,C00257,2025-06-17,Concluído,Site,Cartão
O0000597,C02145,2025-01-05,Concluído,App,Cartão
O0000598,C02007,2025-09-05,Concluído,Site,Cartão
O0000599,C02007,2025-01-23,Concluído,Site,Boleto
O0000600,C02007,2024-01-25,Concluído,Site,Carteira digital
O0000601,C01469,2023-07-23,Concluído,Site,Boleto
O0000602,C01068,2025-08-10,Concluído,App,Cartão
O0000603,C01068,2024-05-15,Concluído,Site,Carteira digital
O0000604,C01068,2025-11-23,Concluído,Site,Cartão
O0000605,C04243,2023-02-25,Concluído,Site,PIX
O0000606,C04243,2025-12-28,Concluído,Site,Boleto
O0000607,C02034,2025-10-15,Concluído,Site,PIX
O0000608,C02034,2024-12-04,Concluído,Marketplace,Cartão
O0000609,C02034,2025-09-20,Concluído,Site,PIX
O0000610,C02034,2025-07-21,Concluído,Site,PIX
O0000611,C02060,2025-10-30,Concluído,Site,PIX
O0000612,C02060,2025-08-11,Concluído,Site,PIX
O0000613,C02060,2025-07-24,Cancelado,App,Carteira digital
O0000614,C02060,2025-10-04,Concluído,Site,PIX
O0000615,C02060,2025-07-05,Concluído,Site,Cartão
O0000616,C00509,2025-10-13,Concluído,Marketplace,Cartão
O0000617,C00509,2024-02-25,Concluído,Site,Cartão
O0000618,C00509,2025-01-25,Concluído,Site,Carteira digital
O0000619,C00509,2025-04-20,Concluído,App,Carteira digital
O0000620,C00509,2025-03-06,Concluído,App,Cartão
O0000621,C00468,2024-05-11,Concluído,App,Cartão
O0000622,C00468,2023-04-20,Concluído,Site,Cartão
O0000623,C02482,2024-10-19,Concluído,Site,Carteira digital
O0000624,C02482,2024-08-25,Concluído,App,Cartão
O0000625,C02482,2025-04-03,Concluído,Site,PIX
O0000626,C02482,2024-11-01,Concluído,Marketplace,PIX
O0000627,C02482,2025-06-01,Concluído,App,Cartão
O0000628,C02482,2024-10-27,Concluído,Site,Cartão
O0000629,C02482,2025-12-05,Concluído,App,Boleto
O0000630,C02482,2025-10-18,Concluído,App,Carteira digital
O0000631,C02482,2024-08-29,Concluído,App,Cartão
O0000632,C02482,2024-11-20,Concluído,Site,Boleto
O0000633,C02482,2025-05-13,Concluído,App,Carteira digital
O0000634,C02482,2024-10-21,Devolvido,Site,PIX
O0000635,C02482,2025-02-17,Concluído,App,Cartão
O0000636,C02482,2025-11-14,Concluído,Site,Cartão
O0000637,C02482,2025-05-13,Concluído,Site,PIX
O0000638,C01983,2024-04-06,Concluído,Site,PIX
O0000639,C03302,2025-04-27,Concluído,App,PIX
O0000640,C00162,2024-01-05,Concluído,Marketplace,Cartão
O0000641,C01979,2024-03-11,Concluído,Site,Cartão
O0000642,C01979,2024-07-03,Concluído,Site,PIX
O0000643,C01979,2025-04-15,Concluído,Site,Cartão
O0000644,C01979,2025-01-04,Concluído,Site,Cartão
O0000645,C01979,2024-05-04,Concluído,Site,Cartão
O0000646,C01979,2024-03-16,Concluído,Site,Cartão
O0000647,C01979,2025-03-20,Concluído,Site,Cartão
O0000648,C01979,2024-07-27,Concluído,Site,Cartão
O0000649,C01979,2024-12-23,Concluído,Marketplace,Cartão
O0000650,C01979,2024-07-06,Concluído,Site,PIX
O0000651,C01979,2024-05-22,Concluído,App,PIX
O0000652,C01979,2024-09-07,Concluído,Marketplace,Cartão
O0000653,C01979,2024-07-18,Concluído,Marketplace,Cartão
O0000654,C01979,2025-03-29,Concluído,Site,Cartão
O0000655,C01979,2025-02-03,Concluído,App,PIX
O0000656,C04598,2025-08-25,Concluído,App,Cartão
O0000657,C04598,2025-06-06,Concluído,Site,Cartão
O0000658,C04127,2025-08-24,Concluído,Site,Carteira digital
O0000659,C00205,2024-09-21,Concluído,Marketplace,Cartão
O0000660,C00205,2023-07-13,Concluído,Site,Cartão
O0000661,C00205,2024-10-30,Concluído,App,PIX
O0000662,C00205,2023-09-27,Concluído,Site,Cartão
O0000663,C04913,2024-10-13,Concluído,Marketplace,PIX
O0000664,C04913,2025-01-29,Concluído,Site,Carteira digital
O0000665,C00341,2024-07-18,Concluído,Site,Carteira digital
O0000666,C00836,2025-10-31,Concluído,Marketplace,Cartão
O0000667,C00836,2024-11-28,Concluído,App,Carteira digital
O0000668,C00836,2025-09-22,Concluído,Site,Cartão
O0000669,C03094,2025-04-20,Concluído,Site,Cartão
O0000670,C03094,2024-11-25,Concluído,Marketplace,Cartão
O0000671,C00806,2024-05-02,Concluído,Site,Boleto
O0000672,C00806,2023-12-21,Concluído,App,Cartão
O0000673,C01725,2024-08-24,Concluído,Site,Cartão
O0000674,C01725,2024-10-23,Concluído,App,Cartão
O0000675,C02378,2025-08-06,Concluído,Site,PIX
O0000676,C02378,2025-09-09,Concluído,Site,Cartão
O0000677,C02378,2025-07-24,Concluído,Site,Cartão
O0000678,C04308,2025-01-06,Concluído,Site,Cartão
O0000679,C04308,2025-06-11,Concluído,Site,Cartão
O0000680,C04044,2025-08-24,Concluído,Marketplace,Cartão
O0000681,C04044,2024-10-21,Concluído,App,Carteira digital
O0000682,C04044,2025-06-09,Concluído,Marketplace,PIX
O0000683,C04044,2025-03-15,Concluído,Site,Cartão
O0000684,C04044,2025-04-28,Concluído,Marketplace,Cartão
O0000685,C02970,2024-10-02,Cancelado,App,Carteira digital
O0000686,C02992,2025-06-12,Concluído,Site,Cartão
O0000687,C04191,2025-05-09,Concluído,Site,Cartão
O0000688,C04191,2024-12-06,Concluído,Site,Cartão
O0000689,C03242,2024-07-01,Concluído,Site,Cartão
O0000690,C04244,2025-08-21,Concluído,Site,Cartão
O0000691,C02636,2025-09-24,Concluído,Site,Cartão
O0000692,C02636,2025-10-13,Concluído,Site,PIX
O0000693,C02636,2025-01-02,Concluído,Site,Boleto
O0000694,C04246,2024-12-18,Concluído,Site,Boleto
O0000695,C00595,2023-12-11,Concluído,Marketplace,Carteira digital
O0000696,C04994,2025-03-16,Concluído,Marketplace,Cartão
O0000697,C04994,2025-01-31,Concluído,App,Carteira digital
O0000698,C04994,2025-05-17,Concluído,Site,Cartão
O0000699,C04994,2025-03-13,Concluído,Site,Cartão
O0000700,C02869,2025-05-01,Cancelado,Site,Cartão
O0000701,C02869,2025-09-12,Concluído,Site,Cartão
O0000702,C02869,2025-02-11,Concluído,Marketplace,Cartão
O0000703,C02894,2024-08-01,Concluído,Marketplace,Cartão
O0000704,C00419,2024-11-13,Concluído,App,Boleto
O0000705,C00419,2024-11-23,Concluído,Marketplace,Cartão
O0000706,C01374,2025-06-22,Concluído,Marketplace,Carteira digital
O0000707,C01374,2025-11-07,Concluído,Marketplace,Cartão
O0000708,C04374,2024-05-18,Concluído,App,PIX
O0000709,C00831,2025-01-08,Concluído,Marketplace,PIX
O0000710,C01691,2025-11-21,Concluído,Marketplace,PIX
O0000711,C01691,2025-11-08,Concluído,App,Boleto
O0000712,C01691,2025-11-27,Concluído,App,Cartão
O0000713,C01691,2025-10-12,Concluído,Site,Carteira digital
O0000714,C03924,2025-01-07,Concluído,Site,Cartão
O0000715,C03924,2024-12-27,Concluído,Marketplace,Cartão
O0000716,C03924,2025-08-05,Concluído,App,Cartão
O0000717,C00970,2025-03-24,Concluído,Marketplace,Cartão
O0000718,C00970,2025-10-16,Concluído,Site,Cartão
O0000719,C00970,2025-12-22,Concluído,Marketplace,PIX
O0000720,C00970,2024-06-27,Concluído,Site,Cartão
O0000721,C00970,2025-02-11,Cancelado,Marketplace,Cartão
O0000722,C00970,2025-08-20,Concluído,App,Boleto
O0000723,C00970,2025-05-04,Concluído,App,PIX
O0000724,C00970,2025-04-26,Concluído,App,PIX
O0000725,C00970,2025-03-12,Concluído,App,Carteira digital
O0000726,C00970,2025-07-05,Concluído,Site,Cartão
O0000727,C00970,2025-01-03,Concluído,App,Cartão
O0000728,C02387,2025-12-19,Concluído,Site,Carteira digital
O0000729,C02387,2025-11-28,Concluído,Site,Cartão
O0000730,C02507,2025-10-19,Concluído,App,Boleto
O0000731,C02507,2025-12-19,Concluído,App,PIX
O0000732,C02507,2025-10-22,Concluído,App,Cartão
O0000733,C02507,2025-11-03,Concluído,App,PIX
O0000734,C02507,2025-10-29,Concluído,Site,Cartão
O0000735,C02507,2025-10-29,Concluído,App,Cartão
O0000736,C02507,2025-10-14,Concluído,Site,PIX
O0000737,C02507,2025-12-01,Concluído,Marketplace,Carteira digital
O0000738,C02507,2025-12-21,Concluído,Marketplace,Cartão
O0000739,C02507,2025-12-11,Concluído,Marketplace,PIX
O0000740,C02507,2025-12-28,Devolvido,Marketplace,Carteira digital
O0000741,C02507,2025-12-17,Concluído,Marketplace,PIX
O0000742,C02507,2025-11-20,Concluído,Site,PIX
O0000743,C02507,2025-12-27,Concluído,Marketplace,Carteira digital
O0000744,C01149,2024-05-22,Concluído,Site,Carteira digital
O0000745,C01467,2025-02-21,Concluído,Site,Cartão
O0000746,C02694,2025-05-25,Concluído,Marketplace,PIX
O0000747,C04306,2025-05-13,Concluído,Marketplace,Cartão
O0000748,C04306,2025-11-08,Concluído,Site,PIX
O0000749,C04306,2025-06-05,Concluído,App,Boleto
O0000750,C04306,2025-08-04,Concluído,Marketplace,PIX
O0000751,C04306,2024-03-12,Concluído,Marketplace,Cartão
O0000752,C02416,2024-12-24,Concluído,Site,Cartão
O0000753,C02416,2024-01-07,Concluído,Marketplace,PIX
O0000754,C02416,2024-08-01,Concluído,Site,Cartão
O0000755,C02416,2024-02-11,Concluído,App,PIX
O0000756,C02416,2024-11-09,Concluído,Site,PIX
O0000757,C02672,2024-12-12,Concluído,Site,PIX
O0000758,C02672,2025-10-26,Concluído,App,Boleto
O0000759,C02672,2023-06-27,Concluído,Site,Carteira digital
O0000760,C04323,2025-06-21,Concluído,Marketplace,Boleto
O0000761,C01381,2025-06-03,Concluído,Site,Cartão
O0000762,C01381,2025-11-26,Concluído,Marketplace,Cartão
O0000763,C01381,2025-09-19,Concluído,Marketplace,Carteira digital
O0000764,C01381,2025-05-26,Concluído,Site,Boleto
O0000765,C01381,2025-08-15,Concluído,App,Cartão
O0000766,C01381,2025-07-20,Concluído,Marketplace,Cartão
O0000767,C01381,2025-10-02,Concluído,Marketplace,Cartão
O0000768,C01381,2025-07-19,Concluído,Marketplace,Carteira digital
O0000769,C01381,2025-07-04,Concluído,Site,Cartão
O0000770,C01381,2025-06-15,Concluído,Site,Cartão
O0000771,C01677,2025-07-12,Concluído,Marketplace,Carteira digital
O0000772,C01677,2025-12-25,Concluído,Site,Cartão
O0000773,C01677,2025-05-30,Concluído,Site,Carteira digital
O0000774,C01677,2025-09-04,Concluído,Marketplace,Cartão
O0000775,C01677,2025-12-27,Concluído,Site,Carteira digital
O0000776,C01677,2025-11-09,Concluído,Marketplace,Carteira digital
O0000777,C01677,2025-10-13,Concluído,Site,Cartão
O0000778,C01677,2025-04-27,Concluído,App,PIX
O0000779,C01677,2025-03-24,Concluído,App,PIX
O0000780,C01677,2025-10-29,Concluído,Site,PIX
O0000781,C01677,2025-09-11,Concluído,App,PIX
O0000782,C01677,2025-11-18,Cancelado,Site,PIX
O0000783,C01677,2025-07-19,Concluído,Site,Carteira digital
O0000784,C04860,2024-08-26,Concluído,Site,Cartão
O0000785,C04860,2025-03-24,Concluído,Site,PIX
O0000786,C01671,2023-08-20,Concluído,App,Cartão
O0000787,C00772,2025-10-10,Concluído,Marketplace,Cartão
O0000788,C00772,2024-07-12,Cancelado,App,Cartão
O0000789,C00772,2024-02-13,Concluído,Site,Cartão
O0000790,C00772,2025-01-16,Concluído,Marketplace,Cartão
O0000791,C00772,2024-03-29,Concluído,Site,Cartão
O0000792,C00772,2024-07-01,Concluído,Marketplace,Cartão
O0000793,C00772,2024-09-18,Concluído,App,Cartão
O0000794,C00772,2024-08-22,Concluído,Site,Cartão
O0000795,C00772,2024-10-28,Concluído,Marketplace,Cartão
O0000796,C03394,2025-04-16,Concluído,Marketplace,Cartão
O0000797,C03394,2025-11-08,Concluído,App,PIX
O0000798,C03394,2024-11-25,Concluído,Marketplace,PIX
O0000799,C03394,2024-10-26,Concluído,Site,Cartão
O0000800,C03394,2025-04-06,Concluído,App,Carteira digital
O0000801,C03394,2025-04-08,Concluído,Site,PIX
O0000802,C03394,2025-12-21,Concluído,Site,Cartão
O0000803,C02397,2024-05-22,Concluído,App,Cartão
O0000804,C04661,2023-11-04,Concluído,App,Boleto
O0000805,C04661,2024-09-18,Concluído,Site,Cartão
O0000806,C04661,2024-07-28,Concluído,Marketplace,PIX
O0000807,C04661,2024-10-31,Concluído,Site,PIX
O0000808,C03871,2024-07-11,Concluído,Site,Cartão
O0000809,C03871,2025-05-14,Concluído,App,Cartão
O0000810,C03871,2023-09-17,Concluído,Site,PIX
O0000811,C00568,2023-07-27,Concluído,Site,Cartão
O0000812,C03255,2025-10-11,Concluído,Site,Carteira digital
O0000813,C03255,2023-09-06,Concluído,App,Carteira digital
O0000814,C03255,2025-09-09,Concluído,Marketplace,PIX
O0000815,C03255,2023-04-13,Concluído,Site,Cartão
O0000816,C03255,2024-12-16,Concluído,Site,Cartão
O0000817,C03255,2024-10-19,Concluído,Marketplace,Cartão
O0000818,C03255,2024-06-30,Concluído,Marketplace,Cartão
O0000819,C03255,2023-06-01,Concluído,Site,PIX
O0000820,C03255,2025-05-11,Concluído,App,Cartão
O0000821,C00786,2025-04-22,Concluído,Site,Carteira digital
O0000822,C00786,2025-07-14,Concluído,Site,Cartão
O0000823,C02852,2023-04-07,Concluído,Site,PIX
O0000824,C02852,2025-10-26,Concluído,Site,PIX
O0000825,C01179,2023-11-26,Concluído,Marketplace,Boleto
O0000826,C01179,2024-07-14,Concluído,App,PIX
O0000827,C01179,2025-05-29,Concluído,Site,Cartão
O0000828,C03281,2024-10-18,Concluído,Site,Cartão
O0000829,C04124,2025-04-10,Concluído,Marketplace,Cartão
O0000830,C04124,2025-09-06,Concluído,Site,Carteira digital
O0000831,C00343,2025-06-11,Concluído,App,PIX
O0000832,C00343,2025-06-10,Concluído,App,Carteira digital
O0000833,C00343,2025-11-15,Concluído,Site,Carteira digital
O0000834,C00343,2024-12-14,Concluído,App,Cartão
O0000835,C00343,2025-12-17,Concluído,Site,Carteira digital
O0000836,C00343,2025-08-25,Concluído,Site,Carteira digital
O0000837,C00343,2025-03-13,Concluído,Site,Cartão
O0000838,C00343,2025-01-14,Concluído,Site,Cartão
O0000839,C01329,2024-09-20,Concluído,App,Cartão
O0000840,C00653,2023-12-19,Concluído,Site,PIX
O0000841,C00653,2024-03-15,Concluído,Site,Boleto
O0000842,C04206,2023-08-06,Concluído,App,Cartão
O0000843,C04206,2024-03-04,Concluído,Site,Cartão
O0000844,C04206,2023-09-07,Concluído,App,Cartão
O0000845,C04206,2025-10-29,Concluído,Site,PIX
O0000846,C04206,2023-09-16,Concluído,Site,Cartão
O0000847,C01877,2025-07-12,Concluído,Site,Cartão
O0000848,C01877,2024-07-08,Concluído,App,Boleto
O0000849,C01877,2024-07-10,Concluído,Marketplace,PIX
O0000850,C01877,2024-12-13,Concluído,Site,Cartão
O0000851,C03710,2023-04-18,Concluído,Site,Cartão
O0000852,C03710,2025-12-30,Concluído,App,PIX
O0000853,C03710,2025-01-08,Concluído,Site,PIX
O0000854,C00930,2024-07-21,Concluído,Site,Cartão
O0000855,C00930,2023-06-10,Concluído,App,Cartão
O0000856,C04445,2024-04-10,Concluído,App,PIX
O0000857,C04445,2023-08-11,Concluído,Site,PIX
O0000858,C04730,2023-09-11,Concluído,Marketplace,Cartão
O0000859,C04730,2024-10-14,Concluído,Site,Cartão
O0000860,C01615,2025-05-19,Concluído,Site,Cartão
O0000861,C01615,2025-11-25,Concluído,Site,Carteira digital
O0000862,C01615,2025-03-27,Concluído,Site,Cartão
O0000863,C02934,2025-04-13,Concluído,App,PIX
O0000864,C02666,2025-11-05,Concluído,App,Cartão
O0000865,C02666,2024-07-14,Concluído,Site,Cartão
O0000866,C02666,2024-03-01,Concluído,Site,Cartão
O0000867,C04944,2025-10-09,Concluído,Site,Cartão
O0000868,C01061,2024-04-11,Concluído,Site,PIX
O0000869,C03350,2025-08-29,Concluído,Marketplace,PIX
O0000870,C03350,2023-03-27,Concluído,App,PIX
O0000871,C03350,2023-10-13,Concluído,Site,Cartão
O0000872,C02935,2025-06-23,Concluído,Site,Cartão
O0000873,C02935,2024-08-05,Concluído,Marketplace,Cartão
O0000874,C02935,2024-12-01,Concluído,Marketplace,Cartão
O0000875,C02935,2025-11-21,Concluído,Site,Carteira digital
O0000876,C02935,2024-06-01,Concluído,Marketplace,Boleto
O0000877,C04239,2023-07-22,Concluído,Site,Carteira digital
O0000878,C04239,2023-09-20,Concluído,App,PIX
O0000879,C04239,2023-12-27,Concluído,Site,Carteira digital
O0000880,C04239,2025-02-20,Concluído,Marketplace,Cartão
O0000881,C04239,2024-04-26,Concluído,Marketplace,Cartão
O0000882,C04239,2024-08-12,Concluído,Site,Cartão
O0000883,C02511,2025-01-06,Concluído,App,Cartão
O0000884,C02873,2024-10-26,Concluído,Marketplace,Cartão
O0000885,C01589,2025-01-27,Concluído,Site,Cartão
O0000886,C01589,2024-02-29,Concluído,App,PIX
O0000887,C04285,2025-12-17,Concluído,Site,Cartão
O0000888,C04285,2024-09-21,Concluído,Marketplace,PIX
O0000889,C02044,2025-05-22,Concluído,App,PIX
O0000890,C02044,2025-12-26,Concluído,App,Cartão
O0000891,C02044,2024-05-24,Concluído,Site,PIX
O0000892,C01724,2025-08-08,Concluído,Site,PIX
O0000893,C01724,2025-10-03,Concluído,App,PIX
O0000894,C01724,2025-12-16,Concluído,Marketplace,PIX
O0000895,C04468,2024-08-12,Concluído,Site,Cartão
O0000896,C03883,2025-07-10,Cancelado,App,PIX
O0000897,C03883,2024-02-06,Concluído,Site,Carteira digital
O0000898,C03883,2025-11-07,Concluído,Marketplace,PIX
O0000899,C01127,2024-01-05,Concluído,Site,PIX
O0000900,C01127,2023-09-12,Concluído,App,Carteira digital
O0000901,C01127,2025-07-09,Concluído,Site,Cartão
O0000902,C01138,2024-04-20,Concluído,App,Cartão
O0000903,C01138,2024-06-29,Concluído,Marketplace,PIX
O0000904,C01343,2023-04-23,Concluído,Site,Cartão
O0000905,C01343,2025-05-04,Concluído,Site,Carteira digital
O0000906,C01343,2023-11-01,Concluído,Site,Boleto
O0000907,C01343,2024-05-27,Concluído,Site,Cartão
O0000908,C00858,2025-02-02,Concluído,App,Cartão
O0000909,C00858,2025-04-05,Concluído,Site,Carteira digital
O0000910,C02207,2025-12-27,Concluído,Marketplace,Cartão
O0000911,C02207,2025-12-29,Concluído,Site,Cartão
O0000912,C02207,2025-12-28,Concluído,Site,PIX
O0000913,C02207,2025-12-29,Concluído,App,Cartão
O0000914,C02207,2025-12-30,Concluído,Site,Cartão
O0000915,C02207,2025-12-30,Concluído,App,Cartão
O0000916,C02542,2025-12-23,Concluído,Site,Cartão
O0000917,C02542,2025-12-22,Concluído,Site,PIX
O0000918,C03369,2025-08-01,Concluído,Site,Carteira digital
O0000919,C03369,2025-07-12,Concluído,Marketplace,Boleto
O0000920,C01398,2025-06-12,Concluído,App,Cartão
O0000921,C01398,2025-02-10,Concluído,Marketplace,PIX
O0000922,C01398,2023-09-26,Concluído,Marketplace,Boleto
O0000923,C03228,2023-01-07,Concluído,Marketplace,Carteira digital
O0000924,C02117,2025-07-01,Concluído,App,Cartão
O0000925,C00228,2025-12-13,Concluído,Site,Cartão
O0000926,C00228,2024-12-18,Concluído,Site,PIX
O0000927,C00249,2024-10-10,Concluído,Marketplace,Cartão
O0000928,C02232,2025-04-02,Concluído,App,Cartão
O0000929,C03783,2025-08-28,Concluído,Marketplace,Cartão
O0000930,C03783,2024-09-13,Concluído,Marketplace,PIX
O0000931,C02552,2025-12-06,Concluído,Site,Carteira digital
O0000932,C02552,2024-09-29,Concluído,Site,Boleto
O0000933,C02552,2025-06-19,Concluído,Site,Cartão
O0000934,C01992,2025-02-16,Concluído,Marketplace,Cartão
O0000935,C01992,2024-11-28,Concluído,Site,PIX
O0000936,C01387,2025-12-23,Concluído,Site,PIX
O0000937,C01387,2025-12-05,Concluído,Site,PIX
O0000938,C03909,2025-04-24,Concluído,Site,Cartão
O0000939,C04092,2025-12-14,Concluído,Site,Cartão
O0000940,C02729,2025-12-29,Concluído,Site,PIX
O0000941,C02729,2025-06-24,Concluído,Marketplace,PIX
O0000942,C03211,2024-01-30,Concluído,Site,PIX
O0000943,C03211,2024-06-19,Concluído,Site,Cartão
O0000944,C01446,2024-02-28,Concluído,Site,Cartão
O0000945,C00092,2025-12-22,Concluído,App,Cartão
O0000946,C04798,2025-07-17,Concluído,Site,Cartão
O0000947,C02510,2025-07-22,Concluído,Site,Cartão
O0000948,C02510,2025-06-28,Concluído,App,Cartão
O0000949,C02510,2025-07-27,Concluído,Site,PIX
O0000950,C02510,2025-09-28,Concluído,Site,PIX
O0000951,C02410,2025-07-25,Devolvido,Marketplace,Carteira digital
O0000952,C02410,2025-09-24,Devolvido,Site,PIX
O0000953,C02410,2024-08-23,Concluído,Marketplace,Carteira digital
O0000954,C02410,2024-10-04,Concluído,Site,Cartão
O0000955,C02410,2023-08-11,Concluído,Site,PIX
O0000956,C01217,2025-04-11,Concluído,Site,Carteira digital
O0000957,C01217,2025-04-05,Concluído,Marketplace,PIX
O0000958,C04848,2025-04-24,Concluído,App,Cartão
O0000959,C04892,2025-02-13,Concluído,Site,Cartão
O0000960,C04892,2024-04-12,Concluído,App,Boleto
O0000961,C04892,2025-10-25,Concluído,Site,PIX
O0000962,C04892,2025-11-06,Concluído,App,Cartão
O0000963,C03663,2024-03-21,Concluído,App,PIX
O0000964,C03663,2024-12-10,Concluído,App,Cartão
O0000965,C03663,2025-07-01,Concluído,Site,Cartão
O0000966,C03663,2024-10-01,Concluído,Marketplace,Boleto
O0000967,C00920,2025-12-15,Devolvido,Site,PIX
O0000968,C04852,2025-06-02,Concluído,Site,Carteira digital
O0000969,C04852,2025-12-26,Concluído,App,Cartão
O0000970,C04852,2025-04-23,Concluído,Site,Carteira digital
O0000971,C04852,2025-09-29,Concluído,Site,Carteira digital
O0000972,C01520,2025-11-02,Concluído,Site,PIX
O0000973,C01520,2025-10-31,Concluído,Site,Cartão
O0000974,C02278,2025-05-26,Concluído,App,Boleto
O0000975,C02278,2025-08-23,Concluído,Marketplace,Cartão
O0000976,C00410,2024-06-21,Concluído,Site,PIX
O0000977,C00410,2025-05-25,Concluído,App,Carteira digital
O0000978,C00410,2024-06-20,Concluído,App,PIX
O0000979,C00410,2025-03-15,Concluído,Marketplace,Carteira digital
O0000980,C00410,2024-12-08,Concluído,App,Cartão
O0000981,C00410,2023-03-17,Concluído,Site,Carteira digital
O0000982,C04716,2025-12-10,Concluído,App,Cartão
O0000983,C02987,2025-08-22,Concluído,Site,Carteira digital
O0000984,C03169,2024-11-02,Concluído,App,PIX
O0000985,C03169,2025-03-15,Concluído,Site,Cartão
O0000986,C03169,2024-07-24,Concluído,Site,Cartão
O0000987,C03930,2025-03-14,Concluído,Site,Carteira digital
O0000988,C03424,2024-04-18,Concluído,Marketplace,Cartão
O0000989,C03424,2025-05-13,Concluído,Marketplace,PIX
O0000990,C03424,2025-04-02,Concluído,Marketplace,Cartão
O0000991,C01915,2025-10-01,Concluído,App,PIX
O0000992,C01915,2025-06-25,Concluído,Site,Cartão
O0000993,C01915,2025-07-21,Concluído,Site,Cartão
O0000994,C01915,2025-09-01,Concluído,Site,Cartão
O0000995,C01915,2025-09-20,Concluído,Marketplace,Boleto
O0000996,C01915,2025-06-06,Concluído,Site,Cartão
O0000997,C01915,2025-10-25,Concluído,App,Carteira digital
O0000998,C00402,2024-08-22,Concluído,App,Boleto
O0000999,C00504,2025-01-01,Concluído,App,PIX
O0001000,C00504,2025-04-10,Concluído,Site,Carteira digital
O0001001,C02629,2025-12-29,Concluído,Site,Cartão
O0001002,C02629,2025-12-31,Concluído,Site,Carteira digital
O0001003,C03072,2025-11-03,Concluído,Site,Cartão
O0001004,C03072,2025-09-01,Concluído,Site,PIX
O0001005,C04478,2025-02-02,Concluído,App,Carteira digital
O0001006,C04478,2025-05-12,Concluído,App,Carteira digital
O0001007,C04478,2024-05-17,Concluído,Marketplace,Boleto
O0001008,C00248,2024-05-31,Concluído,Marketplace,PIX
O0001009,C00248,2024-09-16,Concluído,Marketplace,Cartão
O0001010,C00248,2025-06-30,Concluído,App,Boleto
O0001011,C00248,2025-12-19,Concluído,App,PIX
O0001012,C00248,2025-01-06,Devolvido,Site,PIX
O0001013,C00248,2024-12-26,Concluído,Marketplace,Carteira digital
O0001014,C00248,2025-12-20,Concluído,Site,Cartão
O0001015,C00248,2025-11-28,Concluído,App,Carteira digital
O0001016,C00248,2025-01-04,Concluído,Site,Cartão
O0001017,C00248,2025-05-06,Concluído,Site,Carteira digital
O0001018,C00248,2025-09-24,Concluído,App,Carteira digital
O0001019,C00248,2024-06-05,Concluído,App,Cartão
O0001020,C00248,2025-07-26,Concluído,Marketplace,Cartão
O0001021,C00248,2024-09-24,Concluído,Site,PIX
O0001022,C00248,2024-11-17,Concluído,Marketplace,PIX
O0001023,C00248,2025-02-04,Concluído,Site,PIX
O0001024,C00248,2024-08-04,Concluído,Marketplace,PIX
O0001025,C04125,2024-06-08,Concluído,Marketplace,Cartão
O0001026,C04125,2025-10-23,Concluído,Site,Cartão
O0001027,C04125,2024-07-10,Concluído,Marketplace,Cartão
O0001028,C04125,2025-06-10,Concluído,Site,Cartão
O0001029,C04125,2024-02-22,Concluído,Site,Cartão
O0001030,C04125,2024-09-23,Concluído,Site,Cartão
O0001031,C04559,2025-05-05,Concluído,App,Cartão
O0001032,C04559,2023-09-28,Concluído,App,Cartão
O0001033,C02835,2025-08-06,Concluído,Site,Carteira digital
O0001034,C02835,2025-05-04,Concluído,Site,Cartão
O0001035,C04095,2024-11-20,Concluído,Site,Cartão
O0001036,C04712,2023-11-26,Concluído,App,Carteira digital
O0001037,C00738,2025-04-11,Concluído,Site,PIX
O0001038,C00738,2025-01-19,Concluído,Marketplace,PIX
O0001039,C02713,2024-02-16,Concluído,Site,Boleto
O0001040,C03675,2024-04-21,Concluído,Site,Cartão
O0001041,C03675,2023-04-28,Concluído,Marketplace,Cartão
O0001042,C03675,2025-06-14,Concluído,Site,Cartão
O0001043,C03675,2024-03-29,Concluído,App,Cartão
O0001044,C03675,2023-09-07,Concluído,Site,Boleto
O0001045,C03675,2024-06-15,Concluído,App,Carteira digital
O0001046,C03675,2024-05-06,Concluído,Marketplace,PIX
O0001047,C00663,2024-07-20,Cancelado,Marketplace,Cartão
O0001048,C00663,2025-05-17,Concluído,Marketplace,PIX
O0001049,C02254,2024-10-31,Concluído,Site,Carteira digital
O0001050,C02254,2025-08-20,Concluído,Marketplace,PIX
O0001051,C02254,2025-11-17,Concluído,Site,PIX
O0001052,C02519,2025-09-28,Concluído,Site,Cartão
O0001053,C02519,2024-03-28,Concluído,Marketplace,Carteira digital
O0001054,C02519,2024-01-19,Concluído,Marketplace,Boleto
O0001055,C02519,2024-03-03,Concluído,App,Cartão
O0001056,C02519,2025-06-02,Concluído,App,Carteira digital
O0001057,C02519,2025-11-27,Concluído,Site,Carteira digital
O0001058,C02519,2024-12-14,Concluído,Site,Cartão
O0001059,C02519,2024-09-15,Concluído,App,Cartão
O0001060,C02519,2024-10-04,Cancelado,Marketplace,Cartão
O0001061,C02519,2025-04-18,Concluído,Marketplace,Cartão
O0001062,C02519,2024-06-24,Concluído,Site,PIX
O0001063,C02519,2025-10-02,Concluído,Marketplace,Cartão
O0001064,C02519,2024-12-11,Concluído,Site,PIX
O0001065,C02519,2024-11-21,Concluído,App,PIX
O0001066,C02519,2024-11-18,Concluído,Site,Cartão
O0001067,C02519,2024-04-03,Concluído,Marketplace,PIX
O0001068,C02519,2024-10-22,Concluído,Site,Cartão
O0001069,C02519,2025-09-22,Concluído,App,Cartão
O0001070,C02519,2025-06-15,Concluído,Site,Cartão
O0001071,C02519,2024-07-14,Concluído,Site,Carteira digital
O0001072,C02519,2024-10-07,Concluído,Site,PIX
O0001073,C04814,2025-10-14,Concluído,Marketplace,Carteira digital
O0001074,C04814,2025-11-16,Concluído,Site,PIX
O0001075,C02381,2023-12-24,Concluído,App,Cartão
O0001076,C02381,2023-11-19,Concluído,Site,PIX
O0001077,C02381,2024-04-18,Concluído,Site,Cartão
O0001078,C02381,2025-01-23,Concluído,Marketplace,PIX
O0001079,C02381,2025-03-08,Concluído,Site,Boleto
O0001080,C03402,2025-11-08,Concluído,Site,PIX
O0001081,C01800,2025-08-12,Concluído,Site,Cartão
O0001082,C03207,2025-05-25,Concluído,Site,Boleto
O0001083,C03207,2025-01-22,Concluído,Site,Cartão
O0001084,C03207,2025-12-24,Concluído,App,PIX
O0001085,C01233,2025-11-20,Concluído,App,PIX
O0001086,C01233,2025-11-27,Concluído,Site,Cartão
O0001087,C01233,2025-12-19,Concluído,Marketplace,PIX
O0001088,C01233,2025-12-03,Cancelado,Site,PIX
O0001089,C00342,2024-07-06,Concluído,App,Cartão
O0001090,C00342,2023-11-14,Concluído,Site,Carteira digital
O0001091,C01415,2025-12-21,Concluído,Site,Cartão
O0001092,C01797,2024-06-19,Concluído,App,Boleto
O0001093,C01797,2023-02-14,Concluído,Marketplace,PIX
O0001094,C01797,2025-08-18,Concluído,App,Boleto
O0001095,C01797,2023-10-30,Concluído,App,Carteira digital
O0001096,C01797,2023-09-16,Concluído,App,PIX
O0001097,C01797,2025-02-17,Concluído,Site,PIX
O0001098,C04327,2025-07-10,Concluído,Marketplace,PIX
O0001099,C04327,2025-09-24,Cancelado,App,PIX
O0001100,C04327,2025-12-06,Concluído,Marketplace,PIX
O0001101,C04327,2025-08-08,Concluído,Marketplace,Carteira digital
O0001102,C04327,2025-11-07,Concluído,Site,Carteira digital
O0001103,C02611,2025-11-15,Concluído,Site,PIX
O0001104,C04876,2024-10-10,Concluído,Site,Boleto
O0001105,C04876,2025-02-27,Concluído,Site,Boleto
O0001106,C04876,2024-10-14,Concluído,Site,Cartão
O0001107,C04876,2025-01-21,Concluído,Site,Boleto
O0001108,C04876,2025-11-06,Concluído,Site,Cartão
O0001109,C04876,2025-08-01,Concluído,Site,Cartão
O0001110,C04174,2025-12-19,Concluído,Site,Cartão
O0001111,C02210,2025-12-02,Concluído,Marketplace,PIX
O0001112,C02210,2025-08-11,Concluído,Site,Cartão
O0001113,C02689,2023-01-24,Cancelado,App,Cartão
O0001114,C04471,2025-12-01,Concluído,Site,Carteira digital
O0001115,C04471,2024-11-29,Concluído,Site,Cartão
O0001116,C04471,2025-02-01,Concluído,Site,Cartão
O0001117,C04471,2025-08-23,Concluído,App,Cartão
O0001118,C04471,2025-11-29,Concluído,Site,Cartão
O0001119,C04471,2025-06-02,Concluído,Site,Carteira digital
O0001120,C04471,2025-06-11,Concluído,App,Cartão
O0001121,C04471,2025-08-14,Concluído,Marketplace,Cartão
O0001122,C04026,2024-10-24,Concluído,Site,Boleto
O0001123,C04026,2023-07-17,Devolvido,Site,Cartão
O0001124,C04026,2024-05-13,Concluído,Site,Cartão
O0001125,C04026,2024-02-23,Concluído,Site,Boleto
O0001126,C04026,2023-03-15,Concluído,Site,Cartão
O0001127,C02222,2025-12-01,Concluído,Marketplace,Cartão
O0001128,C00310,2025-10-03,Concluído,Marketplace,Carteira digital
O0001129,C00310,2025-08-09,Concluído,Site,PIX
O0001130,C02681,2024-08-21,Concluído,App,PIX
O0001131,C03750,2024-04-03,Concluído,Marketplace,PIX
O0001132,C03750,2024-08-10,Concluído,Site,Cartão
O0001133,C03750,2025-06-04,Concluído,Site,Cartão
O0001134,C00110,2025-10-28,Devolvido,Site,Cartão
O0001135,C03549,2025-12-14,Concluído,App,Carteira digital
O0001136,C03128,2024-10-23,Concluído,Site,Cartão
O0001137,C03128,2024-04-21,Concluído,Site,PIX
O0001138,C03128,2025-06-02,Concluído,Site,PIX
O0001139,C03128,2025-02-27,Concluído,Marketplace,Cartão
O0001140,C03128,2025-12-10,Concluído,Site,Cartão
O0001141,C03973,2025-08-13,Concluído,Site,Carteira digital
O0001142,C03973,2025-08-01,Concluído,Site,PIX
O0001143,C03973,2025-10-05,Concluído,Marketplace,PIX
O0001144,C02049,2025-12-23,Concluído,App,PIX
O0001145,C02049,2025-12-24,Cancelado,Site,PIX
O0001146,C02049,2025-09-30,Concluído,Site,Cartão
O0001147,C02049,2025-12-13,Concluído,Site,Cartão
O0001148,C02289,2025-03-29,Concluído,App,Cartão
O0001149,C02741,2024-05-24,Concluído,Site,PIX
O0001150,C00882,2025-12-28,Concluído,Site,PIX
O0001151,C00078,2023-09-10,Concluído,Site,Cartão
O0001152,C00078,2023-04-26,Concluído,App,Boleto
O0001153,C00078,2025-09-07,Concluído,App,Cartão
O0001154,C00078,2025-02-22,Concluído,Site,Cartão
O0001155,C03456,2024-01-20,Concluído,App,Cartão
O0001156,C03456,2024-12-05,Concluído,Site,Cartão
O0001157,C03456,2023-07-01,Concluído,App,Cartão
O0001158,C03456,2023-10-17,Concluído,Site,Cartão
O0001159,C03456,2023-07-02,Concluído,Marketplace,Cartão
O0001160,C00100,2025-06-07,Concluído,App,Cartão
O0001161,C00080,2025-08-30,Concluído,Site,Cartão
O0001162,C01384,2025-10-28,Concluído,Site,Boleto
O0001163,C01384,2025-06-19,Concluído,App,Cartão
O0001164,C01384,2025-07-13,Concluído,Site,Boleto
O0001165,C01384,2025-11-06,Concluído,App,PIX
O0001166,C03538,2025-02-27,Cancelado,Site,PIX
O0001167,C03868,2025-12-23,Concluído,App,Cartão
O0001168,C03868,2025-01-25,Concluído,Site,PIX
O0001169,C01526,2025-12-14,Concluído,Site,Carteira digital
O0001170,C01526,2025-12-27,Devolvido,App,PIX
O0001171,C03737,2025-06-20,Concluído,Site,Carteira digital
O0001172,C03737,2025-04-29,Concluído,Site,Cartão
O0001173,C01931,2025-06-05,Concluído,Marketplace,PIX
O0001174,C01931,2024-05-26,Concluído,Site,Cartão
O0001175,C01931,2025-07-27,Concluído,Site,Carteira digital
O0001176,C03246,2024-10-03,Concluído,Marketplace,Cartão
O0001177,C03246,2024-10-30,Concluído,Marketplace,Cartão
O0001178,C03246,2024-04-11,Concluído,Site,PIX
O0001179,C04317,2024-11-01,Concluído,Site,PIX
O0001180,C04317,2025-01-17,Cancelado,Marketplace,Cartão
O0001181,C01583,2024-02-06,Concluído,App,Cartão
O0001182,C01583,2023-05-18,Concluído,Marketplace,Carteira digital
O0001183,C03271,2023-07-24,Concluído,App,Carteira digital
O0001184,C03271,2025-08-11,Concluído,Site,Cartão
O0001185,C04178,2023-04-17,Concluído,App,Cartão
O0001186,C04362,2025-05-09,Concluído,Site,PIX
O0001187,C04362,2025-06-17,Concluído,App,Cartão
O0001188,C04362,2025-06-16,Concluído,Site,PIX
O0001189,C01736,2025-08-22,Concluído,Site,Carteira digital
O0001190,C03650,2023-06-13,Concluído,Site,Cartão
O0001191,C03650,2024-04-12,Concluído,App,Boleto
O0001192,C03650,2023-05-14,Concluído,Site,PIX
O0001193,C03114,2024-12-27,Concluído,Site,PIX
O0001194,C03712,2024-12-01,Concluído,Site,Cartão
O0001195,C02539,2024-07-16,Concluído,App,Carteira digital
O0001196,C02539,2024-07-04,Concluído,Site,Boleto
O0001197,C02539,2023-10-09,Concluído,App,PIX
O0001198,C04896,2024-10-13,Concluído,Site,Cartão
O0001199,C00989,2024-04-04,Concluído,App,Cartão
O0001200,C00799,2024-06-07,Concluído,Site,PIX
O0001201,C00799,2024-10-01,Concluído,Site,PIX
O0001202,C00799,2024-11-28,Concluído,App,Cartão
O0001203,C01266,2024-07-08,Concluído,Site,Cartão
O0001204,C01266,2025-04-23,Concluído,Site,Carteira digital
O0001205,C01266,2023-09-14,Concluído,Site,Cartão
O0001206,C01266,2025-01-25,Concluído,App,PIX
O0001207,C01266,2023-07-30,Concluído,Site,PIX
O0001208,C01266,2024-09-09,Concluído,Site,Carteira digital
O0001209,C01919,2024-05-19,Concluído,Site,PIX
O0001210,C03983,2025-06-23,Concluído,App,Cartão
O0001211,C03983,2025-08-10,Concluído,Site,Cartão
O0001212,C03983,2025-08-20,Concluído,Site,Cartão
O0001213,C02902,2023-07-08,Concluído,Marketplace,Carteira digital
O0001214,C04482,2025-01-25,Concluído,Marketplace,Cartão
O0001215,C04700,2025-01-25,Concluído,App,PIX
O0001216,C04700,2025-08-29,Concluído,Site,Boleto
O0001217,C01474,2024-08-14,Concluído,App,PIX
O0001218,C01474,2025-12-05,Cancelado,Site,PIX
O0001219,C01474,2023-09-25,Concluído,App,Carteira digital
O0001220,C01474,2025-04-18,Concluído,Site,PIX
O0001221,C01326,2025-06-02,Concluído,Site,Cartão
O0001222,C01326,2024-10-12,Concluído,Site,PIX
O0001223,C01326,2024-08-29,Concluído,Site,Cartão
O0001224,C01326,2025-04-18,Concluído,Marketplace,PIX
O0001225,C01326,2025-05-13,Concluído,App,Carteira digital
O0001226,C01326,2023-06-22,Concluído,App,Carteira digital
O0001227,C01326,2023-04-19,Concluído,App,Cartão
O0001228,C01326,2025-06-03,Concluído,Site,Cartão
O0001229,C01326,2025-03-26,Concluído,App,Cartão
O0001230,C01326,2023-11-15,Concluído,App,Carteira digital
O0001231,C01326,2025-06-13,Concluído,Site,Cartão
O0001232,C01326,2023-12-30,Concluído,Marketplace,Cartão
O0001233,C04893,2025-04-14,Concluído,Marketplace,PIX
O0001234,C04893,2025-11-17,Concluído,Site,Boleto
O0001235,C04893,2024-04-29,Concluído,App,Cartão
O0001236,C04893,2025-08-03,Devolvido,App,Carteira digital
O0001237,C01430,2023-05-30,Concluído,Site,Cartão
O0001238,C00040,2024-03-19,Concluído,App,Carteira digital
O0001239,C00040,2023-09-08,Concluído,App,Cartão
O0001240,C00040,2023-10-09,Concluído,App,Boleto
O0001241,C01754,2025-12-09,Concluído,Marketplace,Cartão
O0001242,C01754,2024-05-02,Concluído,Site,Cartão
O0001243,C01754,2025-12-03,Concluído,Site,PIX
O0001244,C01754,2025-04-13,Concluído,App,PIX
O0001245,C00692,2024-03-13,Concluído,Site,PIX
O0001246,C00863,2025-08-09,Concluído,App,Carteira digital
O0001247,C04276,2023-11-06,Concluído,Marketplace,Boleto
O0001248,C03660,2023-03-30,Concluído,Site,Carteira digital
O0001249,C00073,2025-10-13,Cancelado,Site,Cartão
O0001250,C00073,2025-10-10,Concluído,Site,PIX
O0001251,C01462,2025-07-06,Concluído,Site,Cartão
O0001252,C01462,2025-06-19,Concluído,App,Boleto
O0001253,C01462,2025-04-02,Concluído,Site,PIX
O0001254,C01462,2024-01-10,Concluído,Site,Cartão
O0001255,C01462,2024-11-28,Concluído,Site,PIX
O0001256,C01462,2025-12-07,Concluído,App,Cartão
O0001257,C04753,2024-03-18,Concluído,Site,Cartão
O0001258,C00804,2025-03-30,Concluído,App,Carteira digital
O0001259,C04511,2025-09-15,Concluído,App,PIX
O0001260,C04511,2025-05-03,Concluído,App,Cartão
O0001261,C01704,2024-08-08,Cancelado,Site,PIX
O0001262,C01704,2024-11-28,Concluído,App,Cartão
O0001263,C01704,2024-02-03,Concluído,App,Cartão
O0001264,C01704,2025-08-30,Concluído,Site,Boleto
O0001265,C01704,2025-11-17,Concluído,Marketplace,PIX
O0001266,C00347,2025-04-18,Concluído,Site,PIX
O0001267,C00933,2023-02-27,Concluído,Site,Cartão
O0001268,C00933,2024-03-27,Concluído,Site,Cartão
O0001269,C01531,2025-12-12,Concluído,App,Cartão
O0001270,C01531,2025-10-05,Concluído,Site,Cartão
O0001271,C01720,2025-09-29,Concluído,Site,Cartão
O0001272,C01720,2025-09-27,Concluído,Site,Carteira digital
O0001273,C01720,2025-09-08,Concluído,Site,Carteira digital
O0001274,C01720,2024-12-12,Concluído,Marketplace,Cartão
O0001275,C01720,2025-07-11,Concluído,App,Cartão
O0001276,C01720,2024-10-08,Concluído,Site,Cartão
O0001277,C01720,2025-01-12,Concluído,Site,Cartão
O0001278,C01720,2024-11-14,Concluído,Site,Cartão
O0001279,C02922,2024-09-27,Concluído,Marketplace,Cartão
O0001280,C02922,2023-12-19,Concluído,Site,PIX
O0001281,C02183,2024-03-11,Concluído,Site,PIX
O0001282,C02183,2025-04-17,Concluído,Site,Cartão
O0001283,C02183,2023-07-13,Concluído,App,Boleto
O0001284,C02183,2024-06-04,Concluído,App,Cartão
O0001285,C02183,2023-08-13,Concluído,App,Cartão
O0001286,C04492,2025-08-13,Concluído,Site,Boleto
O0001287,C04492,2025-11-15,Concluído,Site,Cartão
O0001288,C01253,2025-06-18,Concluído,Marketplace,Cartão
O0001289,C03247,2025-07-18,Concluído,Site,Cartão
O0001290,C04979,2024-08-08,Concluído,Site,PIX
O0001291,C03685,2024-03-09,Concluído,App,Cartão
O0001292,C03685,2023-07-13,Concluído,App,Cartão
O0001293,C01345,2025-05-22,Concluído,Marketplace,Cartão
O0001294,C03488,2023-05-31,Concluído,App,Cartão
O0001295,C03488,2024-05-04,Concluído,App,Cartão
O0001296,C04331,2025-02-06,Concluído,Marketplace,Cartão
O0001297,C04331,2025-07-26,Concluído,Site,PIX
O0001298,C03400,2024-04-09,Concluído,Site,Cartão
O0001299,C02258,2025-02-15,Concluído,App,Cartão
O0001300,C02258,2025-12-08,Concluído,Marketplace,PIX
O0001301,C01516,2025-12-04,Concluído,Site,Cartão
O0001302,C01516,2025-06-09,Concluído,App,Cartão
O0001303,C01516,2025-08-12,Concluído,Site,Carteira digital
O0001304,C00538,2025-12-30,Concluído,App,Boleto
O0001305,C02722,2025-03-01,Concluído,Site,Carteira digital
O0001306,C02722,2025-07-25,Concluído,Site,PIX
O0001307,C04089,2023-04-26,Concluído,Site,Cartão
O0001308,C00477,2025-01-20,Concluído,Site,Cartão
O0001309,C00485,2025-12-26,Concluído,Site,Cartão
O0001310,C00485,2025-11-24,Concluído,App,Carteira digital
O0001311,C00485,2025-04-19,Concluído,Marketplace,Cartão
O0001312,C00485,2025-11-13,Concluído,Marketplace,Cartão
O0001313,C00485,2025-10-16,Concluído,Site,Cartão
O0001314,C00485,2025-04-27,Concluído,Site,Cartão
O0001315,C00485,2025-12-09,Concluído,Site,PIX
O0001316,C00542,2025-08-08,Concluído,Site,Cartão
O0001317,C00542,2023-09-09,Concluído,Site,Cartão
O0001318,C00542,2025-05-08,Concluído,Site,Boleto
O0001319,C00542,2025-10-15,Concluído,Marketplace,Cartão
O0001320,C00993,2025-12-07,Concluído,Site,PIX
O0001321,C00993,2023-11-04,Concluído,Site,Carteira digital
O0001322,C00993,2023-09-06,Concluído,Site,Cartão
O0001323,C00032,2025-02-15,Concluído,App,Cartão
O0001324,C03680,2025-09-15,Concluído,Marketplace,PIX
O0001325,C04025,2024-06-25,Concluído,Marketplace,Cartão
O0001326,C03330,2025-03-08,Concluído,App,Cartão
O0001327,C03330,2024-06-28,Concluído,Site,Cartão
O0001328,C03330,2024-06-08,Concluído,Site,Cartão
O0001329,C03330,2025-12-07,Concluído,App,Cartão
O0001330,C03330,2023-10-13,Concluído,Site,Cartão
O0001331,C03330,2025-08-03,Concluído,Site,Cartão
O0001332,C03330,2023-10-13,Concluído,App,PIX
O0001333,C03330,2024-12-20,Concluído,Site,Cartão
O0001334,C02412,2025-07-21,Concluído,Marketplace,PIX
O0001335,C02412,2025-11-07,Concluído,Marketplace,Cartão
O0001336,C03170,2025-11-21,Concluído,Site,Cartão
O0001337,C03170,2025-12-21,Concluído,Site,Carteira digital
O0001338,C03673,2025-12-03,Concluído,Marketplace,PIX
O0001339,C04161,2025-03-22,Cancelado,App,Boleto
O0001340,C00681,2024-09-14,Concluído,App,PIX
O0001341,C00681,2024-01-17,Concluído,Marketplace,Boleto
O0001342,C00681,2025-02-07,Concluído,Site,Cartão
O0001343,C02074,2025-08-14,Concluído,App,Boleto
O0001344,C02074,2025-10-23,Concluído,Site,PIX
O0001345,C02074,2024-12-15,Concluído,Site,Cartão
O0001346,C02074,2025-06-26,Concluído,Site,PIX
O0001347,C02074,2025-10-22,Concluído,Marketplace,Cartão
O0001348,C02074,2025-10-24,Concluído,App,Cartão
O0001349,C03233,2025-09-28,Concluído,App,Cartão
O0001350,C03233,2025-12-16,Concluído,Marketplace,PIX
O0001351,C02781,2025-11-16,Concluído,Site,PIX
O0001352,C02781,2025-09-10,Concluído,Site,Cartão
O0001353,C02781,2025-10-28,Concluído,Marketplace,PIX
O0001354,C04416,2024-11-28,Concluído,Site,PIX
O0001355,C04416,2024-02-10,Concluído,Site,Cartão
O0001356,C04416,2023-06-23,Concluído,App,Carteira digital
O0001357,C04416,2023-06-29,Concluído,Site,Carteira digital
O0001358,C04416,2023-09-15,Concluído,Site,Cartão
O0001359,C00946,2024-08-17,Concluído,Site,Cartão
O0001360,C00714,2024-11-15,Concluído,Site,PIX
O0001361,C00714,2025-03-01,Concluído,Site,Carteira digital
O0001362,C00714,2025-06-04,Concluído,Site,Cartão
O0001363,C00714,2025-02-23,Concluído,Marketplace,Cartão
O0001364,C00714,2024-12-23,Concluído,App,PIX
O0001365,C02028,2023-07-23,Cancelado,Site,Cartão
O0001366,C02028,2024-08-05,Concluído,Site,Carteira digital
O0001367,C02871,2025-10-25,Concluído,Site,Cartão
O0001368,C02871,2023-05-13,Concluído,Site,Carteira digital
O0001369,C02871,2024-04-27,Concluído,App,PIX
O0001370,C04425,2025-02-20,Concluído,Site,Boleto
O0001371,C04425,2025-11-29,Concluído,Marketplace,Carteira digital
O0001372,C04425,2025-08-03,Concluído,Site,Carteira digital
O0001373,C04121,2025-06-01,Concluído,App,Cartão
O0001374,C02865,2023-12-15,Concluído,Marketplace,Boleto
O0001375,C02865,2023-12-08,Concluído,Marketplace,Cartão
O0001376,C00482,2025-12-21,Concluído,App,Cartão
O0001377,C00482,2025-05-17,Concluído,App,Cartão
O0001378,C00143,2024-04-25,Concluído,Site,Cartão
O0001379,C00143,2024-03-07,Concluído,Site,PIX
O0001380,C02427,2025-02-13,Concluído,Site,Carteira digital
O0001381,C02427,2025-05-29,Concluído,Site,Cartão
O0001382,C02305,2023-10-09,Concluído,Marketplace,Cartão
O0001383,C01630,2025-05-06,Concluído,App,Cartão
O0001384,C01630,2024-12-16,Concluído,App,PIX
O0001385,C02124,2023-10-03,Concluído,Site,Cartão
O0001386,C02124,2023-06-26,Concluído,Site,Cartão
O0001387,C02478,2025-04-30,Concluído,Site,Cartão
O0001388,C02478,2025-06-27,Concluído,Site,Cartão
O0001389,C02478,2025-06-01,Concluído,Site,Cartão
O0001390,C02478,2025-06-02,Concluído,Marketplace,Carteira digital
O0001391,C02478,2025-06-23,Concluído,Site,Cartão
O0001392,C02478,2025-05-31,Concluído,Site,PIX
O0001393,C02478,2025-06-13,Concluído,Site,PIX
O0001394,C02478,2025-04-27,Concluído,Marketplace,PIX
O0001395,C02478,2025-05-08,Concluído,Site,Cartão
O0001396,C02478,2025-05-20,Concluído,App,PIX
O0001397,C02478,2025-06-19,Concluído,Site,Cartão
O0001398,C02478,2025-06-24,Concluído,App,PIX
O0001399,C02478,2025-06-21,Concluído,Site,Cartão
O0001400,C02478,2025-05-31,Concluído,App,Cartão
O0001401,C03184,2025-05-05,Concluído,Site,Cartão
O0001402,C03184,2024-08-31,Cancelado,App,Cartão
O0001403,C03184,2025-04-10,Concluído,App,Cartão
O0001404,C03184,2025-07-12,Concluído,Site,Cartão
O0001405,C03184,2025-01-06,Concluído,App,Cartão
O0001406,C03184,2025-07-28,Concluído,Site,PIX
O0001407,C03184,2024-10-20,Concluído,Site,Cartão
O0001408,C00195,2025-04-26,Concluído,App,Cartão
O0001409,C00195,2025-09-15,Concluído,Site,Cartão
O0001410,C00195,2025-04-17,Concluído,Site,Carteira digital
O0001411,C00195,2025-12-15,Concluído,Site,Boleto
O0001412,C00195,2025-08-22,Concluído,Site,Cartão
O0001413,C00195,2025-05-20,Concluído,Site,Cartão
O0001414,C00725,2024-12-19,Concluído,Site,Cartão
O0001415,C02018,2023-07-04,Concluído,Site,PIX
O0001416,C02018,2023-12-19,Concluído,Site,Boleto
O0001417,C00094,2025-11-09,Concluído,Site,Cartão
O0001418,C02663,2025-01-29,Concluído,Marketplace,PIX
O0001419,C00473,2025-12-02,Concluído,Site,Cartão
O0001420,C00768,2025-12-13,Concluído,App,Cartão
O0001421,C00768,2025-08-17,Concluído,Site,PIX
O0001422,C00768,2025-11-30,Concluído,Site,Carteira digital
O0001423,C00768,2025-10-25,Concluído,Site,PIX
O0001424,C04713,2025-06-26,Concluído,App,Cartão
O0001425,C00904,2025-10-26,Concluído,Marketplace,Carteira digital
O0001426,C00520,2025-12-20,Concluído,App,Cartão
O0001427,C00520,2025-08-09,Concluído,Site,Cartão
O0001428,C00520,2025-10-12,Concluído,Marketplace,Cartão
O0001429,C04214,2024-10-13,Concluído,App,PIX
O0001430,C04214,2025-04-08,Concluído,Site,Carteira digital
O0001431,C02604,2024-10-22,Concluído,Marketplace,PIX
O0001432,C00018,2025-05-11,Concluído,Marketplace,PIX
O0001433,C00018,2024-05-09,Concluído,Site,PIX
O0001434,C00018,2023-10-08,Concluído,Site,Carteira digital
O0001435,C00018,2025-09-26,Concluído,Site,Carteira digital
O0001436,C00018,2023-08-25,Concluído,Site,PIX
O0001437,C00018,2023-11-02,Concluído,Marketplace,Boleto
O0001438,C02564,2025-09-26,Concluído,App,Carteira digital
O0001439,C02564,2024-11-29,Concluído,App,PIX
O0001440,C02564,2025-10-23,Concluído,Site,Cartão
O0001441,C02564,2025-02-22,Concluído,Site,Cartão
O0001442,C02564,2025-04-09,Concluído,Site,Carteira digital
O0001443,C01005,2025-10-11,Concluído,App,Carteira digital
O0001444,C01005,2025-11-24,Concluído,Site,Cartão
O0001445,C01005,2025-12-11,Concluído,App,Cartão
O0001446,C01005,2025-09-05,Concluído,Site,Boleto
O0001447,C01842,2025-02-13,Concluído,Site,Cartão
O0001448,C01842,2025-07-23,Concluído,Site,Cartão
O0001449,C01842,2024-06-08,Concluído,Site,Carteira digital
O0001450,C01842,2025-09-16,Concluído,App,Carteira digital
O0001451,C01842,2024-05-25,Concluído,Site,Cartão
O0001452,C01842,2023-12-06,Concluído,Site,PIX
O0001453,C02551,2023-09-01,Concluído,Site,Cartão
O0001454,C00438,2023-05-02,Concluído,Site,Boleto
O0001455,C03612,2025-11-25,Concluído,App,Cartão
O0001456,C03612,2023-02-14,Concluído,Site,Carteira digital
O0001457,C00325,2023-07-03,Concluído,Site,Carteira digital
O0001458,C00924,2025-02-17,Concluído,Site,Boleto
O0001459,C01125,2025-05-22,Concluído,App,Cartão
O0001460,C03362,2024-11-09,Concluído,Site,Carteira digital
O0001461,C03362,2025-04-19,Concluído,Site,PIX
O0001462,C03362,2024-07-03,Concluído,App,Cartão
O0001463,C02744,2024-04-14,Concluído,Marketplace,Cartão
O0001464,C02744,2025-05-05,Concluído,Site,PIX
O0001465,C02744,2023-11-14,Concluído,App,Cartão
O0001466,C03532,2025-09-13,Concluído,Marketplace,Carteira digital
O0001467,C03532,2025-11-19,Concluído,Site,PIX
O0001468,C03532,2025-12-22,Concluído,Site,Cartão
O0001469,C03532,2025-08-16,Concluído,Site,Cartão
O0001470,C01654,2024-05-12,Concluído,Site,PIX
O0001471,C03313,2024-07-06,Concluído,Marketplace,PIX
O0001472,C03313,2025-01-27,Concluído,App,Cartão
O0001473,C01004,2025-08-02,Concluído,Site,Cartão
O0001474,C02011,2025-07-13,Cancelado,Site,Cartão
O0001475,C02011,2024-03-26,Concluído,Marketplace,Cartão
O0001476,C02011,2024-06-06,Concluído,App,PIX
O0001477,C02011,2025-06-25,Concluído,Marketplace,Cartão
O0001478,C02011,2023-09-22,Concluído,Site,PIX
O0001479,C03292,2024-03-27,Concluído,Site,Cartão
O0001480,C00934,2024-09-13,Concluído,Site,PIX
O0001481,C00934,2024-03-03,Concluído,Marketplace,PIX
O0001482,C02638,2023-09-21,Concluído,Site,PIX
O0001483,C01948,2024-12-22,Concluído,App,Cartão
O0001484,C02438,2025-08-19,Concluído,Site,PIX
O0001485,C02438,2025-12-13,Concluído,Site,Boleto
O0001486,C02438,2025-10-21,Concluído,Marketplace,Cartão
O0001487,C02438,2025-11-23,Concluído,App,Boleto
O0001488,C02374,2025-06-14,Concluído,App,Cartão
O0001489,C02374,2024-12-12,Concluído,Site,Cartão
O0001490,C02374,2025-01-02,Concluído,Marketplace,Cartão
O0001491,C04745,2025-07-16,Concluído,Marketplace,Cartão
O0001492,C01920,2023-11-06,Concluído,Site,Cartão
O0001493,C04845,2025-11-24,Concluído,Marketplace,Cartão
O0001494,C04845,2025-10-27,Concluído,Site,PIX
O0001495,C04845,2025-03-17,Concluído,App,Cartão
O0001496,C04845,2024-03-06,Concluído,Site,PIX
O0001497,C04845,2025-03-14,Concluído,Site,Carteira digital
O0001498,C04845,2025-01-06,Concluído,Site,Cartão
O0001499,C04636,2024-11-05,Devolvido,Site,Carteira digital
O0001500,C04444,2025-06-26,Concluído,App,PIX
O0001501,C04444,2025-04-25,Concluído,App,Cartão
O0001502,C04444,2024-06-03,Concluído,App,Carteira digital
O0001503,C04444,2025-01-24,Concluído,Site,Cartão
O0001504,C03020,2025-07-02,Concluído,Site,Cartão
O0001505,C00614,2024-09-14,Concluído,App,Boleto
O0001506,C02800,2024-11-20,Concluído,App,Cartão
O0001507,C03329,2024-12-28,Concluído,Marketplace,Cartão
O0001508,C02457,2025-10-21,Concluído,App,Boleto
O0001509,C02457,2025-07-08,Concluído,Site,PIX
O0001510,C02457,2023-05-28,Concluído,Site,Carteira digital
O0001511,C02125,2023-09-20,Concluído,Marketplace,Cartão
O0001512,C02125,2025-03-24,Concluído,Site,Cartão
O0001513,C02531,2025-12-21,Concluído,Site,Cartão
O0001514,C04112,2024-06-19,Concluído,App,PIX
O0001515,C02775,2024-05-12,Concluído,App,Cartão
O0001516,C02775,2025-09-04,Concluído,Site,PIX
O0001517,C04898,2023-07-22,Concluído,Marketplace,Cartão
O0001518,C04898,2023-01-24,Concluído,Site,PIX
O0001519,C03100,2025-04-19,Concluído,Marketplace,Cartão
O0001520,C03100,2024-10-14,Concluído,App,Cartão
O0001521,C03100,2025-10-24,Concluído,App,PIX
O0001522,C03548,2024-02-12,Cancelado,Site,Cartão
O0001523,C02984,2025-02-14,Concluído,Site,Cartão
O0001524,C01582,2025-03-20,Concluído,Site,Boleto
O0001525,C01582,2025-03-04,Concluído,App,PIX
O0001526,C01582,2025-03-15,Concluído,App,Cartão
O0001527,C01582,2025-03-23,Concluído,Site,PIX
O0001528,C01582,2025-02-15,Concluído,Site,Carteira digital
O0001529,C01582,2025-04-17,Concluído,Site,Carteira digital
O0001530,C01582,2024-11-24,Concluído,App,Boleto
O0001531,C04744,2023-11-08,Concluído,App,Cartão
O0001532,C00543,2024-06-25,Concluído,Marketplace,Cartão
O0001533,C04529,2024-11-03,Concluído,Site,PIX
O0001534,C00601,2025-06-22,Concluído,App,Carteira digital
O0001535,C00601,2025-06-18,Concluído,App,Boleto
O0001536,C00601,2025-06-16,Concluído,Site,Cartão
O0001537,C00601,2025-06-04,Concluído,Site,PIX
O0001538,C00601,2025-06-27,Concluído,Site,PIX
O0001539,C02367,2024-10-22,Concluído,Site,Boleto
O0001540,C02367,2025-06-17,Concluído,Site,PIX
O0001541,C03457,2025-02-18,Concluído,App,Cartão
O0001542,C03457,2024-10-10,Concluído,Site,PIX
O0001543,C03457,2024-12-19,Concluído,Marketplace,PIX
O0001544,C00558,2025-09-21,Concluído,App,Carteira digital
O0001545,C03009,2025-08-29,Concluído,Site,Cartão
O0001546,C03009,2025-02-17,Concluído,Site,Cartão
O0001547,C04187,2025-08-20,Concluído,Marketplace,Cartão
O0001548,C04187,2025-06-23,Concluído,App,PIX
O0001549,C04187,2025-06-13,Concluído,Marketplace,Cartão
O0001550,C03880,2024-07-26,Concluído,App,Cartão
O0001551,C00995,2025-11-12,Concluído,Site,Cartão
O0001552,C00995,2024-02-17,Concluído,App,PIX
O0001553,C00995,2023-12-16,Concluído,Site,Cartão
O0001554,C02562,2025-08-19,Concluído,Marketplace,PIX
O0001555,C02562,2025-01-01,Concluído,Site,Cartão
O0001556,C02863,2025-02-04,Concluído,Site,PIX
O0001557,C02864,2023-10-24,Concluído,App,Cartão
O0001558,C02864,2023-11-04,Concluído,Marketplace,PIX
O0001559,C02864,2023-11-13,Concluído,App,Cartão
O0001560,C00968,2025-10-15,Concluído,Site,Boleto
O0001561,C02348,2025-12-26,Concluído,App,PIX
O0001562,C02348,2025-12-27,Concluído,App,PIX
O0001563,C02348,2025-11-07,Concluído,Marketplace,Carteira digital
O0001564,C02348,2025-12-13,Concluído,Site,Cartão
O0001565,C02348,2025-12-27,Concluído,App,Cartão
O0001566,C03005,2025-06-21,Concluído,Marketplace,Cartão
O0001567,C02854,2024-10-10,Concluído,Site,PIX
O0001568,C02379,2024-08-27,Concluído,App,Carteira digital
O0001569,C04681,2025-01-11,Concluído,Marketplace,Carteira digital
O0001570,C03320,2024-11-07,Concluído,App,PIX
O0001571,C03320,2024-04-16,Concluído,Marketplace,Carteira digital
O0001572,C03320,2025-08-02,Concluído,Marketplace,Boleto
O0001573,C03320,2023-11-24,Concluído,Marketplace,Carteira digital
O0001574,C03320,2025-12-27,Concluído,App,Cartão
O0001575,C03320,2025-04-27,Cancelado,App,Cartão
O0001576,C03320,2025-02-12,Concluído,App,Boleto
O0001577,C03320,2024-11-03,Concluído,Marketplace,Carteira digital
O0001578,C03320,2024-09-23,Concluído,Site,Boleto
O0001579,C03320,2025-08-10,Concluído,Site,Cartão
O0001580,C03320,2024-08-26,Concluído,Site,Cartão
O0001581,C03320,2025-11-05,Concluído,App,Carteira digital
O0001582,C00942,2025-12-07,Concluído,App,Cartão
O0001583,C00942,2025-12-12,Concluído,Marketplace,Cartão
O0001584,C00942,2025-12-16,Concluído,Marketplace,Cartão
O0001585,C00942,2025-11-06,Concluído,Site,Cartão
O0001586,C00942,2025-11-22,Concluído,Site,Cartão
O0001587,C00942,2025-12-17,Concluído,Site,PIX
O0001588,C00942,2025-12-05,Concluído,App,PIX
O0001589,C00942,2025-12-11,Concluído,App,Boleto
O0001590,C00942,2025-11-14,Concluído,App,PIX
O0001591,C00942,2025-11-06,Concluído,App,PIX
O0001592,C00942,2025-11-19,Concluído,Marketplace,Cartão
O0001593,C00942,2025-11-10,Concluído,App,Cartão
O0001594,C00942,2025-11-02,Concluído,Site,Carteira digital
O0001595,C00942,2025-12-01,Concluído,Marketplace,PIX
O0001596,C04809,2025-08-06,Concluído,Marketplace,Carteira digital
O0001597,C04809,2025-06-27,Concluído,Site,Boleto
O0001598,C04954,2025-05-08,Concluído,Site,Cartão
O0001599,C04784,2024-02-22,Concluído,Site,Cartão
O0001600,C01333,2025-07-17,Concluído,App,Carteira digital
O0001601,C01333,2025-01-21,Concluído,App,PIX
O0001602,C01333,2025-06-21,Concluído,Marketplace,PIX
O0001603,C01256,2025-09-13,Concluído,App,PIX
O0001604,C01256,2025-06-25,Concluído,Site,Carteira digital
O0001605,C04863,2024-12-09,Concluído,App,Cartão
O0001606,C04863,2025-04-19,Concluído,Site,Carteira digital
O0001607,C04863,2025-08-26,Concluído,Marketplace,PIX
O0001608,C03514,2024-12-01,Concluído,Site,PIX
O0001609,C00354,2024-10-14,Concluído,Site,Carteira digital
O0001610,C00354,2024-02-12,Concluído,Site,Carteira digital
O0001611,C00354,2023-07-18,Concluído,Site,Cartão
O0001612,C00354,2025-03-06,Concluído,Site,Boleto
O0001613,C00354,2025-01-20,Concluído,Site,Cartão
O0001614,C00354,2024-09-10,Concluído,Marketplace,Carteira digital
O0001615,C00354,2024-04-26,Concluído,Site,Cartão
O0001616,C00354,2023-09-04,Concluído,Site,Carteira digital
O0001617,C00354,2023-03-25,Concluído,App,PIX
O0001618,C00354,2023-02-20,Concluído,Site,PIX
O0001619,C03601,2024-08-21,Concluído,App,PIX
O0001620,C03601,2024-10-10,Concluído,Site,Cartão
O0001621,C01438,2025-10-23,Concluído,Site,Cartão
O0001622,C01438,2025-03-04,Concluído,Site,PIX
O0001623,C01438,2023-05-13,Concluído,Marketplace,Boleto
O0001624,C01438,2025-01-09,Concluído,Site,Cartão
O0001625,C02023,2025-07-06,Concluído,Marketplace,Cartão
O0001626,C03942,2024-03-30,Concluído,App,Cartão
O0001627,C03368,2024-01-04,Concluído,Marketplace,Cartão
O0001628,C02508,2025-05-25,Cancelado,Site,PIX
O0001629,C02508,2025-11-14,Concluído,Site,PIX
O0001630,C02508,2024-10-16,Concluído,Site,Boleto
O0001631,C02508,2025-05-31,Concluído,App,PIX
O0001632,C02508,2025-11-13,Concluído,Marketplace,Boleto
O0001633,C02508,2024-12-02,Concluído,Marketplace,Carteira digital
O0001634,C02508,2025-08-15,Concluído,Site,PIX
O0001635,C02508,2025-02-10,Concluído,Site,Cartão
O0001636,C02508,2025-09-21,Concluído,Marketplace,PIX
O0001637,C02508,2024-10-09,Concluído,App,Carteira digital
O0001638,C02508,2025-10-16,Concluído,App,Cartão
O0001639,C00272,2025-08-23,Concluído,Site,PIX
O0001640,C00272,2025-05-25,Concluído,Site,Cartão
O0001641,C04431,2025-11-19,Concluído,Site,Cartão
O0001642,C02461,2025-02-12,Concluído,App,Cartão
O0001643,C04918,2024-08-10,Concluído,Site,Cartão
O0001644,C02086,2025-02-22,Concluído,Site,Cartão
O0001645,C02086,2025-07-16,Concluído,Site,PIX
O0001646,C02086,2025-10-17,Concluído,Marketplace,PIX
O0001647,C02086,2025-03-03,Concluído,Site,Cartão
O0001648,C02086,2025-06-26,Concluído,App,Cartão
O0001649,C00172,2025-05-16,Concluído,Marketplace,Carteira digital
O0001650,C04151,2025-08-12,Concluído,Site,Cartão
O0001651,C04198,2024-08-12,Concluído,Site,Carteira digital
O0001652,C04198,2024-03-20,Concluído,Site,PIX
O0001653,C04882,2024-11-22,Concluído,App,PIX
O0001654,C04882,2023-01-11,Concluído,Site,Cartão
O0001655,C03310,2025-06-25,Concluído,App,Carteira digital
O0001656,C03310,2025-06-10,Concluído,Site,Cartão
O0001657,C02217,2025-03-11,Cancelado,Marketplace,Boleto
O0001658,C02217,2025-08-02,Concluído,App,Boleto
O0001659,C02217,2025-01-30,Concluído,App,PIX
O0001660,C02217,2025-11-07,Concluído,Site,Cartão
O0001661,C02217,2025-03-16,Concluído,Site,Cartão
O0001662,C02217,2025-12-27,Cancelado,App,Cartão
O0001663,C02217,2025-10-05,Concluído,App,Cartão
O0001664,C02217,2024-12-06,Concluído,Marketplace,PIX
O0001665,C02217,2024-10-12,Concluído,Marketplace,Cartão
O0001666,C02217,2025-10-25,Concluído,Site,Cartão
O0001667,C02217,2025-06-15,Concluído,App,Cartão
O0001668,C03480,2025-11-10,Concluído,Site,Cartão
O0001669,C03480,2025-06-30,Concluído,Site,Cartão
O0001670,C03480,2025-01-19,Concluído,Site,Cartão
O0001671,C03480,2024-02-22,Concluído,Site,Carteira digital
O0001672,C03011,2025-12-04,Concluído,Marketplace,Cartão
O0001673,C03011,2025-11-15,Concluído,Site,Cartão
O0001674,C00399,2025-09-13,Concluído,Site,Boleto
O0001675,C00399,2025-11-27,Concluído,Marketplace,Cartão
O0001676,C04419,2023-03-09,Concluído,App,Carteira digital
O0001677,C04419,2023-07-29,Concluído,App,Carteira digital
O0001678,C03981,2025-05-04,Concluído,Site,Carteira digital
O0001679,C03981,2025-01-23,Concluído,App,Carteira digital
O0001680,C01561,2025-10-23,Cancelado,App,PIX
O0001681,C01561,2025-08-13,Concluído,Site,PIX
O0001682,C01561,2025-11-22,Concluído,App,Cartão
O0001683,C01453,2025-12-03,Concluído,Marketplace,Cartão
O0001684,C01453,2025-12-29,Concluído,Marketplace,Cartão
O0001685,C03176,2025-09-22,Concluído,Site,PIX
O0001686,C03176,2023-09-09,Concluído,Site,PIX
O0001687,C03176,2025-07-08,Concluído,Site,Cartão
O0001688,C04577,2025-05-21,Concluído,Site,Carteira digital
O0001689,C00627,2025-09-03,Concluído,App,Cartão
O0001690,C00627,2025-04-06,Concluído,Site,Cartão
O0001691,C00627,2024-11-23,Concluído,Site,PIX
O0001692,C00627,2025-12-16,Concluído,App,Carteira digital
O0001693,C00627,2025-05-08,Concluído,Site,Cartão
O0001694,C00627,2024-10-24,Concluído,Site,PIX
O0001695,C00627,2025-09-21,Concluído,App,PIX
O0001696,C00627,2025-09-27,Concluído,App,Cartão
O0001697,C00627,2024-07-16,Concluído,Marketplace,Cartão
O0001698,C00627,2025-08-26,Concluído,App,Cartão
O0001699,C00627,2025-11-05,Concluído,Site,Boleto
O0001700,C00627,2025-09-07,Concluído,Site,Carteira digital
O0001701,C00627,2025-05-16,Concluído,Marketplace,Cartão
O0001702,C00627,2025-12-19,Concluído,Marketplace,Carteira digital
O0001703,C03989,2024-11-14,Concluído,Marketplace,Cartão
O0001704,C01525,2025-05-14,Concluído,Site,PIX
O0001705,C01525,2025-07-31,Concluído,Marketplace,PIX
O0001706,C01525,2025-08-18,Concluído,Marketplace,Carteira digital
O0001707,C01525,2025-08-11,Concluído,App,PIX
O0001708,C01525,2025-10-25,Concluído,Marketplace,Cartão
O0001709,C01525,2025-11-09,Concluído,Site,PIX
O0001710,C01525,2025-08-09,Concluído,Marketplace,Carteira digital
O0001711,C01525,2025-11-21,Concluído,Marketplace,PIX
O0001712,C01525,2025-04-27,Concluído,Site,Carteira digital
O0001713,C01525,2025-10-01,Concluído,Site,Boleto
O0001714,C01525,2025-04-27,Concluído,App,Carteira digital
O0001715,C01525,2025-07-01,Concluído,Site,Cartão
O0001716,C01525,2025-08-18,Devolvido,Site,PIX
O0001717,C01525,2025-12-07,Concluído,Site,PIX
O0001718,C04635,2025-02-05,Concluído,Marketplace,Boleto
O0001719,C04635,2025-07-07,Concluído,Marketplace,Carteira digital
O0001720,C04635,2025-03-21,Concluído,Site,PIX
O0001721,C00649,2024-11-22,Concluído,Marketplace,Cartão
O0001722,C03948,2024-11-24,Concluído,App,PIX
O0001723,C03948,2024-09-27,Concluído,Site,Carteira digital
O0001724,C03948,2025-09-09,Concluído,Marketplace,Carteira digital
O0001725,C00602,2025-11-04,Concluído,Site,Boleto
O0001726,C00935,2024-03-15,Concluído,Site,Cartão
O0001727,C01595,2025-03-19,Concluído,Site,PIX
O0001728,C01595,2024-04-24,Concluído,App,Cartão
O0001729,C01595,2024-07-26,Concluído,Site,Cartão
O0001730,C01595,2024-05-19,Concluído,App,Cartão
O0001731,C01595,2024-10-18,Concluído,Site,PIX
O0001732,C01595,2023-02-01,Concluído,App,Cartão
O0001733,C01595,2024-07-04,Concluído,Marketplace,Carteira digital
O0001734,C01595,2023-10-27,Concluído,Marketplace,Cartão
O0001735,C01595,2025-01-15,Concluído,Marketplace,Cartão
O0001736,C01595,2024-03-11,Concluído,App,Cartão
O0001737,C01737,2025-05-29,Concluído,Marketplace,PIX
O0001738,C01737,2024-06-13,Concluído,Site,PIX
O0001739,C01737,2025-05-20,Concluído,Site,Carteira digital
O0001740,C01737,2024-07-02,Concluído,App,Cartão
O0001741,C02190,2025-12-03,Concluído,App,Cartão
O0001742,C02190,2025-12-14,Concluído,Marketplace,Cartão
O0001743,C02190,2025-12-02,Concluído,Site,Carteira digital
O0001744,C02190,2025-12-13,Concluído,App,Carteira digital
O0001745,C04344,2023-01-17,Concluído,App,PIX
O0001746,C01757,2024-10-03,Concluído,Site,Cartão
O0001747,C01757,2025-04-05,Concluído,Marketplace,Cartão
O0001748,C01757,2025-07-03,Cancelado,Site,PIX
O0001749,C04017,2023-02-27,Concluído,App,PIX
O0001750,C02122,2025-07-27,Concluído,Marketplace,Cartão
O0001751,C03388,2023-10-23,Concluído,App,Cartão
O0001752,C02885,2025-09-10,Concluído,Site,Carteira digital
O0001753,C00238,2025-05-30,Concluído,App,Carteira digital
O0001754,C00646,2025-06-30,Concluído,App,Cartão
O0001755,C00646,2025-06-30,Concluído,Site,Cartão
O0001756,C00646,2025-06-30,Concluído,App,PIX
O0001757,C00646,2025-06-30,Cancelado,Marketplace,Cartão
O0001758,C00646,2025-06-30,Concluído,Site,Cartão
O0001759,C00646,2025-06-30,Concluído,App,Cartão
O0001760,C00646,2025-06-30,Concluído,Site,PIX
O0001761,C00646,2025-06-30,Concluído,App,PIX
O0001762,C04441,2025-04-24,Concluído,Site,Cartão
O0001763,C04441,2025-06-13,Concluído,Marketplace,Cartão
O0001764,C00098,2025-05-01,Concluído,Site,PIX
O0001765,C00098,2024-11-09,Concluído,Site,Cartão
O0001766,C01084,2024-07-06,Concluído,Marketplace,PIX
O0001767,C01084,2024-09-22,Concluído,Site,Carteira digital
O0001768,C03698,2025-11-26,Concluído,App,PIX
O0001769,C03698,2025-06-30,Concluído,Site,Boleto
O0001770,C03698,2025-10-21,Concluído,App,Boleto
O0001771,C03698,2025-08-23,Concluído,Site,PIX
O0001772,C04060,2025-04-24,Concluído,Site,Carteira digital
O0001773,C04060,2025-07-14,Concluído,App,PIX
O0001774,C00835,2024-09-21,Concluído,Marketplace,Carteira digital
O0001775,C00835,2025-09-13,Concluído,App,Carteira digital
O0001776,C00835,2024-05-20,Concluído,App,PIX
O0001777,C02502,2025-11-09,Concluído,App,Carteira digital
O0001778,C02502,2025-08-31,Concluído,App,Cartão
O0001779,C01726,2025-08-16,Concluído,App,Carteira digital
O0001780,C01187,2025-08-08,Devolvido,Site,PIX
O0001781,C01187,2025-03-26,Concluído,Site,Carteira digital
O0001782,C01187,2025-10-28,Concluído,Marketplace,Boleto
O0001783,C01187,2024-12-06,Concluído,App,Cartão
O0001784,C01676,2025-10-24,Concluído,Site,Carteira digital
O0001785,C01676,2025-10-24,Concluído,App,PIX
O0001786,C01676,2025-07-20,Concluído,App,Cartão
O0001787,C01676,2025-12-18,Concluído,Site,Cartão
O0001788,C04460,2025-10-26,Concluído,App,PIX
O0001789,C04460,2025-09-01,Concluído,Site,Cartão
O0001790,C04460,2025-10-06,Concluído,Marketplace,Cartão
O0001791,C04460,2025-06-03,Concluído,App,PIX
O0001792,C04460,2025-06-30,Concluído,App,PIX
O0001793,C02495,2025-01-16,Concluído,Site,Cartão
O0001794,C02014,2025-11-08,Concluído,App,Cartão
O0001795,C03152,2024-10-22,Concluído,Site,Carteira digital
O0001796,C00349,2025-03-20,Concluído,Site,PIX
O0001797,C00349,2024-11-08,Concluído,Site,Cartão
O0001798,C00532,2025-09-28,Concluído,Marketplace,Carteira digital
O0001799,C00532,2024-06-27,Concluído,Marketplace,Carteira digital
O0001800,C04456,2024-05-03,Concluído,Marketplace,Carteira digital
O0001801,C04456,2025-01-01,Concluído,App,Cartão
O0001802,C04456,2025-04-02,Concluído,Marketplace,PIX
O0001803,C03910,2025-11-19,Concluído,Site,Cartão
O0001804,C03910,2025-10-09,Concluído,Site,Cartão
O0001805,C02875,2023-10-30,Devolvido,Site,Cartão
O0001806,C02875,2025-10-29,Concluído,Marketplace,PIX
O0001807,C03896,2023-05-19,Concluído,App,Carteira digital
O0001808,C04569,2025-05-20,Concluído,App,Cartão
O0001809,C04569,2025-05-08,Concluído,Marketplace,Carteira digital
O0001810,C03053,2024-08-20,Concluído,Site,Cartão
O0001811,C03053,2025-10-05,Concluído,Site,Boleto
O0001812,C01227,2024-12-29,Concluído,Site,PIX
O0001813,C01227,2023-11-12,Concluído,Marketplace,Carteira digital
O0001814,C02171,2023-11-02,Concluído,App,PIX
O0001815,C01353,2023-07-22,Concluído,App,Carteira digital
O0001816,C01353,2023-10-31,Concluído,App,Cartão
O0001817,C01353,2024-07-06,Concluído,Site,Cartão
O0001818,C01353,2024-10-13,Devolvido,App,PIX
O0001819,C01353,2025-10-18,Concluído,Site,Cartão
O0001820,C02523,2024-03-24,Concluído,App,PIX
O0001821,C02523,2025-10-18,Concluído,Site,Cartão
O0001822,C02523,2024-06-15,Concluído,Marketplace,Cartão
O0001823,C02523,2023-05-12,Concluído,Site,PIX
O0001824,C02523,2023-10-20,Concluído,Marketplace,Cartão
O0001825,C02523,2024-07-11,Concluído,Marketplace,Cartão
O0001826,C02523,2025-06-07,Concluído,Site,PIX
O0001827,C00748,2025-07-18,Concluído,App,Carteira digital
O0001828,C03957,2025-03-24,Concluído,Site,Carteira digital
O0001829,C00417,2024-07-15,Concluído,Site,PIX
O0001830,C00417,2025-06-10,Concluído,Site,PIX
O0001831,C02485,2025-09-12,Concluído,Site,Carteira digital
O0001832,C02485,2025-11-26,Concluído,Site,Carteira digital
O0001833,C02485,2025-06-11,Concluído,Marketplace,Cartão
O0001834,C04062,2025-05-19,Concluído,App,Cartão
O0001835,C04062,2025-10-01,Concluído,App,PIX
O0001836,C03373,2024-07-15,Concluído,Marketplace,Carteira digital
O0001837,C03373,2024-09-12,Concluído,App,Cartão
O0001838,C03373,2024-10-03,Concluído,Marketplace,Boleto
O0001839,C03373,2025-06-27,Concluído,Site,Boleto
O0001840,C03373,2024-06-30,Concluído,App,Cartão
O0001841,C03373,2024-10-16,Concluído,Marketplace,PIX
O0001842,C03373,2024-11-07,Concluído,Site,Cartão
O0001843,C03373,2025-04-17,Concluído,Marketplace,Cartão
O0001844,C03800,2024-07-21,Concluído,Site,Cartão
O0001845,C03800,2023-06-05,Concluído,Site,Boleto
O0001846,C01753,2025-08-18,Concluído,Marketplace,Cartão
O0001847,C01753,2025-09-07,Cancelado,Site,Carteira digital
O0001848,C01753,2025-04-14,Concluído,Marketplace,PIX
O0001849,C01753,2025-02-16,Concluído,App,PIX
O0001850,C01753,2025-09-04,Concluído,App,Cartão
O0001851,C01753,2025-04-20,Concluído,Site,Boleto
O0001852,C01753,2025-02-21,Concluído,App,Boleto
O0001853,C01753,2025-03-30,Concluído,Marketplace,Boleto
O0001854,C02721,2023-10-16,Concluído,Site,Boleto
O0001855,C02721,2025-03-19,Concluído,Site,Carteira digital
O0001856,C04101,2024-12-23,Concluído,Marketplace,Cartão
O0001857,C00798,2023-03-24,Concluído,Site,Cartão
O0001858,C00798,2025-02-04,Concluído,Marketplace,Cartão
O0001859,C00798,2024-05-20,Concluído,App,Cartão
O0001860,C02104,2023-01-20,Concluído,Site,PIX
O0001861,C02104,2023-09-27,Concluído,App,Boleto
O0001862,C02104,2023-10-22,Concluído,Marketplace,Cartão
O0001863,C02104,2024-06-11,Concluído,App,Cartão
O0001864,C02104,2025-01-06,Concluído,Marketplace,PIX
O0001865,C02104,2024-12-14,Concluído,Site,Cartão
O0001866,C02104,2023-01-25,Concluído,App,Boleto
O0001867,C02104,2024-11-21,Concluído,App,Cartão
O0001868,C02104,2024-04-02,Concluído,Site,Cartão
O0001869,C02104,2024-07-02,Concluído,App,Cartão
O0001870,C02104,2023-08-12,Concluído,Site,Cartão
O0001871,C02104,2023-11-29,Concluído,Marketplace,Cartão
O0001872,C02104,2023-02-19,Concluído,Site,Cartão
O0001873,C02104,2025-07-29,Concluído,App,Cartão
O0001874,C02104,2023-06-23,Concluído,Site,Cartão
O0001875,C02104,2024-05-10,Concluído,Marketplace,Carteira digital
O0001876,C01585,2025-08-20,Concluído,Site,Carteira digital
O0001877,C04884,2025-02-11,Concluído,App,Boleto
O0001878,C04884,2025-03-06,Concluído,Marketplace,Carteira digital
O0001879,C04884,2025-06-16,Concluído,Site,Cartão
O0001880,C01429,2024-12-31,Concluído,Site,PIX
O0001881,C00362,2023-03-18,Concluído,Site,PIX
O0001882,C00362,2025-02-17,Concluído,Site,Carteira digital
O0001883,C00362,2023-06-21,Concluído,Site,Cartão
O0001884,C00362,2024-06-16,Cancelado,Site,Cartão
O0001885,C01107,2025-06-17,Concluído,App,Cartão
O0001886,C01107,2025-08-27,Concluído,Site,Cartão
O0001887,C00845,2025-04-30,Concluído,Site,Cartão
O0001888,C01705,2025-02-06,Concluído,Site,Cartão
O0001889,C01705,2024-03-16,Concluído,Site,Cartão
O0001890,C03846,2025-07-07,Concluído,App,Cartão
O0001891,C00365,2024-11-10,Concluído,App,PIX
O0001892,C04350,2025-12-23,Concluído,Marketplace,PIX
O0001893,C04350,2025-08-30,Concluído,App,Cartão
O0001894,C04350,2025-08-09,Concluído,Site,Cartão
O0001895,C04350,2025-12-09,Concluído,App,PIX
O0001896,C04350,2025-07-27,Concluído,Marketplace,Cartão
O0001897,C04350,2025-07-11,Concluído,App,Boleto
O0001898,C04350,2025-10-03,Concluído,Site,Cartão
O0001899,C04350,2025-12-26,Concluído,Site,Cartão
O0001900,C04350,2025-10-20,Concluído,Marketplace,Cartão
O0001901,C04350,2025-09-06,Concluído,Site,Cartão
O0001902,C00163,2025-02-06,Concluído,Marketplace,PIX
O0001903,C00163,2025-12-04,Concluído,Site,PIX
O0001904,C00163,2025-08-16,Concluído,Site,PIX
O0001905,C00163,2024-08-27,Concluído,App,Cartão
O0001906,C03069,2025-12-18,Concluído,Marketplace,PIX
O0001907,C04217,2024-12-17,Concluído,Marketplace,Carteira digital
O0001908,C04217,2025-02-08,Concluído,Site,Carteira digital
O0001909,C04217,2024-05-03,Concluído,Site,Boleto
O0001910,C04217,2023-04-28,Concluído,Marketplace,Cartão
O0001911,C02596,2023-10-18,Concluído,Site,Cartão
O0001912,C02596,2025-06-11,Concluído,Site,Cartão
O0001913,C02596,2023-11-16,Concluído,Site,PIX
O0001914,C02596,2024-07-25,Concluído,Site,PIX
O0001915,C02596,2023-09-28,Concluído,App,PIX
O0001916,C02596,2024-10-31,Concluído,Marketplace,Cartão
O0001917,C02596,2024-09-01,Concluído,Site,PIX
O0001918,C02596,2024-03-02,Concluído,Site,Cartão
O0001919,C02596,2024-07-06,Concluído,Site,Carteira digital
O0001920,C02596,2025-05-23,Concluído,Site,Carteira digital
O0001921,C02596,2024-03-15,Concluído,Site,PIX
O0001922,C02596,2025-09-14,Concluído,Marketplace,PIX
O0001923,C02596,2024-05-28,Concluído,Site,PIX
O0001924,C02596,2025-10-12,Cancelado,Site,Boleto
O0001925,C02596,2025-11-28,Concluído,App,Cartão
O0001926,C02093,2025-05-10,Concluído,Site,Carteira digital
O0001927,C02093,2025-03-20,Concluído,App,PIX
O0001928,C04766,2024-12-21,Concluído,Site,PIX
O0001929,C04766,2025-04-12,Concluído,Site,Cartão
O0001930,C03500,2025-01-01,Concluído,Site,Cartão
O0001931,C03500,2023-11-30,Concluído,Site,Carteira digital
O0001932,C03500,2025-05-18,Concluído,Site,Cartão
O0001933,C04649,2025-11-09,Concluído,App,Cartão
O0001934,C04649,2024-03-03,Concluído,Site,PIX
O0001935,C04649,2024-08-10,Concluído,App,Cartão
O0001936,C04649,2025-01-12,Concluído,Marketplace,Cartão
O0001937,C02206,2024-01-19,Concluído,Marketplace,Cartão
O0001938,C01143,2025-04-23,Concluído,Site,PIX
O0001939,C00980,2025-12-20,Concluído,App,PIX
O0001940,C03356,2025-10-30,Concluído,App,Carteira digital
O0001941,C01312,2025-10-17,Concluído,Marketplace,Cartão
O0001942,C01312,2024-01-13,Concluído,Site,PIX
O0001943,C04489,2025-04-10,Concluído,App,PIX
O0001944,C03337,2025-01-22,Concluído,Site,Cartão
O0001945,C03337,2025-10-04,Concluído,Marketplace,Cartão
O0001946,C01837,2024-02-09,Concluído,Marketplace,Cartão
O0001947,C01837,2024-01-18,Concluído,Site,Cartão
O0001948,C01837,2024-08-31,Concluído,Marketplace,PIX
O0001949,C01837,2025-09-14,Concluído,Site,Cartão
O0001950,C01837,2024-04-18,Concluído,Site,PIX
O0001951,C02163,2025-06-09,Concluído,App,Cartão
O0001952,C02163,2025-02-15,Concluído,Marketplace,PIX
O0001953,C02614,2025-11-18,Concluído,App,Cartão
O0001954,C02614,2025-11-06,Concluído,App,Carteira digital
O0001955,C02614,2025-12-10,Concluído,Site,Carteira digital
O0001956,C02614,2025-12-12,Concluído,Site,PIX
O0001957,C02614,2025-11-11,Concluído,App,PIX
O0001958,C02693,2025-12-27,Concluído,Marketplace,Cartão
O0001959,C02693,2025-11-20,Concluído,Marketplace,Boleto
O0001960,C02756,2024-11-27,Concluído,Site,PIX
O0001961,C02756,2025-06-03,Concluído,App,Cartão
O0001962,C02556,2025-02-17,Concluído,Site,Carteira digital
O0001963,C04735,2024-12-31,Concluído,Site,Carteira digital
O0001964,C04735,2025-12-25,Concluído,Marketplace,Carteira digital
O0001965,C04321,2025-02-05,Concluído,Site,Cartão
O0001966,C04321,2024-01-01,Concluído,App,Carteira digital
O0001967,C02887,2023-06-27,Concluído,App,Cartão
O0001968,C02887,2024-10-05,Concluído,Site,Cartão
O0001969,C02887,2023-04-10,Concluído,Marketplace,PIX
O0001970,C02887,2023-11-17,Concluído,App,Cartão
O0001971,C04597,2025-01-27,Concluído,Marketplace,Cartão
O0001972,C04597,2024-05-18,Concluído,Site,Carteira digital
O0001973,C04408,2024-10-04,Concluído,App,Cartão
O0001974,C04408,2023-11-21,Concluído,Marketplace,Carteira digital
O0001975,C03270,2024-07-12,Concluído,App,Cartão
O0001976,C03270,2023-09-13,Concluído,Site,Cartão
O0001977,C03270,2024-01-14,Concluído,App,Carteira digital
O0001978,C03270,2024-12-05,Concluído,App,Cartão
O0001979,C03270,2025-02-18,Concluído,App,PIX
O0001980,C04564,2025-12-09,Concluído,App,PIX
O0001981,C04564,2025-06-11,Concluído,Marketplace,Cartão
O0001982,C01293,2025-03-22,Concluído,Site,Cartão
O0001983,C01293,2025-08-21,Concluído,Site,Cartão
O0001984,C01293,2025-07-23,Cancelado,Site,Cartão
O0001985,C01293,2025-03-03,Concluído,App,Carteira digital
O0001986,C01028,2025-06-20,Concluído,App,Carteira digital
O0001987,C01995,2024-07-22,Cancelado,Site,Cartão
O0001988,C00753,2025-11-14,Concluído,Site,Cartão
O0001989,C02714,2024-11-19,Concluído,App,Cartão
O0001990,C03413,2025-01-17,Cancelado,App,Cartão
O0001991,C00837,2024-11-01,Cancelado,Site,Carteira digital
O0001992,C00837,2024-12-22,Concluído,App,Carteira digital
O0001993,C00837,2025-01-21,Concluído,Site,Cartão
O0001994,C00837,2025-07-03,Concluído,Marketplace,Boleto
O0001995,C00837,2025-03-11,Concluído,Site,PIX
O0001996,C00837,2025-06-16,Concluído,Site,PIX
O0001997,C00837,2025-04-17,Concluído,Marketplace,Carteira digital
O0001998,C00837,2025-07-11,Concluído,Site,Cartão
O0001999,C00837,2024-09-26,Concluído,Marketplace,Cartão
O0002000,C00837,2025-08-14,Concluído,Marketplace,Carteira digital
O0002001,C00837,2025-02-16,Concluído,Site,Cartão
O0002002,C00837,2025-09-18,Concluído,Site,Cartão
O0002003,C00837,2025-02-06,Concluído,Site,Cartão
O0002004,C00837,2025-08-11,Concluído,Site,Cartão
O0002005,C01997,2024-06-02,Concluído,Site,Cartão
O0002006,C01997,2025-05-20,Concluído,Site,Cartão
O0002007,C01873,2025-09-14,Concluído,Site,PIX
O0002008,C01571,2025-09-02,Concluído,App,Cartão
O0002009,C01571,2025-12-29,Concluído,Marketplace,Cartão
O0002010,C02498,2024-05-10,Concluído,Site,PIX
O0002011,C02498,2024-02-24,Concluído,Site,Cartão
O0002012,C02498,2024-02-03,Concluído,Site,Cartão
O0002013,C04043,2025-04-06,Concluído,Site,PIX
O0002014,C04043,2025-11-21,Concluído,Site,Cartão
O0002015,C04043,2025-04-12,Concluído,Site,PIX
O0002016,C04043,2025-11-04,Concluído,Marketplace,Boleto
O0002017,C04043,2025-03-11,Concluído,Site,Cartão
O0002018,C04043,2025-04-26,Concluído,App,Cartão
O0002019,C04043,2025-05-28,Concluído,Site,Carteira digital
O0002020,C04043,2025-12-23,Concluído,Marketplace,PIX
O0002021,C04043,2025-05-24,Concluído,Marketplace,PIX
O0002022,C04043,2025-05-07,Concluído,App,Cartão
O0002023,C04043,2025-02-17,Concluído,Site,Cartão
O0002024,C04043,2025-05-28,Concluído,Marketplace,Cartão
O0002025,C04043,2025-11-09,Concluído,Site,PIX
O0002026,C04043,2025-12-08,Concluído,Marketplace,Cartão
O0002027,C04043,2025-03-19,Concluído,Site,Cartão
O0002028,C04043,2025-04-27,Concluído,App,Cartão
O0002029,C04043,2025-01-22,Concluído,Site,Carteira digital
O0002030,C04826,2025-12-23,Concluído,Site,Cartão
O0002031,C04826,2025-10-28,Concluído,Site,PIX
O0002032,C00107,2024-11-30,Concluído,Site,Carteira digital
O0002033,C00107,2025-08-06,Concluído,Marketplace,PIX
O0002034,C00107,2024-05-20,Concluído,Marketplace,Carteira digital
O0002035,C00107,2024-10-25,Concluído,App,PIX
O0002036,C00107,2023-11-07,Concluído,Site,Cartão
O0002037,C00867,2024-05-05,Concluído,App,Boleto
O0002038,C00493,2023-11-23,Concluído,Site,PIX
O0002039,C00493,2023-07-30,Concluído,Site,Cartão
O0002040,C00493,2024-11-04,Concluído,Marketplace,Carteira digital
O0002041,C00493,2025-06-03,Concluído,Marketplace,Cartão
O0002042,C00493,2024-04-14,Concluído,Site,Cartão
O0002043,C03010,2025-11-02,Concluído,Marketplace,Cartão
O0002044,C03010,2025-12-10,Concluído,Marketplace,Cartão
O0002045,C03010,2025-04-14,Devolvido,App,Carteira digital
O0002046,C01056,2024-10-20,Concluído,Site,PIX
O0002047,C00144,2025-04-25,Concluído,Site,Cartão
O0002048,C00144,2024-10-31,Devolvido,App,Boleto
O0002049,C00144,2024-05-31,Concluído,Site,Carteira digital
O0002050,C00144,2023-11-17,Concluído,Site,Boleto
O0002051,C00144,2025-08-03,Concluído,Site,Carteira digital
O0002052,C00144,2025-05-14,Concluído,Site,PIX
O0002053,C00144,2024-05-30,Concluído,App,Cartão
O0002054,C02281,2023-04-14,Concluído,Marketplace,Cartão
O0002055,C02281,2025-07-29,Concluído,App,Cartão
O0002056,C02281,2024-07-28,Concluído,Site,PIX
O0002057,C00826,2025-05-02,Concluído,Site,Cartão
O0002058,C00269,2025-03-21,Concluído,Site,PIX
O0002059,C00269,2024-05-10,Concluído,Site,PIX
O0002060,C03776,2024-01-26,Concluído,App,Cartão
O0002061,C03776,2023-08-12,Concluído,Site,Cartão
O0002062,C02434,2025-05-20,Concluído,Site,Cartão
O0002063,C01376,2025-06-12,Concluído,Marketplace,PIX
O0002064,C01376,2025-05-23,Concluído,App,Carteira digital
O0002065,C01376,2025-03-19,Concluído,Site,Cartão
O0002066,C02429,2025-08-23,Concluído,Site,Cartão
O0002067,C04300,2024-01-03,Concluído,App,Cartão
O0002068,C04907,2025-08-26,Concluído,Site,Cartão
O0002069,C03278,2024-12-09,Concluído,Site,Cartão
O0002070,C03278,2025-07-04,Concluído,Site,Carteira digital
O0002071,C00471,2025-03-21,Concluído,App,Cartão
O0002072,C03616,2025-02-19,Concluído,Marketplace,Cartão
O0002073,C03616,2025-07-24,Concluído,Marketplace,Cartão
O0002074,C03616,2025-08-08,Concluído,Site,Cartão
O0002075,C03616,2024-04-13,Concluído,Site,Carteira digital
O0002076,C03182,2024-05-17,Concluído,App,Cartão
O0002077,C03182,2025-01-13,Concluído,Site,PIX
O0002078,C01749,2023-11-13,Concluído,App,Cartão
O0002079,C01749,2024-10-13,Concluído,Site,PIX
O0002080,C01749,2025-12-19,Concluído,Site,Cartão
O0002081,C01749,2024-01-15,Concluído,App,Cartão
O0002082,C01749,2025-02-28,Concluído,Site,PIX
O0002083,C02664,2025-11-12,Concluído,Site,PIX
O0002084,C03102,2024-11-22,Concluído,Marketplace,Cartão
O0002085,C04519,2025-03-20,Concluído,App,Cartão
O0002086,C04519,2025-02-11,Concluído,Site,PIX
O0002087,C00744,2024-03-06,Concluído,Marketplace,Cartão
O0002088,C00744,2024-01-22,Concluído,Site,Cartão
O0002089,C04640,2025-11-18,Concluído,Site,PIX
O0002090,C04640,2025-11-04,Concluído,Site,Carteira digital
O0002091,C04640,2025-12-15,Concluído,App,PIX
O0002092,C02540,2024-06-25,Concluído,Site,Carteira digital
O0002093,C02095,2025-02-25,Concluído,Site,Cartão
O0002094,C00398,2024-02-14,Concluído,Site,Carteira digital
O0002095,C00398,2024-09-18,Concluído,Marketplace,Cartão
O0002096,C00398,2025-06-06,Concluído,Site,Cartão
O0002097,C00398,2023-02-02,Concluído,App,Cartão
O0002098,C00398,2025-12-07,Concluído,Site,PIX
O0002099,C00398,2023-11-29,Concluído,Marketplace,PIX
O0002100,C01081,2025-05-07,Concluído,Marketplace,Boleto
O0002101,C01081,2024-12-29,Cancelado,Site,PIX
O0002102,C01081,2024-07-14,Concluído,Site,PIX
O0002103,C01081,2025-12-01,Concluído,Marketplace,Carteira digital
O0002104,C01081,2025-11-28,Concluído,Site,Carteira digital
O0002105,C03644,2025-12-10,Concluído,App,PIX
O0002106,C03644,2025-12-04,Concluído,App,Cartão
O0002107,C03109,2023-06-22,Concluído,Marketplace,Carteira digital
O0002108,C03109,2024-03-30,Concluído,Site,Cartão
O0002109,C03109,2024-04-13,Concluído,Site,PIX
O0002110,C03109,2023-03-30,Concluído,App,Carteira digital
O0002111,C03109,2023-03-13,Concluído,Marketplace,Cartão
O0002112,C00506,2025-07-22,Concluído,Site,Cartão
O0002113,C02896,2025-05-30,Cancelado,Site,PIX
O0002114,C02896,2023-10-25,Concluído,Site,PIX
O0002115,C04886,2023-12-06,Concluído,App,PIX
O0002116,C04886,2024-07-16,Concluído,Site,PIX
O0002117,C04886,2023-11-19,Concluído,Marketplace,Cartão
O0002118,C03550,2025-11-12,Concluído,App,Carteira digital
O0002119,C03550,2025-12-06,Concluído,App,Cartão
O0002120,C03550,2025-12-03,Concluído,App,PIX
O0002121,C03550,2025-11-16,Concluído,App,Cartão
O0002122,C02577,2025-01-18,Concluído,Site,Cartão
O0002123,C03797,2025-11-09,Concluído,Site,Carteira digital
O0002124,C03797,2025-12-21,Concluído,Marketplace,PIX
O0002125,C03797,2025-11-09,Concluído,Site,PIX
O0002126,C03797,2025-11-15,Concluído,Site,Carteira digital
O0002127,C03797,2025-12-17,Concluído,Site,Cartão
O0002128,C02392,2023-11-03,Concluído,Site,Cartão
O0002129,C02392,2023-05-18,Concluído,Site,Cartão
O0002130,C02392,2025-05-20,Concluído,Site,PIX
O0002131,C04004,2025-12-24,Concluído,Site,PIX
O0002132,C03583,2024-06-17,Concluído,Site,PIX
O0002133,C03583,2023-06-15,Concluído,Marketplace,Cartão
O0002134,C03583,2023-11-19,Concluído,Site,Cartão
O0002135,C03583,2025-09-25,Concluído,App,PIX
O0002136,C03583,2025-07-04,Concluído,Site,Cartão
O0002137,C03583,2025-01-31,Concluído,Site,Cartão
O0002138,C03583,2023-05-31,Concluído,Marketplace,Cartão
O0002139,C03583,2025-01-24,Concluído,App,Cartão
O0002140,C03583,2023-12-23,Concluído,App,Carteira digital
O0002141,C03583,2024-11-03,Concluído,Site,Cartão
O0002142,C03583,2024-12-16,Concluído,App,PIX
O0002143,C03583,2023-01-25,Concluído,Marketplace,Cartão
O0002144,C03583,2023-06-26,Concluído,Marketplace,Cartão
O0002145,C03583,2024-02-25,Cancelado,App,Carteira digital
O0002146,C03583,2025-02-12,Concluído,Marketplace,PIX
O0002147,C03583,2023-07-05,Concluído,App,PIX
O0002148,C01923,2023-11-19,Concluído,App,Cartão
O0002149,C00424,2023-11-20,Concluído,App,Cartão
O0002150,C00424,2023-02-15,Concluído,Site,PIX
O0002151,C00424,2024-08-12,Concluído,Site,Carteira digital
O0002152,C00424,2023-08-15,Concluído,Site,Carteira digital
O0002153,C00424,2024-09-25,Concluído,Site,Cartão
O0002154,C01775,2025-04-29,Concluído,Site,Cartão
O0002155,C01775,2025-03-31,Concluído,Site,Cartão
O0002156,C01775,2025-12-16,Concluído,App,Cartão
O0002157,C01775,2025-05-15,Concluído,Site,Cartão
O0002158,C00583,2025-11-08,Concluído,App,Cartão
O0002159,C01024,2024-09-29,Concluído,Marketplace,Carteira digital
O0002160,C03865,2023-12-20,Concluído,App,Cartão
O0002161,C03865,2024-07-23,Devolvido,Site,PIX
O0002162,C00671,2024-08-14,Concluído,Site,PIX
O0002163,C01134,2023-06-30,Concluído,Marketplace,PIX
O0002164,C01134,2024-11-23,Concluído,App,PIX
O0002165,C01134,2024-09-20,Concluído,Site,Carteira digital
O0002166,C02908,2025-09-11,Concluído,Site,PIX
O0002167,C02908,2025-01-16,Concluído,Site,Cartão
O0002168,C02908,2025-07-23,Cancelado,Site,Carteira digital
O0002169,C02008,2025-01-09,Concluído,App,Carteira digital
O0002170,C02008,2024-11-01,Concluído,App,Cartão
O0002171,C00616,2024-07-22,Concluído,Site,PIX
O0002172,C00616,2025-03-12,Concluído,Site,PIX
O0002173,C01993,2023-03-19,Concluído,Site,Boleto
O0002174,C01993,2024-07-15,Concluído,Site,Carteira digital
O0002175,C01993,2023-05-11,Concluído,Site,Cartão
O0002176,C01993,2024-09-17,Concluído,App,Boleto
O0002177,C01993,2023-06-13,Concluído,App,PIX
O0002178,C03697,2025-12-03,Concluído,Site,Cartão
O0002179,C04728,2025-12-07,Concluído,Marketplace,Cartão
O0002180,C04728,2025-01-17,Concluído,Site,Cartão
O0002181,C04728,2024-12-03,Concluído,Site,Carteira digital
O0002182,C02153,2025-06-06,Concluído,App,PIX
O0002183,C02153,2025-04-25,Concluído,Marketplace,Carteira digital
O0002184,C02153,2024-09-25,Concluído,App,Boleto
O0002185,C02153,2025-04-30,Concluído,Site,PIX
O0002186,C01711,2025-12-30,Concluído,App,Boleto
O0002187,C01009,2023-08-16,Concluído,Site,Cartão
O0002188,C04146,2024-06-10,Concluído,Marketplace,Cartão
O0002189,C04146,2024-09-06,Concluído,Site,PIX
O0002190,C04146,2025-10-16,Concluído,Marketplace,Cartão
O0002191,C04146,2024-11-08,Concluído,Site,Cartão
O0002192,C00285,2025-10-28,Concluído,Site,PIX
O0002193,C00285,2025-01-01,Concluído,Site,Cartão
O0002194,C00285,2024-10-17,Concluído,Site,Carteira digital
O0002195,C00578,2025-12-07,Concluído,Site,Boleto
O0002196,C00578,2025-01-18,Concluído,App,Cartão
O0002197,C00578,2025-12-07,Concluído,Marketplace,Cartão
O0002198,C00578,2025-08-08,Concluído,App,PIX
O0002199,C00578,2025-01-23,Concluído,Site,PIX
O0002200,C00578,2024-05-28,Concluído,Site,Carteira digital
O0002201,C00578,2023-03-30,Concluído,Site,Carteira digital
O0002202,C00578,2024-11-12,Cancelado,Site,Carteira digital
O0002203,C00553,2024-11-06,Concluído,Marketplace,Cartão
O0002204,C00553,2023-01-17,Concluído,App,Boleto
O0002205,C00553,2023-11-12,Concluído,Site,Cartão
O0002206,C04376,2025-05-18,Concluído,App,Cartão
O0002207,C02768,2025-05-13,Concluído,Site,PIX
O0002208,C04076,2023-11-28,Concluído,Site,Cartão
O0002209,C04076,2025-06-18,Concluído,Site,Boleto
O0002210,C03577,2025-09-17,Concluído,Marketplace,Cartão
O0002211,C03577,2023-09-01,Concluído,Site,Cartão
O0002212,C01716,2025-05-20,Concluído,Marketplace,Cartão
O0002213,C01716,2023-01-20,Concluído,Site,Cartão
O0002214,C00593,2024-04-22,Concluído,Site,Carteira digital
O0002215,C00593,2025-04-09,Concluído,Site,Cartão
O0002216,C00593,2025-03-21,Concluído,Site,Cartão
O0002217,C00593,2025-03-03,Concluído,Marketplace,PIX
O0002218,C00593,2025-10-08,Concluído,Site,Cartão
O0002219,C02718,2023-09-09,Concluído,Site,Cartão
O0002220,C02718,2025-07-26,Concluído,Marketplace,Cartão
O0002221,C02718,2023-04-26,Concluído,Site,Cartão
O0002222,C01275,2023-01-27,Concluído,Marketplace,Boleto
O0002223,C01275,2023-02-15,Concluído,Site,Cartão
O0002224,C01275,2024-09-29,Concluído,Site,Carteira digital
O0002225,C01275,2023-07-19,Concluído,Site,PIX
O0002226,C00241,2025-05-20,Concluído,Marketplace,Carteira digital
O0002227,C00241,2024-07-08,Concluído,Site,Carteira digital
O0002228,C00241,2025-02-11,Concluído,App,PIX
O0002229,C00241,2024-05-02,Concluído,Site,Carteira digital
O0002230,C02311,2025-02-03,Concluído,App,Carteira digital
O0002231,C03154,2024-06-26,Concluído,App,PIX
O0002232,C03121,2025-06-22,Concluído,App,Cartão
O0002233,C03121,2025-06-27,Concluído,Marketplace,Cartão
O0002234,C03121,2025-06-16,Concluído,Site,PIX
O0002235,C02442,2025-12-08,Concluído,Site,Cartão
O0002236,C04940,2025-06-03,Concluído,Site,Cartão
O0002237,C04940,2024-12-22,Concluído,Site,Cartão
O0002238,C04940,2025-11-18,Concluído,Site,Cartão
O0002239,C04940,2025-02-14,Concluído,Site,Cartão
O0002240,C04940,2025-06-07,Concluído,Site,PIX
O0002241,C04940,2025-10-12,Devolvido,Site,PIX
O0002242,C04940,2025-11-08,Concluído,Site,PIX
O0002243,C04940,2025-06-07,Concluído,Site,Cartão
O0002244,C04940,2025-03-05,Concluído,Site,PIX
O0002245,C04940,2025-07-18,Concluído,App,Cartão
O0002246,C04940,2024-12-02,Concluído,Site,Cartão
O0002247,C04940,2025-06-02,Concluído,App,Carteira digital
O0002248,C04940,2025-02-03,Concluído,Site,Cartão
O0002249,C03477,2024-12-02,Concluído,Site,Cartão
O0002250,C00190,2025-06-19,Concluído,Site,PIX
O0002251,C00190,2025-04-05,Concluído,Site,Cartão
O0002252,C00190,2025-09-14,Concluído,App,Cartão
O0002253,C02076,2025-11-27,Concluído,Site,Carteira digital
O0002254,C02076,2025-09-27,Concluído,Marketplace,PIX
O0002255,C02076,2025-10-04,Concluído,Site,Cartão
O0002256,C02076,2025-10-17,Concluído,Site,PIX
O0002257,C04484,2025-06-21,Concluído,Site,PIX
O0002258,C04484,2025-02-08,Concluído,Site,Cartão
O0002259,C04484,2024-12-25,Concluído,Site,PIX
O0002260,C03643,2024-09-18,Concluído,Site,Boleto
O0002261,C03643,2024-12-16,Concluído,Site,Cartão
O0002262,C03643,2023-10-25,Concluído,Site,Carteira digital
O0002263,C01085,2024-12-18,Concluído,Site,Cartão
O0002264,C01085,2025-04-20,Concluído,Site,Carteira digital
O0002265,C01085,2024-03-02,Concluído,Site,PIX
O0002266,C04466,2025-02-20,Concluído,Marketplace,PIX
O0002267,C04920,2024-04-29,Concluído,Site,Boleto
O0002268,C04920,2024-02-29,Concluído,Site,Boleto
O0002269,C04920,2024-06-12,Concluído,Site,PIX
O0002270,C04920,2024-11-26,Concluído,Site,Carteira digital
O0002271,C04920,2023-10-17,Concluído,App,PIX
O0002272,C04920,2024-10-24,Concluído,App,Carteira digital
O0002273,C04920,2025-10-25,Concluído,App,PIX
O0002274,C04920,2023-12-23,Concluído,Site,Boleto
O0002275,C04920,2025-10-13,Concluído,Site,Cartão
O0002276,C04920,2025-12-20,Concluído,Site,Cartão
O0002277,C04920,2025-12-21,Concluído,Site,Carteira digital
O0002278,C04920,2023-10-07,Concluído,App,Cartão
O0002279,C04920,2025-10-02,Concluído,Site,Cartão
O0002280,C04920,2024-05-03,Concluído,App,Cartão
O0002281,C04920,2024-05-14,Concluído,App,Carteira digital
O0002282,C04920,2024-03-11,Concluído,Marketplace,PIX
O0002283,C04920,2025-12-05,Concluído,Site,Boleto
O0002284,C04920,2025-09-15,Concluído,Site,PIX
O0002285,C00530,2024-12-25,Concluído,Site,Carteira digital
O0002286,C00530,2024-12-29,Concluído,Site,Cartão
O0002287,C00530,2025-05-23,Concluído,Marketplace,Cartão
O0002288,C03280,2025-12-16,Concluído,Site,PIX
O0002289,C00408,2023-02-10,Concluído,App,Cartão
O0002290,C00408,2025-02-14,Concluído,Marketplace,Boleto
O0002291,C04851,2025-11-04,Concluído,Site,Cartão
O0002292,C00065,2025-11-12,Concluído,App,PIX
O0002293,C02098,2025-01-19,Concluído,App,Cartão
O0002294,C02075,2025-12-22,Cancelado,App,Cartão
O0002295,C02075,2025-12-14,Concluído,App,Cartão
O0002296,C02075,2025-12-21,Concluído,Site,PIX
O0002297,C02075,2025-12-05,Concluído,Marketplace,PIX
O0002298,C02075,2025-12-30,Concluído,App,PIX
O0002299,C03847,2024-11-15,Concluído,App,Cartão
O0002300,C00317,2023-01-07,Concluído,App,PIX
O0002301,C00317,2023-12-07,Concluído,Site,PIX
O0002302,C01310,2024-12-07,Cancelado,App,Boleto
O0002303,C01310,2024-10-02,Concluído,Site,PIX
O0002304,C01310,2025-06-07,Concluído,Site,Cartão
O0002305,C01310,2025-06-18,Concluído,Site,PIX
O0002306,C01310,2024-09-07,Concluído,Marketplace,Cartão
O0002307,C01310,2024-12-26,Concluído,Site,Cartão
O0002308,C01310,2025-01-06,Concluído,App,Cartão
O0002309,C01310,2024-12-23,Concluído,Site,Cartão
O0002310,C01310,2024-11-02,Concluído,Site,Cartão
O0002311,C01310,2024-11-20,Concluído,Site,Carteira digital
O0002312,C02213,2025-08-09,Concluído,App,PIX
O0002313,C01788,2024-04-04,Concluído,App,Carteira digital
O0002314,C01788,2024-01-19,Concluído,App,PIX
O0002315,C01788,2024-08-01,Concluído,Marketplace,Boleto
O0002316,C00752,2024-10-18,Concluído,Site,Cartão
O0002317,C00752,2025-02-13,Concluído,Site,Carteira digital
O0002318,C00752,2024-02-09,Concluído,Site,Carteira digital
O0002319,C00752,2025-01-31,Concluído,App,Carteira digital
O0002320,C00752,2023-11-25,Concluído,Marketplace,Cartão
O0002321,C00788,2025-09-24,Concluído,App,PIX
O0002322,C00788,2025-01-15,Concluído,Marketplace,Cartão
O0002323,C03030,2025-11-23,Concluído,Site,Cartão
O0002324,C03030,2024-12-27,Concluído,App,Cartão
O0002325,C03030,2024-06-21,Concluído,Site,Cartão
O0002326,C02350,2025-08-15,Concluído,App,Cartão
O0002327,C02676,2024-03-13,Concluído,Site,PIX
O0002328,C02676,2025-09-01,Concluído,Site,Carteira digital
O0002329,C00383,2023-07-24,Concluído,Site,Boleto
O0002330,C00383,2024-06-13,Concluído,Site,Cartão
O0002331,C00383,2025-06-20,Concluído,App,PIX
O0002332,C02846,2023-12-10,Concluído,App,Carteira digital
O0002333,C03578,2025-08-05,Concluído,Site,Boleto
O0002334,C04513,2025-02-05,Concluído,Site,Cartão
O0002335,C04513,2023-08-11,Concluído,Site,PIX
O0002336,C04513,2024-08-13,Concluído,App,Cartão
O0002337,C04513,2025-06-24,Concluído,Site,Cartão
O0002338,C04513,2023-04-28,Concluído,App,PIX
O0002339,C04373,2025-05-26,Concluído,Site,Cartão
O0002340,C04373,2025-09-01,Concluído,Site,Cartão
O0002341,C04373,2024-03-14,Concluído,App,Cartão
O0002342,C04373,2025-11-09,Concluído,Site,Cartão
O0002343,C01265,2025-01-06,Concluído,App,Cartão
O0002344,C03518,2025-01-27,Concluído,Marketplace,Carteira digital
O0002345,C03518,2023-07-30,Concluído,Site,Cartão
O0002346,C03518,2025-06-18,Concluído,App,Cartão
O0002347,C03518,2025-04-27,Concluído,Site,PIX
O0002348,C03518,2023-12-25,Concluído,Site,Cartão
O0002349,C03518,2024-06-01,Concluído,Site,Cartão
O0002350,C00688,2025-08-04,Concluído,Site,Carteira digital
O0002351,C00737,2023-08-31,Concluído,App,Cartão
O0002352,C00737,2024-06-17,Concluído,Marketplace,PIX
O0002353,C00737,2024-10-24,Concluído,Site,Cartão
O0002354,C00737,2024-04-29,Concluído,App,PIX
O0002355,C00737,2025-06-13,Concluído,Site,Cartão
O0002356,C03063,2024-04-26,Concluído,App,Cartão
O0002357,C03063,2023-10-27,Concluído,Marketplace,Cartão
O0002358,C03526,2025-09-23,Concluído,Site,PIX
O0002359,C03526,2025-11-27,Concluído,App,PIX
O0002360,C00791,2024-04-30,Concluído,Marketplace,Cartão
O0002361,C00791,2024-01-20,Concluído,App,Cartão
O0002362,C00791,2023-10-05,Concluído,Site,Cartão
O0002363,C00791,2024-09-22,Concluído,App,PIX
O0002364,C00791,2024-03-23,Concluído,Site,Boleto
O0002365,C00791,2025-06-22,Concluído,App,Cartão
O0002366,C00791,2023-09-09,Concluído,Site,PIX
O0002367,C00791,2024-10-08,Concluído,Marketplace,Cartão
O0002368,C00791,2025-04-17,Concluído,Site,Cartão
O0002369,C00791,2024-07-20,Concluído,App,Cartão
O0002370,C00791,2024-08-04,Concluído,Site,Cartão
O0002371,C00791,2025-10-10,Concluído,App,Cartão
O0002372,C00791,2025-06-27,Concluído,App,Carteira digital
O0002373,C00791,2024-09-17,Concluído,Site,Cartão
O0002374,C00791,2024-05-30,Concluído,Marketplace,Cartão
O0002375,C00791,2023-11-19,Concluído,App,Carteira digital
O0002376,C00791,2023-12-28,Cancelado,App,Cartão
O0002377,C00791,2025-12-13,Concluído,App,Boleto
O0002378,C00791,2025-01-23,Concluído,App,PIX
O0002379,C03858,2024-06-07,Concluído,Site,PIX
O0002380,C04406,2024-08-24,Concluído,Site,Carteira digital
O0002381,C04406,2023-07-24,Concluído,App,Cartão
O0002382,C03864,2025-09-26,Concluído,App,Cartão
O0002383,C03864,2025-11-23,Concluído,Site,Cartão
O0002384,C02431,2025-06-30,Concluído,Site,Cartão
O0002385,C02431,2025-06-29,Concluído,Site,PIX
O0002386,C02431,2025-06-25,Concluído,Site,Cartão
O0002387,C03753,2025-08-26,Concluído,Site,PIX
O0002388,C04697,2025-12-07,Concluído,Site,Cartão
O0002389,C03428,2025-10-09,Concluído,Site,PIX
O0002390,C03428,2025-03-20,Concluído,Site,PIX
O0002391,C03428,2025-11-25,Concluído,App,Carteira digital
O0002392,C03428,2025-12-27,Concluído,Site,Carteira digital
O0002393,C01456,2024-12-17,Concluído,App,PIX
O0002394,C01456,2024-01-07,Concluído,App,Cartão
O0002395,C01456,2023-10-15,Devolvido,Site,Cartão
O0002396,C01456,2025-03-24,Concluído,Site,Cartão
O0002397,C01456,2025-02-10,Concluído,App,Cartão
O0002398,C01456,2024-09-28,Concluído,App,PIX
O0002399,C01456,2025-01-12,Concluído,Site,Cartão
O0002400,C01456,2024-07-25,Concluído,Site,Cartão
O0002401,C01456,2024-12-26,Concluído,Marketplace,Cartão
O0002402,C01456,2025-01-17,Concluído,Site,PIX
O0002403,C01456,2024-12-21,Concluído,Site,Cartão
O0002404,C01456,2023-10-25,Concluído,App,Cartão
O0002405,C01456,2025-03-25,Concluído,Site,Carteira digital
O0002406,C01456,2025-01-21,Concluído,Site,PIX
O0002407,C01456,2025-01-21,Concluído,Marketplace,PIX
O0002408,C01456,2024-11-18,Concluído,Site,Carteira digital
O0002409,C02795,2025-08-20,Concluído,Marketplace,Cartão
O0002410,C02795,2025-07-31,Concluído,Site,PIX
O0002411,C02235,2025-04-08,Concluído,Marketplace,Boleto
O0002412,C02235,2025-07-29,Concluído,App,PIX
O0002413,C04165,2024-03-10,Concluído,Site,Cartão
O0002414,C01510,2023-09-10,Concluído,Site,Cartão
O0002415,C01510,2024-12-23,Concluído,Site,PIX
O0002416,C04479,2024-12-20,Concluído,Site,PIX
O0002417,C04479,2025-09-27,Cancelado,App,Boleto
O0002418,C02580,2025-10-09,Concluído,Site,Cartão
O0002419,C02580,2025-06-14,Concluído,Site,PIX
O0002420,C02580,2025-08-16,Concluído,Marketplace,PIX
O0002421,C02580,2025-05-15,Concluído,Marketplace,Cartão
O0002422,C02576,2025-07-18,Concluído,App,PIX
O0002423,C02576,2025-09-18,Concluído,App,Cartão
O0002424,C02576,2025-04-08,Concluído,App,Cartão
O0002425,C02576,2025-03-20,Concluído,Site,Cartão
O0002426,C00416,2025-12-11,Concluído,Marketplace,PIX
O0002427,C00416,2025-07-05,Concluído,Site,PIX
O0002428,C00416,2025-05-29,Concluído,Marketplace,PIX
O0002429,C00416,2025-10-21,Concluído,Site,Cartão
O0002430,C00416,2025-11-22,Concluído,Site,Cartão
O0002431,C03509,2025-12-27,Concluído,App,Cartão
O0002432,C03509,2025-12-06,Concluído,Site,Cartão
O0002433,C03509,2025-12-19,Concluído,Marketplace,Cartão
O0002434,C04108,2025-10-07,Concluído,App,Cartão
O0002435,C04108,2025-12-16,Concluído,App,Cartão
O0002436,C04921,2023-01-25,Concluído,Site,Cartão
O0002437,C04921,2025-04-09,Concluído,Marketplace,Boleto
O0002438,C02405,2025-12-02,Concluído,App,Cartão
O0002439,C02405,2025-12-26,Concluído,Marketplace,Carteira digital
O0002440,C02405,2025-09-14,Concluído,Site,Cartão
O0002441,C02405,2025-07-18,Concluído,Site,Boleto
O0002442,C02405,2025-05-21,Concluído,Site,PIX
O0002443,C02405,2025-06-18,Concluído,App,Cartão
O0002444,C02405,2025-06-10,Concluído,Marketplace,Cartão
O0002445,C02405,2025-08-14,Concluído,Site,PIX
O0002446,C02405,2025-11-15,Concluído,App,Cartão
O0002447,C02405,2025-08-05,Concluído,Site,Cartão
O0002448,C00990,2024-05-31,Cancelado,App,PIX
O0002449,C02587,2025-02-19,Concluído,Marketplace,Cartão
O0002450,C02587,2025-12-24,Concluído,Site,PIX
O0002451,C04019,2024-07-29,Concluído,App,Carteira digital
O0002452,C04019,2025-08-16,Concluído,App,Carteira digital
O0002453,C04019,2024-07-29,Concluído,App,Carteira digital
O0002454,C04019,2024-09-26,Concluído,Marketplace,Carteira digital
O0002455,C04019,2025-12-12,Concluído,Marketplace,PIX
O0002456,C04019,2024-07-18,Concluído,Site,Cartão
O0002457,C04019,2025-07-04,Concluído,App,Cartão
O0002458,C04019,2024-09-03,Concluído,Marketplace,Carteira digital
O0002459,C04019,2024-08-05,Concluído,Marketplace,Cartão
O0002460,C04019,2024-12-04,Concluído,Site,PIX
O0002461,C04019,2024-12-19,Concluído,Site,PIX
O0002462,C04019,2025-12-07,Concluído,Site,PIX
O0002463,C04019,2024-09-09,Concluído,Site,Boleto
O0002464,C04019,2025-09-06,Concluído,App,PIX
O0002465,C00038,2025-03-06,Concluído,Marketplace,Boleto
O0002466,C00038,2025-02-28,Concluído,Site,Cartão
O0002467,C00038,2025-05-16,Concluído,Site,Carteira digital
O0002468,C00038,2025-04-05,Concluído,Site,Cartão
O0002469,C00038,2025-04-06,Concluído,App,PIX
O0002470,C00038,2025-03-20,Concluído,Site,Cartão
O0002471,C04835,2023-08-17,Concluído,Marketplace,Carteira digital
O0002472,C04835,2023-05-20,Concluído,Site,Carteira digital
O0002473,C04835,2023-06-17,Concluído,Site,PIX
O0002474,C02313,2025-06-22,Concluído,App,Boleto
O0002475,C02313,2024-12-31,Concluído,App,Cartão
O0002476,C01781,2024-09-23,Cancelado,App,Carteira digital
O0002477,C02831,2025-02-24,Concluído,App,Cartão
O0002478,C00519,2023-08-29,Concluído,App,Cartão
O0002479,C00519,2025-02-09,Concluído,App,PIX
O0002480,C00519,2023-07-23,Concluído,Site,PIX
O0002481,C00519,2023-06-27,Concluído,App,PIX
O0002482,C00519,2023-04-02,Concluído,Site,PIX
O0002483,C00519,2024-05-01,Concluído,Marketplace,Cartão
O0002484,C00519,2023-01-24,Concluído,App,Boleto
O0002485,C00519,2023-05-18,Concluído,Site,Carteira digital
O0002486,C00519,2023-06-18,Concluído,Site,Boleto
O0002487,C00519,2024-12-12,Concluído,Site,Cartão
O0002488,C00519,2023-08-09,Concluído,App,Cartão
O0002489,C00519,2023-09-29,Concluído,App,Cartão
O0002490,C00519,2024-10-03,Concluído,App,Carteira digital
O0002491,C00519,2024-05-24,Concluído,Marketplace,PIX
O0002492,C00519,2023-02-06,Concluído,App,Cartão
O0002493,C00519,2024-03-04,Concluído,Site,Cartão
O0002494,C00519,2025-03-05,Concluído,App,Carteira digital
O0002495,C00519,2023-06-25,Concluído,Site,Carteira digital
O0002496,C01906,2023-02-23,Concluído,Site,PIX
O0002497,C01906,2024-03-24,Concluído,Site,PIX
O0002498,C01906,2025-08-27,Concluído,App,Cartão
O0002499,C01906,2023-02-11,Cancelado,Marketplace,Cartão
O0002500,C01906,2023-03-18,Concluído,Site,PIX
O0002501,C01906,2023-02-09,Concluído,Site,Cartão
O0002502,C01906,2024-04-15,Concluído,App,Cartão
O0002503,C03429,2023-11-15,Concluído,App,Cartão
O0002504,C03186,2025-01-28,Concluído,Site,PIX
O0002505,C03035,2025-10-13,Concluído,Site,Cartão
O0002506,C03035,2024-03-06,Concluído,Site,Cartão
O0002507,C03035,2025-12-20,Concluído,App,Cartão
O0002508,C03035,2024-10-22,Concluído,Site,Carteira digital
O0002509,C03035,2024-08-29,Concluído,App,Cartão
O0002510,C03035,2024-04-15,Concluído,App,Cartão
O0002511,C03035,2024-06-27,Concluído,Site,Cartão
O0002512,C03035,2024-08-16,Concluído,App,Carteira digital
O0002513,C03035,2025-02-10,Concluído,Marketplace,PIX
O0002514,C03035,2024-02-05,Concluído,App,Cartão
O0002515,C03035,2025-04-18,Concluído,Site,Cartão
O0002516,C03035,2025-09-13,Cancelado,App,Carteira digital
O0002517,C03035,2024-02-06,Devolvido,Site,PIX
O0002518,C01199,2025-09-03,Concluído,Marketplace,Boleto
O0002519,C00957,2025-10-03,Concluído,Site,Cartão
O0002520,C00957,2025-09-20,Concluído,Site,Carteira digital
O0002521,C01843,2025-05-10,Concluído,Site,Carteira digital
O0002522,C01843,2025-10-07,Concluído,App,Cartão
O0002523,C01843,2025-10-22,Cancelado,App,Cartão
O0002524,C01843,2025-03-26,Concluído,Site,Cartão
O0002525,C01843,2025-03-03,Concluído,App,Cartão
O0002526,C01843,2025-09-19,Concluído,Site,Cartão
O0002527,C01843,2025-07-28,Concluído,Site,PIX
O0002528,C01843,2025-09-04,Concluído,Marketplace,Cartão
O0002529,C01843,2025-08-23,Concluído,Site,PIX
O0002530,C01843,2025-06-02,Concluído,Site,Boleto
O0002531,C02733,2023-08-14,Concluído,App,Cartão
O0002532,C02733,2024-09-23,Concluído,Marketplace,PIX
O0002533,C02733,2025-02-07,Concluído,Site,Cartão
O0002534,C02733,2025-04-03,Concluído,Site,PIX
O0002535,C02733,2024-06-28,Concluído,App,Cartão
O0002536,C04140,2023-10-19,Concluído,App,PIX
O0002537,C03657,2025-03-22,Concluído,Site,PIX
O0002538,C03657,2024-11-16,Concluído,App,Cartão
O0002539,C03657,2025-01-19,Concluído,Site,PIX
O0002540,C04018,2024-11-13,Concluído,Site,Carteira digital
O0002541,C04018,2025-12-27,Concluído,Site,PIX
O0002542,C03066,2025-04-16,Concluído,Marketplace,Cartão
O0002543,C03066,2024-03-31,Concluído,Site,Cartão
O0002544,C03066,2024-04-18,Devolvido,App,Carteira digital
O0002545,C04992,2025-06-14,Concluído,App,Carteira digital
O0002546,C00732,2025-11-07,Concluído,Site,Cartão
O0002547,C00732,2025-07-26,Concluído,Site,Cartão
O0002548,C00732,2025-11-23,Concluído,App,Cartão
O0002549,C04610,2025-02-11,Concluído,App,Cartão
O0002550,C04610,2024-02-10,Concluído,Site,Cartão
O0002551,C04610,2023-10-23,Concluído,Site,Carteira digital
O0002552,C04610,2023-07-07,Concluído,Marketplace,PIX
O0002553,C04610,2025-05-07,Concluído,Site,Carteira digital
O0002554,C04610,2025-09-10,Concluído,Site,Carteira digital
O0002555,C03790,2024-11-09,Concluído,Site,Cartão
O0002556,C02847,2025-07-25,Concluído,Site,PIX
O0002557,C02400,2025-12-29,Concluído,Site,Cartão
O0002558,C02400,2025-11-12,Concluído,App,Cartão
O0002559,C02400,2025-11-23,Concluído,Marketplace,Cartão
O0002560,C03895,2025-04-29,Concluído,App,Cartão
O0002561,C03493,2024-09-19,Concluído,Site,Carteira digital
O0002562,C03493,2025-06-11,Concluído,Marketplace,Cartão
O0002563,C03493,2023-07-25,Concluído,App,Cartão
O0002564,C03493,2025-01-18,Concluído,App,Cartão
O0002565,C02700,2024-10-21,Concluído,App,Cartão
O0002566,C00713,2024-12-09,Concluído,App,Cartão
O0002567,C00713,2024-08-26,Concluído,App,PIX
O0002568,C03082,2025-06-27,Concluído,Site,Cartão
O0002569,C02375,2025-06-19,Concluído,App,PIX
O0002570,C02375,2024-08-06,Concluído,Marketplace,Carteira digital
O0002571,C03401,2024-12-09,Concluído,Site,Boleto
O0002572,C02345,2025-08-25,Concluído,App,Carteira digital
O0002573,C02333,2025-12-29,Concluído,App,Carteira digital
O0002574,C02141,2024-05-01,Concluído,Site,Cartão
O0002575,C02141,2024-07-06,Concluído,Marketplace,Carteira digital
O0002576,C02141,2025-04-23,Concluído,App,Cartão
O0002577,C02141,2023-10-30,Concluído,Site,Carteira digital
O0002578,C02141,2025-12-30,Concluído,App,PIX
O0002579,C02141,2025-07-22,Concluído,Site,Cartão
O0002580,C01210,2024-05-20,Devolvido,Site,Cartão
O0002581,C01210,2024-12-03,Concluído,Site,Boleto
O0002582,C01210,2025-06-11,Concluído,Site,PIX
O0002583,C04574,2025-12-11,Concluído,Site,Cartão
O0002584,C04574,2025-10-21,Concluído,Site,PIX
O0002585,C00308,2025-06-20,Concluído,Site,PIX
O0002586,C00308,2025-01-31,Concluído,Site,Carteira digital
O0002587,C00308,2024-08-11,Concluído,Site,Cartão
O0002588,C00308,2024-01-13,Concluído,App,PIX
O0002589,C00308,2025-02-24,Concluído,Site,Carteira digital
O0002590,C00308,2025-01-16,Concluído,App,Cartão
O0002591,C00308,2025-04-20,Concluído,Site,PIX
O0002592,C00308,2024-06-21,Concluído,Site,PIX
O0002593,C00308,2024-04-12,Concluído,Site,Cartão
O0002594,C00308,2024-07-27,Concluído,App,Cartão
O0002595,C00308,2025-02-28,Concluído,App,PIX
O0002596,C00308,2025-03-22,Concluído,Site,Boleto
O0002597,C00308,2024-10-31,Concluído,Site,Cartão
O0002598,C00308,2025-06-02,Concluído,Site,Cartão
O0002599,C00308,2024-06-21,Concluído,Site,Carteira digital
O0002600,C00308,2023-12-13,Cancelado,App,Cartão
O0002601,C00308,2025-04-01,Concluído,Site,Carteira digital
O0002602,C00308,2025-06-10,Concluído,Site,PIX
O0002603,C00308,2024-09-25,Concluído,Site,Carteira digital
O0002604,C01687,2025-05-19,Concluído,App,Carteira digital
O0002605,C01687,2025-12-23,Concluído,Marketplace,PIX
O0002606,C01687,2025-10-06,Concluído,App,Boleto
O0002607,C01687,2025-12-22,Concluído,Site,Carteira digital
O0002608,C01687,2025-03-08,Concluído,Site,Cartão
O0002609,C01687,2025-12-03,Concluído,Marketplace,PIX
O0002610,C01732,2023-01-24,Concluído,App,Cartão
O0002611,C01732,2025-08-10,Concluído,App,PIX
O0002612,C01732,2024-12-10,Concluído,Marketplace,Cartão
O0002613,C01732,2024-07-14,Concluído,Site,Cartão
O0002614,C00422,2025-05-19,Concluído,Marketplace,Cartão
O0002615,C00422,2025-01-18,Concluído,App,Carteira digital
O0002616,C04669,2025-06-25,Concluído,App,Boleto
O0002617,C04767,2024-10-19,Concluído,Site,Carteira digital
O0002618,C04767,2025-01-02,Concluído,App,Cartão
O0002619,C04767,2025-08-01,Concluído,Site,Cartão
O0002620,C04767,2024-03-20,Concluído,App,Cartão
O0002621,C02413,2025-04-19,Concluído,Site,Carteira digital
O0002622,C02413,2025-06-30,Concluído,Site,PIX
O0002623,C02413,2025-04-24,Concluído,App,Cartão
O0002624,C02413,2025-11-23,Concluído,App,PIX
O0002625,C02332,2025-08-02,Concluído,Site,Cartão
O0002626,C02332,2025-08-06,Concluído,Site,Cartão
O0002627,C02332,2025-08-25,Concluído,Marketplace,Carteira digital
O0002628,C02332,2024-12-10,Concluído,Marketplace,Cartão
O0002629,C04434,2023-04-17,Devolvido,Site,PIX
O0002630,C04029,2023-10-05,Concluído,Site,Carteira digital
O0002631,C04029,2025-11-05,Concluído,Marketplace,Cartão
O0002632,C02244,2025-12-31,Concluído,App,Boleto
O0002633,C02244,2025-06-15,Concluído,Marketplace,Cartão
O0002634,C02244,2025-08-13,Concluído,Site,Carteira digital
O0002635,C03060,2025-12-28,Cancelado,App,Carteira digital
O0002636,C03060,2025-07-07,Concluído,Site,Cartão
O0002637,C04265,2024-07-01,Concluído,Marketplace,PIX
O0002638,C02337,2024-08-06,Concluído,Marketplace,Cartão
O0002639,C02337,2023-10-07,Concluído,App,PIX
O0002640,C02453,2024-04-08,Concluído,App,Cartão
O0002641,C02453,2024-07-10,Concluído,Marketplace,Boleto
O0002642,C02778,2025-08-11,Concluído,App,PIX
O0002643,C02778,2025-12-06,Concluído,Site,Cartão
O0002644,C02778,2025-10-14,Concluído,App,PIX
O0002645,C02778,2025-06-27,Concluído,Site,PIX
O0002646,C02778,2025-06-05,Concluído,Site,Cartão
O0002647,C03808,2024-06-24,Concluído,App,Cartão
O0002648,C03808,2024-11-07,Concluído,Site,Cartão
O0002649,C03808,2025-01-27,Concluído,Marketplace,Cartão
O0002650,C02957,2025-10-04,Concluído,App,Cartão
O0002651,C02957,2025-10-07,Concluído,Site,Cartão
O0002652,C02673,2025-09-13,Concluído,Marketplace,PIX
O0002653,C02673,2024-11-15,Concluído,App,PIX
O0002654,C02673,2024-02-14,Concluído,App,PIX
O0002655,C04665,2025-12-30,Concluído,Marketplace,PIX
O0002656,C04665,2025-12-29,Concluído,Site,Carteira digital
O0002657,C04665,2025-12-29,Concluído,App,Carteira digital
O0002658,C04665,2025-12-29,Concluído,Site,Boleto
O0002659,C03551,2024-09-04,Concluído,Site,Cartão
O0002660,C03551,2023-06-01,Concluído,Marketplace,PIX
O0002661,C01657,2024-08-24,Concluído,Site,Boleto
O0002662,C00451,2023-12-30,Concluído,Marketplace,PIX
O0002663,C00529,2025-12-27,Concluído,Site,PIX
O0002664,C00529,2025-12-23,Concluído,Site,Cartão
O0002665,C00529,2025-12-14,Concluído,App,Cartão
O0002666,C02409,2025-12-24,Concluído,Site,Cartão
O0002667,C02409,2025-12-11,Cancelado,App,Cartão
O0002668,C03619,2024-10-21,Concluído,Site,Cartão
O0002669,C03619,2025-02-26,Concluído,Site,Cartão
O0002670,C03619,2025-02-07,Concluído,Site,Carteira digital
O0002671,C03416,2024-08-09,Concluído,Site,Cartão
O0002672,C03416,2024-02-04,Concluído,Site,Cartão
O0002673,C01076,2025-12-27,Concluído,App,Cartão
O0002674,C01591,2025-03-22,Concluído,Site,Carteira digital
O0002675,C01591,2024-03-02,Concluído,Marketplace,PIX
O0002676,C01591,2023-05-03,Concluído,Site,Cartão
O0002677,C01591,2023-06-24,Concluído,Marketplace,PIX
O0002678,C01591,2023-12-08,Concluído,Site,PIX
O0002679,C03863,2025-10-05,Concluído,Marketplace,Cartão
O0002680,C03863,2025-12-19,Concluído,App,Cartão
O0002681,C03409,2024-12-28,Concluído,App,Cartão
O0002682,C01106,2024-04-02,Concluído,Site,PIX
O0002683,C01423,2025-05-07,Concluído,Marketplace,PIX
O0002684,C01423,2025-02-09,Concluído,Site,PIX
O0002685,C01423,2025-12-16,Concluído,App,Cartão
O0002686,C01514,2025-07-28,Concluído,App,Boleto
O0002687,C01514,2025-07-08,Concluído,Site,PIX
O0002688,C01514,2024-12-05,Cancelado,Site,Cartão
O0002689,C01514,2025-10-08,Concluído,App,Cartão
O0002690,C01041,2025-05-03,Concluído,Marketplace,PIX
O0002691,C01041,2025-02-13,Concluído,Site,PIX
O0002692,C03096,2024-09-11,Concluído,Site,PIX
O0002693,C03191,2024-10-10,Concluído,App,Boleto
O0002694,C03191,2025-02-06,Concluído,App,Cartão
O0002695,C00161,2025-07-17,Concluído,Site,Cartão
O0002696,C00161,2025-11-03,Concluído,App,PIX
O0002697,C00490,2024-06-14,Concluído,Marketplace,Cartão
O0002698,C04498,2024-11-23,Concluído,App,Cartão
O0002699,C04498,2025-09-01,Concluído,Marketplace,Carteira digital
O0002700,C04498,2025-09-27,Concluído,Marketplace,Cartão
O0002701,C04498,2025-02-17,Concluído,Site,Cartão
O0002702,C04498,2025-07-22,Concluído,Site,PIX
O0002703,C04498,2024-12-24,Concluído,Site,Cartão
O0002704,C04498,2025-02-02,Concluído,Site,Cartão
O0002705,C01862,2024-09-18,Concluído,Site,Carteira digital
O0002706,C02615,2025-08-23,Concluído,Site,Cartão
O0002707,C03157,2025-12-19,Concluído,Site,Cartão
O0002708,C03157,2025-08-13,Concluído,Site,Cartão
O0002709,C03157,2025-12-29,Concluído,App,Cartão
O0002710,C04144,2025-06-10,Concluído,Site,Cartão
O0002711,C00864,2025-03-02,Concluído,Site,Cartão
O0002712,C00864,2024-03-29,Concluído,Marketplace,Cartão
O0002713,C00864,2025-11-09,Concluído,Marketplace,Cartão
O0002714,C02813,2025-12-10,Concluído,Site,Cartão
O0002715,C02813,2024-09-22,Concluído,Site,PIX
O0002716,C04040,2025-08-25,Concluído,App,Cartão
O0002717,C04040,2025-01-02,Concluído,Site,Cartão
O0002718,C02218,2025-04-10,Concluído,Site,PIX
O0002719,C03309,2023-11-24,Concluído,Site,Cartão
O0002720,C03309,2023-08-07,Concluído,Site,Boleto
O0002721,C00186,2025-06-08,Concluído,Site,PIX
O0002722,C00186,2025-01-27,Concluído,Site,Cartão
O0002723,C00186,2025-10-30,Concluído,Marketplace,Carteira digital
O0002724,C00186,2025-02-27,Concluído,Site,Cartão
O0002725,C00186,2025-04-04,Concluído,Marketplace,Cartão
O0002726,C00186,2024-11-23,Concluído,Site,Cartão
O0002727,C00778,2025-03-20,Concluído,Site,Cartão
O0002728,C00778,2025-07-10,Concluído,Site,Cartão
O0002729,C00778,2025-11-02,Concluído,Site,Cartão
O0002730,C03432,2025-09-13,Concluído,App,PIX
O0002731,C03432,2025-09-03,Concluído,Site,PIX
O0002732,C03432,2025-11-29,Concluído,Site,Cartão
O0002733,C03432,2025-11-04,Concluído,Marketplace,PIX
O0002734,C03432,2025-09-12,Concluído,App,Cartão
O0002735,C03432,2025-10-30,Concluído,Site,Carteira digital
O0002736,C03432,2025-11-06,Concluído,Site,Cartão
O0002737,C03432,2025-12-06,Concluído,Marketplace,Cartão
O0002738,C03432,2025-10-16,Concluído,Site,Cartão
O0002739,C03432,2025-12-11,Concluído,Site,PIX
O0002740,C03432,2025-09-18,Concluído,Site,Cartão
O0002741,C03432,2025-10-17,Concluído,Site,Carteira digital
O0002742,C03432,2025-11-25,Concluído,Site,Cartão
O0002743,C03432,2025-10-18,Concluído,App,Cartão
O0002744,C03432,2025-12-29,Concluído,App,PIX
O0002745,C03432,2025-10-11,Concluído,Site,Cartão
O0002746,C03432,2025-10-19,Concluído,Marketplace,Cartão
O0002747,C03432,2025-09-19,Concluído,Site,Carteira digital
O0002748,C02085,2025-12-18,Concluído,App,Boleto
O0002749,C02085,2025-10-31,Concluído,App,Cartão
O0002750,C02085,2025-10-01,Concluído,Site,Cartão
O0002751,C01092,2025-06-09,Concluído,App,PIX
O0002752,C01092,2024-05-13,Concluído,Marketplace,Cartão
O0002753,C01092,2025-11-02,Concluído,App,Carteira digital
O0002754,C01092,2025-06-23,Concluído,Site,Cartão
O0002755,C01092,2023-10-28,Concluído,Site,PIX
O0002756,C01092,2025-08-30,Concluído,App,Cartão
O0002757,C01092,2025-09-16,Concluído,Marketplace,Cartão
O0002758,C01092,2024-12-12,Concluído,App,PIX
O0002759,C01092,2024-04-01,Concluído,App,Carteira digital
O0002760,C01092,2025-02-01,Concluído,Site,Cartão
O0002761,C01092,2024-10-27,Concluído,Site,Cartão
O0002762,C00500,2024-05-16,Concluído,Marketplace,Cartão
O0002763,C00500,2024-05-12,Concluído,Site,Carteira digital
O0002764,C00500,2025-09-29,Concluído,App,Boleto
O0002765,C00500,2024-05-03,Concluído,Marketplace,PIX
O0002766,C00500,2024-10-06,Concluído,Marketplace,Cartão
O0002767,C01490,2025-01-04,Concluído,Site,Carteira digital
O0002768,C01490,2024-09-12,Concluído,Site,Cartão
O0002769,C01490,2024-09-16,Concluído,Site,Cartão
O0002770,C01490,2025-06-09,Concluído,Site,Boleto
O0002771,C01490,2025-12-25,Concluído,Site,Cartão
O0002772,C02216,2025-10-12,Concluído,Site,PIX
O0002773,C03091,2025-11-23,Concluído,App,Cartão
O0002774,C03091,2025-11-28,Concluído,App,PIX
O0002775,C01454,2024-02-01,Concluído,Site,PIX
O0002776,C01454,2025-01-05,Concluído,Marketplace,Cartão
O0002777,C00029,2024-12-28,Concluído,Site,Cartão
O0002778,C00931,2025-09-23,Concluído,Site,PIX
O0002779,C00931,2025-09-27,Concluído,Site,PIX
O0002780,C00931,2025-08-22,Concluído,Site,Cartão
O0002781,C00243,2024-05-14,Concluído,App,Carteira digital
O0002782,C04975,2025-10-28,Concluído,Site,Carteira digital
O0002783,C04658,2025-07-09,Concluído,Marketplace,Carteira digital
O0002784,C04658,2023-09-29,Concluído,Site,PIX
O0002785,C04658,2023-12-06,Concluído,Site,Cartão
O0002786,C04658,2025-07-07,Concluído,Site,Boleto
O0002787,C04658,2025-11-08,Concluído,Site,PIX
O0002788,C03150,2025-04-18,Concluído,Site,Carteira digital
O0002789,C03150,2025-10-05,Concluído,Site,Boleto
O0002790,C03150,2025-08-25,Concluído,Site,Carteira digital
O0002791,C03150,2025-06-19,Concluído,Site,Cartão
O0002792,C03150,2025-05-23,Concluído,Site,PIX
O0002793,C03150,2025-08-26,Concluído,Site,Cartão
O0002794,C03150,2025-12-18,Concluído,Site,PIX
O0002795,C01460,2024-06-10,Concluído,Site,PIX
O0002796,C01460,2025-03-14,Concluído,Site,Cartão
O0002797,C00211,2025-02-09,Concluído,App,Cartão
O0002798,C00211,2025-09-27,Concluído,Site,Cartão
O0002799,C00211,2025-07-09,Concluído,Site,Cartão
O0002800,C00211,2025-05-12,Concluído,App,PIX
O0002801,C00211,2025-08-09,Concluído,App,PIX
O0002802,C00211,2025-09-23,Concluído,Site,Cartão
O0002803,C00211,2025-12-29,Concluído,Marketplace,PIX
O0002804,C00211,2025-03-30,Concluído,Site,PIX
O0002805,C00211,2025-12-12,Concluído,Site,Cartão
O0002806,C00211,2025-02-26,Concluído,Site,Carteira digital
O0002807,C00211,2025-11-07,Concluído,App,Cartão
O0002808,C00211,2024-08-26,Concluído,Site,Carteira digital
O0002809,C00211,2025-01-03,Concluído,Site,PIX
O0002810,C00211,2024-05-15,Concluído,Site,Cartão
O0002811,C00211,2025-10-12,Concluído,Site,Cartão
O0002812,C00211,2024-08-16,Concluído,App,Carteira digital
O0002813,C00211,2024-05-05,Concluído,App,Cartão
O0002814,C00211,2025-01-09,Concluído,Site,Cartão
O0002815,C00211,2024-08-05,Concluído,Site,Cartão
O0002816,C04702,2025-12-15,Concluído,Marketplace,Cartão
O0002817,C04702,2025-12-23,Concluído,Marketplace,Cartão
O0002818,C04702,2025-12-22,Concluído,Site,Boleto
O0002819,C02418,2025-09-22,Concluído,Site,Cartão
O0002820,C02418,2025-04-06,Concluído,Site,Cartão
O0002821,C01762,2025-04-09,Concluído,Site,Cartão
O0002822,C01762,2025-09-26,Concluído,Site,Cartão
O0002823,C00814,2024-03-27,Concluído,Site,Cartão
O0002824,C02162,2025-01-10,Concluído,Site,Cartão
O0002825,C02162,2025-03-05,Concluído,Site,Cartão
O0002826,C02162,2025-06-06,Concluído,Site,Cartão
O0002827,C02162,2025-01-18,Concluído,Marketplace,PIX
O0002828,C02162,2025-01-04,Concluído,App,Carteira digital
O0002829,C02162,2025-03-05,Concluído,Site,PIX
O0002830,C02162,2025-04-10,Concluído,App,Cartão
O0002831,C04345,2025-10-22,Concluído,Site,Carteira digital
O0002832,C02300,2024-09-16,Concluído,Site,Cartão
O0002833,C00974,2025-06-25,Concluído,Marketplace,Cartão
O0002834,C04069,2025-05-21,Concluído,App,PIX
O0002835,C04069,2024-02-29,Concluído,App,Cartão
O0002836,C04069,2024-10-26,Concluído,Site,Carteira digital
O0002837,C02867,2025-12-15,Concluído,Site,Cartão
O0002838,C02867,2025-12-13,Concluído,Site,Cartão
O0002839,C02867,2025-12-29,Concluído,App,Carteira digital
O0002840,C02867,2025-12-14,Concluído,Marketplace,Cartão
O0002841,C02867,2025-12-19,Concluído,Site,Cartão
O0002842,C02867,2025-11-28,Concluído,Site,PIX
O0002843,C03325,2025-08-15,Concluído,Marketplace,Boleto
O0002844,C03325,2025-12-07,Concluído,App,Carteira digital
O0002845,C03325,2025-04-17,Concluído,Site,PIX
O0002846,C00718,2025-09-20,Concluído,Site,PIX
O0002847,C01193,2025-07-17,Concluído,Site,PIX
O0002848,C01193,2025-12-16,Concluído,Marketplace,Carteira digital
O0002849,C01193,2025-01-02,Concluído,Site,Cartão
O0002850,C01193,2025-06-10,Concluído,Site,PIX
O0002851,C03454,2025-12-26,Concluído,App,Carteira digital
O0002852,C03454,2024-05-09,Concluído,Marketplace,Carteira digital
O0002853,C00938,2025-05-04,Concluído,Site,Cartão
O0002854,C00938,2025-07-29,Concluído,Site,Cartão
O0002855,C00938,2025-11-16,Concluído,Site,Boleto
O0002856,C00938,2024-07-22,Concluído,Site,Cartão
O0002857,C00938,2025-03-31,Concluído,Site,Carteira digital
O0002858,C03791,2024-02-02,Concluído,Site,Cartão
O0002859,C03791,2024-05-14,Concluído,Site,Cartão
O0002860,C03791,2024-01-23,Concluído,Marketplace,Cartão
O0002861,C03709,2024-08-28,Concluído,Site,PIX
O0002862,C01739,2025-05-27,Concluído,Site,Boleto
O0002863,C01739,2025-06-15,Cancelado,Site,Cartão
O0002864,C04617,2024-07-23,Concluído,Marketplace,Cartão
O0002865,C04962,2025-07-20,Concluído,Site,PIX
O0002866,C04812,2024-05-17,Concluído,App,Cartão
O0002867,C01120,2025-09-22,Concluído,Site,Boleto
O0002868,C01120,2025-11-02,Concluído,App,Carteira digital
O0002869,C01120,2025-10-10,Concluído,Marketplace,Cartão
O0002870,C03956,2024-06-16,Concluído,Site,PIX
O0002871,C03956,2023-04-10,Concluído,Site,Carteira digital
O0002872,C03554,2024-10-14,Concluído,Site,Cartão
O0002873,C00923,2025-05-15,Concluído,Site,Cartão
O0002874,C00923,2025-06-29,Concluído,Site,PIX
O0002875,C00923,2025-08-26,Concluído,Site,Cartão
O0002876,C00923,2024-09-28,Concluído,Site,PIX
O0002877,C03512,2025-11-08,Concluído,Site,Boleto
O0002878,C03512,2025-04-28,Concluído,Site,Cartão
O0002879,C01406,2025-09-14,Concluído,Site,Carteira digital
O0002880,C00983,2025-03-04,Concluído,App,PIX
O0002881,C04343,2025-04-17,Concluído,Site,Boleto
O0002882,C01917,2025-12-18,Concluído,App,PIX
O0002883,C01917,2025-12-25,Concluído,Marketplace,Cartão
O0002884,C01917,2025-12-18,Concluído,Site,Cartão
O0002885,C00446,2025-10-21,Cancelado,Site,Cartão
O0002886,C00446,2025-08-31,Concluído,Marketplace,Carteira digital
O0002887,C00446,2023-11-03,Concluído,App,PIX
O0002888,C00446,2023-09-19,Concluído,Site,Cartão
O0002889,C02103,2023-11-18,Concluído,Site,Cartão
O0002890,C02103,2024-07-12,Concluído,App,Cartão
O0002891,C00262,2023-12-25,Concluído,Marketplace,Carteira digital
O0002892,C03092,2024-07-15,Concluído,Site,Cartão
O0002893,C03092,2023-12-18,Concluído,Site,PIX
O0002894,C03092,2024-02-09,Concluído,App,Boleto
O0002895,C03092,2023-04-16,Devolvido,Site,PIX
O0002896,C03092,2024-12-07,Concluído,App,Cartão
O0002897,C03958,2023-07-26,Concluído,Site,Cartão
O0002898,C03958,2024-05-03,Concluído,Site,Cartão
O0002899,C03958,2025-09-25,Concluído,Site,Cartão
O0002900,C04083,2024-08-23,Concluído,Site,Cartão
O0002901,C04083,2025-10-31,Concluído,App,Cartão
O0002902,C04291,2025-08-25,Concluído,Marketplace,Cartão
O0002903,C04291,2025-12-24,Concluído,Site,Carteira digital
O0002904,C03433,2025-06-15,Concluído,Marketplace,Cartão
O0002905,C03433,2025-04-03,Concluído,Site,Cartão
O0002906,C03433,2025-02-06,Concluído,App,PIX
O0002907,C03433,2025-03-30,Concluído,Site,PIX
O0002908,C03433,2025-06-20,Concluído,Site,Cartão
O0002909,C03433,2024-12-10,Concluído,Site,Cartão
O0002910,C03433,2025-06-08,Concluído,Site,Boleto
O0002911,C03433,2025-05-01,Concluído,Site,Carteira digital
O0002912,C03433,2025-01-02,Concluído,Site,Cartão
O0002913,C03433,2025-01-31,Concluído,Site,Cartão
O0002914,C03433,2025-01-15,Concluído,App,Carteira digital
O0002915,C03433,2025-01-11,Concluído,Site,Cartão
O0002916,C03433,2025-03-19,Concluído,Site,Cartão
O0002917,C03433,2025-02-02,Concluído,Marketplace,Carteira digital
O0002918,C03433,2025-03-02,Concluído,Site,Cartão
O0002919,C03433,2025-04-05,Concluído,Site,Cartão
O0002920,C03433,2025-06-06,Concluído,App,Cartão
O0002921,C03433,2024-11-28,Concluído,App,Cartão
O0002922,C03433,2024-08-24,Concluído,Site,Cartão
O0002923,C03433,2025-06-30,Concluído,Site,Boleto
O0002924,C03433,2025-03-23,Concluído,Site,Cartão
O0002925,C03433,2025-03-08,Concluído,Marketplace,Cartão
O0002926,C00840,2025-03-27,Concluído,Marketplace,PIX
O0002927,C00840,2023-06-01,Concluído,Site,Cartão
O0002928,C00840,2023-10-24,Concluído,App,Cartão
O0002929,C01577,2025-08-07,Concluído,App,Carteira digital
O0002930,C01577,2025-12-21,Concluído,App,Cartão
O0002931,C01577,2025-11-02,Concluído,Site,PIX
O0002932,C00918,2025-04-18,Concluído,Marketplace,Carteira digital
O0002933,C00918,2025-12-18,Concluído,App,PIX
O0002934,C00918,2024-03-08,Concluído,Site,Cartão
O0002935,C00918,2024-02-17,Concluído,Site,PIX
O0002936,C00918,2025-12-05,Concluído,Site,Cartão
O0002937,C00918,2024-04-05,Cancelado,Marketplace,Carteira digital
O0002938,C00918,2025-08-26,Concluído,Site,Carteira digital
O0002939,C01826,2025-01-01,Concluído,App,PIX
O0002940,C00076,2025-05-27,Concluído,Site,Cartão
O0002941,C02760,2025-12-20,Concluído,Marketplace,PIX
O0002942,C01662,2025-07-01,Concluído,App,Carteira digital
O0002943,C03303,2023-04-02,Concluído,Site,PIX
O0002944,C03303,2024-04-23,Concluído,Marketplace,PIX
O0002945,C01132,2024-09-23,Concluído,Site,Boleto
O0002946,C01132,2024-10-09,Concluído,App,Carteira digital
O0002947,C01132,2025-06-02,Concluído,App,Boleto
O0002948,C01132,2024-07-31,Concluído,App,Cartão
O0002949,C01132,2024-07-09,Concluído,Site,PIX
O0002950,C01132,2024-05-24,Concluído,Marketplace,PIX
O0002951,C01565,2025-06-24,Concluído,Site,Cartão
O0002952,C01565,2024-07-23,Concluído,Site,PIX
O0002953,C01565,2024-10-07,Concluído,Site,Cartão
O0002954,C01565,2025-03-16,Concluído,Site,Cartão
O0002955,C01954,2024-11-22,Concluído,Site,Boleto
O0002956,C01954,2025-10-09,Concluído,Site,PIX
O0002957,C01954,2025-07-04,Concluído,Site,Cartão
O0002958,C01954,2025-12-20,Concluído,Marketplace,Cartão
O0002959,C01954,2025-04-20,Concluído,App,Carteira digital
O0002960,C03040,2024-03-25,Concluído,Site,Boleto
O0002961,C03040,2024-08-13,Concluído,Site,PIX
O0002962,C03040,2023-02-28,Concluído,Site,PIX
O0002963,C03040,2024-01-27,Concluído,Site,Cartão
O0002964,C03040,2024-06-25,Concluído,Marketplace,Carteira digital
O0002965,C03040,2023-02-04,Concluído,Marketplace,Cartão
O0002966,C03040,2025-03-11,Concluído,Site,Cartão
O0002967,C04353,2025-12-27,Concluído,Site,Cartão
O0002968,C00235,2025-09-14,Concluído,Site,Cartão
O0002969,C00235,2025-02-14,Concluído,Site,Cartão
O0002970,C00235,2025-05-15,Concluído,Site,Carteira digital
O0002971,C01354,2025-10-10,Concluído,App,Cartão
O0002972,C04828,2025-03-16,Concluído,App,Cartão
O0002973,C04828,2025-05-02,Concluído,Site,Cartão
O0002974,C04828,2025-05-15,Concluído,Site,PIX
O0002975,C04986,2024-12-03,Concluído,App,Cartão
O0002976,C04986,2025-11-30,Concluído,Site,Cartão
O0002977,C04986,2024-08-18,Concluído,Site,PIX
O0002978,C02953,2025-06-22,Concluído,App,PIX
O0002979,C02953,2025-08-17,Concluído,App,Cartão
O0002980,C03158,2025-04-28,Concluído,Site,PIX
O0002981,C03158,2025-09-27,Concluído,Site,Cartão
O0002982,C03158,2025-10-19,Concluído,Site,Cartão
O0002983,C01173,2023-11-09,Concluído,Site,PIX
O0002984,C04257,2025-12-26,Concluído,Site,PIX
O0002985,C04257,2025-12-24,Concluído,Site,PIX
O0002986,C04485,2023-03-18,Concluído,App,PIX
O0002987,C04485,2024-01-27,Concluído,Site,Cartão
O0002988,C04485,2025-04-03,Concluído,Marketplace,Cartão
O0002989,C02975,2024-03-16,Concluído,Site,Cartão
O0002990,C04762,2025-12-08,Cancelado,App,PIX
O0002991,C03726,2025-08-03,Concluído,Site,Cartão
O0002992,C03726,2024-11-20,Concluído,App,PIX
O0002993,C03726,2023-09-20,Concluído,App,Carteira digital
O0002994,C03726,2025-04-27,Concluído,Site,PIX
O0002995,C03352,2025-09-08,Concluído,Marketplace,PIX
O0002996,C01282,2025-01-03,Concluído,Site,Cartão
O0002997,C01282,2025-07-29,Concluído,Site,Cartão
O0002998,C01364,2025-12-08,Concluído,App,Boleto
O0002999,C01364,2023-12-26,Concluído,App,Boleto
O0003000,C01364,2024-01-28,Cancelado,Site,Cartão
O0003001,C04526,2025-04-29,Concluído,Site,Cartão
O0003002,C04526,2024-07-18,Concluído,Marketplace,PIX
O0003003,C01999,2024-03-30,Concluído,Site,PIX
O0003004,C01999,2023-02-03,Concluído,Site,Cartão
O0003005,C01999,2023-04-07,Concluído,Site,PIX
O0003006,C04364,2023-09-21,Cancelado,Marketplace,Cartão
O0003007,C04364,2024-05-06,Devolvido,App,Cartão
O0003008,C04364,2025-11-05,Concluído,Marketplace,Carteira digital
O0003009,C04364,2024-06-02,Concluído,Site,PIX
O0003010,C03969,2025-12-27,Concluído,Site,PIX
O0003011,C01246,2025-03-03,Concluído,Marketplace,Carteira digital
O0003012,C01246,2023-11-20,Concluído,App,Cartão
O0003013,C01246,2023-10-10,Concluído,Marketplace,PIX
O0003014,C01246,2023-10-16,Concluído,Site,Boleto
O0003015,C01246,2024-02-02,Concluído,Marketplace,Cartão
O0003016,C01246,2024-08-26,Concluído,Marketplace,Cartão
O0003017,C01246,2024-03-31,Concluído,Site,Boleto
O0003018,C01246,2025-04-17,Concluído,Site,Carteira digital
O0003019,C01246,2023-10-03,Concluído,Marketplace,Carteira digital
O0003020,C01246,2025-06-19,Concluído,Site,Carteira digital
O0003021,C02779,2025-05-09,Concluído,App,Cartão
O0003022,C02779,2025-05-27,Concluído,Site,PIX
O0003023,C01689,2025-12-04,Concluído,Site,Cartão
O0003024,C01689,2025-12-30,Cancelado,Marketplace,Cartão
O0003025,C01689,2025-11-18,Concluído,Site,Boleto
O0003026,C01689,2025-11-01,Concluído,App,Cartão
O0003027,C04648,2025-04-16,Concluído,Marketplace,PIX
O0003028,C04648,2025-06-16,Concluído,Site,PIX
O0003029,C04648,2025-04-30,Concluído,Site,PIX
O0003030,C00852,2025-12-01,Concluído,Site,Cartão
O0003031,C00852,2025-09-19,Concluído,Site,PIX
O0003032,C01770,2025-04-16,Concluído,Marketplace,PIX
O0003033,C01770,2025-05-29,Concluído,Site,Cartão
O0003034,C01770,2024-12-16,Concluído,App,Cartão
O0003035,C01770,2025-12-13,Concluído,Site,PIX
O0003036,C01770,2024-06-28,Concluído,Marketplace,Cartão
O0003037,C02016,2025-12-31,Concluído,App,Cartão
O0003038,C03465,2025-06-16,Concluído,Site,Carteira digital
O0003039,C00824,2024-03-20,Concluído,Site,Cartão
O0003040,C00824,2024-10-31,Concluído,App,PIX
O0003041,C00824,2023-09-14,Concluído,Site,Cartão
O0003042,C00824,2024-10-06,Concluído,App,PIX
O0003043,C00824,2025-01-09,Concluído,Marketplace,PIX
O0003044,C00824,2023-01-01,Concluído,App,PIX
O0003045,C04147,2024-12-13,Concluído,App,Cartão
O0003046,C04147,2023-06-17,Concluído,Site,PIX
O0003047,C01337,2025-08-11,Concluído,App,Cartão
O0003048,C01337,2025-07-13,Concluído,Site,Cartão
O0003049,C01337,2025-11-27,Concluído,Site,PIX
O0003050,C01337,2025-12-18,Concluído,Marketplace,Cartão
O0003051,C02448,2024-05-21,Concluído,App,PIX
O0003052,C03540,2025-09-20,Concluído,App,Carteira digital
O0003053,C03540,2025-03-24,Concluído,Site,PIX
O0003054,C03540,2024-12-04,Concluído,Marketplace,Cartão
O0003055,C03540,2025-12-22,Concluído,Site,Cartão
O0003056,C03540,2025-08-08,Cancelado,App,Cartão
O0003057,C03540,2024-12-20,Concluído,Marketplace,PIX
O0003058,C03540,2025-03-12,Concluído,Site,Cartão
O0003059,C00414,2023-05-11,Concluído,Site,Carteira digital
O0003060,C00414,2023-06-05,Concluído,Marketplace,Cartão
O0003061,C00414,2024-05-19,Concluído,Site,PIX
O0003062,C01663,2025-10-07,Concluído,Marketplace,PIX
O0003063,C01663,2025-09-12,Concluído,Site,Carteira digital
O0003064,C02858,2025-08-04,Cancelado,Marketplace,Carteira digital
O0003065,C02858,2024-02-19,Concluído,Site,Carteira digital
O0003066,C02858,2024-12-05,Concluído,Marketplace,Cartão
O0003067,C02858,2023-03-13,Concluído,App,PIX
O0003068,C02858,2024-06-05,Cancelado,App,Cartão
O0003069,C02858,2023-07-17,Concluído,Site,Boleto
O0003070,C02898,2025-12-09,Concluído,Site,PIX
O0003071,C02898,2024-12-05,Concluído,Site,Cartão
O0003072,C02898,2023-12-10,Concluído,Site,Cartão
O0003073,C02598,2024-07-14,Concluído,Site,PIX
O0003074,C02205,2025-09-13,Concluído,App,PIX
O0003075,C04192,2023-03-14,Concluído,App,Cartão
O0003076,C04225,2025-04-05,Concluído,App,Carteira digital
O0003077,C01921,2024-12-21,Concluído,Site,Cartão
O0003078,C01921,2024-06-14,Concluído,Site,Cartão
O0003079,C01921,2025-04-13,Concluído,Site,Cartão
O0003080,C01855,2023-02-25,Concluído,Site,PIX
O0003081,C01855,2023-03-16,Concluído,Site,Cartão
O0003082,C00994,2025-07-04,Concluído,Site,Cartão
O0003083,C00994,2023-12-15,Concluído,Site,Boleto
O0003084,C00994,2024-12-28,Concluído,Marketplace,Boleto
O0003085,C00994,2024-08-01,Concluído,App,PIX
O0003086,C00596,2025-04-05,Concluído,Marketplace,Cartão
O0003087,C00596,2025-06-29,Concluído,Marketplace,Boleto
O0003088,C00596,2024-12-06,Concluído,Site,PIX
O0003089,C00596,2024-12-13,Concluído,Site,Carteira digital
O0003090,C01427,2025-04-27,Concluído,Site,Cartão
O0003091,C01427,2024-05-08,Concluído,Site,Cartão
O0003092,C01427,2025-02-28,Concluído,Marketplace,Carteira digital
O0003093,C01427,2024-03-10,Concluído,Marketplace,PIX
O0003094,C04587,2024-12-22,Concluído,Site,Cartão
O0003095,C00813,2023-04-13,Concluído,Site,PIX
O0003096,C00813,2025-06-24,Concluído,Marketplace,Cartão
O0003097,C00813,2023-10-15,Concluído,App,Boleto
O0003098,C00385,2023-08-07,Concluído,Marketplace,Cartão
O0003099,C00385,2024-07-31,Concluído,Site,Cartão
O0003100,C00385,2024-12-11,Concluído,Site,PIX
O0003101,C00385,2023-11-08,Concluído,App,Cartão
O0003102,C03903,2025-10-08,Concluído,App,PIX
O0003103,C03903,2025-10-20,Concluído,Site,Boleto
O0003104,C04477,2025-12-12,Concluído,App,Cartão
O0003105,C04477,2024-12-05,Concluído,Marketplace,Cartão
O0003106,C04477,2025-02-28,Concluído,Site,PIX
O0003107,C04477,2024-07-03,Concluído,Marketplace,Boleto
O0003108,C00950,2025-03-11,Concluído,App,Cartão
O0003109,C00950,2024-10-24,Concluído,App,Cartão
O0003110,C04410,2023-05-09,Concluído,App,Cartão
O0003111,C04410,2023-02-25,Concluído,Site,Cartão
O0003112,C01821,2025-10-16,Concluído,Marketplace,Cartão
O0003113,C01311,2024-07-20,Cancelado,Marketplace,PIX
O0003114,C03498,2025-04-03,Concluído,Site,Cartão
O0003115,C03498,2025-11-23,Concluído,Marketplace,PIX
O0003116,C02589,2025-08-16,Concluído,Marketplace,Carteira digital
O0003117,C04680,2023-07-12,Cancelado,Site,Cartão
O0003118,C04680,2023-08-04,Concluído,App,PIX
O0003119,C04680,2025-08-29,Concluído,App,Cartão
O0003120,C02685,2024-09-26,Concluído,Site,Carteira digital
O0003121,C01497,2025-09-05,Concluído,Site,Cartão
O0003122,C01497,2025-10-22,Concluído,Site,PIX
O0003123,C01497,2025-08-04,Concluído,Site,Cartão
O0003124,C01497,2025-11-03,Concluído,Marketplace,PIX
O0003125,C01497,2025-09-12,Concluído,App,Carteira digital
O0003126,C01497,2025-06-24,Concluído,Site,Cartão
O0003127,C01497,2025-09-19,Concluído,Site,Boleto
O0003128,C01497,2025-05-28,Concluído,Marketplace,Cartão
O0003129,C01497,2025-10-10,Concluído,Marketplace,PIX
O0003130,C01497,2025-10-07,Concluído,Site,PIX
O0003131,C01497,2025-03-29,Concluído,Site,PIX
O0003132,C01497,2025-06-14,Concluído,Marketplace,PIX
O0003133,C01497,2025-05-04,Concluído,Site,Cartão
O0003134,C01497,2025-10-03,Concluído,Site,Boleto
O0003135,C01497,2025-04-29,Concluído,Marketplace,Cartão
O0003136,C00751,2025-07-15,Concluído,Marketplace,PIX
O0003137,C00751,2025-08-16,Concluído,App,Cartão
O0003138,C00751,2025-10-14,Concluído,Site,PIX
O0003139,C03596,2023-04-02,Concluído,Site,Cartão
O0003140,C03596,2025-06-25,Concluído,Site,Cartão
O0003141,C02491,2025-04-10,Concluído,Site,Cartão
O0003142,C02491,2025-04-21,Concluído,Site,Carteira digital
O0003143,C02491,2025-09-03,Concluído,Site,Cartão
O0003144,C00644,2025-07-26,Concluído,App,Boleto
O0003145,C00644,2025-12-15,Concluído,Site,Boleto
O0003146,C00644,2025-09-12,Concluído,App,PIX
O0003147,C00644,2025-09-29,Concluído,Site,Cartão
O0003148,C00644,2025-12-01,Concluído,Site,Cartão
O0003149,C00644,2025-12-24,Concluído,App,Cartão
O0003150,C04945,2023-05-10,Concluído,Marketplace,Cartão
O0003151,C03642,2023-04-17,Devolvido,Site,Cartão
O0003152,C03642,2025-07-07,Concluído,Site,Cartão
O0003153,C04284,2024-01-19,Concluído,Marketplace,Carteira digital
O0003154,C04284,2024-08-02,Concluído,Site,PIX
O0003155,C04696,2025-06-09,Concluído,Site,PIX
O0003156,C04696,2024-12-19,Concluído,Marketplace,Cartão
O0003157,C04696,2025-04-19,Concluído,Site,Cartão
O0003158,C01964,2023-07-10,Concluído,Site,Cartão
O0003159,C04281,2025-04-17,Concluído,Site,Cartão
O0003160,C03621,2025-07-02,Concluído,Site,Cartão
O0003161,C00158,2025-06-15,Devolvido,Site,Carteira digital
O0003162,C00158,2024-06-14,Concluído,Site,Carteira digital
O0003163,C00158,2025-01-16,Concluído,Site,Cartão
O0003164,C00158,2023-09-24,Concluído,Marketplace,PIX
O0003165,C00158,2024-04-19,Concluído,App,PIX
O0003166,C04660,2025-11-14,Concluído,Site,Cartão
O0003167,C02670,2025-03-26,Concluído,App,Carteira digital
O0003168,C02670,2025-04-07,Concluído,Site,PIX
O0003169,C02670,2024-12-31,Concluído,Site,Carteira digital
O0003170,C02752,2024-07-03,Concluído,Site,Cartão
O0003171,C02752,2024-06-20,Concluído,Site,PIX
O0003172,C02752,2024-06-14,Concluído,Site,Cartão
O0003173,C02752,2024-08-06,Concluído,Site,Cartão
O0003174,C04980,2024-12-05,Concluído,Site,Cartão
O0003175,C03915,2024-12-25,Concluído,Site,PIX
O0003176,C03915,2025-03-23,Concluído,Site,PIX
O0003177,C01702,2023-10-03,Concluído,Site,PIX
O0003178,C02653,2025-06-28,Concluído,Site,Carteira digital
O0003179,C02653,2025-06-29,Concluído,App,Cartão
O0003180,C04415,2025-05-17,Concluído,Site,Cartão
O0003181,C04415,2025-06-05,Concluído,Site,Cartão
O0003182,C04415,2025-05-31,Concluído,App,PIX
O0003183,C03045,2024-11-23,Concluído,App,Cartão
O0003184,C04361,2024-05-29,Concluído,Marketplace,PIX
O0003185,C04361,2024-05-31,Concluído,Site,PIX
O0003186,C04361,2024-06-06,Concluído,Site,Cartão
O0003187,C04361,2025-08-16,Concluído,Site,Cartão
O0003188,C04361,2024-09-07,Concluído,App,Cartão
O0003189,C01910,2023-12-26,Concluído,Marketplace,PIX
O0003190,C01910,2025-02-15,Concluído,App,Cartão
O0003191,C03683,2025-12-15,Concluído,Site,Cartão
O0003192,C03683,2025-12-18,Concluído,App,PIX
O0003193,C03683,2025-10-31,Concluído,Site,Cartão
O0003194,C03683,2025-11-17,Concluído,Site,Cartão
O0003195,C04058,2024-05-17,Concluído,Site,Cartão
O0003196,C04058,2023-03-26,Concluído,Site,Carteira digital
O0003197,C03254,2024-02-04,Concluído,App,Cartão
O0003198,C03254,2025-08-15,Concluído,Site,PIX
O0003199,C02137,2025-11-02,Concluído,Marketplace,PIX
O0003200,C02137,2025-10-21,Concluído,Site,PIX
O0003201,C01703,2024-01-13,Concluído,App,Boleto
O0003202,C02299,2025-03-06,Concluído,Marketplace,PIX
O0003203,C01349,2025-03-03,Concluído,Site,Cartão
O0003204,C04100,2024-05-15,Concluído,Site,Cartão
O0003205,C04100,2025-06-20,Concluído,Marketplace,Cartão
O0003206,C01052,2025-12-17,Concluído,App,PIX
O0003207,C01905,2025-03-06,Concluído,App,Cartão
O0003208,C04629,2025-07-30,Concluído,Site,PIX
O0003209,C04629,2025-05-09,Concluído,App,PIX
O0003210,C03836,2024-09-19,Concluído,App,PIX
O0003211,C03836,2025-03-21,Concluído,Site,Cartão
O0003212,C03836,2024-10-22,Concluído,Site,PIX
O0003213,C02559,2023-08-18,Concluído,Site,Cartão
O0003214,C01344,2025-02-26,Concluído,Site,Cartão
O0003215,C01344,2024-11-09,Concluído,Site,Boleto
O0003216,C01344,2024-11-07,Concluído,App,Cartão
O0003217,C01344,2024-12-24,Concluído,Marketplace,Cartão
O0003218,C02050,2023-10-26,Concluído,Marketplace,Cartão
O0003219,C02050,2023-12-01,Concluído,Marketplace,Carteira digital
O0003220,C02050,2025-07-16,Concluído,Marketplace,Cartão
O0003221,C02050,2023-09-26,Concluído,Marketplace,Carteira digital
O0003222,C04193,2024-06-25,Concluído,Site,Carteira digital
O0003223,C04193,2024-11-22,Concluído,Site,PIX
O0003224,C02271,2024-08-02,Concluído,Site,Cartão
O0003225,C04493,2025-11-03,Concluído,Site,PIX
O0003226,C04493,2025-11-16,Concluído,Site,PIX
O0003227,C00213,2023-04-14,Concluído,Marketplace,Cartão
O0003228,C00213,2025-06-06,Concluído,Site,Cartão
O0003229,C00213,2025-04-24,Concluído,Marketplace,PIX
O0003230,C00213,2023-12-12,Concluído,App,PIX
O0003231,C00213,2025-03-05,Concluído,Site,Carteira digital
O0003232,C00966,2024-07-03,Concluído,Site,Cartão
O0003233,C00966,2023-07-08,Concluído,Site,Carteira digital
O0003234,C04838,2025-10-08,Concluído,Site,PIX
O0003235,C04838,2023-12-29,Concluído,Marketplace,Cartão
O0003236,C04671,2024-05-15,Concluído,Site,Cartão
O0003237,C02194,2025-12-15,Concluído,Site,Cartão
O0003238,C02194,2025-11-11,Concluído,Site,Cartão
O0003239,C04496,2025-04-26,Concluído,Site,PIX
O0003240,C04496,2023-12-25,Concluído,Site,Cartão
O0003241,C04496,2025-06-15,Concluído,Site,PIX
O0003242,C04496,2023-11-07,Concluído,Marketplace,PIX
O0003243,C04496,2024-04-12,Concluído,Marketplace,Cartão
O0003244,C04496,2024-03-08,Concluído,App,Cartão
O0003245,C04496,2025-09-02,Concluído,Marketplace,Carteira digital
O0003246,C04496,2024-12-30,Concluído,App,PIX
O0003247,C04496,2024-05-03,Concluído,App,Cartão
O0003248,C04496,2025-12-30,Concluído,App,PIX
O0003249,C04496,2023-11-20,Concluído,Site,Carteira digital
O0003250,C04496,2025-03-30,Concluído,Site,Cartão
O0003251,C04496,2025-08-19,Concluído,App,PIX
O0003252,C02146,2024-12-02,Concluído,Site,Cartão
O0003253,C04292,2023-05-31,Concluído,Site,PIX
O0003254,C04292,2024-03-03,Concluído,Site,PIX
O0003255,C04372,2025-10-30,Concluído,Marketplace,Cartão
O0003256,C04372,2024-04-21,Concluído,Site,Cartão
O0003257,C04372,2023-05-17,Concluído,Site,Cartão
O0003258,C01794,2024-12-23,Concluído,Site,Carteira digital
O0003259,C01794,2024-10-31,Concluído,Site,PIX
O0003260,C01818,2025-12-31,Concluído,Site,Carteira digital
O0003261,C01818,2025-12-24,Concluído,Site,PIX
O0003262,C01818,2025-12-29,Concluído,App,PIX
O0003263,C01452,2025-05-24,Concluído,Site,Cartão
O0003264,C04349,2024-05-30,Concluído,Marketplace,Cartão
O0003265,C04349,2025-09-25,Concluído,Marketplace,Cartão
O0003266,C03160,2025-01-26,Concluído,App,PIX
O0003267,C02916,2024-04-19,Concluído,Site,Boleto
O0003268,C02916,2024-07-11,Concluído,Site,Carteira digital
O0003269,C02916,2024-06-23,Concluído,Site,Carteira digital
O0003270,C02916,2025-05-05,Concluído,Site,Cartão
O0003271,C02916,2024-05-08,Concluído,App,Carteira digital
O0003272,C02916,2025-12-06,Concluído,Site,Cartão
O0003273,C00610,2024-09-08,Concluído,App,Cartão
O0003274,C03001,2023-10-16,Concluído,Marketplace,Carteira digital
O0003275,C00319,2025-10-20,Concluído,Marketplace,Cartão
O0003276,C04097,2023-01-04,Concluído,Site,PIX
O0003277,C04097,2024-01-04,Concluído,Site,Carteira digital
O0003278,C04097,2025-05-09,Concluído,App,Cartão
O0003279,C04097,2025-11-23,Concluído,App,Cartão
O0003280,C02144,2024-12-17,Concluído,Site,Cartão
O0003281,C02144,2025-11-24,Concluído,Site,Cartão
O0003282,C02144,2025-11-22,Concluído,App,Cartão
O0003283,C03689,2025-05-15,Concluído,App,Cartão
O0003284,C01498,2025-05-07,Concluído,Site,Cartão
O0003285,C01498,2025-05-26,Concluído,Site,Cartão
O0003286,C03489,2025-08-29,Concluído,App,Cartão
O0003287,C03489,2025-10-23,Concluído,Marketplace,PIX
O0003288,C03489,2025-08-17,Concluído,Marketplace,PIX
O0003289,C03489,2025-03-06,Concluído,Marketplace,Cartão
O0003290,C02528,2023-08-24,Concluído,Site,PIX
O0003291,C01989,2025-10-23,Concluído,Marketplace,Cartão
O0003292,C01989,2025-10-14,Concluído,App,Cartão
O0003293,C02242,2025-06-22,Devolvido,App,PIX
O0003294,C02242,2025-06-25,Concluído,Site,Cartão
O0003295,C01083,2025-07-06,Concluído,App,Cartão
O0003296,C01083,2025-06-06,Concluído,Marketplace,Cartão
O0003297,C01083,2025-03-28,Concluído,Marketplace,Boleto
O0003298,C01215,2025-12-03,Concluído,Site,Carteira digital
O0003299,C01215,2025-03-14,Concluído,Marketplace,Cartão
O0003300,C01215,2024-11-14,Cancelado,Site,Cartão
O0003301,C01894,2025-11-11,Concluído,Site,PIX
O0003302,C01840,2024-06-07,Concluído,App,PIX
O0003303,C01840,2025-11-28,Concluído,Site,Carteira digital
O0003304,C01840,2025-01-21,Concluído,Marketplace,Cartão
O0003305,C01840,2024-12-02,Concluído,Marketplace,PIX
O0003306,C01840,2024-04-02,Concluído,Site,Cartão
O0003307,C01840,2024-09-07,Concluído,Marketplace,PIX
O0003308,C01840,2025-07-30,Concluído,Site,Cartão
O0003309,C01840,2025-04-03,Concluído,Site,PIX
O0003310,C01840,2024-06-07,Concluído,Marketplace,Cartão
O0003311,C01840,2023-10-08,Concluído,Site,PIX
O0003312,C01840,2025-03-10,Concluído,Marketplace,PIX
O0003313,C01840,2023-08-05,Concluído,Marketplace,PIX
O0003314,C01840,2024-12-21,Concluído,App,Carteira digital
O0003315,C01840,2024-11-11,Concluído,Site,Boleto
O0003316,C01840,2023-09-03,Concluído,App,Carteira digital
O0003317,C00401,2025-06-01,Concluído,Site,Cartão
O0003318,C00401,2024-01-30,Concluído,Site,PIX
O0003319,C00401,2025-01-24,Concluído,Marketplace,Carteira digital
O0003320,C00401,2025-03-29,Concluído,Site,Cartão
O0003321,C01070,2023-12-03,Concluído,Marketplace,PIX
O0003322,C01070,2023-11-25,Concluído,Site,Carteira digital
O0003323,C00613,2025-07-22,Concluído,App,Carteira digital
O0003324,C00613,2025-05-12,Concluído,Site,Cartão
O0003325,C03027,2025-05-06,Concluído,Site,Cartão
O0003326,C00979,2025-06-27,Concluído,Site,Cartão
O0003327,C00979,2023-02-18,Concluído,App,PIX
O0003328,C01815,2024-02-12,Concluído,Site,Cartão
O0003329,C01815,2023-11-07,Concluído,Site,Cartão
O0003330,C03992,2024-12-27,Concluído,Site,Cartão
O0003331,C03992,2025-10-22,Concluído,Marketplace,Carteira digital
O0003332,C03992,2025-11-15,Concluído,App,Cartão
O0003333,C03992,2024-03-30,Concluído,App,Cartão
O0003334,C03992,2024-03-22,Concluído,Site,Cartão
O0003335,C03992,2025-08-14,Concluído,Site,Carteira digital
O0003336,C03116,2025-12-16,Concluído,Marketplace,Cartão
O0003337,C03938,2024-10-20,Concluído,Site,Cartão
O0003338,C03938,2025-01-24,Concluído,Marketplace,Boleto
O0003339,C03938,2024-11-24,Concluído,Site,Cartão
O0003340,C03938,2025-05-08,Cancelado,Site,Cartão
O0003341,C03938,2023-06-08,Concluído,Marketplace,PIX
O0003342,C03938,2025-10-18,Concluído,Site,Cartão
O0003343,C03938,2023-08-04,Concluído,Site,PIX
O0003344,C03938,2024-08-20,Concluído,Site,Cartão
O0003345,C03938,2024-05-21,Concluído,Site,Carteira digital
O0003346,C02866,2025-06-11,Concluído,App,PIX
O0003347,C02866,2025-02-21,Concluído,Site,PIX
O0003348,C02866,2025-01-11,Concluído,Marketplace,PIX
O0003349,C01986,2024-08-01,Concluído,Marketplace,Cartão
O0003350,C03439,2024-11-20,Concluído,Marketplace,Cartão
O0003351,C03439,2025-07-21,Concluído,Site,Boleto
O0003352,C03439,2023-10-25,Concluído,App,PIX
O0003353,C03439,2025-12-01,Concluído,Marketplace,PIX
O0003354,C03439,2024-01-20,Concluído,Marketplace,PIX
O0003355,C04778,2025-07-04,Concluído,App,Cartão
O0003356,C04778,2025-06-06,Concluído,App,Cartão
O0003357,C04778,2025-09-05,Concluído,Site,Carteira digital
O0003358,C00510,2025-12-18,Concluído,Marketplace,Cartão
O0003359,C00510,2025-07-10,Concluído,Site,Cartão
O0003360,C02000,2024-07-21,Concluído,Site,Cartão
O0003361,C02000,2023-05-12,Concluído,Site,PIX
O0003362,C02000,2023-04-17,Concluído,Site,Cartão
O0003363,C02000,2024-01-14,Concluído,Site,Cartão
O0003364,C02000,2023-11-28,Concluído,App,Cartão
O0003365,C02000,2023-03-10,Concluído,App,PIX
O0003366,C02000,2024-02-17,Concluído,Site,Cartão
O0003367,C01879,2024-08-19,Concluído,Site,Cartão
O0003368,C03702,2025-03-28,Concluído,Site,Cartão
O0003369,C02069,2023-09-28,Concluído,App,Cartão
O0003370,C02069,2025-08-22,Concluído,Site,Cartão
O0003371,C02069,2025-06-18,Concluído,Site,Carteira digital
O0003372,C04686,2024-08-28,Concluído,Site,PIX
O0003373,C04686,2023-10-03,Concluído,Site,PIX
O0003374,C04686,2023-02-25,Concluído,Site,Cartão
O0003375,C01712,2025-09-06,Concluído,Site,Cartão
O0003376,C03252,2025-11-17,Concluído,Site,PIX
O0003377,C03252,2025-12-30,Concluído,Marketplace,Cartão
O0003378,C03252,2025-12-13,Concluído,Site,PIX
O0003379,C03252,2025-12-10,Concluído,App,Cartão
O0003380,C04486,2023-02-07,Concluído,Site,Cartão
O0003381,C04486,2025-09-07,Concluído,Site,Cartão
O0003382,C04486,2024-09-06,Concluído,Site,Cartão
O0003383,C04486,2025-12-18,Concluído,App,Cartão
O0003384,C04486,2025-04-06,Concluído,App,PIX
O0003385,C02468,2025-12-27,Concluído,Site,PIX
O0003386,C04711,2024-03-28,Concluído,Site,PIX
O0003387,C01495,2025-08-05,Concluído,Site,Cartão
O0003388,C01495,2025-10-26,Concluído,Marketplace,PIX
O0003389,C01495,2025-01-10,Concluído,App,Boleto
O0003390,C01891,2025-04-27,Devolvido,Site,PIX
O0003391,C01891,2025-12-21,Concluído,Site,PIX
O0003392,C04908,2025-08-18,Concluído,Marketplace,Cartão
O0003393,C04908,2025-01-16,Concluído,Marketplace,Cartão
O0003394,C04908,2025-06-10,Concluído,Site,Cartão
O0003395,C00895,2024-11-12,Concluído,Site,Cartão
O0003396,C00895,2024-05-14,Concluído,App,PIX
O0003397,C00895,2025-11-13,Concluído,App,Cartão
O0003398,C01858,2025-12-12,Concluído,Site,Cartão
O0003399,C01858,2025-12-30,Concluído,Site,PIX
O0003400,C01858,2025-10-29,Concluído,Marketplace,Cartão
O0003401,C00386,2025-12-31,Concluído,Site,Cartão
O0003402,C00386,2025-02-18,Concluído,App,PIX
O0003403,C01243,2024-03-28,Concluído,App,Cartão
O0003404,C01243,2023-06-14,Concluído,Site,Carteira digital
O0003405,C00339,2025-12-26,Concluído,Marketplace,Cartão
O0003406,C00339,2024-12-26,Concluído,Site,PIX
O0003407,C00339,2024-01-25,Concluído,Site,Cartão
O0003408,C00339,2024-01-09,Concluído,App,Carteira digital
O0003409,C02465,2023-04-19,Concluído,Site,Cartão
O0003410,C04228,2025-04-02,Concluído,Site,PIX
O0003411,C04228,2025-01-20,Concluído,Site,Cartão
O0003412,C01649,2025-10-15,Concluído,App,Cartão
O0003413,C01649,2025-11-24,Concluído,App,Cartão
O0003414,C01649,2025-12-31,Concluído,Site,Boleto
O0003415,C01649,2025-11-21,Concluído,Site,PIX
O0003416,C03638,2024-10-12,Concluído,App,PIX
O0003417,C03638,2024-04-13,Concluído,Site,PIX
O0003418,C03638,2024-08-01,Concluído,Site,Cartão
O0003419,C03887,2025-12-26,Concluído,Site,PIX
O0003420,C03887,2023-02-02,Concluído,Marketplace,Cartão
O0003421,C03887,2025-10-24,Concluído,Site,Cartão
O0003422,C03887,2024-09-15,Concluído,App,Cartão
O0003423,C03887,2023-06-17,Concluído,App,PIX
O0003424,C03195,2025-03-18,Concluído,App,PIX
O0003425,C03195,2024-09-01,Concluído,App,Cartão
O0003426,C03195,2023-12-07,Concluído,Site,PIX
O0003427,C03195,2025-03-04,Devolvido,Marketplace,Carteira digital
O0003428,C03195,2023-05-15,Concluído,Site,Cartão
O0003429,C03195,2023-03-15,Concluído,Marketplace,Boleto
O0003430,C03579,2023-10-30,Concluído,Site,Carteira digital
O0003431,C03579,2023-12-12,Concluído,Site,Cartão
O0003432,C03579,2025-06-24,Concluído,Site,Carteira digital
O0003433,C03579,2024-05-06,Concluído,Marketplace,Cartão
O0003434,C03579,2023-09-30,Concluído,Site,PIX
O0003435,C03579,2025-07-31,Concluído,Site,Cartão
O0003436,C03579,2024-10-15,Concluído,Marketplace,Carteira digital
O0003437,C01527,2025-12-12,Concluído,Site,Cartão
O0003438,C01527,2025-02-03,Concluído,Site,Cartão
O0003439,C01527,2024-11-22,Concluído,Site,Cartão
O0003440,C01527,2025-12-20,Concluído,Site,PIX
O0003441,C01527,2025-02-11,Concluído,Site,PIX
O0003442,C01802,2024-01-06,Concluído,App,Cartão
O0003443,C01802,2025-05-23,Concluído,App,Boleto
O0003444,C01802,2025-04-04,Cancelado,App,PIX
O0003445,C01802,2024-07-02,Concluído,App,Cartão
O0003446,C03032,2024-02-06,Concluído,App,Carteira digital
O0003447,C03032,2025-11-30,Concluído,Site,Boleto
O0003448,C03032,2024-12-15,Concluído,App,Cartão
O0003449,C04204,2024-07-28,Concluído,Site,PIX
O0003450,C04204,2025-06-26,Cancelado,Marketplace,PIX
O0003451,C04204,2024-09-13,Concluído,Marketplace,Cartão
O0003452,C01579,2025-10-17,Concluído,Site,Cartão
O0003453,C01579,2025-10-06,Concluído,Site,PIX
O0003454,C01579,2025-12-13,Concluído,Marketplace,Carteira digital
O0003455,C04175,2024-11-02,Concluído,Site,Boleto
O0003456,C04175,2025-01-19,Concluído,App,PIX
O0003457,C04175,2025-07-28,Concluído,Marketplace,PIX
O0003458,C04175,2024-08-24,Concluído,Marketplace,Cartão
O0003459,C03787,2025-08-14,Concluído,App,Carteira digital
O0003460,C03756,2023-12-04,Concluído,Site,Cartão
O0003461,C03756,2024-03-27,Concluído,Marketplace,Cartão
O0003462,C03756,2025-07-30,Concluído,Site,PIX
O0003463,C04949,2024-09-20,Concluído,Site,Cartão
O0003464,C04949,2025-06-07,Concluído,Marketplace,Cartão
O0003465,C04949,2025-07-02,Concluído,Site,Carteira digital
O0003466,C01832,2025-12-20,Concluído,App,Carteira digital
O0003467,C01947,2025-12-13,Concluído,Site,PIX
O0003468,C01947,2025-12-26,Concluído,Site,Cartão
O0003469,C01947,2025-09-08,Concluído,Site,PIX
O0003470,C04769,2025-09-17,Concluído,Site,PIX
O0003471,C04769,2025-01-29,Concluído,Marketplace,Carteira digital
O0003472,C04769,2024-08-31,Concluído,Marketplace,Cartão
O0003473,C04995,2025-01-01,Concluído,Site,Carteira digital
O0003474,C04995,2023-02-12,Concluído,Site,Cartão
O0003475,C04995,2024-01-12,Concluído,Site,Cartão
O0003476,C04947,2024-10-09,Concluído,App,Cartão
O0003477,C01956,2025-10-25,Concluído,Site,Boleto
O0003478,C03934,2025-06-15,Concluído,Marketplace,Carteira digital
O0003479,C03934,2024-09-30,Concluído,Site,Cartão
O0003480,C03934,2024-01-14,Concluído,Site,Cartão
O0003481,C03934,2025-11-09,Concluído,Marketplace,Cartão
O0003482,C01045,2025-08-22,Concluído,Site,PIX
O0003483,C01045,2025-02-21,Concluído,App,Cartão
O0003484,C01045,2025-12-30,Devolvido,Site,Boleto
O0003485,C01045,2023-12-10,Concluído,Marketplace,PIX
O0003486,C02270,2024-02-10,Concluído,Site,PIX
O0003487,C02270,2025-11-19,Concluído,Site,Cartão
O0003488,C02270,2024-08-12,Concluído,Site,Cartão
O0003489,C02270,2024-08-19,Concluído,App,PIX
O0003490,C02270,2025-04-22,Concluído,Site,PIX
O0003491,C02270,2025-08-04,Concluído,Site,Cartão
O0003492,C02270,2024-11-11,Concluído,App,Cartão
O0003493,C02270,2024-11-28,Concluído,App,Cartão
O0003494,C02270,2025-08-11,Concluído,App,Carteira digital
O0003495,C02270,2025-10-01,Concluído,Site,Cartão
O0003496,C03288,2025-02-12,Concluído,Site,PIX
O0003497,C03288,2025-03-15,Concluído,Site,Cartão
O0003498,C03288,2024-02-19,Concluído,Site,Cartão
O0003499,C03288,2023-05-14,Concluído,Site,Boleto
O0003500,C03288,2023-11-03,Concluído,App,Cartão
O0003501,C03288,2024-11-27,Concluído,Marketplace,PIX
O0003502,C03288,2023-03-01,Concluído,Site,Cartão
O0003503,C03288,2024-09-30,Concluído,App,Carteira digital
O0003504,C03288,2024-04-01,Concluído,App,Boleto
O0003505,C03288,2023-10-22,Concluído,Marketplace,Cartão
O0003506,C03288,2025-09-21,Concluído,App,Carteira digital
O0003507,C03288,2025-12-24,Concluído,App,Cartão
O0003508,C03288,2025-11-11,Concluído,App,Boleto
O0003509,C03288,2025-10-30,Concluído,Site,Cartão
O0003510,C03288,2023-09-03,Concluído,Marketplace,Cartão
O0003511,C02326,2023-09-22,Concluído,Marketplace,Cartão
O0003512,C02326,2023-10-21,Concluído,App,PIX
O0003513,C02326,2024-09-26,Concluído,App,PIX
O0003514,C02326,2024-10-04,Concluído,Site,PIX
O0003515,C03147,2025-10-18,Concluído,Marketplace,Cartão
O0003516,C03147,2024-11-06,Concluído,Marketplace,PIX
O0003517,C02020,2024-10-26,Concluído,Site,Cartão
O0003518,C02861,2023-12-19,Concluído,Site,Cartão
O0003519,C02861,2023-09-08,Concluído,Marketplace,PIX
O0003520,C00541,2025-04-01,Concluído,Site,Carteira digital
O0003521,C00541,2025-01-01,Concluído,Marketplace,Cartão
O0003522,C01820,2023-05-22,Concluído,Site,Boleto
O0003523,C01820,2023-08-25,Concluído,Marketplace,Cartão
O0003524,C00255,2025-06-02,Concluído,App,Cartão
O0003525,C00255,2025-12-15,Concluído,App,Carteira digital
O0003526,C03775,2025-12-18,Concluído,Site,PIX
O0003527,C03775,2025-11-28,Concluído,App,PIX
O0003528,C02621,2023-03-31,Concluído,Marketplace,Cartão
O0003529,C01878,2025-11-25,Concluído,App,PIX
O0003530,C01878,2025-12-14,Concluído,Site,Carteira digital
O0003531,C01878,2025-12-31,Concluído,Site,Cartão
O0003532,C01878,2025-11-30,Concluído,Site,PIX
O0003533,C01878,2025-12-19,Concluído,Site,Boleto
O0003534,C01878,2025-12-29,Concluído,Site,Boleto
O0003535,C04430,2025-09-05,Concluído,Marketplace,Boleto
O0003536,C04430,2025-11-08,Concluído,App,Cartão
O0003537,C04430,2025-11-29,Concluído,Site,Cartão
O0003538,C04430,2025-08-15,Concluído,Site,Cartão
O0003539,C04430,2025-10-01,Concluído,Marketplace,Cartão
O0003540,C04737,2025-10-08,Concluído,Marketplace,Cartão
O0003541,C04737,2025-06-14,Cancelado,App,Cartão
O0003542,C04737,2025-03-21,Concluído,App,PIX
O0003543,C04737,2025-05-07,Concluído,Site,Cartão
O0003544,C04737,2025-02-24,Concluído,App,PIX
O0003545,C00346,2025-05-23,Concluído,App,PIX
O0003546,C00346,2025-05-23,Concluído,Site,Cartão
O0003547,C00346,2025-04-11,Concluído,App,Cartão
O0003548,C00346,2025-08-13,Concluído,Site,Carteira digital
O0003549,C03138,2024-12-13,Concluído,Marketplace,PIX
O0003550,C03138,2025-11-25,Concluído,Site,Boleto
O0003551,C04289,2023-04-07,Concluído,App,Cartão
O0003552,C04289,2025-03-12,Concluído,Marketplace,Carteira digital
O0003553,C03531,2023-10-02,Concluído,Marketplace,Cartão
O0003554,C03531,2024-06-18,Concluído,Site,Carteira digital
O0003555,C03531,2025-05-21,Concluído,App,Cartão
O0003556,C03531,2024-10-09,Concluído,Marketplace,Cartão
O0003557,C03531,2024-07-05,Concluído,Site,Carteira digital
O0003558,C03531,2023-12-03,Concluído,Marketplace,Cartão
O0003559,C03531,2024-05-03,Concluído,App,PIX
O0003560,C03531,2023-01-16,Concluído,Site,Carteira digital
O0003561,C03531,2025-10-12,Concluído,Marketplace,Cartão
O0003562,C03531,2023-12-28,Concluído,Marketplace,Cartão
O0003563,C03531,2024-10-01,Concluído,App,Cartão
O0003564,C03357,2024-12-09,Concluído,Marketplace,PIX
O0003565,C04866,2024-10-30,Concluído,Site,PIX
O0003566,C04866,2024-01-02,Concluído,App,PIX
O0003567,C02059,2025-11-02,Concluído,App,PIX
O0003568,C02059,2025-10-14,Concluído,Marketplace,PIX
O0003569,C02308,2025-02-06,Concluído,App,Cartão
O0003570,C03103,2025-09-10,Concluído,App,Cartão
O0003571,C03103,2024-02-26,Concluído,App,Cartão
O0003572,C04571,2025-07-06,Concluído,App,PIX
O0003573,C04571,2025-10-15,Concluído,Site,PIX
O0003574,C04571,2025-11-02,Devolvido,App,PIX
O0003575,C04743,2025-08-14,Concluído,Marketplace,Cartão
O0003576,C04743,2024-05-27,Concluído,Site,Cartão
O0003577,C04743,2024-11-12,Concluído,App,PIX
O0003578,C04743,2024-07-04,Concluído,Site,Carteira digital
O0003579,C04743,2024-12-07,Concluído,Site,PIX
O0003580,C04743,2025-01-15,Concluído,Site,Cartão
O0003581,C04743,2025-02-22,Concluído,App,Cartão
O0003582,C04743,2025-08-17,Concluído,App,Cartão
O0003583,C04743,2025-08-16,Concluído,Marketplace,Cartão
O0003584,C04743,2025-01-17,Concluído,App,Cartão
O0003585,C04743,2025-12-18,Concluído,App,PIX
O0003586,C04743,2025-05-24,Concluído,Site,Cartão
O0003587,C04743,2025-03-28,Concluído,App,Cartão
O0003588,C04743,2025-12-31,Concluído,App,Boleto
O0003589,C04743,2024-04-22,Concluído,Site,Cartão
O0003590,C04743,2025-11-08,Concluído,App,Boleto
O0003591,C04743,2024-07-07,Concluído,Site,Cartão
O0003592,C04743,2024-06-21,Concluído,App,Cartão
O0003593,C04743,2024-10-18,Concluído,App,Cartão
O0003594,C04743,2024-03-16,Concluído,Site,Cartão
O0003595,C04743,2025-04-12,Concluído,Marketplace,PIX
O0003596,C04743,2025-10-30,Cancelado,Site,Carteira digital
O0003597,C04743,2025-03-02,Concluído,App,PIX
O0003598,C02029,2025-11-26,Concluído,Site,PIX
O0003599,C02029,2025-07-29,Concluído,App,Cartão
O0003600,C04581,2025-09-09,Concluído,Site,Cartão
O0003601,C04581,2025-01-19,Concluído,Site,Cartão
O0003602,C04581,2025-01-01,Concluído,App,Cartão
O0003603,C04581,2025-05-23,Concluído,Site,Carteira digital
O0003604,C04581,2025-02-28,Concluído,Marketplace,Boleto
O0003605,C00006,2024-09-27,Concluído,Site,Boleto
O0003606,C00006,2025-10-23,Concluído,Site,PIX
O0003607,C01935,2025-03-02,Concluído,Site,Carteira digital
O0003608,C02179,2025-10-02,Concluído,Site,Cartão
O0003609,C02179,2024-05-23,Concluído,Marketplace,Cartão
O0003610,C02179,2024-08-02,Concluído,App,Carteira digital
O0003611,C02179,2025-09-07,Concluído,Marketplace,Cartão
O0003612,C02179,2025-08-05,Concluído,Marketplace,Cartão
O0003613,C00656,2025-10-31,Concluído,App,Boleto
O0003614,C00656,2025-12-21,Concluído,App,Cartão
O0003615,C03560,2023-04-29,Concluído,Site,Carteira digital
O0003616,C03560,2024-01-29,Concluído,Marketplace,PIX
O0003617,C03295,2025-12-25,Concluído,Marketplace,Cartão
O0003618,C03295,2025-12-23,Concluído,Site,PIX
O0003619,C03295,2025-12-26,Concluído,Site,PIX
O0003620,C03295,2025-12-31,Concluído,App,Carteira digital
O0003621,C01240,2024-07-01,Concluído,Site,Cartão
O0003622,C01240,2024-06-14,Concluído,Site,PIX
O0003623,C02843,2025-10-04,Concluído,App,Cartão
O0003624,C02843,2025-11-11,Concluído,App,Carteira digital
O0003625,C03830,2024-10-23,Concluído,Site,Cartão
O0003626,C01026,2025-01-21,Concluído,Site,Cartão
O0003627,C03406,2025-06-28,Concluído,Site,PIX
O0003628,C03406,2025-06-16,Concluído,Site,Cartão
O0003629,C03406,2025-06-27,Concluído,Marketplace,Cartão
O0003630,C03406,2025-06-19,Concluído,Site,Carteira digital
O0003631,C01188,2025-10-01,Concluído,App,Cartão
O0003632,C01188,2025-01-25,Concluído,Site,Carteira digital
O0003633,C04120,2025-11-08,Concluído,Site,Cartão
O0003634,C04120,2025-09-30,Concluído,Site,Carteira digital
O0003635,C04120,2025-05-21,Concluído,App,PIX
O0003636,C04120,2025-10-26,Concluído,Site,Carteira digital
O0003637,C04120,2025-05-18,Devolvido,Site,Cartão
O0003638,C04120,2025-12-17,Concluído,App,PIX
O0003639,C00278,2025-06-07,Concluído,App,PIX
O0003640,C00278,2025-05-10,Concluído,App,Cartão
O0003641,C03346,2025-04-03,Concluído,App,Carteira digital
O0003642,C03346,2023-12-21,Concluído,Site,PIX
O0003643,C03346,2025-06-14,Concluído,Site,Cartão
O0003644,C01385,2023-08-03,Concluído,Marketplace,PIX
O0003645,C00469,2025-09-10,Concluído,App,Cartão
O0003646,C00469,2025-09-27,Concluído,Marketplace,Cartão
O0003647,C01942,2024-09-14,Concluído,Site,PIX
O0003648,C01942,2023-10-05,Concluído,Site,PIX
O0003649,C04066,2024-09-30,Devolvido,Site,Cartão
O0003650,C04066,2025-11-18,Concluído,App,Carteira digital
O0003651,C04066,2025-04-04,Concluído,Site,PIX
O0003652,C04066,2025-01-24,Concluído,App,Cartão
O0003653,C04066,2023-11-27,Concluído,App,Carteira digital
O0003654,C00846,2023-03-01,Concluído,Marketplace,PIX
O0003655,C00846,2024-08-15,Concluído,Site,PIX
O0003656,C00846,2024-06-22,Concluído,Marketplace,Cartão
O0003657,C00846,2024-08-20,Concluído,Site,Cartão
O0003658,C00842,2024-10-23,Concluído,App,PIX
O0003659,C00842,2025-03-08,Concluído,Site,Cartão
O0003660,C00842,2024-11-07,Cancelado,Marketplace,Boleto
O0003661,C00226,2025-06-16,Concluído,App,Cartão
O0003662,C00226,2025-02-02,Concluído,Site,PIX
O0003663,C04358,2025-11-13,Concluído,App,Cartão
O0003664,C04358,2025-07-14,Concluído,Site,Cartão
O0003665,C04358,2025-09-02,Concluído,Site,Cartão
O0003666,C04358,2025-09-01,Devolvido,Site,PIX
O0003667,C02901,2025-04-23,Concluído,Site,Carteira digital
O0003668,C02901,2023-08-19,Concluído,App,Cartão
O0003669,C00965,2025-12-20,Concluído,Marketplace,Carteira digital
O0003670,C00965,2024-10-30,Concluído,Site,Cartão
O0003671,C00965,2025-01-14,Concluído,Site,Cartão
O0003672,C00965,2023-03-03,Concluído,Marketplace,Cartão
O0003673,C02940,2025-02-12,Concluído,Marketplace,PIX
O0003674,C01249,2025-07-17,Concluído,Site,PIX
O0003675,C01249,2025-10-20,Concluído,Site,Carteira digital
O0003676,C01249,2025-12-20,Concluído,Site,Carteira digital
O0003677,C01854,2024-11-05,Concluído,Marketplace,Cartão
O0003678,C01854,2025-10-13,Concluído,Site,Cartão
O0003679,C01967,2025-10-10,Concluído,Site,Cartão
O0003680,C01967,2023-10-05,Concluído,Site,Carteira digital
O0003681,C01967,2024-10-05,Cancelado,Marketplace,PIX
O0003682,C04393,2023-08-04,Concluído,Marketplace,Cartão
O0003683,C04393,2024-09-21,Concluído,App,Cartão
O0003684,C03582,2024-06-08,Concluído,App,Cartão
O0003685,C03582,2023-08-11,Concluído,Site,PIX
O0003686,C02226,2025-11-07,Concluído,Site,Cartão
O0003687,C04359,2024-09-28,Concluído,Site,Carteira digital
O0003688,C04359,2025-12-21,Concluído,Marketplace,Carteira digital
O0003689,C04359,2025-12-26,Concluído,Site,PIX
O0003690,C04359,2024-11-04,Concluído,Site,Cartão
O0003691,C04359,2025-06-11,Concluído,Site,Carteira digital
O0003692,C01642,2025-06-25,Concluído,Site,Cartão
O0003693,C01642,2025-09-27,Concluído,App,PIX
O0003694,C01642,2025-11-28,Concluído,Marketplace,Cartão
O0003695,C01642,2025-10-24,Concluído,App,Cartão
O0003696,C01642,2025-07-01,Concluído,App,PIX
O0003697,C01642,2025-09-03,Concluído,App,Cartão
O0003698,C03523,2023-11-24,Concluído,App,Carteira digital
O0003699,C00121,2025-03-23,Concluído,Marketplace,PIX
O0003700,C00121,2024-03-22,Concluído,Site,PIX
O0003701,C00121,2025-04-05,Concluído,App,Cartão
O0003702,C02398,2025-02-20,Concluído,Site,Boleto
O0003703,C02398,2025-08-16,Concluído,App,Cartão
O0003704,C01410,2025-06-26,Concluído,Site,PIX
O0003705,C03859,2025-10-16,Concluído,Site,Carteira digital
O0003706,C03859,2025-10-13,Concluído,Site,PIX
O0003707,C03859,2025-09-10,Devolvido,Site,Cartão
O0003708,C02661,2025-12-02,Cancelado,App,PIX
O0003709,C02661,2025-05-23,Concluído,Site,Boleto
O0003710,C02661,2024-05-30,Concluído,App,PIX
O0003711,C02661,2025-06-08,Concluído,Marketplace,Carteira digital
O0003712,C02661,2024-03-29,Concluído,Marketplace,Boleto
O0003713,C02661,2025-07-31,Concluído,Site,Cartão
O0003714,C02661,2024-05-14,Concluído,Site,PIX
O0003715,C02661,2024-04-14,Concluído,App,Cartão
O0003716,C02661,2025-03-08,Concluído,App,Boleto
O0003717,C02661,2025-11-29,Concluído,Site,Cartão
O0003718,C02661,2024-06-26,Concluído,App,Carteira digital
O0003719,C02661,2025-12-11,Concluído,Site,Cartão
O0003720,C00033,2024-08-22,Concluído,Site,Carteira digital
O0003721,C04226,2024-11-24,Concluído,Site,Cartão
O0003722,C04226,2025-04-07,Concluído,Site,Cartão
O0003723,C00283,2025-05-14,Concluído,Site,Cartão
O0003724,C00283,2025-10-21,Concluído,App,PIX
O0003725,C00283,2025-08-18,Concluído,Site,PIX
O0003726,C00283,2025-07-30,Concluído,Site,PIX
O0003727,C04208,2023-09-06,Concluído,Site,PIX
O0003728,C04208,2023-07-02,Concluído,Site,Cartão
O0003729,C04208,2024-10-19,Concluído,Site,Cartão
O0003730,C04208,2024-07-02,Concluído,Site,Cartão
O0003731,C04208,2025-06-10,Concluído,App,Cartão
O0003732,C04208,2024-06-09,Concluído,App,PIX
O0003733,C00145,2025-11-14,Concluído,Site,Cartão
O0003734,C00145,2025-07-27,Concluído,Marketplace,Cartão
O0003735,C00145,2025-02-09,Concluído,Site,PIX
O0003736,C00145,2025-01-18,Concluído,Marketplace,Carteira digital
O0003737,C00145,2025-10-07,Concluído,Site,Cartão
O0003738,C04592,2025-01-24,Concluído,Site,Boleto
O0003739,C02136,2025-09-09,Concluído,Site,Cartão
O0003740,C01434,2025-09-28,Concluído,Site,PIX
O0003741,C01434,2023-05-15,Concluído,Site,Cartão
O0003742,C04792,2025-11-06,Concluído,Site,Cartão
O0003743,C04436,2025-06-15,Concluído,Marketplace,PIX
O0003744,C04436,2025-05-10,Concluído,Site,Cartão
O0003745,C04436,2025-06-25,Concluído,Site,Cartão
O0003746,C04436,2025-04-27,Concluído,App,Cartão
O0003747,C00270,2023-08-30,Concluído,App,Cartão
O0003748,C00270,2023-11-13,Concluído,App,Cartão
O0003749,C00270,2025-01-05,Concluído,Site,Cartão
O0003750,C03491,2024-05-08,Concluído,Marketplace,Cartão
O0003751,C03491,2024-03-08,Concluído,App,Boleto
O0003752,C03399,2024-03-07,Concluído,Site,PIX
O0003753,C01033,2025-12-18,Concluído,Marketplace,Cartão
O0003754,C03316,2025-02-23,Concluído,Site,Cartão
O0003755,C03316,2024-05-01,Concluído,Site,Cartão
O0003756,C03316,2023-08-10,Concluído,Site,PIX
O0003757,C03316,2025-01-27,Concluído,Site,Cartão
O0003758,C03316,2025-05-14,Concluído,Marketplace,PIX
O0003759,C03316,2024-07-28,Concluído,Site,PIX
O0003760,C03316,2025-10-27,Concluído,Site,PIX
O0003761,C03316,2023-04-14,Concluído,App,Carteira digital
O0003762,C03316,2023-08-13,Concluído,App,Cartão
O0003763,C03979,2025-05-14,Concluído,Site,Cartão
O0003764,C03979,2025-09-08,Concluído,Site,Carteira digital
O0003765,C00808,2025-01-06,Concluído,Site,Cartão
O0003766,C00808,2025-07-01,Concluído,Site,Carteira digital
O0003767,C02553,2023-06-22,Concluído,App,PIX
O0003768,C02553,2025-06-03,Concluído,Marketplace,Carteira digital
O0003769,C02553,2024-03-07,Concluído,App,PIX
O0003770,C02553,2025-08-15,Concluído,Marketplace,Cartão
O0003771,C02553,2025-04-11,Concluído,App,Cartão
O0003772,C02553,2025-11-07,Concluído,Site,Cartão
O0003773,C00019,2024-05-13,Concluído,Site,PIX
O0003774,C03193,2025-12-09,Concluído,App,PIX
O0003775,C03193,2025-09-01,Concluído,Marketplace,Cartão
O0003776,C02309,2024-09-06,Concluído,Site,Cartão
O0003777,C02309,2025-02-02,Concluído,Marketplace,PIX
O0003778,C00961,2024-10-11,Concluído,Marketplace,Carteira digital
O0003779,C01969,2025-11-18,Concluído,Site,Cartão
O0003780,C01969,2025-09-04,Concluído,Marketplace,Cartão
O0003781,C04230,2024-12-18,Concluído,App,Carteira digital
O0003782,C04230,2025-02-09,Concluído,Site,Cartão
O0003783,C04230,2024-12-29,Concluído,Site,Boleto
O0003784,C04057,2025-07-13,Concluído,App,Cartão
O0003785,C04057,2025-07-03,Concluído,App,PIX
O0003786,C04057,2025-07-09,Concluído,App,Carteira digital
O0003787,C04057,2025-11-24,Concluído,Marketplace,Cartão
O0003788,C04057,2025-08-06,Concluído,Site,Cartão
O0003789,C04057,2025-12-14,Concluído,Marketplace,PIX
O0003790,C04057,2025-06-20,Concluído,App,Cartão
O0003791,C04057,2025-07-30,Concluído,Marketplace,Cartão
O0003792,C04057,2025-07-18,Concluído,Marketplace,Cartão
O0003793,C04057,2025-12-11,Concluído,Site,Cartão
O0003794,C04057,2025-11-07,Concluído,Site,Cartão
O0003795,C04057,2025-12-04,Concluído,Site,Cartão
O0003796,C04057,2025-08-15,Concluído,Marketplace,PIX
O0003797,C04057,2025-07-10,Concluído,Site,Cartão
O0003798,C04057,2025-10-02,Concluído,App,Carteira digital
O0003799,C00496,2025-08-17,Concluído,Site,Cartão
O0003800,C00496,2024-05-03,Concluído,App,PIX
O0003801,C00496,2023-11-14,Concluído,Site,Carteira digital
O0003802,C02840,2025-09-07,Concluído,Site,PIX
O0003803,C02840,2025-12-21,Concluído,Marketplace,PIX
O0003804,C01513,2023-06-11,Concluído,Site,Cartão
O0003805,C03294,2025-12-22,Concluído,App,Cartão
O0003806,C03294,2025-09-13,Concluído,Site,Cartão
O0003807,C03294,2025-09-22,Concluído,Site,Cartão
O0003808,C01972,2025-09-14,Concluído,Marketplace,Boleto
O0003809,C01972,2025-04-18,Concluído,Marketplace,Cartão
O0003810,C01972,2025-08-21,Concluído,App,Carteira digital
O0003811,C01972,2025-02-27,Concluído,Marketplace,Carteira digital
O0003812,C01972,2025-09-05,Concluído,Site,Cartão
O0003813,C01972,2025-11-27,Concluído,Site,PIX
O0003814,C01972,2025-08-16,Concluído,App,Boleto
O0003815,C04759,2025-05-27,Concluído,Site,PIX
O0003816,C04759,2024-11-23,Concluído,Marketplace,Carteira digital
O0003817,C04759,2025-07-20,Devolvido,Marketplace,Cartão
O0003818,C04759,2024-11-02,Concluído,App,Cartão
O0003819,C04141,2025-06-23,Concluído,Site,Cartão
O0003820,C04141,2025-09-18,Concluído,Site,Carteira digital
O0003821,C04141,2025-12-26,Concluído,App,Cartão
O0003822,C04141,2025-08-05,Concluído,Site,Cartão
O0003823,C04141,2025-11-08,Concluído,App,Cartão
O0003824,C04141,2025-08-14,Concluído,Site,Cartão
O0003825,C00691,2024-03-13,Concluído,Site,PIX
O0003826,C03041,2025-09-11,Concluído,Site,Cartão
O0003827,C03041,2025-10-31,Concluído,Site,Carteira digital
O0003828,C03041,2024-12-23,Concluído,Site,Cartão
O0003829,C03041,2025-07-24,Concluído,Marketplace,Cartão
O0003830,C03041,2023-08-24,Concluído,Site,PIX
O0003831,C04078,2023-12-25,Concluído,App,PIX
O0003832,C04078,2024-07-13,Concluído,Marketplace,Cartão
O0003833,C01532,2024-07-04,Concluído,App,PIX
O0003834,C01532,2023-11-24,Concluído,Site,PIX
O0003835,C01532,2025-04-19,Concluído,App,Cartão
O0003836,C03047,2024-11-08,Cancelado,Marketplace,Cartão
O0003837,C03047,2025-04-06,Concluído,App,Carteira digital
O0003838,C02178,2024-11-24,Concluído,Site,PIX
O0003839,C02178,2024-08-31,Concluído,Site,Cartão
O0003840,C03124,2025-05-06,Concluído,Marketplace,Cartão
O0003841,C03124,2025-03-26,Concluído,Site,Cartão
O0003842,C04667,2025-12-25,Concluído,Marketplace,Cartão
O0003843,C04667,2025-08-07,Concluído,App,Cartão
O0003844,C04667,2025-08-13,Concluído,Site,Cartão
O0003845,C04738,2025-12-01,Concluído,App,Cartão
O0003846,C04738,2025-11-26,Concluído,App,Cartão
O0003847,C04047,2025-11-22,Concluído,Site,PIX
O0003848,C04047,2023-12-11,Cancelado,Marketplace,PIX
O0003849,C03682,2023-10-15,Concluído,App,Cartão
O0003850,C02516,2025-07-26,Concluído,Site,Cartão
O0003851,C00550,2024-01-30,Concluído,Site,Cartão
O0003852,C00550,2024-11-14,Cancelado,App,Cartão
O0003853,C00550,2023-02-21,Concluído,Marketplace,Carteira digital
O0003854,C00550,2024-08-22,Concluído,Site,Carteira digital
O0003855,C00550,2023-11-28,Cancelado,App,PIX
O0003856,C02118,2025-09-08,Concluído,Marketplace,Boleto
O0003857,C02118,2025-10-26,Concluído,App,Carteira digital
O0003858,C00467,2025-11-09,Concluído,Site,Cartão
O0003859,C00467,2025-08-03,Concluído,Site,Boleto
O0003860,C03653,2025-12-02,Concluído,App,Cartão
O0003861,C00832,2025-12-27,Concluído,App,Boleto
O0003862,C02923,2025-05-29,Concluído,Site,Cartão
O0003863,C01332,2025-11-11,Concluído,Site,Cartão
O0003864,C01332,2023-01-04,Concluído,App,PIX
O0003865,C01332,2023-08-27,Concluído,Site,PIX
O0003866,C01332,2025-02-26,Concluído,Site,Carteira digital
O0003867,C01332,2024-06-10,Cancelado,Site,PIX
O0003868,C01332,2023-03-17,Concluído,Site,PIX
O0003869,C01332,2025-01-17,Concluído,Site,Cartão
O0003870,C02376,2025-09-22,Concluído,Site,Cartão
O0003871,C04662,2024-05-01,Concluído,Site,PIX
O0003872,C04662,2023-04-29,Concluído,App,PIX
O0003873,C04662,2025-11-27,Concluído,App,Cartão
O0003874,C01263,2025-07-16,Concluído,Site,Boleto
O0003875,C01263,2025-07-23,Concluído,Marketplace,Cartão
O0003876,C01263,2025-03-16,Concluído,Site,PIX
O0003877,C01263,2025-04-28,Concluído,Marketplace,Carteira digital
O0003878,C03676,2025-03-26,Concluído,Marketplace,Cartão
O0003879,C03676,2025-07-24,Concluído,Marketplace,PIX
O0003880,C03676,2025-06-02,Concluído,Site,Boleto
O0003881,C03676,2025-01-29,Concluído,Site,Cartão
O0003882,C03676,2025-05-29,Concluído,Site,Cartão
O0003883,C03676,2024-11-12,Concluído,Site,PIX
O0003884,C03676,2025-09-24,Concluído,Site,Carteira digital
O0003885,C03417,2025-10-25,Concluído,Site,Carteira digital
O0003886,C03417,2023-01-12,Concluído,Site,Cartão
O0003887,C03417,2024-02-17,Concluído,Site,Cartão
O0003888,C03417,2025-09-30,Concluído,Site,PIX
O0003889,C03417,2023-06-02,Concluído,App,Cartão
O0003890,C03417,2024-08-14,Concluído,App,PIX
O0003891,C03417,2025-12-04,Concluído,App,PIX
O0003892,C03417,2023-04-16,Concluído,App,Cartão
O0003893,C01922,2025-12-23,Concluído,App,PIX
O0003894,C01922,2024-12-09,Concluído,Site,Cartão
O0003895,C01925,2025-09-01,Concluído,Site,PIX
O0003896,C01925,2025-11-30,Concluído,Site,Cartão
O0003897,C03232,2025-05-24,Concluído,App,PIX
O0003898,C02956,2024-11-05,Concluído,Marketplace,Cartão
O0003899,C02956,2024-06-12,Concluído,Marketplace,Carteira digital
O0003900,C02956,2023-06-18,Concluído,Site,PIX
O0003901,C03364,2025-02-13,Concluído,App,PIX
O0003902,C03364,2025-12-17,Concluído,Marketplace,Cartão
O0003903,C04538,2024-08-24,Concluído,App,Cartão
O0003904,C03589,2025-12-28,Concluído,App,Cartão
O0003905,C03589,2025-12-09,Concluído,Site,Carteira digital
O0003906,C03589,2025-12-18,Concluído,Site,Carteira digital
O0003907,C03589,2025-09-21,Concluído,App,PIX
O0003908,C03589,2025-12-02,Concluído,Marketplace,Cartão
O0003909,C03086,2025-08-01,Concluído,Marketplace,PIX
O0003910,C04242,2025-06-08,Concluído,App,Carteira digital
O0003911,C04242,2024-05-19,Concluído,Site,Carteira digital
O0003912,C03541,2024-03-25,Concluído,App,Carteira digital
O0003913,C03541,2024-01-08,Concluído,App,PIX
O0003914,C03541,2025-11-26,Concluído,Marketplace,Cartão
O0003915,C03541,2024-02-15,Concluído,App,PIX
O0003916,C03541,2025-12-05,Concluído,Marketplace,Cartão
O0003917,C00183,2024-09-01,Concluído,Site,PIX
O0003918,C00183,2025-03-25,Concluído,App,PIX
O0003919,C00183,2025-02-04,Concluído,Site,PIX
O0003920,C00183,2024-01-31,Concluído,Marketplace,Cartão
O0003921,C00309,2024-01-20,Concluído,Site,Boleto
O0003922,C00309,2024-06-21,Concluído,Site,PIX
O0003923,C00309,2025-04-24,Concluído,Site,PIX
O0003924,C01761,2024-12-23,Cancelado,Marketplace,PIX
O0003925,C01761,2025-05-25,Concluído,App,Cartão
O0003926,C01761,2025-04-17,Concluído,Site,Cartão
O0003927,C02651,2025-08-25,Concluído,Site,Cartão
O0003928,C01207,2025-01-14,Concluído,Site,Cartão
O0003929,C01207,2023-11-19,Concluído,Site,Cartão
O0003930,C01207,2023-06-27,Concluído,App,Cartão
O0003931,C03978,2023-04-28,Concluído,Site,PIX
O0003932,C03978,2023-09-13,Concluído,App,PIX
O0003933,C00244,2025-11-29,Concluído,App,Cartão
O0003934,C00244,2025-11-01,Concluído,App,Cartão
O0003935,C00244,2025-09-02,Concluído,App,Boleto
O0003936,C00328,2025-10-28,Concluído,Site,Carteira digital
O0003937,C00328,2025-09-07,Concluído,App,Cartão
O0003938,C04698,2025-04-26,Concluído,Site,Cartão
O0003939,C04698,2025-06-18,Concluído,Site,PIX
O0003940,C04698,2025-06-02,Concluído,Marketplace,Carteira digital
O0003941,C00242,2025-12-12,Concluído,Marketplace,Cartão
O0003942,C00242,2025-06-24,Concluído,App,Carteira digital
O0003943,C04865,2025-11-04,Concluído,Site,Boleto
O0003944,C04865,2025-12-29,Concluído,Site,Carteira digital
O0003945,C04865,2025-12-06,Concluído,Marketplace,Cartão
O0003946,C00099,2023-04-19,Concluído,Marketplace,PIX
O0003947,C00099,2023-10-18,Concluído,Site,Boleto
O0003948,C00099,2024-06-06,Concluído,Marketplace,Carteira digital
O0003949,C02198,2025-11-01,Concluído,Site,PIX
O0003950,C02198,2025-08-14,Concluído,Site,Cartão
O0003951,C00527,2025-12-26,Concluído,Marketplace,Cartão
O0003952,C03298,2025-09-18,Concluído,Marketplace,PIX
O0003953,C04859,2023-07-14,Concluído,Site,Cartão
O0003954,C04859,2024-08-02,Concluído,Marketplace,Cartão
O0003955,C04859,2025-12-16,Concluído,Site,Cartão
O0003956,C04859,2025-06-08,Concluído,App,Carteira digital
O0003957,C03636,2024-07-26,Concluído,Marketplace,Cartão
O0003958,C03636,2024-09-20,Devolvido,Marketplace,Cartão
O0003959,C04411,2024-09-22,Concluído,Site,Cartão
O0003960,C04411,2025-02-07,Concluído,Site,PIX
O0003961,C04411,2024-05-15,Concluído,Site,Cartão
O0003962,C04411,2025-04-05,Concluído,Site,Boleto
O0003963,C04045,2025-11-19,Concluído,App,Cartão
O0003964,C04045,2025-11-03,Concluído,App,PIX
O0003965,C04045,2025-12-19,Concluído,Marketplace,Carteira digital
O0003966,C04045,2025-12-13,Concluído,Site,Cartão
O0003967,C04045,2025-10-16,Concluído,Site,PIX
O0003968,C04045,2025-10-31,Concluído,Site,Cartão
O0003969,C04045,2025-12-29,Concluído,App,Cartão
O0003970,C04045,2025-11-06,Concluído,Site,PIX
O0003971,C04045,2025-11-02,Concluído,Site,Cartão
O0003972,C04045,2025-12-02,Concluído,Marketplace,Cartão
O0003973,C04045,2025-10-31,Concluído,Site,PIX
O0003974,C01734,2023-10-29,Concluído,Marketplace,Boleto
O0003975,C01734,2023-08-13,Concluído,Site,PIX
O0003976,C01734,2023-07-04,Concluído,Site,PIX
O0003977,C04483,2025-12-19,Concluído,Site,PIX
O0003978,C04483,2025-08-07,Concluído,App,PIX
O0003979,C03317,2024-04-04,Concluído,Site,PIX
O0003980,C03317,2025-12-21,Concluído,Marketplace,Carteira digital
O0003981,C03317,2025-07-08,Concluído,App,Cartão
O0003982,C03317,2024-09-04,Concluído,App,Cartão
O0003983,C02304,2025-01-31,Concluído,Site,PIX
O0003984,C04950,2025-09-19,Concluído,Marketplace,Cartão
O0003985,C04455,2025-06-12,Concluído,Marketplace,Cartão
O0003986,C01524,2024-06-01,Concluído,Site,Cartão
O0003987,C01524,2023-11-02,Concluído,Site,Carteira digital
O0003988,C02143,2025-09-20,Concluído,Site,PIX
O0003989,C02143,2025-04-02,Devolvido,Site,Cartão
O0003990,C00326,2024-04-30,Concluído,Site,Cartão
O0003991,C00818,2025-11-07,Concluído,Site,Cartão
O0003992,C00818,2025-08-12,Cancelado,Marketplace,Carteira digital
O0003993,C00818,2025-08-23,Concluído,Site,Cartão
O0003994,C04378,2025-12-11,Concluído,App,Cartão
O0003995,C04378,2025-11-30,Concluído,Marketplace,Cartão
O0003996,C01043,2024-07-17,Concluído,Site,Cartão
O0003997,C01043,2025-11-16,Concluído,Site,Cartão
O0003998,C01560,2024-09-22,Concluído,Marketplace,Boleto
O0003999,C02848,2024-11-28,Concluído,App,Cartão
O0004000,C02848,2023-11-23,Concluído,Site,PIX
O0004001,C02848,2024-05-20,Concluído,App,Boleto
O0004002,C02848,2024-05-09,Concluído,Site,Cartão
O0004003,C02848,2024-08-10,Concluído,App,PIX
O0004004,C02848,2024-08-27,Concluído,App,Cartão
O0004005,C02848,2024-05-31,Concluído,Site,PIX
O0004006,C02848,2023-05-28,Concluído,Site,Carteira digital
O0004007,C02848,2025-04-13,Concluído,Marketplace,PIX
O0004008,C02848,2023-05-07,Concluído,Site,PIX
O0004009,C02848,2024-07-13,Concluído,Site,PIX
O0004010,C02848,2025-05-03,Concluído,Site,Cartão
O0004011,C02848,2025-06-15,Concluído,App,Carteira digital
O0004012,C02848,2023-03-22,Concluído,Site,Cartão
O0004013,C02848,2023-07-04,Concluído,App,Cartão
O0004014,C02848,2024-09-27,Concluído,App,PIX
O0004015,C02848,2024-02-04,Concluído,App,Cartão
O0004016,C01827,2025-04-20,Concluído,Site,Cartão
O0004017,C01827,2025-04-06,Concluído,Site,Carteira digital
O0004018,C01827,2025-12-12,Concluído,Site,PIX
O0004019,C01827,2024-02-25,Concluído,Site,PIX
O0004020,C00505,2025-05-26,Concluído,Site,Cartão
O0004021,C00505,2023-11-07,Concluído,App,PIX
O0004022,C04261,2024-01-08,Concluído,App,Cartão
O0004023,C04261,2024-06-06,Concluído,App,Carteira digital
O0004024,C04261,2023-11-06,Concluído,Site,Cartão
O0004025,C01091,2024-09-03,Concluído,App,Cartão
O0004026,C01091,2024-09-14,Concluído,Marketplace,Cartão
O0004027,C03141,2023-10-04,Concluído,Marketplace,Cartão
O0004028,C00041,2024-09-19,Concluído,Site,PIX
O0004029,C00041,2024-08-19,Concluído,Site,PIX
O0004030,C00041,2024-03-12,Concluído,Site,PIX
O0004031,C00041,2024-12-02,Concluído,Site,Boleto
O0004032,C00041,2025-02-07,Concluído,App,Cartão
O0004033,C00041,2024-11-29,Concluído,App,PIX
O0004034,C03874,2024-12-21,Concluído,App,Boleto
O0004035,C03874,2024-10-03,Concluído,Marketplace,Carteira digital
O0004036,C03894,2023-12-22,Concluído,Site,Cartão
O0004037,C03894,2025-10-04,Concluído,Site,Cartão
O0004038,C03894,2023-08-17,Concluído,App,PIX
O0004039,C03894,2024-12-03,Concluído,Site,PIX
O0004040,C03530,2025-10-27,Concluído,App,Cartão
O0004041,C03530,2025-08-28,Concluído,Site,Cartão
O0004042,C04294,2023-10-23,Concluído,Site,PIX
O0004043,C04294,2024-10-11,Concluído,Site,Cartão
O0004044,C03780,2025-07-23,Concluído,App,Carteira digital
O0004045,C03387,2025-03-12,Concluído,Marketplace,Cartão
O0004046,C03387,2025-05-09,Concluído,Site,PIX
O0004047,C03387,2025-04-02,Concluído,Marketplace,Boleto
O0004048,C01066,2025-04-23,Concluído,Site,Boleto
O0004049,C04213,2025-08-06,Concluído,Site,Carteira digital
O0004050,C04213,2025-05-17,Cancelado,Site,Cartão
O0004051,C04213,2024-10-16,Concluído,Site,Carteira digital
O0004052,C04213,2025-03-02,Concluído,App,Boleto
O0004053,C04213,2024-10-28,Concluído,App,PIX
O0004054,C04248,2024-11-28,Concluído,Site,Carteira digital
O0004055,C04248,2023-03-30,Concluído,Marketplace,Cartão
O0004056,C02917,2024-10-29,Devolvido,Marketplace,Boleto
O0004057,C02917,2024-05-19,Concluído,Site,Cartão
O0004058,C02917,2025-11-29,Concluído,Marketplace,Cartão
O0004059,C02917,2024-06-19,Concluído,Marketplace,Boleto
O0004060,C02917,2024-08-25,Concluído,App,Cartão
O0004061,C02917,2024-03-13,Concluído,Marketplace,PIX
O0004062,C04537,2025-12-05,Concluído,Marketplace,PIX
O0004063,C04537,2025-12-17,Concluído,Site,Cartão
O0004064,C04537,2025-09-14,Concluído,Marketplace,Cartão
O0004065,C03311,2025-09-07,Concluído,App,Cartão
O0004066,C03174,2025-10-05,Concluído,App,Cartão
O0004067,C03585,2025-10-21,Concluído,Site,Carteira digital
O0004068,C03585,2025-12-04,Concluído,App,Cartão
O0004069,C03585,2025-08-06,Concluído,App,Cartão
O0004070,C03585,2025-06-15,Cancelado,Site,Cartão
O0004071,C03585,2025-11-14,Concluído,Site,Cartão
O0004072,C03585,2025-10-28,Concluído,Marketplace,Carteira digital
O0004073,C02734,2024-01-04,Concluído,App,Cartão
O0004074,C02734,2025-08-03,Concluído,Site,PIX
O0004075,C02734,2025-02-10,Concluído,Site,Cartão
O0004076,C02734,2024-04-17,Concluído,Site,Boleto
O0004077,C02734,2023-06-04,Concluído,App,Cartão
O0004078,C02215,2023-06-06,Concluído,App,Boleto
O0004079,C04591,2025-08-24,Concluído,Site,Cartão
O0004080,C04591,2025-07-07,Concluído,App,PIX
O0004081,C04591,2025-06-21,Concluído,Marketplace,Carteira digital
O0004082,C04591,2025-04-05,Concluído,Site,Cartão
O0004083,C04591,2025-07-28,Concluído,Site,Carteira digital
O0004084,C04591,2025-06-26,Concluído,App,Cartão
O0004085,C03545,2024-12-24,Concluído,Site,PIX
O0004086,C03545,2025-05-27,Concluído,Site,Carteira digital
O0004087,C03545,2024-09-27,Concluído,Site,Cartão
O0004088,C03545,2024-06-12,Concluído,App,Cartão
O0004089,C03545,2024-09-01,Concluído,Site,Cartão
O0004090,C00612,2023-03-15,Concluído,Marketplace,Carteira digital
O0004091,C00612,2025-09-09,Concluído,Site,Cartão
O0004092,C04495,2025-04-09,Concluído,Marketplace,Cartão
O0004093,C02335,2025-12-24,Concluído,Site,Cartão
O0004094,C02335,2025-12-29,Concluído,Site,Cartão
O0004095,C02335,2024-11-04,Concluído,Site,Cartão
O0004096,C00499,2024-07-02,Concluído,Marketplace,Cartão
O0004097,C00499,2024-12-27,Concluído,App,Cartão
O0004098,C03834,2025-06-18,Concluído,App,PIX
O0004099,C03834,2025-05-30,Concluído,Site,PIX
O0004100,C03834,2025-06-06,Concluído,Marketplace,Cartão
O0004101,C03834,2025-06-05,Concluído,Site,Cartão
O0004102,C03834,2025-05-23,Concluído,Site,Carteira digital
O0004103,C03834,2025-06-11,Concluído,Marketplace,Boleto
O0004104,C00003,2025-05-16,Concluído,Marketplace,Cartão
O0004105,C00003,2025-07-04,Concluído,App,Carteira digital
O0004106,C00003,2025-11-30,Concluído,App,Cartão
O0004107,C04312,2025-10-29,Concluído,Marketplace,Cartão
O0004108,C04312,2025-10-29,Concluído,Marketplace,PIX
O0004109,C02814,2024-05-12,Concluído,Marketplace,Carteira digital
O0004110,C02814,2023-12-30,Concluído,App,PIX
O0004111,C01957,2024-04-07,Concluído,App,Cartão
O0004112,C01957,2023-07-11,Concluído,Marketplace,Cartão
O0004113,C01957,2025-10-11,Concluído,App,PIX
O0004114,C01957,2023-02-08,Concluído,Site,Boleto
O0004115,C02228,2025-02-08,Concluído,Site,Carteira digital
O0004116,C02228,2024-11-25,Concluído,Site,PIX
O0004117,C02228,2025-02-05,Concluído,Site,Cartão
O0004118,C04631,2025-01-04,Concluído,App,Cartão
O0004119,C00294,2024-05-22,Concluído,Site,Cartão
O0004120,C00294,2025-05-02,Concluído,Site,PIX
O0004121,C00294,2023-02-23,Concluído,Site,Cartão
O0004122,C00294,2023-05-05,Concluído,Site,PIX
O0004123,C00294,2023-07-27,Concluído,App,Cartão
O0004124,C00294,2025-09-25,Concluído,Site,Cartão
O0004125,C00013,2025-12-06,Concluído,App,PIX
O0004126,C04544,2025-12-15,Concluído,Marketplace,PIX
O0004127,C00074,2025-03-14,Concluído,Site,PIX
O0004128,C00074,2025-05-25,Concluído,App,Cartão
O0004129,C00074,2025-02-03,Concluído,Marketplace,PIX
O0004130,C00074,2024-11-11,Concluído,Site,Cartão
O0004131,C04927,2024-06-19,Concluído,Marketplace,Cartão
O0004132,C04927,2025-01-03,Concluído,Site,Cartão
O0004133,C03043,2024-05-03,Concluído,Site,PIX
O0004134,C03043,2023-09-21,Concluído,Site,Cartão
O0004135,C03882,2024-08-28,Concluído,Site,Carteira digital
O0004136,C03882,2025-10-20,Concluído,App,Boleto
O0004137,C03882,2024-02-21,Concluído,Site,Cartão
O0004138,C03882,2025-04-14,Concluído,Marketplace,Carteira digital
O0004139,C03882,2023-03-22,Concluído,Marketplace,Boleto
O0004140,C02346,2023-06-23,Concluído,App,Cartão
O0004141,C02346,2024-12-12,Concluído,Site,Cartão
O0004142,C02346,2023-06-18,Concluído,Site,PIX
O0004143,C01796,2024-05-10,Concluído,Marketplace,PIX
O0004144,C01796,2023-02-16,Concluído,Marketplace,PIX
O0004145,C02422,2025-01-21,Concluído,Marketplace,Cartão
O0004146,C02422,2024-11-30,Concluído,App,Carteira digital
O0004147,C03293,2024-03-30,Concluído,App,Cartão
O0004148,C03293,2024-03-28,Concluído,Site,Cartão
O0004149,C03293,2024-02-01,Concluído,Site,PIX
O0004150,C02697,2025-10-25,Concluído,Site,PIX
O0004151,C02697,2025-12-04,Concluído,Site,Cartão
O0004152,C01390,2025-02-14,Concluído,Site,Cartão
O0004153,C01390,2025-06-23,Concluído,Site,Carteira digital
O0004154,C01154,2023-06-11,Concluído,App,Cartão
O0004155,C01154,2023-07-16,Concluído,Site,PIX
O0004156,C01154,2024-03-31,Cancelado,Site,Cartão
O0004157,C00487,2023-05-19,Concluído,App,Cartão
O0004158,C03202,2025-04-25,Concluído,Site,PIX
O0004159,C03202,2024-06-01,Concluído,Site,Cartão
O0004160,C03202,2024-08-08,Concluído,App,Cartão
O0004161,C03202,2024-02-09,Concluído,Site,PIX
O0004162,C03202,2024-04-12,Concluído,Site,Cartão
O0004163,C03202,2024-08-20,Concluído,Site,Cartão
O0004164,C03202,2024-09-25,Concluído,App,Cartão
O0004165,C03202,2024-11-09,Concluído,Site,Carteira digital
O0004166,C03751,2025-05-28,Concluído,App,Cartão
O0004167,C03751,2025-07-07,Concluído,App,Cartão
O0004168,C03162,2024-05-26,Concluído,Site,Carteira digital
O0004169,C00207,2025-10-18,Concluído,Site,Cartão
O0004170,C00207,2025-12-04,Concluído,App,Boleto
O0004171,C02742,2025-12-10,Concluído,Site,Carteira digital
O0004172,C02742,2024-05-26,Concluído,App,Cartão
O0004173,C02742,2025-05-25,Concluído,App,PIX
O0004174,C00220,2025-12-11,Concluído,App,Cartão
O0004175,C00220,2025-10-23,Concluído,Marketplace,Cartão
O0004176,C00220,2025-10-08,Concluído,Marketplace,Cartão
O0004177,C03264,2025-04-14,Concluído,App,Carteira digital
O0004178,C00703,2023-08-28,Concluído,Site,PIX
O0004179,C00703,2024-03-29,Concluído,Site,Cartão
O0004180,C00703,2025-07-08,Concluído,App,Carteira digital
O0004181,C04819,2024-10-23,Concluído,App,PIX
O0004182,C04819,2025-09-08,Concluído,Site,Cartão
O0004183,C04512,2025-10-27,Concluído,Marketplace,PIX
O0004184,C04512,2024-07-12,Concluído,Marketplace,PIX
O0004185,C02736,2023-10-09,Concluído,Site,Cartão
O0004186,C04370,2025-10-20,Concluído,Site,Cartão
O0004187,C04370,2025-03-20,Concluído,Marketplace,PIX
O0004188,C02315,2025-06-05,Concluído,Site,Cartão
O0004189,C00096,2025-04-02,Concluído,App,PIX
O0004190,C00096,2025-10-19,Concluído,Site,Cartão
O0004191,C00096,2025-11-07,Concluído,Site,PIX
O0004192,C03256,2025-11-01,Concluído,Site,Cartão
O0004193,C03256,2025-10-09,Concluído,App,Cartão
O0004194,C03119,2025-12-27,Concluído,Site,Cartão
O0004195,C03119,2025-12-18,Concluído,App,Cartão
O0004196,C01503,2025-06-22,Concluído,Site,Cartão
O0004197,C01503,2025-02-16,Concluído,Site,Cartão
O0004198,C01503,2025-03-07,Concluído,Site,PIX
O0004199,C01503,2025-05-27,Concluído,Marketplace,PIX
O0004200,C01503,2025-06-10,Cancelado,App,Cartão
O0004201,C01503,2025-03-31,Concluído,App,Cartão
O0004202,C01503,2025-02-16,Concluído,Site,Cartão
O0004203,C01503,2025-02-22,Concluído,Site,Boleto
O0004204,C01503,2025-04-14,Concluído,Marketplace,Carteira digital
O0004205,C04543,2025-12-12,Concluído,Site,Cartão
O0004206,C01772,2024-12-06,Concluído,App,Boleto
O0004207,C01772,2025-03-24,Concluído,Site,Cartão
O0004208,C03300,2025-10-04,Concluído,App,Cartão
O0004209,C02089,2025-12-05,Concluído,App,PIX
O0004210,C02089,2025-11-02,Concluído,App,PIX
O0004211,C00869,2025-02-17,Concluído,Site,Boleto
O0004212,C00869,2024-10-11,Concluído,Site,Cartão
O0004213,C00869,2025-08-29,Concluído,Marketplace,PIX
O0004214,C00869,2025-04-07,Concluído,Marketplace,PIX
O0004215,C00869,2025-07-23,Concluído,Site,PIX
O0004216,C00869,2024-11-14,Concluído,Site,Cartão
O0004217,C01471,2025-11-23,Concluído,Site,Cartão
O0004218,C01471,2025-12-06,Concluído,Site,Cartão
O0004219,C01471,2025-12-09,Concluído,Site,Carteira digital
O0004220,C01451,2024-10-31,Concluído,App,PIX
O0004221,C03905,2025-06-28,Concluído,Site,Cartão
O0004222,C03905,2025-06-12,Concluído,Site,Cartão
O0004223,C03019,2024-07-02,Concluído,App,PIX
O0004224,C03019,2024-05-27,Concluído,Site,Carteira digital
O0004225,C03019,2025-07-20,Concluído,App,Carteira digital
O0004226,C02961,2024-05-01,Concluído,Site,PIX
O0004227,C02961,2024-10-24,Concluído,Marketplace,Cartão
O0004228,C02112,2024-08-19,Concluído,Marketplace,Cartão
O0004229,C02112,2025-02-25,Concluído,Marketplace,Cartão
O0004230,C02112,2025-04-01,Concluído,Site,PIX
O0004231,C01007,2025-06-24,Concluído,Site,Carteira digital
O0004232,C01007,2025-09-04,Concluído,Site,PIX
O0004233,C00177,2024-11-23,Concluído,App,Carteira digital
O0004234,C00177,2023-05-28,Concluído,Site,PIX
O0004235,C00177,2024-06-27,Concluído,Marketplace,Carteira digital
O0004236,C03093,2025-02-20,Concluído,Site,PIX
O0004237,C03093,2024-05-09,Concluído,App,Cartão
O0004238,C01389,2025-08-28,Concluído,Marketplace,Cartão
O0004239,C04802,2025-03-09,Concluído,Marketplace,Cartão
O0004240,C04802,2025-01-02,Concluído,App,Boleto
O0004241,C04802,2025-10-04,Concluído,Site,PIX
O0004242,C01165,2025-12-03,Concluído,App,Cartão
O0004243,C01165,2023-03-09,Concluído,App,Cartão
O0004244,C01165,2024-06-30,Concluído,Site,Cartão
O0004245,C01165,2025-04-29,Concluído,Marketplace,PIX
O0004246,C01165,2025-08-16,Concluído,Site,Carteira digital
O0004247,C03338,2025-07-25,Concluído,Site,Cartão
O0004248,C03338,2024-03-03,Concluído,Site,Carteira digital
O0004249,C03338,2025-01-07,Concluído,Site,PIX
O0004250,C03547,2023-06-30,Concluído,Site,Carteira digital
O0004251,C03547,2024-07-07,Concluído,Marketplace,PIX
O0004252,C03547,2025-01-28,Concluído,App,PIX
O0004253,C03547,2024-01-26,Concluído,App,PIX
O0004254,C03156,2025-02-18,Concluído,App,Carteira digital
O0004255,C00412,2025-07-29,Concluído,Site,Cartão
O0004256,C00412,2025-09-19,Concluído,Site,PIX
O0004257,C00412,2025-09-24,Concluído,App,PIX
O0004258,C03715,2025-12-06,Concluído,Site,Boleto
O0004259,C03715,2023-09-30,Concluído,Site,PIX
O0004260,C03715,2024-05-16,Concluído,Site,Boleto
O0004261,C03715,2025-04-11,Concluído,Marketplace,Carteira digital
O0004262,C04517,2024-04-22,Concluído,Site,Cartão
O0004263,C04517,2023-06-05,Concluído,App,PIX
O0004264,C04517,2024-05-03,Concluído,Marketplace,PIX
O0004265,C04517,2025-02-19,Concluído,App,PIX
O0004266,C04517,2023-07-13,Concluído,Site,Cartão
O0004267,C04517,2023-07-10,Concluído,Marketplace,Cartão
O0004268,C04783,2025-12-23,Concluído,Site,Boleto
O0004269,C04783,2024-12-07,Concluído,App,PIX
O0004270,C04783,2024-08-17,Concluído,Site,Boleto
O0004271,C04783,2024-01-07,Concluído,App,Cartão
O0004272,C00364,2025-02-11,Concluído,Site,Carteira digital
O0004273,C03968,2025-01-14,Concluído,Site,Carteira digital
O0004274,C03968,2025-02-23,Concluído,Site,PIX
O0004275,C03968,2025-01-25,Concluído,Site,PIX
O0004276,C03968,2025-04-17,Concluído,Site,PIX
O0004277,C02419,2025-05-31,Concluído,Marketplace,Carteira digital
O0004278,C03993,2024-05-08,Concluído,Marketplace,Cartão
O0004279,C03993,2023-11-14,Concluído,Site,Carteira digital
O0004280,C03422,2025-01-30,Concluído,App,Cartão
O0004281,C00196,2025-12-14,Concluído,App,PIX
O0004282,C04614,2024-08-11,Concluído,Marketplace,Carteira digital
O0004283,C04614,2025-02-02,Concluído,Site,Carteira digital
O0004284,C02765,2025-01-17,Concluído,App,PIX
O0004285,C04917,2025-06-17,Concluído,App,Cartão
O0004286,C04917,2023-01-02,Concluído,Site,Cartão
O0004287,C04917,2024-09-21,Concluído,App,PIX
O0004288,C03645,2025-06-30,Concluído,App,Boleto
O0004289,C03600,2025-12-31,Concluído,Marketplace,PIX
O0004290,C03600,2025-11-07,Concluído,Marketplace,Cartão
O0004291,C03600,2025-10-26,Concluído,App,Carteira digital
O0004292,C01609,2025-04-07,Concluído,Site,Cartão
O0004293,C03441,2025-10-13,Concluído,Site,Cartão
O0004294,C03441,2025-09-23,Concluído,Site,Boleto
O0004295,C01538,2025-11-13,Concluído,Site,Cartão
O0004296,C01538,2025-07-19,Concluído,Site,Boleto
O0004297,C01538,2025-12-12,Concluído,Site,PIX
O0004298,C01538,2025-12-31,Concluído,Marketplace,Carteira digital
O0004299,C01538,2025-09-11,Concluído,Marketplace,Carteira digital
O0004300,C01538,2025-08-17,Concluído,App,Cartão
O0004301,C01538,2025-10-10,Concluído,Marketplace,Cartão
O0004302,C01538,2025-05-27,Concluído,Site,Cartão
O0004303,C01538,2025-09-09,Concluído,Site,Carteira digital
O0004304,C04642,2025-05-03,Concluído,Site,Cartão
O0004305,C01403,2025-06-13,Concluído,App,Cartão
O0004306,C00297,2025-08-06,Concluído,Site,Cartão
O0004307,C00297,2025-09-07,Concluído,App,PIX
O0004308,C03814,2023-06-09,Concluído,Site,Carteira digital
O0004309,C01515,2024-05-11,Concluído,Marketplace,Cartão
O0004310,C01515,2024-08-24,Concluído,App,Cartão
O0004311,C00178,2025-12-11,Concluído,Site,PIX
O0004312,C00178,2025-12-16,Concluído,Site,Carteira digital
O0004313,C01507,2024-09-25,Concluído,Site,Cartão
O0004314,C01507,2024-01-24,Concluído,Site,PIX
O0004315,C01507,2024-12-02,Concluído,Site,Cartão
O0004316,C01751,2024-01-02,Concluído,Marketplace,Cartão
O0004317,C01751,2023-09-20,Concluído,Site,Cartão
O0004318,C01303,2025-06-30,Cancelado,App,Cartão
O0004319,C01303,2024-06-17,Concluído,App,PIX
O0004320,C02294,2025-12-04,Concluído,App,Cartão
O0004321,C02294,2025-11-01,Concluído,Marketplace,PIX
O0004322,C01251,2025-09-07,Concluído,Site,Carteira digital
O0004323,C01251,2024-08-10,Concluído,App,Cartão
O0004324,C01231,2024-09-18,Concluído,App,Cartão
O0004325,C04683,2025-01-12,Concluído,Site,Cartão
O0004326,C04683,2025-09-29,Concluído,Site,Cartão
O0004327,C03257,2025-05-15,Concluído,App,Carteira digital
O0004328,C04105,2025-06-27,Concluído,Site,Carteira digital
O0004329,C04105,2024-01-20,Concluído,Site,Carteira digital
O0004330,C04105,2025-05-29,Concluído,App,Carteira digital
O0004331,C04105,2023-10-07,Concluído,App,PIX
O0004332,C00273,2025-03-28,Concluído,Site,Boleto
O0004333,C00273,2024-01-30,Concluído,App,Cartão
O0004334,C00273,2023-10-10,Concluído,Site,Cartão
O0004335,C00273,2023-03-09,Concluído,Site,Cartão
O0004336,C00545,2025-01-04,Concluído,App,Cartão
O0004337,C00545,2024-11-01,Concluído,Site,Carteira digital
O0004338,C03937,2024-03-30,Concluído,App,PIX
O0004339,C03937,2024-02-13,Concluído,Site,Cartão
O0004340,C03937,2025-09-18,Concluído,Site,Carteira digital
O0004341,C03937,2024-04-12,Concluído,App,Cartão
O0004342,C04837,2024-01-16,Concluído,Site,PIX
O0004343,C04837,2023-10-24,Concluído,App,Cartão
O0004344,C01405,2024-06-24,Concluído,App,Carteira digital
O0004345,C00102,2024-12-29,Concluído,Site,Boleto
O0004346,C00102,2024-06-21,Concluído,Site,Cartão
O0004347,C00102,2023-07-13,Concluído,Site,Cartão
O0004348,C00102,2023-06-06,Concluído,Marketplace,Cartão
O0004349,C00102,2025-03-23,Concluído,App,PIX
O0004350,C00102,2025-09-27,Concluído,Site,Cartão
O0004351,C02876,2025-04-04,Concluído,Site,Carteira digital
O0004352,C02876,2025-12-16,Concluído,App,Cartão
O0004353,C02876,2023-02-02,Concluído,Marketplace,Boleto
O0004354,C03566,2025-05-30,Concluído,Marketplace,Cartão
O0004355,C03566,2025-06-05,Concluído,App,PIX
O0004356,C03566,2025-06-16,Concluído,Site,PIX
O0004357,C03566,2025-05-21,Concluído,Site,PIX
O0004358,C03566,2025-06-22,Concluído,App,PIX
O0004359,C02347,2023-01-28,Concluído,Marketplace,PIX
O0004360,C02347,2025-08-22,Concluído,Site,Cartão
O0004361,C02347,2025-09-14,Concluído,Site,Boleto
O0004362,C03251,2025-05-30,Concluído,Site,Cartão
O0004363,C03251,2024-09-30,Concluído,App,Cartão
O0004364,C03251,2024-11-03,Concluído,Marketplace,PIX
O0004365,C01284,2024-12-30,Concluído,Marketplace,Cartão
O0004366,C02479,2023-02-02,Concluído,Site,Carteira digital
O0004367,C02479,2025-07-09,Concluído,Site,Carteira digital
O0004368,C02479,2024-07-10,Concluído,App,Carteira digital
O0004369,C02479,2024-09-27,Concluído,Site,Cartão
O0004370,C01361,2025-09-02,Concluído,Site,Cartão
O0004371,C01361,2024-07-29,Concluído,Site,Cartão
O0004372,C01361,2024-11-15,Concluído,Site,Carteira digital
O0004373,C01361,2025-08-29,Cancelado,Site,PIX
O0004374,C01361,2025-08-08,Concluído,App,Carteira digital
O0004375,C01361,2024-07-15,Concluído,App,Carteira digital
O0004376,C01361,2023-07-30,Concluído,Site,PIX
O0004377,C01361,2023-05-30,Concluído,Site,Carteira digital
O0004378,C01361,2025-09-12,Concluído,Marketplace,PIX
O0004379,C01361,2023-05-16,Concluído,Site,Boleto
O0004380,C01361,2023-12-18,Concluído,App,Cartão
O0004381,C01361,2025-11-20,Concluído,Marketplace,Carteira digital
O0004382,C03263,2025-10-05,Concluído,App,Carteira digital
O0004383,C01363,2025-07-05,Concluído,Site,PIX
O0004384,C01363,2024-10-21,Concluído,App,PIX
O0004385,C01363,2025-12-31,Concluído,Site,Carteira digital
O0004386,C01363,2025-07-02,Cancelado,Site,Cartão
O0004387,C02787,2025-05-28,Concluído,Site,Cartão
O0004388,C02787,2025-05-19,Concluído,Site,Cartão
O0004389,C02787,2025-05-12,Concluído,App,Cartão
O0004390,C02787,2025-02-12,Concluído,App,PIX
O0004391,C02787,2025-01-07,Concluído,Site,Cartão
O0004392,C04724,2025-11-20,Concluído,Marketplace,Cartão
O0004393,C04724,2025-11-06,Concluído,Marketplace,PIX
O0004394,C04724,2025-11-20,Concluído,Marketplace,Cartão
O0004395,C03815,2025-08-20,Concluído,Site,Cartão
O0004396,C03815,2024-04-17,Concluído,Marketplace,Cartão
O0004397,C03815,2023-12-06,Concluído,Site,Cartão
O0004398,C03505,2025-10-05,Concluído,App,Boleto
O0004399,C03505,2025-01-20,Concluído,App,Carteira digital
O0004400,C03419,2023-11-17,Concluído,App,PIX
O0004401,C03419,2024-07-30,Concluído,Site,Carteira digital
O0004402,C03419,2024-01-14,Concluído,Site,Boleto
O0004403,C03419,2024-03-13,Concluído,Site,Cartão
O0004404,C01499,2024-07-23,Concluído,Site,Cartão
O0004405,C01499,2025-11-09,Concluído,App,Carteira digital
O0004406,C01499,2025-08-14,Concluído,App,Cartão
O0004407,C01499,2024-10-24,Concluído,Site,Carteira digital
O0004408,C01499,2025-12-11,Concluído,Marketplace,Cartão
O0004409,C01299,2024-07-28,Concluído,Site,Cartão
O0004410,C01299,2025-12-23,Concluído,Site,Carteira digital
O0004411,C00071,2025-03-20,Concluído,App,PIX
O0004412,C00071,2025-02-20,Concluído,Site,PIX
O0004413,C00071,2024-08-26,Concluído,App,PIX
O0004414,C00071,2025-01-12,Concluído,Site,Cartão
O0004415,C00071,2024-10-26,Concluído,Site,PIX
O0004416,C00071,2025-12-30,Concluído,Site,PIX
O0004417,C00071,2025-07-08,Concluído,Marketplace,Carteira digital
O0004418,C00071,2025-09-28,Concluído,App,Cartão
O0004419,C00071,2025-12-26,Concluído,Marketplace,PIX
O0004420,C00071,2025-10-29,Concluído,App,Cartão
O0004421,C00071,2025-07-27,Concluído,Marketplace,PIX
O0004422,C00071,2025-03-22,Concluído,Marketplace,Cartão
O0004423,C00071,2025-05-30,Concluído,Marketplace,PIX
O0004424,C00071,2024-08-20,Concluído,App,Cartão
O0004425,C00071,2025-01-23,Concluído,App,Cartão
O0004426,C00071,2024-08-30,Concluído,Site,Cartão
O0004427,C00071,2024-12-28,Concluído,Marketplace,Cartão
O0004428,C00071,2024-09-07,Devolvido,Site,Cartão
O0004429,C00218,2025-06-29,Concluído,Marketplace,Boleto
O0004430,C00218,2025-06-28,Concluído,App,Boleto
O0004431,C00218,2025-06-25,Concluído,Site,Cartão
O0004432,C00218,2025-06-24,Concluído,Site,Cartão
O0004433,C01742,2025-12-27,Concluído,App,Cartão
O0004434,C01742,2025-12-07,Concluído,App,Cartão
O0004435,C01742,2025-12-19,Concluído,Marketplace,Carteira digital
O0004436,C01742,2025-12-31,Concluído,Site,Cartão
O0004437,C01742,2025-12-04,Concluído,App,Cartão
O0004438,C00105,2025-12-30,Concluído,Site,Carteira digital
O0004439,C00105,2025-11-03,Concluído,Site,PIX
O0004440,C00105,2025-08-08,Concluído,Site,PIX
O0004441,C03111,2025-01-03,Concluído,Site,Cartão
O0004442,C03111,2025-05-19,Concluído,Site,PIX
O0004443,C03111,2024-10-04,Concluído,Site,Cartão
O0004444,C03111,2025-05-28,Concluído,Site,PIX
O0004445,C00371,2024-01-02,Concluído,Marketplace,Cartão
O0004446,C00371,2025-08-15,Concluído,Marketplace,Carteira digital
O0004447,C00371,2024-06-24,Concluído,Site,Cartão
O0004448,C00371,2025-09-17,Concluído,App,Carteira digital
O0004449,C00371,2024-05-24,Concluído,Marketplace,PIX
O0004450,C00371,2024-12-03,Concluído,Marketplace,Cartão
O0004451,C00371,2024-08-25,Concluído,Site,Boleto
O0004452,C00371,2024-07-29,Concluído,Site,Carteira digital
O0004453,C00371,2024-02-13,Concluído,Site,Cartão
O0004454,C00371,2025-03-18,Concluído,Marketplace,Cartão
O0004455,C00318,2025-04-22,Concluído,Site,Cartão
O0004456,C00318,2025-04-16,Concluído,Site,PIX
O0004457,C01175,2025-08-16,Concluído,App,Cartão
O0004458,C02366,2024-10-12,Concluído,Marketplace,Cartão
O0004459,C02366,2025-10-17,Concluído,Site,PIX
O0004460,C04849,2023-06-04,Concluído,Marketplace,Carteira digital
O0004461,C04849,2023-04-19,Concluído,Site,Boleto
O0004462,C04849,2023-12-29,Concluído,Site,Cartão
O0004463,C04849,2023-06-06,Concluído,Marketplace,PIX
O0004464,C01752,2025-06-05,Concluído,Site,PIX
O0004465,C00766,2025-11-09,Concluído,Marketplace,Cartão
O0004466,C00766,2025-09-28,Concluído,Marketplace,Boleto
O0004467,C00766,2025-08-07,Concluído,App,Cartão
O0004468,C00766,2025-12-27,Concluído,Site,PIX
O0004469,C02072,2025-05-31,Concluído,Site,PIX
O0004470,C02072,2025-09-29,Concluído,Marketplace,Cartão
O0004471,C02072,2025-05-30,Concluído,App,PIX
O0004472,C02072,2025-05-15,Concluído,Site,Cartão
O0004473,C02072,2025-10-23,Concluído,Site,PIX
O0004474,C02072,2025-07-12,Cancelado,Site,PIX
O0004475,C02072,2025-07-09,Concluído,App,PIX
O0004476,C02072,2025-08-05,Concluído,Site,Cartão
O0004477,C04014,2025-11-15,Concluído,Site,PIX
O0004478,C04014,2025-11-03,Concluído,Marketplace,Cartão
O0004479,C04014,2025-07-24,Concluído,Marketplace,Cartão
O0004480,C01317,2025-11-08,Concluído,Site,PIX
O0004481,C01317,2025-10-08,Concluído,Site,Boleto
O0004482,C04130,2025-06-30,Concluído,Marketplace,Carteira digital
O0004483,C04130,2025-06-30,Concluído,Site,Cartão
O0004484,C04130,2025-06-30,Concluído,Site,PIX
O0004485,C02789,2023-11-07,Concluído,Site,Cartão
O0004486,C01321,2025-12-11,Concluído,App,Cartão
O0004487,C01321,2025-07-23,Devolvido,Marketplace,Boleto
O0004488,C01321,2025-08-07,Concluído,Site,Cartão
O0004489,C03649,2024-10-10,Concluído,Marketplace,Cartão
O0004490,C03649,2024-11-19,Concluído,Site,Cartão
O0004491,C00910,2025-04-16,Concluído,Site,Boleto
O0004492,C00148,2024-03-18,Concluído,Site,Cartão
O0004493,C02952,2024-05-30,Concluído,Site,Carteira digital
O0004494,C02492,2024-04-06,Concluído,Site,Boleto
O0004495,C02492,2023-10-25,Concluído,App,PIX
O0004496,C02492,2025-11-26,Concluído,Site,Cartão
O0004497,C02492,2024-11-14,Concluído,Marketplace,PIX
O0004498,C02492,2024-07-17,Concluído,Marketplace,PIX
O0004499,C02897,2025-03-03,Concluído,Site,PIX
O0004500,C02897,2025-04-01,Concluído,App,Boleto
O0004501,C02897,2024-04-10,Concluído,Site,Cartão
O0004502,C02897,2024-09-09,Concluído,App,Cartão
O0004503,C04864,2025-06-05,Concluído,App,Carteira digital
O0004504,C04864,2023-01-26,Concluído,App,PIX
O0004505,C01308,2025-04-23,Concluído,Site,Boleto
O0004506,C01308,2025-06-17,Concluído,App,PIX
O0004507,C01308,2025-03-31,Concluído,Site,Boleto
O0004508,C01491,2025-11-20,Concluído,Site,PIX
O0004509,C01491,2025-11-28,Concluído,Marketplace,Cartão
O0004510,C01491,2025-11-23,Concluído,Site,Cartão
O0004511,C01491,2025-12-12,Concluído,Marketplace,PIX
O0004512,C01491,2025-12-13,Concluído,App,Cartão
O0004513,C01491,2025-12-08,Concluído,Site,Cartão
O0004514,C01491,2025-12-27,Concluído,Marketplace,PIX
O0004515,C01491,2025-12-05,Concluído,Site,PIX
O0004516,C01491,2025-11-13,Concluído,Site,Boleto
O0004517,C01491,2025-11-19,Concluído,App,Cartão
O0004518,C01486,2025-09-15,Concluído,App,Cartão
O0004519,C01635,2025-09-16,Concluído,Site,Carteira digital
O0004520,C00189,2025-09-05,Concluído,Site,Cartão
O0004521,C00189,2025-12-07,Concluído,App,Carteira digital
O0004522,C00189,2025-10-18,Concluído,Site,Carteira digital
O0004523,C00189,2025-10-15,Concluído,App,PIX
O0004524,C01185,2025-12-25,Concluído,Site,PIX
O0004525,C01185,2025-12-17,Concluído,App,Cartão
O0004526,C01185,2025-09-17,Concluído,Site,PIX
O0004527,C02265,2025-12-19,Concluído,Site,Cartão
O0004528,C02265,2025-12-18,Concluído,Site,Cartão
O0004529,C02265,2025-12-29,Concluído,Site,Cartão
O0004530,C02265,2025-12-17,Concluído,Site,Carteira digital
O0004531,C02265,2025-12-25,Concluído,Site,Boleto
O0004532,C02265,2025-12-28,Cancelado,Site,Cartão
O0004533,C02265,2025-12-20,Concluído,App,PIX
O0004534,C01399,2024-08-08,Concluído,App,Cartão
O0004535,C01399,2024-10-19,Concluído,Site,Cartão
O0004536,C01771,2025-03-16,Concluído,Site,PIX
O0004537,C01771,2024-11-02,Concluído,App,Carteira digital
O0004538,C01771,2025-03-05,Concluído,Site,Carteira digital
O0004539,C01771,2024-07-10,Concluído,Marketplace,Boleto
O0004540,C01771,2025-09-13,Concluído,Site,Cartão
O0004541,C02441,2025-11-16,Concluído,Site,PIX
O0004542,C02441,2025-12-06,Concluído,App,Cartão
O0004543,C02441,2025-10-20,Concluído,Marketplace,Carteira digital
O0004544,C00622,2024-06-12,Concluído,Site,PIX
O0004545,C00622,2024-10-10,Concluído,App,Carteira digital
O0004546,C01782,2025-12-06,Concluído,App,Cartão
O0004547,C01782,2025-12-22,Concluído,Site,Cartão
O0004548,C01782,2025-09-10,Concluído,App,PIX
O0004549,C04311,2023-03-05,Concluído,App,Cartão
O0004550,C04311,2025-05-19,Concluído,Site,Cartão
O0004551,C03151,2024-11-13,Concluído,App,Cartão
O0004552,C03151,2025-12-21,Concluído,Site,PIX
O0004553,C02371,2023-08-14,Concluído,Site,Cartão
O0004554,C02371,2025-04-19,Concluído,Marketplace,Boleto
O0004555,C02371,2025-03-04,Concluído,Site,PIX
O0004556,C02371,2024-04-30,Concluído,Marketplace,Cartão
O0004557,C02371,2024-06-11,Concluído,Marketplace,Carteira digital
O0004558,C02371,2025-10-29,Concluído,Site,PIX
O0004559,C02371,2025-11-21,Concluído,Site,Cartão
O0004560,C02371,2024-12-26,Concluído,Site,Cartão
O0004561,C02648,2024-07-09,Concluído,Site,Carteira digital
O0004562,C02648,2025-02-22,Concluído,App,PIX
O0004563,C02648,2025-06-21,Concluído,App,Cartão
O0004564,C00607,2025-08-26,Concluído,Marketplace,PIX
O0004565,C00621,2025-10-27,Concluído,Site,Boleto
O0004566,C01370,2025-10-23,Concluído,Site,Cartão
O0004567,C01370,2025-12-12,Concluído,Site,Cartão
O0004568,C01370,2025-12-26,Concluído,App,Cartão
O0004569,C01370,2025-11-16,Concluído,Site,PIX
O0004570,C01370,2025-11-11,Concluído,Site,Cartão
O0004571,C01370,2025-10-10,Concluído,App,PIX
O0004572,C03286,2023-05-29,Concluído,Marketplace,Cartão
O0004573,C03286,2023-05-01,Concluído,Site,Cartão
O0004574,C03286,2025-11-07,Concluído,Site,Boleto
O0004575,C00091,2023-09-06,Concluído,App,Boleto
O0004576,C01807,2025-12-24,Concluído,Site,Cartão
O0004577,C03914,2024-04-29,Concluído,Site,Cartão
O0004578,C04719,2023-11-19,Concluído,Site,PIX
O0004579,C04719,2024-03-31,Concluído,Site,Boleto
O0004580,C04719,2025-03-16,Concluído,Site,Carteira digital
O0004581,C02015,2024-06-17,Concluído,Site,Cartão
O0004582,C02256,2024-06-22,Devolvido,Site,Cartão
O0004583,C02256,2025-03-22,Concluído,Site,Carteira digital
O0004584,C04134,2025-04-28,Concluído,Site,Cartão
O0004585,C04134,2025-03-08,Concluído,Marketplace,Boleto
O0004586,C04134,2024-01-21,Concluído,Site,PIX
O0004587,C04134,2024-06-13,Concluído,Site,Cartão
O0004588,C04134,2024-05-30,Concluído,App,PIX
O0004589,C04134,2024-03-24,Concluído,App,Boleto
O0004590,C02530,2025-12-24,Concluído,Site,Cartão
O0004591,C02530,2025-12-25,Concluído,Site,Cartão
O0004592,C04137,2025-04-29,Concluído,Site,Cartão
O0004593,C04942,2025-07-14,Concluído,Site,Cartão
O0004594,C04942,2025-11-29,Concluído,Site,PIX
O0004595,C04942,2024-12-24,Concluído,Site,Cartão
O0004596,C04942,2025-08-26,Concluído,Site,PIX
O0004597,C04942,2025-04-04,Concluído,Marketplace,Carteira digital
O0004598,C00575,2023-01-31,Cancelado,Site,Cartão
O0004599,C00575,2025-09-01,Concluído,Marketplace,Cartão
O0004600,C00575,2025-06-22,Cancelado,App,Cartão
O0004601,C02295,2025-10-12,Concluído,App,Cartão
O0004602,C00834,2024-10-15,Concluído,App,Cartão
O0004603,C04207,2023-06-21,Concluído,App,PIX
O0004604,C04207,2025-04-30,Concluído,App,Cartão
O0004605,C04207,2023-08-01,Concluído,Site,Cartão
O0004606,C00150,2023-03-20,Concluído,App,Cartão
O0004607,C00150,2023-06-10,Concluído,App,Cartão
O0004608,C00150,2024-01-18,Concluído,App,Cartão
O0004609,C00150,2024-02-28,Concluído,Site,Boleto
O0004610,C00150,2025-04-18,Concluído,App,PIX
O0004611,C00150,2023-08-10,Concluído,Site,Cartão
O0004612,C00150,2024-06-24,Concluído,Site,Cartão
O0004613,C00150,2025-01-31,Concluído,Site,Boleto
O0004614,C00150,2023-03-08,Concluído,App,Cartão
O0004615,C00150,2025-11-11,Concluído,Marketplace,PIX
O0004616,C00150,2023-08-16,Concluído,App,PIX
O0004617,C00150,2025-02-16,Concluído,App,Cartão
O0004618,C00150,2023-10-18,Concluído,Site,PIX
O0004619,C00150,2024-04-16,Concluído,App,Cartão
O0004620,C00150,2024-08-04,Concluído,App,PIX
O0004621,C03611,2025-10-18,Concluído,Site,PIX
O0004622,C03611,2025-10-27,Concluído,App,Boleto
O0004623,C03611,2025-12-13,Concluído,Site,PIX
O0004624,C01013,2025-06-04,Concluído,Marketplace,Cartão
O0004625,C01013,2024-04-14,Concluído,App,PIX
O0004626,C01013,2025-07-22,Concluído,Site,Boleto
O0004627,C01013,2024-04-15,Concluído,Site,Carteira digital
O0004628,C00922,2025-07-22,Concluído,Site,Cartão
O0004629,C00922,2025-08-07,Concluído,App,PIX
O0004630,C00922,2024-11-18,Concluído,Site,PIX
O0004631,C00922,2025-04-07,Concluído,Site,PIX
O0004632,C00922,2025-04-10,Concluído,App,Cartão
O0004633,C00922,2025-08-02,Concluído,Site,PIX
O0004634,C01442,2024-11-10,Concluído,Site,Boleto
O0004635,C01442,2024-08-19,Cancelado,Marketplace,Cartão
O0004636,C00872,2024-07-18,Concluído,Marketplace,Cartão
O0004637,C00872,2024-06-14,Concluído,Site,Carteira digital
O0004638,C00872,2023-12-13,Concluído,Marketplace,PIX
O0004639,C00872,2024-05-17,Cancelado,Site,PIX
O0004640,C00872,2025-11-05,Concluído,App,PIX
O0004641,C00872,2024-05-23,Concluído,Site,Cartão
O0004642,C00872,2023-10-05,Concluído,Site,Carteira digital
O0004643,C00872,2023-02-12,Concluído,Site,PIX
O0004644,C00872,2023-04-15,Concluído,Site,PIX
O0004645,C00872,2024-08-08,Concluído,App,Cartão
O0004646,C00726,2024-01-18,Concluído,Site,PIX
O0004647,C00726,2024-12-03,Concluído,Site,Cartão
O0004648,C00726,2023-05-23,Concluído,App,Cartão
O0004649,C00726,2025-07-03,Concluído,App,Cartão
O0004650,C00726,2024-06-08,Concluído,App,Carteira digital
O0004651,C00726,2024-08-20,Concluído,Site,Cartão
O0004652,C00726,2023-01-23,Concluído,Marketplace,Cartão
O0004653,C00816,2025-09-22,Cancelado,Site,Boleto
O0004654,C03235,2025-08-13,Concluído,App,Boleto
O0004655,C03235,2025-07-29,Concluído,Site,Cartão
O0004656,C03235,2025-07-22,Concluído,Marketplace,Carteira digital
O0004657,C03235,2025-06-21,Concluído,App,Carteira digital
O0004658,C01584,2024-08-14,Concluído,Site,Cartão
O0004659,C01584,2025-08-16,Concluído,Site,Cartão
O0004660,C02024,2025-05-13,Concluído,App,PIX
O0004661,C01932,2024-10-12,Concluído,Marketplace,Cartão
O0004662,C01932,2025-09-14,Concluído,Site,Cartão
O0004663,C03305,2023-08-08,Concluído,Site,Cartão
O0004664,C03305,2023-01-28,Concluído,Site,Cartão
O0004665,C03305,2025-12-23,Concluído,App,Cartão
O0004666,C04627,2024-07-18,Concluído,App,Cartão
O0004667,C03804,2025-11-30,Concluído,App,Cartão
O0004668,C04634,2025-10-27,Concluído,App,Cartão
O0004669,C01016,2025-10-10,Concluído,Marketplace,PIX
O0004670,C01016,2025-10-09,Concluído,Site,PIX
O0004671,C01016,2024-11-26,Concluído,Marketplace,Cartão
O0004672,C01016,2023-12-13,Concluído,App,Cartão
O0004673,C01016,2024-08-23,Concluído,App,PIX
O0004674,C01016,2023-04-30,Concluído,Site,Cartão
O0004675,C04916,2024-12-13,Concluído,Site,Cartão
O0004676,C04916,2023-11-06,Concluído,Site,Carteira digital
O0004677,C04916,2024-02-08,Concluído,Site,Cartão
O0004678,C04916,2025-03-14,Concluído,App,PIX
O0004679,C04916,2025-05-15,Concluído,Site,Cartão
O0004680,C04916,2024-03-22,Concluído,Site,Cartão
O0004681,C04916,2025-03-31,Concluído,App,Cartão
O0004682,C01261,2024-11-16,Concluído,Site,Cartão
O0004683,C03900,2024-06-03,Concluído,Site,Cartão
O0004684,C03900,2025-05-10,Concluído,Site,Cartão
O0004685,C03900,2025-10-19,Concluído,App,Cartão
O0004686,C03900,2025-05-20,Concluído,Site,PIX
O0004687,C03900,2024-09-06,Concluído,Marketplace,Cartão
O0004688,C03749,2025-08-16,Concluído,Site,PIX
O0004689,C03749,2025-03-10,Concluído,Site,Boleto
O0004690,C03470,2023-06-03,Concluído,App,Boleto
O0004691,C02157,2025-12-27,Concluído,Site,Carteira digital
O0004692,C00956,2024-09-04,Concluído,Marketplace,Cartão
O0004693,C00956,2024-07-02,Concluído,Site,PIX
O0004694,C02368,2025-10-26,Concluído,Site,Cartão
O0004695,C02368,2023-09-16,Concluído,Site,Carteira digital
O0004696,C02368,2025-01-07,Concluído,Site,Carteira digital
O0004697,C01518,2023-09-15,Concluído,Site,Cartão
O0004698,C01518,2025-10-10,Concluído,App,Cartão
O0004699,C01518,2023-05-08,Concluído,App,Cartão
O0004700,C03236,2024-06-07,Concluído,App,Cartão
O0004701,C03236,2023-01-18,Concluído,Marketplace,PIX
O0004702,C00088,2023-07-07,Concluído,Marketplace,PIX
O0004703,C00088,2024-03-03,Concluído,Site,Cartão
O0004704,C00088,2025-05-15,Concluído,Site,Carteira digital
O0004705,C00088,2025-05-27,Concluído,App,Cartão
O0004706,C00088,2024-03-04,Concluído,Site,PIX
O0004707,C00088,2024-05-18,Concluído,Site,PIX
O0004708,C00088,2025-11-04,Concluído,Marketplace,Cartão
O0004709,C00088,2025-09-14,Concluído,Marketplace,Cartão
O0004710,C00670,2025-06-04,Concluído,Site,Carteira digital
O0004711,C00670,2025-07-19,Concluído,Marketplace,Cartão
O0004712,C00670,2025-08-21,Concluído,Site,Cartão
O0004713,C02245,2025-09-28,Concluído,App,Cartão
O0004714,C01457,2025-03-03,Concluído,Site,Cartão
O0004715,C01457,2023-09-02,Concluído,App,Cartão
O0004716,C01457,2024-09-16,Concluído,Site,Cartão
O0004717,C01457,2024-03-27,Concluído,Site,Carteira digital
O0004718,C02804,2025-11-10,Concluído,Site,Carteira digital
O0004719,C02804,2025-06-15,Concluído,Site,PIX
O0004720,C02804,2025-10-03,Concluído,Site,Cartão
O0004721,C02046,2025-10-09,Concluído,Marketplace,Cartão
O0004722,C02046,2025-04-28,Concluído,Site,Boleto
O0004723,C02660,2023-09-10,Concluído,Marketplace,PIX
O0004724,C00494,2025-10-01,Concluído,App,Cartão
O0004725,C00494,2025-10-24,Concluído,Site,Cartão
O0004726,C01238,2023-06-24,Concluído,App,Cartão
O0004727,C01238,2024-03-09,Concluído,Site,Cartão
O0004728,C01238,2024-02-12,Concluído,Site,Carteira digital
O0004729,C01238,2025-01-27,Concluído,App,Boleto
O0004730,C01238,2023-05-06,Concluído,App,Cartão
O0004731,C01238,2025-02-07,Concluído,Marketplace,Cartão
O0004732,C01238,2023-07-31,Cancelado,Site,PIX
O0004733,C01238,2023-04-03,Concluído,Site,Cartão
O0004734,C01238,2024-04-17,Concluído,Site,Cartão
O0004735,C01238,2023-05-08,Concluído,App,Cartão
O0004736,C01238,2023-03-02,Concluído,Site,PIX
O0004737,C01238,2025-04-21,Concluído,App,Cartão
O0004738,C01238,2023-03-18,Concluído,Site,PIX
O0004739,C03171,2025-12-13,Concluído,Site,Carteira digital
O0004740,C03171,2025-12-28,Concluído,Site,PIX
O0004741,C04990,2025-12-17,Cancelado,App,PIX
O0004742,C04990,2024-02-03,Concluído,Site,PIX
O0004743,C04332,2023-12-18,Concluído,Site,Cartão
O0004744,C04332,2025-10-16,Concluído,Site,Cartão
O0004745,C04332,2023-12-24,Concluído,Site,PIX
O0004746,C04332,2023-06-10,Concluído,Marketplace,Carteira digital
O0004747,C04234,2025-12-24,Concluído,Site,Cartão
O0004748,C04234,2023-06-18,Concluído,App,Cartão
O0004749,C04234,2023-08-18,Concluído,App,Cartão
O0004750,C04234,2025-12-10,Concluído,Site,Cartão
O0004751,C03249,2025-07-31,Concluído,Site,Cartão
O0004752,C03249,2025-10-27,Concluído,Marketplace,Cartão
O0004753,C03249,2025-07-20,Concluído,App,Boleto
O0004754,C03249,2025-11-05,Concluído,Site,Cartão
O0004755,C03249,2025-02-13,Concluído,Marketplace,Carteira digital
O0004756,C03249,2025-07-04,Concluído,Marketplace,Cartão
O0004757,C03249,2025-09-16,Concluído,App,Cartão
O0004758,C03249,2025-05-16,Concluído,Site,PIX
O0004759,C03249,2025-12-14,Concluído,App,Cartão
O0004760,C03249,2025-04-03,Concluído,Site,PIX
O0004761,C03249,2025-03-26,Concluído,Site,Cartão
O0004762,C03249,2025-12-12,Concluído,App,Cartão
O0004763,C03249,2025-04-30,Concluído,App,PIX
O0004764,C03249,2025-08-30,Concluído,Site,Cartão
O0004765,C03249,2025-07-16,Concluído,Site,Carteira digital
O0004766,C03249,2025-08-21,Concluído,Site,Cartão
O0004767,C03249,2025-04-21,Concluído,Marketplace,Carteira digital
O0004768,C03249,2025-03-30,Concluído,Site,PIX
O0004769,C02591,2024-08-29,Concluído,Site,Cartão
O0004770,C00662,2025-12-28,Concluído,Marketplace,Cartão
O0004771,C00662,2025-12-09,Concluído,App,Cartão
O0004772,C00662,2025-05-01,Concluído,Site,Carteira digital
O0004773,C01848,2025-11-30,Concluído,Marketplace,Cartão
O0004774,C02926,2025-11-27,Concluído,Marketplace,Boleto
O0004775,C02926,2025-10-15,Concluído,Marketplace,Carteira digital
O0004776,C02926,2025-09-22,Concluído,Site,PIX
O0004777,C02926,2025-07-02,Concluído,Site,Carteira digital
O0004778,C02926,2025-10-09,Concluído,Marketplace,Carteira digital
O0004779,C03148,2025-11-19,Concluído,Marketplace,Carteira digital
O0004780,C00830,2025-03-08,Concluído,Site,PIX
O0004781,C00830,2024-07-26,Concluído,Site,PIX
O0004782,C00951,2024-10-03,Concluído,Site,PIX
O0004783,C00892,2024-10-09,Concluído,Site,Boleto
O0004784,C01039,2025-04-19,Concluído,Site,PIX
O0004785,C01039,2025-08-23,Concluído,Site,PIX
O0004786,C03844,2024-12-16,Concluído,Site,Cartão
O0004787,C01431,2025-02-09,Concluído,App,Cartão
O0004788,C04514,2024-03-01,Concluído,App,Carteira digital
O0004789,C03497,2024-10-07,Concluído,Site,Carteira digital
O0004790,C03497,2025-01-15,Concluído,App,Cartão
O0004791,C03497,2024-06-02,Concluído,Site,Cartão
O0004792,C03497,2023-06-15,Concluído,Marketplace,Carteira digital
O0004793,C03497,2023-10-28,Concluído,App,Cartão
O0004794,C03497,2025-07-18,Concluído,Marketplace,PIX
O0004795,C03497,2024-11-15,Cancelado,App,Cartão
O0004796,C03068,2025-10-09,Concluído,App,Boleto
O0004797,C03632,2025-09-24,Concluído,Site,PIX
O0004798,C02231,2025-08-12,Concluído,Site,Carteira digital
O0004799,C02231,2025-06-23,Concluído,Site,PIX
O0004800,C01991,2025-02-09,Concluído,Site,PIX
O0004801,C01991,2025-04-21,Concluído,Site,Cartão
O0004802,C01991,2025-11-21,Concluído,Site,Carteira digital
O0004803,C01991,2025-04-08,Concluído,App,Carteira digital
O0004804,C03042,2025-12-05,Devolvido,Marketplace,PIX
O0004805,C01325,2025-06-08,Concluído,Site,PIX
O0004806,C02820,2024-08-23,Concluído,Site,Cartão
O0004807,C04903,2025-07-23,Concluído,Site,PIX
O0004808,C02962,2024-06-11,Cancelado,Site,Cartão
O0004809,C02962,2023-10-05,Concluído,App,PIX
O0004810,C02962,2023-08-17,Concluído,Site,PIX
O0004811,C02962,2025-12-20,Concluído,Marketplace,Cartão
O0004812,C02962,2023-04-28,Concluído,App,Cartão
O0004813,C02962,2023-01-17,Concluído,App,Cartão
O0004814,C02962,2024-10-30,Concluído,Site,Cartão
O0004815,C02962,2024-02-20,Concluído,Site,PIX
O0004816,C02962,2025-01-17,Concluído,Site,PIX
O0004817,C02962,2023-08-18,Concluído,App,Carteira digital
O0004818,C02962,2025-07-31,Concluído,Site,Cartão
O0004819,C02962,2025-05-19,Concluído,Site,Cartão
O0004820,C02962,2024-10-06,Concluído,App,PIX
O0004821,C02962,2025-03-11,Concluído,App,Cartão
O0004822,C03225,2023-10-08,Concluído,App,Carteira digital
O0004823,C02755,2025-10-25,Concluído,App,Cartão
O0004824,C04156,2025-04-03,Concluído,App,Cartão
O0004825,C02702,2025-06-04,Concluído,Site,Cartão
O0004826,C02702,2025-05-17,Concluído,App,Carteira digital
O0004827,C03792,2025-07-29,Concluído,Site,Cartão
O0004828,C03792,2024-12-23,Concluído,Marketplace,Cartão
O0004829,C02595,2025-03-11,Concluído,Site,Carteira digital
O0004830,C02595,2023-03-23,Concluído,Site,Cartão
O0004831,C02595,2025-06-29,Concluído,Site,Carteira digital
O0004832,C02428,2025-02-14,Concluído,Site,Cartão
O0004833,C02428,2024-03-08,Concluído,Site,Cartão
O0004834,C02428,2024-07-14,Concluído,App,Cartão
O0004835,C04579,2025-06-04,Concluído,Marketplace,PIX
O0004836,C04579,2025-06-26,Concluído,Site,Cartão
O0004837,C04579,2025-03-01,Concluído,Site,Cartão
O0004838,C04579,2025-04-22,Concluído,Site,Cartão
O0004839,C04579,2025-06-28,Concluído,App,PIX
O0004840,C04579,2025-06-03,Cancelado,Marketplace,Cartão
O0004841,C00793,2025-06-14,Concluído,Site,Cartão
O0004842,C00793,2025-02-16,Concluído,Site,Cartão
O0004843,C02913,2025-01-25,Concluído,Site,PIX
O0004844,C02913,2024-06-01,Concluído,Marketplace,Cartão
O0004845,C02913,2025-10-13,Concluído,Marketplace,Cartão
O0004846,C02913,2024-09-06,Concluído,App,Carteira digital
O0004847,C04715,2024-10-12,Concluído,App,Boleto
O0004848,C04715,2024-09-26,Concluído,App,Cartão
O0004849,C01686,2025-05-18,Concluído,Marketplace,Carteira digital
O0004850,C02737,2025-07-25,Concluído,Marketplace,PIX
O0004851,C02737,2025-06-15,Concluído,Site,PIX
O0004852,C02737,2024-11-25,Concluído,Site,PIX
O0004853,C02737,2025-03-23,Concluído,Site,Cartão
O0004854,C02737,2025-03-23,Concluído,Marketplace,Boleto
O0004855,C02737,2025-08-29,Concluído,Site,PIX
O0004856,C02737,2025-01-28,Concluído,Marketplace,PIX
O0004857,C02737,2025-09-08,Concluído,Site,Boleto
O0004858,C02737,2024-12-26,Concluído,Site,Carteira digital
O0004859,C02208,2025-03-10,Concluído,Marketplace,Carteira digital
O0004860,C02208,2024-08-18,Concluído,App,Cartão
O0004861,C02208,2025-12-14,Concluído,Marketplace,Cartão
O0004862,C02208,2025-03-16,Concluído,Marketplace,Cartão
O0004863,C02208,2024-11-15,Concluído,App,Cartão
O0004864,C00428,2025-12-21,Concluído,App,Cartão
O0004865,C00428,2025-12-24,Concluído,Site,Cartão
O0004866,C00428,2025-12-26,Concluído,App,Cartão
O0004867,C00428,2025-12-24,Concluído,App,PIX
O0004868,C00428,2025-12-28,Concluído,Site,PIX
O0004869,C03935,2025-06-28,Concluído,Site,Carteira digital
O0004870,C03935,2024-06-20,Concluído,Marketplace,Boleto
O0004871,C03652,2025-05-29,Concluído,Site,PIX
O0004872,C03652,2024-04-12,Concluído,Site,Boleto
O0004873,C03052,2025-12-30,Concluído,Site,Cartão
O0004874,C03052,2025-12-30,Concluído,Marketplace,Cartão
O0004875,C03118,2025-10-24,Concluído,App,Cartão
O0004876,C03118,2025-06-23,Devolvido,App,PIX
O0004877,C03118,2024-12-19,Concluído,Site,Cartão
O0004878,C03118,2025-05-18,Concluído,App,Cartão
O0004879,C03118,2025-11-16,Concluído,Marketplace,PIX
O0004880,C03118,2024-12-12,Concluído,Marketplace,Boleto
O0004881,C03037,2025-12-13,Concluído,Marketplace,Cartão
O0004882,C03557,2025-04-05,Concluído,App,Cartão
O0004883,C03168,2025-08-21,Concluído,Site,Cartão
O0004884,C03168,2023-05-08,Concluído,App,PIX
O0004885,C04167,2023-04-02,Concluído,App,Cartão
O0004886,C04167,2025-10-10,Concluído,Site,Carteira digital
O0004887,C04167,2024-12-16,Concluído,App,Cartão
O0004888,C04293,2025-06-08,Concluído,App,Cartão
O0004889,C02253,2024-07-19,Concluído,Marketplace,Cartão
O0004890,C02253,2025-01-31,Concluído,Site,PIX
O0004891,C00498,2024-11-20,Concluído,Marketplace,PIX
O0004892,C01569,2024-06-20,Concluído,App,PIX
O0004893,C01569,2024-04-25,Concluído,Site,Boleto
O0004894,C01569,2024-01-25,Concluído,Site,Carteira digital
O0004895,C01569,2023-04-01,Cancelado,App,Boleto
O0004896,C01569,2025-05-29,Concluído,Site,Cartão
O0004897,C01569,2025-09-22,Concluído,Site,Carteira digital
O0004898,C01569,2023-11-21,Concluído,Site,PIX
O0004899,C01569,2023-04-10,Concluído,Site,Cartão
O0004900,C01569,2023-01-12,Concluído,App,Cartão
O0004901,C01569,2023-10-08,Concluído,Marketplace,Cartão
O0004902,C01569,2024-10-12,Concluído,Site,Cartão
O0004903,C01569,2023-08-01,Concluído,Site,PIX
O0004904,C04611,2025-02-02,Concluído,App,Cartão
O0004905,C04611,2025-03-30,Concluído,App,Carteira digital
O0004906,C04611,2025-03-19,Concluído,Marketplace,Carteira digital
O0004907,C04611,2025-05-19,Concluído,App,Cartão
O0004908,C04611,2025-05-18,Concluído,Marketplace,Cartão
O0004909,C04184,2023-09-04,Concluído,Site,Cartão
O0004910,C04184,2023-07-25,Concluído,Marketplace,Cartão
O0004911,C04184,2025-07-25,Concluído,Site,Cartão
O0004912,C04184,2025-03-17,Concluído,App,PIX
O0004913,C04184,2025-07-17,Concluído,Site,Cartão
O0004914,C04184,2025-12-10,Concluído,Marketplace,Cartão
O0004915,C04184,2024-03-10,Concluído,Site,Cartão
O0004916,C04184,2025-10-26,Concluído,App,Cartão
O0004917,C04184,2024-09-15,Concluído,Marketplace,Cartão
O0004918,C04550,2023-09-21,Concluído,Site,Cartão
O0004919,C01587,2025-05-27,Concluído,Site,Carteira digital
O0004920,C01587,2025-04-12,Concluído,App,Cartão
O0004921,C01587,2025-06-04,Concluído,App,PIX
O0004922,C01587,2025-06-22,Concluído,App,Carteira digital
O0004923,C01587,2025-04-17,Concluído,Site,PIX
O0004924,C01587,2025-05-07,Concluído,App,Cartão
O0004925,C01587,2025-03-27,Concluído,Marketplace,PIX
O0004926,C01587,2025-04-21,Devolvido,Site,PIX
O0004927,C01587,2025-05-09,Concluído,Site,PIX
O0004928,C01587,2025-04-05,Concluído,Site,Cartão
O0004929,C01587,2025-05-08,Concluído,App,PIX
O0004930,C01587,2025-06-06,Concluído,App,Carteira digital
O0004931,C01587,2025-05-10,Concluído,Site,Cartão
O0004932,C01587,2025-03-30,Concluído,Site,PIX
O0004933,C04811,2025-03-15,Concluído,Site,PIX
O0004934,C03181,2024-09-03,Concluído,Site,Cartão
O0004935,C03181,2025-07-11,Concluído,App,Cartão
O0004936,C03044,2024-08-19,Concluído,App,Cartão
O0004937,C01171,2025-04-02,Concluído,App,PIX
O0004938,C02521,2023-03-29,Concluído,Site,Cartão
O0004939,C04457,2025-09-18,Concluído,Site,Cartão
O0004940,C04457,2025-01-29,Concluído,Marketplace,PIX
O0004941,C04457,2024-12-05,Concluído,Marketplace,PIX
O0004942,C00009,2024-09-20,Concluído,Site,Cartão
O0004943,C00761,2025-02-03,Concluído,App,PIX
O0004944,C00761,2025-01-22,Concluído,Marketplace,Carteira digital
O0004945,C00761,2024-11-02,Concluído,Site,Carteira digital
O0004946,C02950,2024-01-17,Concluído,Site,Cartão
O0004947,C02950,2023-09-26,Concluído,Site,Cartão
O0004948,C02950,2025-08-23,Concluído,App,Carteira digital
O0004949,C02950,2023-10-21,Concluído,Marketplace,Boleto
O0004950,C02950,2023-12-07,Concluído,App,PIX
O0004951,C02950,2025-06-24,Concluído,Site,PIX
O0004952,C02950,2025-12-03,Concluído,Site,Carteira digital
O0004953,C02950,2025-06-11,Concluído,App,Cartão
O0004954,C02950,2025-09-11,Concluído,Site,PIX
O0004955,C02950,2024-09-08,Concluído,Marketplace,Cartão
O0004956,C02950,2024-11-21,Devolvido,Site,PIX
O0004957,C02950,2024-03-24,Concluído,Site,PIX
O0004958,C02042,2025-11-07,Concluído,Site,Cartão
O0004959,C02042,2025-12-12,Cancelado,Site,Cartão
O0004960,C04082,2025-01-17,Concluído,Site,Cartão
O0004961,C04082,2024-06-05,Concluído,App,Boleto
O0004962,C04082,2025-08-28,Concluído,Site,Cartão
O0004963,C04082,2025-02-25,Concluído,App,Boleto
O0004964,C02301,2024-10-23,Concluído,App,PIX
O0004965,C02301,2025-07-29,Concluído,Marketplace,PIX
O0004966,C04039,2025-04-24,Concluído,Site,Cartão
O0004967,C04039,2025-01-17,Concluído,Site,Cartão
O0004968,C04039,2025-08-29,Concluído,Site,Cartão
O0004969,C04039,2025-12-07,Concluído,Marketplace,Boleto
O0004970,C04039,2025-05-29,Concluído,App,Carteira digital
O0004971,C04039,2024-12-31,Concluído,Site,Cartão
O0004972,C04039,2025-01-22,Concluído,Site,Carteira digital
O0004973,C04039,2025-11-08,Concluído,Marketplace,PIX
O0004974,C03597,2024-12-07,Concluído,Site,Cartão
O0004975,C04675,2024-01-23,Concluído,Site,PIX
O0004976,C04675,2024-05-19,Concluído,App,Cartão
O0004977,C04675,2024-10-26,Concluído,Marketplace,Boleto
O0004978,C03913,2025-09-02,Concluído,Marketplace,Boleto
O0004979,C03913,2025-06-02,Concluído,Site,Cartão
O0004980,C03913,2025-08-02,Concluído,Site,Cartão
O0004981,C03913,2025-06-07,Concluído,Site,Cartão
O0004982,C03913,2025-12-22,Concluído,Site,Cartão
O0004983,C04889,2025-11-29,Concluído,App,PIX
O0004984,C04889,2025-11-15,Concluído,Marketplace,Cartão
O0004985,C04889,2025-11-25,Concluído,App,PIX
O0004986,C04889,2025-11-26,Concluído,App,Carteira digital
O0004987,C04679,2024-04-06,Concluído,App,Cartão
O0004988,C04679,2024-08-19,Concluído,Site,PIX
O0004989,C04679,2025-07-24,Concluído,Site,Cartão
O0004990,C04679,2025-11-16,Concluído,Marketplace,PIX
O0004991,C04679,2025-03-02,Concluído,Marketplace,Cartão
O0004992,C04679,2024-05-01,Concluído,Site,Cartão
O0004993,C04679,2024-05-10,Concluído,Site,Cartão
O0004994,C04679,2025-11-29,Concluído,App,Cartão
O0004995,C04679,2024-09-07,Concluído,Marketplace,PIX
O0004996,C03095,2025-12-17,Concluído,Site,Boleto
O0004997,C03095,2025-12-23,Concluído,Marketplace,Cartão
O0004998,C01566,2024-10-29,Concluído,Site,Cartão
O0004999,C04956,2025-05-06,Concluído,Site,Carteira digital
O0005000,C02266,2024-05-18,Concluído,App,Cartão
O0005001,C02266,2023-09-04,Concluído,Site,Carteira digital
O0005002,C02266,2024-11-20,Concluído,Marketplace,PIX
O0005003,C00356,2024-06-10,Concluído,Marketplace,PIX
O0005004,C00356,2025-06-03,Cancelado,App,Cartão
O0005005,C01204,2025-01-20,Concluído,Site,Cartão
O0005006,C01204,2023-11-10,Concluído,App,Cartão
O0005007,C01204,2025-06-09,Cancelado,Marketplace,Cartão
O0005008,C01204,2024-05-09,Concluído,Marketplace,PIX
O0005009,C02616,2024-07-05,Concluído,App,Cartão
O0005010,C01798,2025-03-10,Concluído,App,Carteira digital
O0005011,C01798,2025-09-20,Concluído,Marketplace,Cartão
O0005012,C01798,2025-07-08,Cancelado,Marketplace,PIX
O0005013,C00554,2024-12-07,Devolvido,App,Cartão
O0005014,C00554,2025-06-09,Concluído,App,Boleto
O0005015,C00554,2024-09-13,Concluído,Site,PIX
O0005016,C02291,2025-04-24,Concluído,Site,Carteira digital
O0005017,C02291,2025-10-28,Concluído,App,Cartão
O0005018,C02291,2025-12-11,Concluído,Site,Cartão
O0005019,C02291,2025-10-20,Concluído,Marketplace,Cartão
O0005020,C02291,2025-08-18,Concluído,Site,Carteira digital
O0005021,C02291,2025-09-04,Concluído,Site,Carteira digital
O0005022,C02291,2025-08-06,Concluído,App,Cartão
O0005023,C02291,2025-09-03,Concluído,App,PIX
O0005024,C02291,2025-07-11,Devolvido,Marketplace,PIX
O0005025,C02291,2025-10-31,Concluído,Site,Carteira digital
O0005026,C02291,2025-10-16,Concluído,Site,PIX
O0005027,C02291,2025-08-07,Concluído,Site,Cartão
O0005028,C02291,2025-10-08,Concluído,Marketplace,Carteira digital
O0005029,C02291,2025-04-05,Concluído,Site,Cartão
O0005030,C02291,2025-07-28,Concluído,Site,Carteira digital
O0005031,C02291,2025-06-08,Concluído,App,Cartão
O0005032,C02291,2025-04-28,Concluído,App,Cartão
O0005033,C02291,2025-08-08,Concluído,App,Cartão
O0005034,C03161,2025-12-29,Concluído,App,Boleto
O0005035,C03161,2025-11-29,Concluído,App,Boleto
O0005036,C00959,2024-04-04,Concluído,Marketplace,PIX
O0005037,C01773,2025-12-15,Concluído,Site,Cartão
O0005038,C01773,2025-08-10,Concluído,Marketplace,PIX
O0005039,C04052,2025-02-28,Concluído,Site,Cartão
O0005040,C04052,2025-11-07,Concluído,App,Cartão
O0005041,C04052,2025-11-11,Concluído,Marketplace,Cartão
O0005042,C04052,2024-10-09,Concluído,Site,Boleto
O0005043,C04052,2025-08-07,Concluído,Site,Cartão
O0005044,C04052,2024-09-17,Concluído,Site,PIX
O0005045,C04052,2025-05-24,Concluído,Marketplace,Cartão
O0005046,C04052,2024-10-20,Concluído,Marketplace,Boleto
O0005047,C04052,2025-10-17,Concluído,Site,Boleto
O0005048,C04052,2025-04-19,Concluído,App,Cartão
O0005049,C04052,2024-12-14,Concluído,Site,Cartão
O0005050,C04052,2025-08-03,Concluído,Site,Cartão
O0005051,C04052,2025-12-18,Concluído,App,Cartão
O0005052,C04052,2024-09-20,Concluído,Site,PIX
O0005053,C00734,2025-05-22,Concluído,Site,PIX
O0005054,C00537,2023-12-29,Concluído,Site,Boleto
O0005055,C00537,2025-04-27,Concluído,Marketplace,Cartão
O0005056,C00537,2024-05-29,Concluído,Site,Cartão
O0005057,C00537,2025-03-26,Concluído,App,Carteira digital
O0005058,C00537,2023-12-17,Concluído,Site,PIX
O0005059,C02710,2025-03-07,Concluído,Site,Cartão
O0005060,C02710,2025-10-29,Concluído,Site,Cartão
O0005061,C02710,2025-09-30,Concluído,Marketplace,Cartão
O0005062,C02710,2024-11-26,Concluído,Site,Cartão
O0005063,C02710,2025-03-20,Concluído,App,Cartão
O0005064,C00522,2025-02-25,Concluído,Site,Cartão
O0005065,C04931,2023-11-28,Concluído,Site,Carteira digital
O0005066,C04931,2025-03-04,Concluído,Marketplace,Carteira digital
O0005067,C04931,2024-06-08,Concluído,Site,PIX
O0005068,C04931,2024-12-06,Concluído,Marketplace,Cartão
O0005069,C00007,2025-03-08,Cancelado,Site,Cartão
O0005070,C00007,2025-06-02,Concluído,App,Cartão
O0005071,C00007,2024-11-17,Concluído,Site,PIX
O0005072,C00007,2025-09-09,Concluído,Site,PIX
O0005073,C00007,2024-08-26,Concluído,Site,Carteira digital
O0005074,C00056,2024-03-30,Concluído,Site,Cartão
O0005075,C00056,2023-02-10,Concluído,Site,Cartão
O0005076,C04253,2025-06-07,Concluído,Site,Carteira digital
O0005077,C04253,2024-12-02,Concluído,Marketplace,Cartão
O0005078,C04253,2024-10-30,Concluído,App,Cartão
O0005079,C03513,2025-09-05,Concluído,Site,Cartão
O0005080,C04523,2024-04-09,Concluído,App,Cartão
O0005081,C04523,2025-08-31,Concluído,App,Cartão
O0005082,C04523,2025-12-10,Concluído,App,Cartão
O0005083,C04552,2025-01-24,Concluído,Marketplace,Cartão
O0005084,C04552,2024-12-15,Cancelado,App,Cartão
O0005085,C04552,2024-09-18,Concluído,Marketplace,Boleto
O0005086,C04552,2025-02-22,Concluído,Site,Cartão
O0005087,C04552,2025-05-21,Concluído,App,Carteira digital
O0005088,C01201,2025-08-08,Concluído,Marketplace,Cartão
O0005089,C01201,2025-10-02,Concluído,Marketplace,Cartão
O0005090,C01201,2025-08-20,Concluído,Site,Carteira digital
O0005091,C02822,2025-04-30,Concluído,Marketplace,Cartão
O0005092,C03593,2025-08-28,Concluído,Marketplace,Cartão
O0005093,C03593,2024-01-12,Concluído,Marketplace,Cartão
O0005094,C01745,2023-07-22,Concluído,App,Cartão
O0005095,C01086,2024-07-24,Concluído,Site,PIX
O0005096,C01086,2024-08-04,Concluído,Site,PIX
O0005097,C01086,2024-04-26,Concluído,Marketplace,Boleto
O0005098,C01086,2024-03-12,Concluído,Site,PIX
O0005099,C01593,2024-12-02,Concluído,App,Carteira digital
O0005100,C01593,2025-10-17,Concluído,Marketplace,Cartão
O0005101,C01593,2025-09-09,Concluído,Marketplace,PIX
O0005102,C03395,2025-07-16,Concluído,Marketplace,Cartão
O0005103,C03395,2023-12-11,Concluído,App,Cartão
O0005104,C03395,2024-01-03,Concluído,Site,Cartão
O0005105,C03395,2023-05-23,Concluído,App,Cartão
O0005106,C03395,2024-05-02,Concluído,Marketplace,PIX
O0005107,C02342,2025-12-28,Cancelado,App,Cartão
O0005108,C02342,2025-09-06,Concluído,App,Cartão
O0005109,C01304,2025-08-23,Concluído,Marketplace,Cartão
O0005110,C01304,2024-12-11,Concluído,Marketplace,PIX
O0005111,C01373,2025-11-05,Concluído,App,PIX
O0005112,C01980,2024-05-18,Concluído,Site,Cartão
O0005113,C01980,2023-02-03,Concluído,Marketplace,Cartão
O0005114,C03911,2025-05-21,Concluído,App,PIX
O0005115,C03891,2025-10-18,Concluído,App,Carteira digital
O0005116,C03891,2025-12-02,Cancelado,Marketplace,Cartão
O0005117,C01342,2023-06-16,Concluído,Site,Carteira digital
O0005118,C00921,2025-12-26,Concluído,Site,Cartão
O0005119,C00921,2025-11-23,Concluído,Site,Carteira digital
O0005120,C01601,2025-09-28,Concluído,App,Carteira digital
O0005121,C01601,2025-01-14,Concluído,Site,Boleto
O0005122,C01601,2025-05-11,Concluído,Site,PIX
O0005123,C01601,2023-12-27,Concluído,Site,PIX
O0005124,C01601,2024-08-05,Concluído,App,PIX
O0005125,C01601,2025-03-23,Concluído,App,PIX
O0005126,C01727,2025-04-10,Concluído,App,PIX
O0005127,C01727,2025-07-27,Concluído,App,PIX
O0005128,C02639,2025-11-10,Concluído,Site,Cartão
O0005129,C02639,2025-08-27,Concluído,Site,Cartão
O0005130,C02639,2025-12-31,Concluído,Marketplace,PIX
O0005131,C02639,2025-12-04,Concluído,Site,PIX
O0005132,C02639,2025-11-18,Concluído,Marketplace,Cartão
O0005133,C02639,2025-09-24,Concluído,Marketplace,Cartão
O0005134,C02639,2025-12-26,Concluído,Site,Cartão
O0005135,C02639,2025-09-28,Concluído,App,Cartão
O0005136,C02639,2025-09-22,Concluído,Marketplace,Cartão
O0005137,C01465,2025-02-28,Concluído,Site,Cartão
O0005138,C01465,2024-05-26,Concluído,Site,PIX
O0005139,C04497,2024-08-26,Concluído,Site,Cartão
O0005140,C00324,2024-11-18,Concluído,App,Cartão
O0005141,C00324,2025-08-20,Concluído,Site,Cartão
O0005142,C00324,2023-09-09,Concluído,App,PIX
O0005143,C00324,2023-11-09,Concluído,Site,Cartão
O0005144,C00540,2023-02-18,Cancelado,Marketplace,Boleto
O0005145,C00540,2025-06-26,Concluído,App,PIX
O0005146,C01213,2024-11-04,Concluído,Site,Boleto
O0005147,C02880,2025-12-31,Concluído,Site,Carteira digital
O0005148,C02443,2023-12-25,Concluído,Site,Cartão
O0005149,C02443,2024-05-04,Concluído,Marketplace,Cartão
O0005150,C01121,2025-12-28,Concluído,Site,PIX
O0005151,C00944,2025-06-17,Concluído,Marketplace,Cartão
O0005152,C00944,2025-01-23,Concluído,App,Cartão
O0005153,C01202,2024-02-15,Concluído,Marketplace,Cartão
O0005154,C03085,2025-11-11,Concluído,Marketplace,Cartão
O0005155,C01098,2025-07-05,Concluído,Site,Carteira digital
O0005156,C01098,2025-07-28,Concluído,App,PIX
O0005157,C01098,2024-10-10,Concluído,Site,Cartão
O0005158,C01098,2025-02-14,Concluído,App,Cartão
O0005159,C03058,2024-05-22,Concluído,Site,Cartão
O0005160,C03476,2025-11-23,Concluído,App,PIX
O0005161,C03476,2025-09-23,Concluído,Site,Cartão
O0005162,C03476,2025-11-17,Concluído,Site,PIX
O0005163,C03476,2025-12-26,Concluído,Site,Cartão
O0005164,C03476,2025-09-22,Concluído,Marketplace,Cartão
O0005165,C03476,2025-10-17,Concluído,Marketplace,PIX
O0005166,C01025,2025-08-26,Concluído,Site,PIX
O0005167,C01025,2025-09-22,Concluído,App,Carteira digital
O0005168,C00851,2023-09-01,Concluído,App,Cartão
O0005169,C00851,2024-06-12,Concluído,Site,Cartão
O0005170,C00851,2023-12-20,Concluído,Marketplace,Cartão
O0005171,C00437,2024-06-22,Concluído,Site,Cartão
O0005172,C00437,2025-08-05,Concluído,Site,PIX
O0005173,C04368,2024-07-21,Cancelado,App,PIX
O0005174,C04368,2025-03-09,Concluído,Marketplace,Cartão
O0005175,C00234,2023-06-30,Concluído,Marketplace,Carteira digital
O0005176,C00234,2024-10-08,Concluído,Marketplace,Carteira digital
O0005177,C00234,2023-10-27,Concluído,Site,Boleto
O0005178,C00234,2025-04-10,Concluído,Marketplace,Cartão
O0005179,C00234,2023-10-24,Concluído,Site,Cartão
O0005180,C00234,2025-07-12,Concluído,Site,Boleto
O0005181,C00234,2025-11-05,Concluído,App,Cartão
O0005182,C03435,2025-12-24,Concluído,Site,PIX
O0005183,C00335,2024-11-13,Concluído,App,Cartão
O0005184,C00335,2023-02-22,Concluído,Site,Cartão
O0005185,C00335,2025-12-11,Concluído,Site,Cartão
O0005186,C03328,2024-04-18,Concluído,Site,Cartão
O0005187,C03328,2024-10-04,Concluído,Marketplace,Cartão
O0005188,C03328,2024-12-28,Devolvido,Site,Cartão
O0005189,C03328,2024-01-11,Concluído,Site,Cartão
O0005190,C03328,2025-08-30,Concluído,Marketplace,Cartão
O0005191,C01890,2025-08-22,Concluído,Site,Cartão
O0005192,C01890,2025-06-12,Concluído,Site,PIX
O0005193,C01890,2025-11-15,Concluído,Site,Cartão
O0005194,C01890,2025-03-19,Concluído,Site,Cartão
O0005195,C01890,2025-10-29,Concluído,Marketplace,Cartão
O0005196,C01890,2025-07-13,Concluído,Site,Boleto
O0005197,C01278,2025-02-16,Concluído,Marketplace,Cartão
O0005198,C02762,2025-03-24,Concluído,Site,PIX
O0005199,C02762,2025-06-09,Concluído,Site,PIX
O0005200,C02762,2025-04-09,Concluído,Marketplace,PIX
O0005201,C01774,2025-11-12,Concluído,Site,Cartão
O0005202,C01774,2024-12-21,Concluído,Site,Boleto
O0005203,C01774,2023-12-15,Concluído,Marketplace,Cartão
O0005204,C01259,2025-12-07,Concluído,Site,Cartão
O0005205,C00901,2024-01-07,Concluído,Site,Cartão
O0005206,C00901,2025-06-05,Concluído,Marketplace,Cartão
O0005207,C04575,2025-08-01,Concluído,Site,Carteira digital
O0005208,C03841,2025-02-10,Concluído,Site,Cartão
O0005209,C03841,2023-09-15,Concluído,App,Cartão
O0005210,C03841,2024-09-29,Concluído,App,Cartão
O0005211,C03841,2024-10-13,Concluído,Site,Boleto
O0005212,C04997,2024-08-03,Concluído,App,Cartão
O0005213,C04997,2023-03-12,Concluído,Site,Carteira digital
O0005214,C01274,2023-11-18,Concluído,Marketplace,Cartão
O0005215,C01274,2023-07-16,Concluído,App,Carteira digital
O0005216,C03153,2025-06-11,Concluído,Marketplace,Cartão
O0005217,C03153,2025-03-17,Concluído,Site,Cartão
O0005218,C03153,2023-12-23,Concluído,App,Cartão
O0005219,C03153,2023-03-08,Concluído,App,Carteira digital
O0005220,C03857,2024-10-26,Concluído,App,Carteira digital
O0005221,C03857,2025-04-16,Concluído,Marketplace,Cartão
O0005222,C03857,2023-11-13,Concluído,Site,Cartão
O0005223,C01785,2025-10-28,Devolvido,Site,Cartão
O0005224,C01785,2025-09-26,Concluído,App,PIX
O0005225,C01785,2025-11-23,Concluído,App,Cartão
O0005226,C01017,2025-02-07,Devolvido,Site,Cartão
O0005227,C01017,2024-08-03,Concluído,App,Cartão
O0005228,C01017,2024-02-04,Concluído,App,Boleto
O0005229,C01017,2023-11-05,Concluído,Site,Carteira digital
O0005230,C01017,2024-07-13,Concluído,Site,Cartão
O0005231,C01017,2023-11-17,Concluído,Marketplace,Boleto
O0005232,C01017,2025-01-21,Concluído,Site,Cartão
O0005233,C01017,2024-07-26,Concluído,Site,PIX
O0005234,C04561,2025-10-21,Concluído,Site,Cartão
O0005235,C04561,2025-08-05,Concluído,Site,Carteira digital
O0005236,C04561,2025-07-12,Concluído,Marketplace,Cartão
O0005237,C04561,2025-10-31,Cancelado,Site,PIX
O0005238,C04561,2025-08-16,Concluído,Site,Cartão
O0005239,C02692,2025-06-14,Concluído,Marketplace,Carteira digital
O0005240,C03724,2025-04-16,Concluído,Site,PIX
O0005241,C03724,2024-09-05,Concluído,Site,Cartão
O0005242,C03724,2024-03-29,Concluído,Marketplace,Carteira digital
O0005243,C03724,2023-08-14,Concluído,Site,Cartão
O0005244,C04895,2024-01-22,Concluído,Site,PIX
O0005245,C04895,2023-09-30,Concluído,Site,Cartão
O0005246,C04895,2023-04-18,Concluído,App,PIX
O0005247,C03223,2023-07-15,Concluído,Marketplace,PIX
O0005248,C03223,2024-02-17,Concluído,Site,PIX
O0005249,C00874,2025-11-20,Concluído,Site,PIX
O0005250,C00874,2025-06-12,Concluído,App,Cartão
O0005251,C00874,2024-04-01,Concluído,Marketplace,PIX
O0005252,C00874,2024-12-28,Concluído,App,Cartão
O0005253,C00090,2024-11-23,Concluído,App,PIX
O0005254,C00514,2024-08-23,Concluído,Marketplace,Cartão
O0005255,C04829,2023-10-09,Concluído,Site,Cartão
O0005256,C01288,2023-12-18,Concluído,App,Cartão
O0005257,C03397,2025-03-05,Concluído,Site,Cartão
O0005258,C03397,2025-08-18,Concluído,App,Carteira digital
O0005259,C02687,2024-04-11,Concluído,Site,Cartão
O0005260,C02687,2025-05-31,Cancelado,Marketplace,PIX
O0005261,C02687,2025-10-05,Concluído,Site,Cartão
O0005262,C02687,2025-04-20,Concluído,Site,Carteira digital
O0005263,C03754,2023-06-21,Concluído,Site,Cartão
O0005264,C01001,2025-05-28,Concluído,Site,Cartão
O0005265,C04339,2025-11-18,Devolvido,Site,Cartão
O0005266,C04339,2023-12-13,Concluído,Site,Cartão
O0005267,C04339,2023-10-30,Cancelado,App,Cartão
O0005268,C04339,2023-06-05,Concluído,Site,Carteira digital
O0005269,C04339,2025-02-19,Concluído,Site,Carteira digital
O0005270,C04339,2024-08-06,Concluído,App,Boleto
O0005271,C04339,2023-05-09,Concluído,Site,Boleto
O0005272,C04339,2024-12-15,Concluído,App,Boleto
O0005273,C04339,2024-11-20,Concluído,Site,Cartão
O0005274,C03940,2025-03-07,Concluído,Marketplace,Cartão
O0005275,C03447,2025-09-19,Concluído,Site,Cartão
O0005276,C03607,2025-11-02,Concluído,Site,Cartão
O0005277,C01038,2025-10-23,Concluído,Site,Cartão
O0005278,C01038,2025-11-11,Concluído,Site,Carteira digital
O0005279,C01038,2025-10-28,Concluído,App,Boleto
O0005280,C01038,2025-11-06,Cancelado,Marketplace,Cartão
O0005281,C01038,2025-10-23,Concluído,Site,Carteira digital
O0005282,C01038,2025-11-17,Concluído,App,Cartão
O0005283,C04531,2024-07-25,Concluído,Site,Carteira digital
O0005284,C04531,2023-10-11,Concluído,App,Cartão
O0005285,C04531,2024-02-27,Concluído,Site,Cartão
O0005286,C01902,2024-12-22,Concluído,Marketplace,PIX
O0005287,C01902,2023-09-21,Concluído,Site,PIX
O0005288,C04535,2025-10-27,Concluído,App,Boleto
O0005289,C04535,2024-05-26,Concluído,Site,PIX
O0005290,C04138,2025-06-24,Concluído,App,Cartão
O0005291,C04138,2025-10-29,Concluído,Marketplace,Boleto
O0005292,C04138,2024-04-28,Concluído,Marketplace,Cartão
O0005293,C04138,2023-09-02,Concluído,Site,Cartão
O0005294,C04138,2024-04-21,Concluído,Marketplace,PIX
O0005295,C01407,2023-11-17,Concluído,Site,PIX
O0005296,C01407,2023-03-17,Concluído,Marketplace,PIX
O0005297,C03127,2025-01-09,Concluído,Site,Cartão
O0005298,C03127,2024-05-26,Concluído,Marketplace,Cartão
O0005299,C02838,2025-12-04,Concluído,Marketplace,Cartão
O0005300,C02838,2025-06-19,Concluído,Site,Carteira digital
O0005301,C04616,2023-11-28,Concluído,Site,Cartão
O0005302,C03112,2024-08-04,Concluído,Site,Boleto
O0005303,C03112,2023-10-23,Concluído,Site,Cartão
O0005304,C03112,2023-01-29,Concluído,Site,Cartão
O0005305,C03112,2024-09-05,Concluído,Site,Cartão
O0005306,C03112,2025-05-27,Concluído,App,Boleto
O0005307,C03112,2023-12-27,Concluído,App,Cartão
O0005308,C03112,2024-06-29,Concluído,Marketplace,Cartão
O0005309,C03112,2023-09-12,Concluído,Site,Boleto
O0005310,C03112,2023-06-21,Concluído,App,Cartão
O0005311,C03112,2025-01-18,Concluído,Site,Cartão
O0005312,C01189,2025-01-01,Concluído,App,Cartão
O0005313,C01189,2025-01-14,Concluído,App,Cartão
O0005314,C01189,2025-03-02,Concluído,Site,Cartão
O0005315,C01189,2025-01-15,Concluído,App,Cartão
O0005316,C03404,2023-11-06,Concluído,Site,Carteira digital
O0005317,C03404,2025-09-05,Concluído,Site,Cartão
O0005318,C03404,2024-10-09,Cancelado,Site,PIX
O0005319,C03404,2025-08-31,Concluído,Site,Carteira digital
O0005320,C03404,2025-10-24,Concluído,Site,Boleto
O0005321,C01682,2024-11-24,Concluído,Site,Cartão
O0005322,C01682,2025-11-05,Concluído,Site,PIX
O0005323,C01682,2025-05-29,Concluído,Site,Cartão
O0005324,C01682,2025-04-11,Concluído,Site,PIX
O0005325,C00571,2025-07-03,Concluído,Site,Cartão
O0005326,C00571,2025-03-01,Concluído,Site,Boleto
O0005327,C00571,2025-10-22,Concluído,Marketplace,PIX
O0005328,C00571,2025-10-15,Concluído,Marketplace,Cartão
O0005329,C04154,2023-07-25,Concluído,Site,Cartão
O0005330,C04505,2025-05-14,Concluído,Site,PIX
O0005331,C04420,2024-02-07,Concluído,App,Cartão
O0005332,C01242,2024-09-14,Concluído,Marketplace,Cartão
O0005333,C01242,2024-02-10,Concluído,Site,Cartão
O0005334,C01242,2025-04-07,Concluído,Marketplace,Cartão
O0005335,C01242,2025-04-08,Concluído,Site,Cartão
O0005336,C01242,2023-05-02,Concluído,Marketplace,PIX
O0005337,C01242,2024-06-12,Concluído,Marketplace,PIX
O0005338,C03640,2025-09-19,Concluído,Site,PIX
O0005339,C03640,2025-01-20,Concluído,Marketplace,PIX
O0005340,C03640,2025-01-24,Concluído,Marketplace,PIX
O0005341,C00403,2023-09-27,Concluído,App,Cartão
O0005342,C00375,2025-09-12,Concluído,Site,Carteira digital
O0005343,C00375,2025-08-29,Concluído,Site,Carteira digital
O0005344,C00375,2025-06-28,Concluído,App,PIX
O0005345,C00439,2023-09-08,Concluído,Site,Boleto
O0005346,C00439,2024-03-12,Concluído,Site,PIX
O0005347,C02066,2025-01-27,Concluído,Site,Cartão
O0005348,C00260,2025-02-16,Cancelado,Site,PIX
O0005349,C00260,2025-10-23,Concluído,Site,Cartão
O0005350,C00260,2025-10-14,Concluído,Marketplace,Carteira digital
O0005351,C00260,2025-09-14,Concluído,Marketplace,PIX
O0005352,C03077,2024-08-11,Concluído,App,Carteira digital
O0005353,C01296,2025-02-24,Concluído,Site,Cartão
O0005354,C01296,2023-07-29,Concluído,Site,PIX
O0005355,C01296,2025-09-04,Concluído,Marketplace,Cartão
O0005356,C02657,2025-07-14,Concluído,Marketplace,PIX
O0005357,C02657,2025-06-07,Concluído,Marketplace,Cartão
O0005358,C02657,2025-08-25,Concluído,App,PIX
O0005359,C02657,2024-08-06,Concluído,Marketplace,Cartão
O0005360,C02657,2024-06-19,Concluído,Site,PIX
O0005361,C02657,2025-06-25,Concluído,Site,Cartão
O0005362,C02657,2025-03-13,Devolvido,App,Cartão
O0005363,C02657,2024-08-06,Concluído,Site,PIX
O0005364,C02657,2024-10-27,Concluído,Marketplace,Cartão
O0005365,C02657,2025-09-18,Concluído,Site,Carteira digital
O0005366,C02657,2024-10-12,Concluído,Marketplace,Carteira digital
O0005367,C02657,2025-01-07,Concluído,App,Boleto
O0005368,C00579,2025-01-23,Concluído,Marketplace,Boleto
O0005369,C00579,2025-03-23,Concluído,Marketplace,Cartão
O0005370,C03722,2025-10-30,Concluído,Marketplace,Cartão
O0005371,C03722,2025-12-17,Concluído,Site,PIX
O0005372,C03722,2025-11-29,Concluído,Site,Cartão
O0005373,C03722,2025-12-29,Concluído,App,PIX
O0005374,C03722,2025-11-16,Concluído,Site,PIX
O0005375,C03722,2025-11-12,Concluído,Site,Cartão
O0005376,C03722,2025-11-29,Concluído,Site,PIX
O0005377,C03722,2025-10-19,Concluído,App,PIX
O0005378,C03722,2025-12-18,Concluído,App,PIX
O0005379,C03722,2025-12-16,Concluído,Site,PIX
O0005380,C03722,2025-11-07,Concluído,Site,PIX
O0005381,C03722,2025-11-01,Concluído,Site,Cartão
O0005382,C03722,2025-10-22,Concluído,Site,Boleto
O0005383,C00166,2025-04-25,Concluído,Site,Cartão
O0005384,C00215,2025-09-27,Concluído,Site,Boleto
O0005385,C00215,2025-12-23,Concluído,Site,PIX
O0005386,C00215,2025-01-13,Concluído,Site,Cartão
O0005387,C02092,2025-09-07,Concluído,App,Cartão
O0005388,C02092,2025-12-20,Concluído,Site,Cartão
O0005389,C02469,2023-11-29,Concluído,Marketplace,Cartão
O0005390,C02469,2024-09-25,Concluído,Site,Cartão
O0005391,C00313,2024-12-14,Concluído,Site,PIX
O0005392,C00953,2025-06-16,Concluído,Site,Carteira digital
O0005393,C00953,2025-04-14,Concluído,Marketplace,Cartão
O0005394,C00953,2025-02-21,Concluído,App,Cartão
O0005395,C00953,2025-10-02,Concluído,Site,Cartão
O0005396,C00953,2025-12-30,Concluído,App,Carteira digital
O0005397,C04919,2023-10-23,Concluído,App,Cartão
O0005398,C03348,2025-06-17,Concluído,Site,PIX
O0005399,C04211,2024-08-05,Concluído,Site,Cartão
O0005400,C04211,2025-07-23,Concluído,Site,Cartão
O0005401,C04211,2025-01-05,Concluído,App,PIX
O0005402,C04211,2025-12-22,Concluído,Marketplace,Cartão
O0005403,C04211,2024-11-04,Concluído,Site,Cartão
O0005404,C04211,2025-11-23,Concluído,App,PIX
O0005405,C04211,2024-10-14,Concluído,Site,Boleto
O0005406,C04211,2025-08-13,Concluído,Marketplace,Carteira digital
O0005407,C00600,2024-07-07,Concluído,Marketplace,Boleto
O0005408,C03431,2024-01-11,Concluído,Site,PIX
O0005409,C03431,2023-11-26,Concluído,Site,PIX
O0005410,C03431,2024-06-10,Concluído,Marketplace,Carteira digital
O0005411,C03431,2025-10-16,Concluído,Site,Cartão
O0005412,C03690,2025-09-05,Concluído,App,Cartão
O0005413,C03517,2024-05-13,Concluído,App,PIX
O0005414,C04033,2023-05-28,Concluído,App,Cartão
O0005415,C03322,2024-04-16,Concluído,Site,Carteira digital
O0005416,C03322,2025-02-25,Concluído,Marketplace,Cartão
O0005417,C01031,2025-04-26,Concluído,Site,PIX
O0005418,C01031,2023-07-02,Concluído,Site,Cartão
O0005419,C02327,2024-06-07,Concluído,Site,Cartão
O0005420,C00900,2024-02-21,Concluído,Site,Cartão
O0005421,C00345,2025-08-16,Concluído,App,Carteira digital
O0005422,C03795,2024-11-11,Concluído,Site,PIX
O0005423,C03795,2025-05-06,Concluído,Marketplace,PIX
O0005424,C03795,2025-02-23,Cancelado,App,Cartão
O0005425,C02842,2024-03-17,Concluído,Site,Boleto
O0005426,C02842,2025-09-30,Concluído,App,PIX
O0005427,C02842,2024-10-15,Concluído,Site,Cartão
O0005428,C02842,2023-11-12,Concluído,Site,Cartão
O0005429,C03740,2024-03-04,Concluído,Marketplace,PIX
O0005430,C03740,2024-08-03,Concluído,App,PIX
O0005431,C00651,2024-09-20,Concluído,App,PIX
O0005432,C00651,2024-07-22,Concluído,Site,Cartão
O0005433,C00651,2025-04-30,Concluído,App,PIX
O0005434,C00651,2024-12-21,Concluído,App,Cartão
O0005435,C00651,2023-03-31,Concluído,Marketplace,PIX
O0005436,C00651,2024-04-29,Concluído,Site,PIX
O0005437,C00651,2023-08-07,Concluído,Site,Cartão
O0005438,C04233,2024-02-23,Concluído,Marketplace,PIX
O0005439,C04233,2025-06-05,Concluído,Marketplace,PIX
O0005440,C04233,2023-12-19,Concluído,App,Cartão
O0005441,C04233,2025-06-18,Concluído,App,PIX
O0005442,C04233,2025-05-24,Concluído,Site,Carteira digital
O0005443,C04233,2025-08-21,Concluído,App,PIX
O0005444,C04233,2024-12-06,Concluído,App,Cartão
O0005445,C04233,2025-10-01,Concluído,App,Carteira digital
O0005446,C04233,2024-12-23,Concluído,Site,Cartão
O0005447,C04233,2025-06-25,Concluído,Site,Carteira digital
O0005448,C04233,2025-03-22,Concluído,Marketplace,Carteira digital
O0005449,C04233,2024-08-22,Concluído,App,Cartão
O0005450,C04233,2024-07-22,Concluído,Site,Cartão
O0005451,C00474,2024-09-21,Concluído,Site,Cartão
O0005452,C04020,2025-01-24,Concluído,Site,Cartão
O0005453,C04020,2024-04-12,Concluído,Site,PIX
O0005454,C04020,2024-02-14,Concluído,Site,Boleto
O0005455,C00167,2024-07-16,Concluído,App,Cartão
O0005456,C00167,2023-07-25,Concluído,Site,Carteira digital
O0005457,C00167,2025-04-25,Concluído,Site,PIX
O0005458,C00167,2023-01-16,Concluído,Site,PIX
O0005459,C02816,2023-05-03,Concluído,Site,PIX
O0005460,C04939,2024-10-02,Cancelado,Site,Cartão
O0005461,C04939,2025-05-17,Concluído,App,Cartão
O0005462,C04939,2024-09-29,Concluído,Site,Carteira digital
O0005463,C04939,2024-12-16,Concluído,Site,Carteira digital
O0005464,C04939,2025-06-07,Concluído,Site,Cartão
O0005465,C04939,2024-05-17,Concluído,App,PIX
O0005466,C04939,2024-02-05,Concluído,Site,Cartão
O0005467,C04939,2025-06-02,Concluído,Marketplace,Cartão
O0005468,C04939,2023-09-19,Concluído,Site,Cartão
O0005469,C04939,2024-08-09,Concluído,App,PIX
O0005470,C04939,2024-10-31,Concluído,Site,Cartão
O0005471,C01911,2024-12-26,Concluído,App,Cartão
O0005472,C01911,2024-12-25,Concluído,Site,Cartão
O0005473,C01911,2025-02-05,Concluído,Site,PIX
O0005474,C01911,2025-09-11,Concluído,Site,Cartão
O0005475,C04402,2025-08-17,Concluído,App,Cartão
O0005476,C04402,2024-02-21,Concluído,Marketplace,Cartão
O0005477,C04402,2025-02-03,Concluído,Marketplace,Carteira digital
O0005478,C04402,2025-03-14,Concluído,App,Carteira digital
O0005479,C04402,2023-07-21,Concluído,Site,Cartão
O0005480,C04402,2023-09-11,Concluído,App,Cartão
O0005481,C04402,2025-01-11,Concluído,Site,Carteira digital
O0005482,C04402,2023-05-22,Concluído,App,Cartão
O0005483,C04402,2023-10-11,Concluído,Site,PIX
O0005484,C04402,2023-06-04,Concluído,Site,Cartão
O0005485,C04402,2024-07-24,Concluído,Site,Cartão
O0005486,C04402,2025-12-17,Concluído,Site,Cartão
O0005487,C04402,2024-11-14,Concluído,Site,PIX
O0005488,C04402,2023-07-17,Concluído,Site,Cartão
O0005489,C01620,2025-11-20,Concluído,Site,Cartão
O0005490,C01620,2025-12-24,Concluído,Marketplace,Cartão
O0005491,C01620,2025-11-10,Concluído,Site,Cartão
O0005492,C01620,2025-12-31,Concluído,Site,PIX
O0005493,C01620,2025-10-28,Concluído,Site,Carteira digital
O0005494,C01620,2025-11-12,Cancelado,Site,PIX
O0005495,C01620,2025-12-24,Concluído,Marketplace,PIX
O0005496,C01620,2025-11-29,Concluído,App,Cartão
O0005497,C01620,2025-11-22,Concluído,Site,PIX
O0005498,C01620,2025-12-26,Concluído,Marketplace,Cartão
O0005499,C01839,2025-09-30,Concluído,Site,Cartão
O0005500,C00221,2024-05-08,Concluído,Site,PIX
O0005501,C00221,2024-12-17,Concluído,Site,Carteira digital
O0005502,C00221,2025-04-22,Concluído,Site,Carteira digital
O0005503,C02317,2025-06-24,Concluído,App,Cartão
O0005504,C03414,2025-09-07,Concluído,Site,Boleto
O0005505,C04325,2025-09-10,Concluído,App,Cartão
O0005506,C04216,2025-07-06,Concluído,Marketplace,PIX
O0005507,C04216,2025-10-03,Concluído,App,PIX
O0005508,C04637,2024-11-18,Concluído,Site,PIX
O0005509,C04637,2023-10-15,Concluído,App,PIX
O0005510,C04637,2025-03-10,Cancelado,Site,Cartão
O0005511,C04637,2025-01-05,Concluído,Site,Cartão
O0005512,C04894,2025-09-13,Concluído,Site,Boleto
O0005513,C04894,2025-12-15,Concluído,Site,Cartão
O0005514,C00236,2024-07-03,Concluído,Marketplace,Cartão
O0005515,C00236,2024-06-28,Concluído,Site,PIX
O0005516,C00236,2025-03-05,Concluído,Site,PIX
O0005517,C00236,2024-03-28,Concluído,Marketplace,Carteira digital
O0005518,C01777,2025-08-24,Concluído,App,PIX
O0005519,C01777,2025-01-11,Concluído,App,Carteira digital
O0005520,C01777,2023-11-20,Concluído,Site,Cartão
O0005521,C03771,2023-04-20,Concluído,Marketplace,PIX
O0005522,C04382,2023-02-17,Concluído,Site,Boleto
O0005523,C00981,2023-01-20,Cancelado,Site,Cartão
O0005524,C00291,2025-01-17,Concluído,Site,Cartão
O0005525,C00291,2024-08-10,Concluído,Site,Cartão
O0005526,C00291,2024-09-23,Concluído,App,Cartão
O0005527,C00291,2025-08-14,Concluído,Marketplace,Cartão
O0005528,C00291,2024-02-07,Concluído,Site,PIX
O0005529,C02463,2025-08-22,Concluído,Marketplace,Cartão
O0005530,C02463,2025-10-21,Concluído,App,PIX
O0005531,C02624,2024-12-21,Concluído,App,Cartão
O0005532,C02624,2024-08-28,Concluído,Site,Cartão
O0005533,C02164,2025-08-26,Concluído,App,PIX
O0005534,C02164,2023-12-30,Concluído,Site,Cartão
O0005535,C01963,2025-08-06,Concluído,App,Cartão
O0005536,C01963,2024-07-17,Concluído,App,Cartão
O0005537,C01963,2024-08-23,Concluído,App,Cartão
O0005538,C01963,2025-03-21,Concluído,Site,Cartão
O0005539,C01963,2025-09-16,Concluído,Site,Carteira digital
O0005540,C01963,2024-07-24,Concluído,App,Cartão
O0005541,C01963,2025-09-12,Concluído,Site,Cartão
O0005542,C01963,2024-08-01,Concluído,Site,PIX
O0005543,C01963,2024-12-17,Concluído,App,Carteira digital
O0005544,C03782,2024-11-13,Concluído,Marketplace,PIX
O0005545,C02529,2025-05-16,Concluído,Site,Carteira digital
O0005546,C02529,2025-11-13,Concluído,App,Cartão
O0005547,C02679,2023-07-12,Concluído,Site,Cartão
O0005548,C02679,2023-12-29,Concluído,Site,Cartão
O0005549,C02679,2024-06-29,Concluído,Marketplace,Cartão
O0005550,C02677,2025-03-23,Concluído,Site,Carteira digital
O0005551,C02677,2025-08-11,Concluído,Site,Cartão
O0005552,C02677,2025-01-24,Concluído,Marketplace,Cartão
O0005553,C00187,2025-11-23,Concluído,Site,PIX
O0005554,C00187,2024-12-28,Concluído,Site,Carteira digital
O0005555,C00187,2025-05-06,Concluído,Site,Cartão
O0005556,C01318,2025-07-24,Concluído,Site,PIX
O0005557,C01318,2024-09-13,Concluído,App,Cartão
O0005558,C01318,2024-08-10,Concluído,App,Carteira digital
O0005559,C03105,2025-02-16,Concluído,Site,PIX
O0005560,C03105,2024-02-27,Devolvido,App,Cartão
O0005561,C03105,2025-03-28,Concluído,Site,PIX
O0005562,C01846,2025-02-20,Devolvido,App,Boleto
O0005563,C01846,2025-05-16,Concluído,Marketplace,Boleto
O0005564,C01846,2025-08-28,Concluído,App,Cartão
O0005565,C01846,2025-01-09,Concluído,Site,Boleto
O0005566,C00128,2025-07-06,Concluído,Site,Carteira digital
O0005567,C00128,2025-12-09,Concluído,Site,Cartão
O0005568,C00128,2024-10-07,Concluído,App,Cartão
O0005569,C03087,2024-09-06,Concluído,App,Boleto
O0005570,C03087,2025-09-11,Concluído,Site,Cartão
O0005571,C03087,2023-08-02,Concluído,Site,Cartão
O0005572,C03087,2024-04-07,Devolvido,Marketplace,PIX
O0005573,C03087,2024-05-12,Concluído,App,Carteira digital
O0005574,C03087,2023-08-26,Concluído,Marketplace,Boleto
O0005575,C03087,2025-12-23,Concluído,App,Carteira digital
O0005576,C03087,2024-12-04,Cancelado,Site,Cartão
O0005577,C01109,2025-06-24,Concluído,App,Cartão
O0005578,C01109,2025-06-21,Concluído,App,Cartão
O0005579,C00603,2023-07-12,Concluído,App,Cartão
O0005580,C00603,2023-10-11,Concluído,Site,Cartão
O0005581,C02083,2023-12-05,Concluído,Site,PIX
O0005582,C04307,2025-01-28,Concluído,Site,Carteira digital
O0005583,C04307,2025-07-11,Concluído,App,PIX
O0005584,C04307,2025-03-18,Concluído,Site,Carteira digital
O0005585,C04307,2025-02-08,Concluído,Site,Carteira digital
O0005586,C04307,2025-11-19,Cancelado,Site,Carteira digital
O0005587,C03175,2024-09-12,Concluído,App,PIX
O0005588,C03175,2024-10-06,Concluído,Marketplace,Cartão
O0005589,C03175,2025-06-07,Concluído,App,Cartão
O0005590,C04096,2024-05-06,Cancelado,Site,Cartão
O0005591,C04096,2025-12-15,Concluído,Site,PIX
O0005592,C01186,2024-12-13,Concluído,Site,Cartão
O0005593,C01186,2023-07-28,Concluído,Marketplace,Cartão
O0005594,C01186,2024-07-16,Concluído,App,Cartão
O0005595,C01186,2024-08-02,Concluído,Site,Cartão
O0005596,C01186,2025-11-13,Concluído,App,Cartão
O0005597,C01186,2024-05-16,Concluído,App,PIX
O0005598,C02188,2023-12-27,Devolvido,App,Cartão
O0005599,C02188,2023-10-31,Concluído,Marketplace,Cartão
O0005600,C02188,2025-04-25,Concluído,App,PIX
O0005601,C02188,2024-06-20,Concluído,Site,Carteira digital
O0005602,C02188,2024-11-06,Concluído,Marketplace,PIX
O0005603,C02188,2025-12-06,Concluído,Site,PIX
O0005604,C02188,2024-07-12,Concluído,Site,PIX
O0005605,C02701,2025-12-30,Concluído,App,PIX
O0005606,C03253,2025-06-23,Concluído,App,Cartão
O0005607,C03253,2025-04-27,Concluído,Site,Carteira digital
O0005608,C03253,2025-02-10,Concluído,Site,Cartão
O0005609,C03253,2025-03-17,Concluído,App,Boleto
O0005610,C03253,2025-11-21,Concluído,Marketplace,Cartão
O0005611,C02853,2024-02-07,Concluído,Site,Carteira digital
O0005612,C01218,2025-03-06,Concluído,App,Carteira digital
O0005613,C00480,2024-08-17,Concluído,Site,PIX
O0005614,C03528,2024-03-16,Concluído,Site,Cartão
O0005615,C03528,2024-10-19,Concluído,Site,Cartão
O0005616,C01412,2025-09-17,Concluído,Site,Boleto
O0005617,C04527,2024-08-02,Concluído,Site,Carteira digital
O0005618,C04527,2025-04-30,Concluído,Site,Cartão
O0005619,C03624,2024-06-30,Concluído,Marketplace,Cartão
O0005620,C03624,2024-03-17,Concluído,Site,PIX
O0005621,C00083,2025-12-16,Concluído,App,Cartão
O0005622,C00083,2025-06-21,Concluído,App,Carteira digital
O0005623,C00083,2024-10-26,Concluído,Marketplace,Carteira digital
O0005624,C04223,2024-11-28,Concluído,App,PIX
O0005625,C04223,2025-05-12,Concluído,Site,Carteira digital
O0005626,C04223,2025-07-20,Devolvido,App,Boleto
O0005627,C04223,2025-04-26,Concluído,Site,Boleto
O0005628,C04223,2025-09-28,Concluído,Site,PIX
O0005629,C04223,2024-12-30,Concluído,Marketplace,Cartão
O0005630,C00169,2025-06-06,Concluído,Marketplace,PIX
O0005631,C00169,2025-06-17,Concluído,Site,Cartão
O0005632,C00169,2025-10-08,Concluído,App,Cartão
O0005633,C00159,2025-02-20,Concluído,Marketplace,Carteira digital
O0005634,C00159,2024-09-16,Concluído,Marketplace,Cartão
O0005635,C00159,2024-05-05,Concluído,App,Carteira digital
O0005636,C00159,2023-08-14,Concluído,App,Carteira digital
O0005637,C00159,2023-09-04,Concluído,Site,Cartão
O0005638,C00159,2024-01-15,Concluído,App,Cartão
O0005639,C00160,2023-09-06,Concluído,Marketplace,PIX
O0005640,C00160,2023-11-03,Concluído,Site,Cartão
O0005641,C00160,2024-09-05,Concluído,Marketplace,Cartão
O0005642,C00160,2024-06-23,Concluído,Site,Cartão
O0005643,C00160,2024-12-19,Concluído,Site,Cartão
O0005644,C00160,2024-11-07,Concluído,Marketplace,Cartão
O0005645,C00160,2024-04-03,Concluído,Site,Cartão
O0005646,C00160,2023-08-01,Concluído,Site,Cartão
O0005647,C01145,2025-11-23,Concluído,Site,Cartão
O0005648,C01145,2025-09-15,Concluído,App,PIX
O0005649,C01145,2025-12-06,Concluído,Site,Cartão
O0005650,C01145,2025-11-10,Concluído,App,Cartão
O0005651,C01145,2025-11-23,Concluído,Site,Carteira digital
O0005652,C02165,2024-07-24,Concluído,Marketplace,Carteira digital
O0005653,C02165,2024-04-01,Concluído,App,PIX
O0005654,C02165,2023-02-14,Concluído,App,Carteira digital
O0005655,C01115,2025-12-16,Concluído,App,Carteira digital
O0005656,C02380,2025-05-09,Devolvido,Site,Cartão
O0005657,C00879,2023-04-18,Concluído,Site,Cartão
O0005658,C00879,2024-08-11,Concluído,App,Cartão
O0005659,C04736,2024-06-21,Concluído,Marketplace,Cartão
O0005660,C02739,2025-07-22,Concluído,Site,PIX
O0005661,C02739,2025-04-13,Concluído,Site,PIX
O0005662,C02739,2025-10-28,Concluído,App,Cartão
O0005663,C02829,2025-05-02,Concluído,Site,Cartão
O0005664,C01118,2024-02-17,Concluído,Site,Boleto
O0005665,C01118,2025-09-03,Concluído,Marketplace,Cartão
O0005666,C01118,2025-10-02,Concluído,Site,PIX
O0005667,C01118,2023-12-27,Concluído,Site,Cartão
O0005668,C01118,2024-06-26,Concluído,Site,PIX
O0005669,C01118,2025-07-14,Concluído,Site,Cartão
O0005670,C04115,2024-12-26,Concluído,Site,PIX
O0005671,C04115,2024-06-20,Concluído,Marketplace,Carteira digital
O0005672,C04115,2024-10-08,Concluído,App,PIX
O0005673,C01857,2025-12-15,Concluído,Site,Cartão
O0005674,C01857,2025-08-09,Concluído,Site,Boleto
O0005675,C01857,2024-04-21,Concluído,Site,Cartão
O0005676,C01857,2023-09-18,Concluído,Site,Cartão
O0005677,C03475,2025-04-23,Concluído,Site,Cartão
O0005678,C02019,2025-10-10,Concluído,Site,Cartão
O0005679,C02019,2025-11-02,Concluído,Site,Cartão
O0005680,C02019,2025-02-19,Concluído,Site,PIX
O0005681,C02019,2025-05-24,Concluído,Site,Cartão
O0005682,C02019,2025-03-06,Concluído,Site,Carteira digital
O0005683,C02019,2025-07-21,Concluído,Site,PIX
O0005684,C00323,2023-11-03,Concluído,Marketplace,Cartão
O0005685,C00323,2024-02-07,Concluído,Site,Carteira digital
O0005686,C00323,2024-06-19,Concluído,Site,Carteira digital
O0005687,C00323,2025-09-02,Concluído,Marketplace,PIX
O0005688,C03159,2023-07-12,Concluído,App,PIX
O0005689,C01672,2025-04-26,Concluído,Marketplace,PIX
O0005690,C01672,2024-08-29,Concluído,App,PIX
O0005691,C01672,2025-05-16,Concluído,Site,PIX
O0005692,C04162,2025-12-26,Concluído,Site,PIX
O0005693,C00605,2025-11-08,Concluído,Marketplace,Cartão
O0005694,C03396,2025-06-23,Concluído,Site,Cartão
O0005695,C03221,2025-08-20,Concluído,Site,PIX
O0005696,C03221,2025-10-24,Concluído,Site,Cartão
O0005697,C02608,2025-06-02,Concluído,Marketplace,Cartão
O0005698,C04287,2023-12-29,Concluído,App,PIX
O0005699,C04287,2024-08-29,Concluído,Site,Cartão
O0005700,C04287,2025-03-20,Concluído,Site,Cartão
O0005701,C03374,2024-03-05,Concluído,Site,Boleto
O0005702,C03374,2025-07-19,Concluído,Site,PIX
O0005703,C03374,2024-11-29,Concluído,Site,Cartão
O0005704,C03374,2023-01-23,Concluído,Site,PIX
O0005705,C03374,2023-06-12,Concluído,Marketplace,Cartão
O0005706,C03374,2023-10-28,Concluído,App,Cartão
O0005707,C03374,2023-12-04,Concluído,Marketplace,Cartão
O0005708,C03374,2025-09-08,Concluído,Site,Cartão
O0005709,C03374,2023-05-16,Concluído,Marketplace,Cartão
O0005710,C04914,2025-10-24,Concluído,App,Boleto
O0005711,C04914,2025-08-01,Concluído,Site,Carteira digital
O0005712,C00066,2024-09-21,Concluído,Site,Cartão
O0005713,C00066,2024-07-25,Concluído,Site,Cartão
O0005714,C00059,2023-05-13,Concluído,Site,Carteira digital
O0005715,C03793,2024-11-07,Concluído,Marketplace,Cartão
O0005716,C03793,2025-12-03,Concluído,Marketplace,Carteira digital
O0005717,C03793,2024-05-01,Concluído,Marketplace,Boleto
O0005718,C03793,2025-03-07,Concluído,App,Cartão
O0005719,C03793,2025-08-07,Concluído,App,Cartão
O0005720,C03793,2025-02-21,Concluído,Site,Boleto
O0005721,C03793,2025-12-14,Concluído,Site,Cartão
O0005722,C04041,2025-07-07,Concluído,Marketplace,Cartão
O0005723,C04041,2025-08-01,Concluído,Site,PIX
O0005724,C04041,2023-05-05,Concluído,App,PIX
O0005725,C03461,2024-09-02,Concluído,Marketplace,Cartão
O0005726,C03461,2024-09-16,Concluído,App,Carteira digital
O0005727,C04037,2024-07-02,Concluído,Marketplace,Cartão
O0005728,C04037,2023-03-11,Concluído,App,Carteira digital
O0005729,C04037,2023-11-02,Concluído,Site,Carteira digital
O0005730,C04037,2025-06-29,Concluído,Site,Cartão
O0005731,C01079,2025-08-24,Concluído,Site,Cartão
O0005732,C01079,2025-09-14,Concluído,Site,PIX
O0005733,C01079,2024-04-29,Cancelado,App,PIX
O0005734,C04595,2024-11-20,Concluído,Site,Cartão
O0005735,C04232,2025-11-19,Concluído,App,Cartão
O0005736,C04232,2025-12-15,Concluído,Site,Cartão
O0005737,C00450,2025-08-08,Concluído,Site,PIX
O0005738,C00450,2024-12-12,Concluído,Site,Cartão
O0005739,C03501,2024-02-15,Concluído,Site,PIX
O0005740,C01494,2025-06-26,Concluído,Site,PIX
O0005741,C01494,2025-12-04,Concluído,App,Boleto
O0005742,C01494,2025-10-26,Concluído,Site,Cartão
O0005743,C02456,2023-11-29,Concluído,Site,PIX
O0005744,C02844,2025-06-05,Concluído,Marketplace,Cartão
O0005745,C02844,2023-09-23,Concluído,Site,Boleto
O0005746,C02844,2025-01-04,Concluído,App,Cartão
O0005747,C02810,2025-02-11,Concluído,Site,PIX
O0005748,C02810,2025-07-01,Concluído,Marketplace,Cartão
O0005749,C01747,2024-09-07,Concluído,Site,PIX
O0005750,C00025,2025-05-19,Concluído,Marketplace,Carteira digital
O0005751,C00025,2024-12-01,Concluído,App,Carteira digital
O0005752,C00025,2024-07-23,Concluído,Site,Carteira digital
O0005753,C00025,2023-11-21,Concluído,Site,Cartão
O0005754,C02631,2025-04-14,Concluído,Site,Cartão
O0005755,C02631,2025-12-27,Concluído,Marketplace,Cartão
O0005756,C02631,2025-11-05,Concluído,Marketplace,Cartão
O0005757,C00702,2025-03-14,Concluído,App,Cartão
O0005758,C01408,2025-12-27,Concluído,Marketplace,Cartão
O0005759,C01408,2025-11-14,Concluído,App,Carteira digital
O0005760,C01408,2025-12-27,Concluído,Site,Boleto
O0005761,C04396,2025-09-12,Concluído,Marketplace,Carteira digital
O0005762,C04396,2025-12-05,Concluído,Site,Carteira digital
O0005763,C04396,2025-09-25,Concluído,Site,Cartão
O0005764,C04396,2025-10-12,Concluído,App,Cartão
O0005765,C04396,2025-07-24,Concluído,Site,Cartão
O0005766,C03839,2025-06-05,Concluído,Site,PIX
O0005767,C03839,2025-11-08,Concluído,App,Cartão
O0005768,C03839,2025-03-17,Concluído,Marketplace,Cartão
O0005769,C03113,2025-11-30,Concluído,Site,PIX
O0005770,C03113,2025-09-23,Concluído,Marketplace,PIX
O0005771,C02152,2025-05-13,Concluído,Site,Cartão
O0005772,C02152,2025-04-10,Concluído,Site,PIX
O0005773,C02152,2024-11-03,Concluído,App,Cartão
O0005774,C00237,2025-09-15,Concluído,Site,Cartão
O0005775,C00237,2025-09-25,Devolvido,Site,PIX
O0005776,C00237,2025-11-23,Concluído,Site,PIX
O0005777,C00237,2025-10-29,Concluído,App,PIX
O0005778,C00237,2025-11-29,Concluído,Marketplace,PIX
O0005779,C00237,2025-11-16,Concluído,App,Cartão
O0005780,C00237,2025-10-03,Concluído,Marketplace,Boleto
O0005781,C01155,2025-12-03,Concluído,Site,Cartão
O0005782,C01155,2025-11-05,Concluído,App,Cartão
O0005783,C00597,2024-12-24,Concluído,Marketplace,Carteira digital
O0005784,C00597,2025-09-01,Concluído,Site,Cartão
O0005785,C00597,2025-02-20,Concluído,Site,PIX
O0005786,C00597,2025-06-09,Concluído,Site,Cartão
O0005787,C00597,2025-09-08,Concluído,Site,PIX
O0005788,C00597,2025-10-15,Concluído,Site,Cartão
O0005789,C00597,2025-05-28,Concluído,Site,Carteira digital
O0005790,C00597,2025-07-12,Concluído,Site,PIX
O0005791,C00597,2025-04-20,Concluído,App,Boleto
O0005792,C00597,2025-03-11,Concluído,Site,PIX
O0005793,C00597,2025-09-19,Concluído,Site,Boleto
O0005794,C00597,2025-07-24,Concluído,Site,Cartão
O0005795,C00597,2025-02-09,Concluído,App,Cartão
O0005796,C03438,2025-01-27,Concluído,App,Carteira digital
O0005797,C03438,2024-06-02,Concluído,App,Cartão
O0005798,C00992,2024-01-10,Concluído,Site,Carteira digital
O0005799,C00992,2025-05-10,Concluído,App,PIX
O0005800,C00992,2025-03-04,Concluído,App,Cartão
O0005801,C00992,2023-03-28,Concluído,Site,Cartão
O0005802,C00992,2024-09-18,Concluído,Site,Cartão
O0005803,C04219,2024-10-24,Concluído,Site,Carteira digital
O0005804,C04219,2024-12-22,Concluído,App,Cartão
O0005805,C04219,2024-10-31,Concluído,Marketplace,Cartão
O0005806,C04219,2024-10-15,Concluído,Site,Cartão
O0005807,C01522,2025-08-15,Concluído,Site,Cartão
O0005808,C04998,2023-05-17,Concluído,Site,Carteira digital
O0005809,C04998,2023-06-11,Concluído,Site,Cartão
O0005810,C04998,2024-04-09,Concluído,Site,PIX
O0005811,C04998,2025-11-28,Concluído,Site,Cartão
O0005812,C04998,2023-09-11,Concluído,App,Cartão
O0005813,C04998,2023-12-18,Concluído,Marketplace,Carteira digital
O0005814,C04998,2025-10-13,Concluído,Marketplace,Boleto
O0005815,C01205,2025-05-28,Concluído,Site,PIX
O0005816,C01205,2025-07-04,Concluído,Marketplace,Cartão
O0005817,C01205,2025-05-28,Concluído,Site,Carteira digital
O0005818,C01695,2025-04-29,Concluído,Site,PIX
O0005819,C03361,2025-02-01,Concluído,Site,PIX
O0005820,C03361,2025-10-25,Concluído,Site,Cartão
O0005821,C04152,2024-04-20,Concluído,App,Carteira digital
O0005822,C02357,2025-06-29,Concluído,Site,PIX
O0005823,C02357,2025-05-29,Concluído,App,Cartão
O0005824,C01542,2024-10-19,Concluído,App,PIX
O0005825,C03125,2023-03-01,Concluído,Marketplace,Cartão
O0005826,C03762,2023-03-21,Concluído,Site,Cartão
O0005827,C00838,2025-09-10,Concluído,Site,PIX
O0005828,C04791,2025-08-22,Concluído,Site,Boleto
O0005829,C04791,2025-11-26,Concluído,Marketplace,Cartão
O0005830,C04791,2025-09-07,Devolvido,Site,Carteira digital
O0005831,C04791,2025-08-07,Devolvido,Marketplace,Boleto
O0005832,C00004,2023-05-01,Concluído,App,Cartão
O0005833,C03023,2025-06-23,Concluído,Marketplace,Cartão
O0005834,C01182,2025-11-26,Concluído,Marketplace,Carteira digital
O0005835,C04102,2025-08-13,Concluído,Site,PIX
O0005836,C04102,2025-09-28,Concluído,App,Boleto
O0005837,C04102,2025-06-27,Concluído,App,Cartão
O0005838,C04102,2025-05-03,Concluído,Site,Cartão
O0005839,C01943,2024-09-29,Concluído,Marketplace,Cartão
O0005840,C01943,2025-05-18,Concluído,App,Carteira digital
O0005841,C02819,2024-12-08,Concluído,App,Carteira digital
O0005842,C02819,2024-09-17,Concluído,Site,Cartão
O0005843,C02819,2025-12-07,Concluído,Site,Cartão
O0005844,C00368,2025-12-26,Concluído,Site,Cartão
O0005845,C00368,2025-08-24,Concluído,Marketplace,PIX
O0005846,C00368,2025-11-13,Concluído,Site,Carteira digital
O0005847,C00368,2025-10-05,Concluído,Site,Cartão
O0005848,C00368,2025-11-06,Concluído,Site,Cartão
O0005849,C00368,2025-12-23,Concluído,Site,PIX
O0005850,C00368,2025-09-17,Concluído,Site,PIX
O0005851,C00368,2025-10-09,Concluído,Site,PIX
O0005852,C01661,2025-12-21,Concluído,App,Cartão
O0005853,C01661,2025-10-29,Concluído,App,Cartão
O0005854,C01661,2025-07-31,Concluído,App,Cartão
O0005855,C00261,2025-06-09,Concluído,App,Carteira digital
O0005856,C00261,2025-08-29,Concluído,Marketplace,Cartão
O0005857,C00261,2025-05-03,Concluído,Site,Cartão
O0005858,C00261,2025-02-04,Concluído,Site,Cartão
O0005859,C01744,2024-12-19,Concluído,Marketplace,Cartão
O0005860,C01744,2024-12-02,Concluído,Marketplace,Cartão
O0005861,C02189,2023-12-30,Concluído,App,Cartão
O0005862,C02107,2025-06-09,Concluído,Site,Carteira digital
O0005863,C02107,2023-07-10,Concluído,Site,PIX
O0005864,C02107,2025-05-06,Concluído,App,PIX
O0005865,C02107,2023-10-11,Concluído,Site,Cartão
O0005866,C02107,2025-04-08,Concluído,Site,Boleto
O0005867,C02107,2023-09-23,Concluído,App,Cartão
O0005868,C02107,2024-06-05,Concluído,Marketplace,Cartão
O0005869,C02107,2023-10-06,Concluído,Marketplace,PIX
O0005870,C02107,2024-04-13,Concluído,App,Cartão
O0005871,C02107,2025-05-24,Concluído,App,Carteira digital
O0005872,C02107,2024-04-07,Concluído,Marketplace,Boleto
O0005873,C02107,2025-10-15,Concluído,Site,PIX
O0005874,C04098,2024-05-20,Concluído,Marketplace,Cartão
O0005875,C04098,2025-10-29,Concluído,Site,Carteira digital
O0005876,C04098,2024-04-10,Concluído,Site,Cartão
O0005877,C04098,2024-03-07,Concluído,Marketplace,Cartão
O0005878,C04098,2024-07-03,Concluído,Site,Cartão
O0005879,C04098,2025-06-24,Concluído,Marketplace,Carteira digital
O0005880,C04098,2025-04-24,Concluído,App,Cartão
O0005881,C04098,2024-08-03,Concluído,Site,Cartão
O0005882,C01650,2024-07-11,Concluído,Marketplace,Cartão
O0005883,C01650,2023-08-01,Concluído,Site,Cartão
O0005884,C00723,2025-03-05,Concluído,App,Cartão
O0005885,C00723,2024-08-21,Concluído,App,Carteira digital
O0005886,C00253,2025-04-24,Concluído,Site,Carteira digital
O0005887,C00253,2023-07-23,Concluído,Site,PIX
O0005888,C00524,2024-02-13,Concluído,Site,Cartão
O0005889,C00524,2024-06-14,Concluído,Site,PIX
O0005890,C00524,2024-08-17,Concluído,App,Carteira digital
O0005891,C00524,2025-02-16,Concluído,App,Cartão
O0005892,C00524,2025-05-08,Concluído,Site,Cartão
O0005893,C00524,2025-01-18,Concluído,Site,Boleto
O0005894,C02351,2025-12-09,Concluído,App,Carteira digital
O0005895,C02203,2025-10-06,Concluído,Marketplace,PIX
O0005896,C02203,2025-09-13,Concluído,Site,Cartão
O0005897,C03287,2025-06-29,Concluído,App,Cartão
O0005898,C03287,2025-08-18,Concluído,Site,Cartão
O0005899,C04113,2025-10-16,Concluído,App,Cartão
O0005900,C03706,2025-07-13,Concluído,App,Cartão
O0005901,C03706,2025-02-09,Concluído,Site,Cartão
O0005902,C03706,2025-11-30,Concluído,Site,Cartão
O0005903,C03706,2025-04-17,Concluído,Marketplace,PIX
O0005904,C03706,2025-04-02,Concluído,Site,Cartão
O0005905,C02801,2025-02-08,Concluído,App,PIX
O0005906,C02801,2025-04-13,Concluído,App,Cartão
O0005907,C02801,2025-10-27,Concluído,Marketplace,Carteira digital
O0005908,C02325,2025-12-26,Cancelado,App,Cartão
O0005909,C02325,2025-12-27,Concluído,Site,Carteira digital
O0005910,C03573,2025-06-23,Concluído,Marketplace,Cartão
O0005911,C01190,2024-11-22,Concluído,Site,Cartão
O0005912,C00227,2024-03-21,Concluído,Site,Cartão
O0005913,C03738,2023-11-03,Concluído,Site,Cartão
O0005914,C03738,2023-08-20,Concluído,Site,PIX
O0005915,C03738,2024-08-18,Concluído,Site,Cartão
O0005916,C03738,2025-03-17,Concluído,Marketplace,Cartão
O0005917,C03036,2024-06-20,Concluído,App,Cartão
O0005918,C03036,2023-02-07,Concluído,Site,Carteira digital
O0005919,C03036,2023-01-19,Concluído,Marketplace,PIX
O0005920,C03036,2023-12-10,Concluído,Site,PIX
O0005921,C03036,2024-09-03,Concluído,Site,Boleto
O0005922,C03036,2023-10-08,Concluído,Site,PIX
O0005923,C03036,2025-08-09,Concluído,Marketplace,Boleto
O0005924,C03036,2024-06-07,Concluído,Site,PIX
O0005925,C03036,2024-04-12,Concluído,Site,Cartão
O0005926,C03036,2024-01-17,Concluído,Site,Cartão
O0005927,C04104,2025-12-09,Concluído,App,Cartão
O0005928,C01580,2025-07-06,Concluído,Marketplace,Cartão
O0005929,C01580,2025-04-09,Concluído,Site,Cartão
O0005930,C01580,2025-12-17,Concluído,App,Boleto
O0005931,C04111,2025-07-31,Concluído,App,Carteira digital
O0005932,C04111,2025-06-29,Concluído,Site,PIX
O0005933,C04111,2025-09-11,Concluído,App,Cartão
O0005934,C04111,2025-09-30,Concluído,App,PIX
O0005935,C04111,2025-09-17,Concluído,App,Cartão
O0005936,C04111,2025-07-18,Concluído,Marketplace,Cartão
O0005937,C04111,2025-11-12,Concluído,Site,PIX
O0005938,C04111,2025-10-22,Concluído,Site,Cartão
O0005939,C04111,2025-07-05,Cancelado,Site,Cartão
O0005940,C04111,2025-08-24,Concluído,App,Cartão
O0005941,C02269,2025-05-10,Concluído,Marketplace,Carteira digital
O0005942,C02269,2025-01-11,Concluído,Site,Cartão
O0005943,C00002,2023-02-28,Concluído,Site,PIX
O0005944,C00002,2025-04-11,Concluído,Site,Cartão
O0005945,C00002,2025-03-02,Concluído,Marketplace,Cartão
O0005946,C00002,2025-11-06,Concluído,Site,Cartão
O0005947,C00002,2023-11-20,Concluído,App,Carteira digital
O0005948,C03365,2025-06-25,Concluído,Site,PIX
O0005949,C03365,2024-07-21,Concluído,Marketplace,Boleto
O0005950,C03365,2024-10-08,Concluído,Site,PIX
O0005951,C04240,2025-02-24,Concluído,Marketplace,Cartão
O0005952,C01306,2024-10-14,Concluído,Site,Carteira digital
O0005953,C01306,2024-11-21,Concluído,App,PIX
O0005954,C01306,2024-08-17,Concluído,Site,PIX
O0005955,C01572,2025-06-15,Concluído,Site,PIX
O0005956,C01572,2025-03-21,Cancelado,Site,Cartão
O0005957,C01572,2024-12-05,Concluído,Site,Cartão
O0005958,C03833,2025-11-13,Concluído,Site,Cartão
O0005959,C03833,2025-07-24,Concluído,Marketplace,Cartão
O0005960,C03833,2025-10-04,Concluído,Site,Cartão
O0005961,C01768,2025-03-08,Concluído,Site,Carteira digital
O0005962,C03741,2025-06-22,Devolvido,Site,Cartão
O0005963,C03741,2025-04-06,Concluído,Site,PIX
O0005964,C03741,2025-12-04,Concluído,Marketplace,Cartão
O0005965,C03741,2024-03-15,Concluído,App,Cartão
O0005966,C03741,2023-10-11,Concluído,App,Cartão
O0005967,C03741,2023-01-03,Concluído,Site,PIX
O0005968,C03741,2024-11-28,Concluído,Site,PIX
O0005969,C03741,2024-12-21,Concluído,App,Boleto
O0005970,C03741,2023-05-24,Concluído,Marketplace,Carteira digital
O0005971,C03741,2024-02-21,Concluído,Site,Cartão
O0005972,C00380,2025-06-28,Concluído,Site,Carteira digital
O0005973,C00380,2025-09-25,Concluído,Site,Cartão
O0005974,C00380,2025-09-22,Concluído,Site,Cartão
O0005975,C00380,2025-07-05,Concluído,Marketplace,PIX
O0005976,C00380,2025-11-28,Concluído,Site,PIX
O0005977,C00380,2025-08-31,Concluído,Site,Cartão
O0005978,C00380,2025-08-11,Concluído,App,Boleto
O0005979,C00380,2025-07-03,Concluído,Site,Cartão
O0005980,C04925,2023-01-26,Concluído,Marketplace,Cartão
O0005981,C04925,2024-06-14,Concluído,Site,Carteira digital
O0005982,C04925,2025-04-23,Concluído,App,PIX
O0005983,C01612,2025-03-21,Concluído,Site,Cartão
O0005984,C01612,2023-10-29,Concluído,Site,Cartão
O0005985,C01612,2024-10-01,Concluído,App,PIX
O0005986,C00395,2025-12-08,Concluído,Site,Carteira digital
O0005987,C00395,2024-05-30,Concluído,Site,PIX
O0005988,C00535,2023-10-26,Concluído,Site,Boleto
O0005989,C00535,2025-02-06,Concluído,App,PIX
O0005990,C00535,2025-05-07,Concluído,App,Cartão
O0005991,C00535,2025-01-28,Concluído,Site,Carteira digital
O0005992,C04653,2024-07-24,Concluído,Site,Cartão
O0005993,C04923,2025-10-25,Concluído,Site,Carteira digital
O0005994,C01309,2025-08-27,Concluído,Marketplace,Carteira digital
O0005995,C01309,2024-12-23,Concluído,Site,Cartão
O0005996,C01309,2024-09-06,Concluído,App,Cartão
O0005997,C01309,2025-04-05,Concluído,Marketplace,Carteira digital
O0005998,C01309,2025-03-13,Concluído,Site,PIX
O0005999,C01309,2025-08-24,Concluído,Site,Cartão
O0006000,C00906,2024-04-13,Concluído,Site,Cartão
O0006001,C00906,2023-12-22,Concluído,App,Cartão
O0006002,C00906,2025-08-01,Concluído,App,Carteira digital
O0006003,C00906,2023-07-26,Concluído,Site,Cartão
O0006004,C01214,2023-06-05,Concluído,App,Cartão
O0006005,C02022,2025-11-11,Concluído,Site,Cartão
O0006006,C00075,2023-12-21,Concluído,Marketplace,Cartão
O0006007,C01835,2024-08-26,Concluído,Site,Cartão
O0006008,C01835,2024-12-08,Concluído,Marketplace,Cartão
O0006009,C01835,2024-09-19,Concluído,Site,Cartão
O0006010,C03015,2025-07-22,Concluído,Site,PIX
O0006011,C03015,2025-01-12,Concluído,App,Cartão
O0006012,C03015,2025-01-24,Concluído,Site,Cartão
O0006013,C03015,2024-11-19,Concluído,Site,Boleto
O0006014,C03015,2024-12-15,Concluído,Site,Cartão
O0006015,C03015,2025-11-07,Concluído,App,Cartão
O0006016,C03869,2024-06-01,Concluído,Site,Carteira digital
O0006017,C04352,2025-12-20,Concluído,Marketplace,PIX
O0006018,C04352,2025-12-27,Concluído,Marketplace,Cartão
O0006019,C04268,2023-04-04,Concluído,Marketplace,PIX
O0006020,C04268,2025-05-26,Concluído,App,Cartão
O0006021,C04268,2024-01-18,Concluído,Marketplace,PIX
O0006022,C04268,2023-01-04,Concluído,Site,Cartão
O0006023,C04268,2023-05-26,Concluído,Site,Carteira digital
O0006024,C04268,2024-08-13,Concluído,App,Cartão
O0006025,C04268,2024-11-02,Concluído,Site,Cartão
O0006026,C03889,2024-12-19,Concluído,App,Cartão
O0006027,C02204,2023-02-11,Concluído,Site,Cartão
O0006028,C01602,2025-12-04,Concluído,Site,Cartão
O0006029,C01602,2025-11-15,Concluído,Site,Carteira digital
O0006030,C01621,2025-08-11,Concluído,Site,Cartão
O0006031,C01621,2025-07-13,Concluído,Marketplace,Carteira digital
O0006032,C01621,2025-09-24,Concluído,Site,Cartão
O0006033,C01621,2025-05-26,Concluído,Site,Cartão
O0006034,C01621,2025-12-20,Concluído,Marketplace,Cartão
O0006035,C01621,2025-12-12,Concluído,App,Cartão
O0006036,C00562,2024-10-23,Concluído,App,PIX
O0006037,C00562,2024-11-24,Concluído,Marketplace,Cartão
O0006038,C00562,2025-04-09,Concluído,Site,PIX
O0006039,C00562,2025-03-10,Concluído,App,PIX
O0006040,C01693,2024-09-06,Concluído,Site,PIX
O0006041,C01669,2024-02-15,Concluído,Site,Cartão
O0006042,C01669,2025-09-10,Concluído,Site,Cartão
O0006043,C01669,2023-07-03,Concluído,Marketplace,PIX
O0006044,C01669,2023-12-19,Concluído,Site,Cartão
O0006045,C04064,2024-05-10,Cancelado,Site,Cartão
O0006046,C04064,2024-05-11,Concluído,App,Cartão
O0006047,C04064,2024-11-22,Concluído,Site,PIX
O0006048,C04064,2025-12-24,Concluído,Site,PIX
O0006049,C02549,2025-12-29,Concluído,App,Cartão
O0006050,C02549,2025-12-31,Cancelado,Site,PIX
O0006051,C02549,2025-11-09,Concluído,Marketplace,Boleto
O0006052,C02549,2025-12-19,Concluído,App,Cartão
O0006053,C04628,2025-05-22,Concluído,App,Carteira digital
O0006054,C00489,2025-05-24,Concluído,App,PIX
O0006055,C00489,2025-10-16,Concluído,Site,PIX
O0006056,C04443,2024-08-20,Concluído,App,PIX
O0006057,C00184,2025-04-24,Concluído,Site,Carteira digital
O0006058,C00184,2025-10-27,Concluído,Marketplace,Boleto
O0006059,C00184,2025-09-23,Concluído,Site,PIX
O0006060,C00184,2025-08-26,Concluído,Site,Cartão
O0006061,C00184,2025-11-02,Concluído,Marketplace,Cartão
O0006062,C00184,2025-10-09,Concluído,Marketplace,PIX
O0006063,C00184,2025-10-25,Concluído,App,Carteira digital
O0006064,C00184,2025-11-08,Concluído,Site,PIX
O0006065,C00184,2025-11-10,Concluído,Site,Cartão
O0006066,C00184,2025-12-25,Concluído,App,Boleto
O0006067,C00184,2025-06-25,Concluído,App,Cartão
O0006068,C00184,2025-05-19,Cancelado,Marketplace,Cartão
O0006069,C00184,2025-12-09,Concluído,Site,PIX
O0006070,C00184,2025-01-26,Concluído,App,Cartão
O0006071,C00184,2025-04-27,Concluído,Marketplace,Cartão
O0006072,C00184,2025-04-27,Concluído,App,Cartão
O0006073,C00184,2025-05-26,Concluído,App,PIX
O0006074,C00184,2025-06-26,Concluído,Site,Cartão
O0006075,C00184,2025-04-25,Concluído,Marketplace,PIX
O0006076,C00184,2025-03-20,Concluído,Site,PIX
O0006077,C03073,2025-02-28,Concluído,Site,PIX
O0006078,C01034,2023-03-18,Concluído,Site,PIX
O0006079,C01034,2023-11-27,Concluído,Marketplace,Cartão
O0006080,C00045,2023-02-21,Concluído,App,Cartão
O0006081,C00045,2024-09-24,Concluído,App,Boleto
O0006082,C04857,2025-01-30,Concluído,Marketplace,Boleto
O0006083,C04857,2025-10-17,Concluído,Site,Cartão
O0006084,C04857,2025-11-13,Concluído,Site,Cartão
O0006085,C01806,2025-12-06,Concluído,Marketplace,PIX
O0006086,C01806,2025-12-09,Concluído,Site,Cartão
O0006087,C00939,2025-04-20,Concluído,App,Carteira digital
O0006088,C03275,2025-12-25,Concluído,App,Carteira digital
O0006089,C01909,2025-11-14,Concluído,App,Carteira digital
O0006090,C03101,2025-12-28,Cancelado,App,Cartão
O0006091,C03101,2025-12-27,Concluído,Marketplace,PIX
O0006092,C03101,2025-12-30,Concluído,Site,PIX
O0006093,C02316,2025-04-23,Concluído,Marketplace,Cartão
O0006094,C03717,2025-11-17,Concluído,Marketplace,Cartão
O0006095,C03013,2024-06-25,Concluído,Site,Carteira digital
O0006096,C00982,2023-05-26,Concluído,Site,Cartão
O0006097,C00982,2024-10-14,Concluído,App,Cartão
O0006098,C02640,2025-11-20,Concluído,Marketplace,Cartão
O0006099,C02640,2025-11-22,Concluído,Marketplace,Cartão
O0006100,C02640,2025-10-31,Concluído,Marketplace,Cartão
O0006101,C02640,2025-11-25,Concluído,Site,Cartão
O0006102,C02640,2025-12-05,Concluído,App,Carteira digital
O0006103,C02640,2025-11-14,Concluído,Site,PIX
O0006104,C01814,2024-11-21,Concluído,Site,PIX
O0006105,C01814,2025-02-28,Concluído,Site,Boleto
O0006106,C01645,2025-06-10,Concluído,Marketplace,Cartão
O0006107,C02284,2024-06-14,Concluído,Site,Carteira digital
O0006108,C02284,2025-09-06,Concluído,Site,Carteira digital
O0006109,C00811,2023-09-27,Concluído,Site,PIX
O0006110,C00811,2025-04-17,Concluído,Site,PIX
O0006111,C00811,2025-10-29,Concluído,Site,Boleto
O0006112,C04770,2025-10-15,Concluído,Site,Cartão
O0006113,C04770,2024-03-10,Concluído,Marketplace,PIX
O0006114,C00676,2025-05-02,Concluído,Marketplace,Carteira digital
O0006115,C00676,2025-05-18,Concluído,App,Boleto
O0006116,C00676,2024-01-21,Concluído,Marketplace,PIX
O0006117,C00676,2025-05-31,Concluído,Site,Cartão
O0006118,C04176,2025-10-02,Concluído,Site,Cartão
O0006119,C02123,2025-12-23,Concluído,App,Carteira digital
O0006120,C02123,2025-11-30,Concluído,Site,Cartão
O0006121,C00512,2025-05-13,Concluído,Marketplace,Cartão
O0006122,C00512,2025-04-02,Concluído,App,PIX
O0006123,C00332,2025-04-05,Concluído,Marketplace,Carteira digital
O0006124,C00332,2024-11-21,Concluído,Site,Cartão
O0006125,C00332,2025-07-20,Concluído,Site,PIX
O0006126,C00332,2024-08-06,Concluído,Site,Cartão
O0006127,C00332,2025-05-14,Concluído,Site,Boleto
O0006128,C00089,2025-04-06,Concluído,Site,Cartão
O0006129,C00089,2025-06-18,Concluído,Site,Carteira digital
O0006130,C04365,2024-08-02,Concluído,Site,Cartão
O0006131,C04365,2025-01-22,Concluído,App,Carteira digital
O0006132,C04365,2024-03-29,Concluído,Site,Cartão
O0006133,C04365,2024-04-02,Concluído,Site,Cartão
O0006134,C00696,2025-11-04,Concluído,App,Carteira digital
O0006135,C01338,2025-07-31,Concluído,Marketplace,PIX
O0006136,C04360,2025-08-18,Concluído,App,Cartão
O0006137,C04360,2025-02-19,Cancelado,Site,Cartão
O0006138,C04360,2025-08-11,Concluído,App,PIX
O0006139,C01652,2025-03-20,Concluído,Site,Cartão
O0006140,C01652,2025-02-22,Concluído,Site,Cartão
O0006141,C01965,2023-12-31,Concluído,App,Cartão
O0006142,C04251,2025-06-26,Concluído,App,Carteira digital
O0006143,C02437,2025-12-28,Concluído,Site,PIX
O0006144,C02437,2025-11-15,Concluído,Site,Cartão
O0006145,C02437,2025-07-16,Concluído,App,Cartão
O0006146,C02907,2023-01-18,Cancelado,Site,Boleto
O0006147,C02907,2023-01-01,Concluído,Site,PIX
O0006148,C00932,2024-08-04,Concluído,Site,PIX
O0006149,C00932,2023-03-01,Concluído,Site,PIX
O0006150,C03893,2024-09-09,Concluído,App,Cartão
O0006151,C00936,2024-05-09,Concluído,Site,PIX
O0006152,C00936,2023-06-22,Concluído,App,PIX
O0006153,C00936,2023-01-25,Concluído,Site,Cartão
O0006154,C00936,2024-09-20,Concluído,Marketplace,PIX
O0006155,C00936,2024-05-29,Concluído,Site,PIX
O0006156,C00936,2025-12-20,Concluído,Site,Carteira digital
O0006157,C00936,2025-02-21,Concluído,App,Carteira digital
O0006158,C00936,2024-02-15,Concluído,App,Cartão
O0006159,C00936,2024-06-22,Concluído,Marketplace,Cartão
O0006160,C00936,2025-12-07,Concluído,Marketplace,PIX
O0006161,C00936,2023-04-24,Concluído,Site,Cartão
O0006162,C00936,2025-07-30,Concluído,App,Carteira digital
O0006163,C00936,2025-03-13,Concluído,Site,Cartão
O0006164,C00936,2025-09-08,Concluído,Site,Cartão
O0006165,C00936,2024-02-23,Concluído,Site,PIX
O0006166,C00936,2024-08-07,Concluído,Site,PIX
O0006167,C00936,2024-06-28,Concluído,App,Cartão
O0006168,C00936,2024-07-04,Concluído,Site,Cartão
O0006169,C00936,2023-09-19,Concluído,Site,Carteira digital
O0006170,C00936,2023-09-20,Concluído,Site,PIX
O0006171,C03460,2024-08-30,Concluído,Marketplace,Cartão
O0006172,C03460,2025-04-25,Concluído,Site,Cartão
O0006173,C03460,2025-10-02,Concluído,Site,Cartão
O0006174,C00461,2024-09-04,Concluído,App,Carteira digital
O0006175,C00461,2025-05-06,Concluído,App,Cartão
O0006176,C01235,2025-01-06,Concluído,Site,Cartão
O0006177,C01235,2023-10-09,Concluído,Marketplace,Cartão
O0006178,C04099,2025-12-12,Concluído,App,PIX
O0006179,C04099,2025-11-16,Concluído,Marketplace,Carteira digital
O0006180,C04099,2025-07-05,Concluído,Site,Boleto
O0006181,C04880,2024-11-09,Concluído,Site,PIX
O0006182,C01710,2024-12-27,Concluído,Site,Carteira digital
O0006183,C01710,2025-04-22,Concluído,Marketplace,Cartão
O0006184,C01710,2025-03-16,Concluído,Site,Cartão
O0006185,C01710,2025-05-08,Concluído,App,Cartão
O0006186,C00031,2025-12-16,Concluído,App,Cartão
O0006187,C00031,2025-12-22,Concluído,Site,Cartão
O0006188,C00165,2025-10-27,Cancelado,Site,Cartão
O0006189,C00165,2025-09-30,Concluído,Site,Cartão
O0006190,C00165,2025-11-17,Concluído,Site,Cartão
O0006191,C00672,2024-07-24,Concluído,Site,PIX
O0006192,C00672,2023-08-23,Concluído,Site,Cartão
O0006193,C02331,2025-04-03,Cancelado,Marketplace,PIX
O0006194,C02331,2025-06-21,Concluído,Site,Carteira digital
O0006195,C02331,2025-05-10,Concluído,Site,Cartão
O0006196,C02331,2025-05-07,Concluído,App,Boleto
O0006197,C02331,2024-10-29,Concluído,Site,PIX
O0006198,C04804,2025-03-23,Concluído,App,Cartão
O0006199,C04804,2024-09-26,Concluído,Site,Cartão
O0006200,C04804,2024-10-27,Concluído,Marketplace,PIX
O0006201,C04804,2025-12-14,Concluído,Site,Carteira digital
O0006202,C01166,2025-09-22,Concluído,App,Cartão
O0006203,C01166,2024-11-29,Concluído,Site,Cartão
O0006204,C04807,2025-11-25,Concluído,Site,Cartão
O0006205,C04807,2025-04-02,Concluído,App,Cartão
O0006206,C04807,2025-06-02,Concluído,Site,Cartão
O0006207,C01283,2024-04-26,Concluído,Site,Carteira digital
O0006208,C01283,2025-09-24,Concluído,App,Cartão
O0006209,C02527,2024-05-26,Concluído,Site,Cartão
O0006210,C02527,2024-04-03,Concluído,Marketplace,Cartão
O0006211,C02527,2023-12-14,Concluído,Site,Cartão
O0006212,C02527,2024-03-14,Concluído,Site,Carteira digital
O0006213,C02527,2024-12-12,Concluído,App,Cartão
O0006214,C02527,2024-03-04,Concluído,Site,Cartão
O0006215,C02527,2024-10-20,Concluído,Site,Cartão
O0006216,C02527,2024-06-23,Concluído,Site,Boleto
O0006217,C02527,2025-11-02,Concluído,App,PIX
O0006218,C02527,2024-06-23,Concluído,Site,Carteira digital
O0006219,C02527,2025-09-21,Concluído,Site,PIX
O0006220,C02527,2024-09-14,Concluído,Site,Boleto
O0006221,C01626,2025-05-15,Concluído,App,Cartão
O0006222,C01626,2025-08-16,Devolvido,Site,PIX
O0006223,C01626,2025-10-16,Concluído,App,Cartão
O0006224,C01626,2025-12-15,Concluído,App,PIX
O0006225,C00418,2025-03-20,Concluído,App,Cartão
O0006226,C00418,2025-02-01,Concluído,Marketplace,Cartão
O0006227,C00418,2024-10-31,Concluído,App,Cartão
O0006228,C00418,2025-05-10,Concluído,Site,Cartão
O0006229,C00418,2024-07-25,Concluído,Marketplace,PIX
O0006230,C00418,2025-03-07,Concluído,App,Cartão
O0006231,C00418,2024-12-21,Concluído,Site,PIX
O0006232,C02489,2023-09-24,Concluído,Marketplace,Cartão
O0006233,C02489,2023-05-18,Concluído,Site,Cartão
O0006234,C01552,2024-01-07,Concluído,Site,PIX
O0006235,C01552,2023-01-21,Concluído,App,Cartão
O0006236,C01552,2025-04-28,Concluído,Site,Cartão
O0006237,C01552,2024-01-13,Concluído,Site,Carteira digital
O0006238,C01552,2024-03-30,Concluído,Site,PIX
O0006239,C01552,2024-02-23,Concluído,Site,Cartão
O0006240,C01552,2024-06-15,Concluído,Site,Cartão
O0006241,C01402,2024-07-23,Concluído,App,PIX
O0006242,C00390,2025-11-08,Concluído,Site,Cartão
O0006243,C00390,2025-12-03,Concluído,App,Carteira digital
O0006244,C03145,2024-11-21,Concluído,Site,Cartão
O0006245,C03478,2023-12-10,Concluído,Site,PIX
O0006246,C03478,2025-08-03,Concluído,Marketplace,Cartão
O0006247,C03478,2023-10-09,Concluído,Site,PIX
O0006248,C04286,2025-06-10,Concluído,Site,PIX
O0006249,C03997,2024-10-12,Concluído,Marketplace,PIX
O0006250,C03997,2025-05-08,Concluído,App,Carteira digital
O0006251,C02773,2025-05-03,Concluído,Site,PIX
O0006252,C02773,2025-02-19,Concluído,App,Cartão
O0006253,C02773,2025-04-26,Concluído,Site,PIX
O0006254,C01396,2025-04-19,Concluído,App,PIX
O0006255,C01396,2024-01-20,Concluído,Site,PIX
O0006256,C01396,2024-06-14,Concluído,Site,PIX
O0006257,C03029,2024-05-28,Concluído,Site,Cartão
O0006258,C03029,2024-05-10,Concluído,Site,Cartão
O0006259,C04279,2024-02-21,Concluído,Marketplace,Cartão
O0006260,C04279,2024-07-15,Concluído,Marketplace,Carteira digital
O0006261,C04279,2025-06-09,Concluído,Site,Boleto
O0006262,C04279,2024-06-14,Concluído,App,Boleto
O0006263,C04279,2025-08-12,Concluído,Site,Carteira digital
O0006264,C01927,2024-07-09,Concluído,Site,PIX
O0006265,C00149,2023-03-02,Concluído,Site,Cartão
O0006266,C00149,2024-06-20,Concluído,Site,Cartão
O0006267,C00149,2025-06-25,Concluído,Marketplace,PIX
O0006268,C00149,2024-03-02,Concluído,Marketplace,Boleto
O0006269,C01239,2023-01-17,Concluído,App,PIX
O0006270,C00803,2025-06-08,Concluído,Site,Cartão
O0006271,C00803,2025-11-26,Concluído,Marketplace,Cartão
O0006272,C00803,2025-02-16,Concluído,Marketplace,Cartão
O0006273,C04379,2025-01-01,Concluído,Site,Carteira digital
O0006274,C04821,2024-11-12,Concluído,App,Cartão
O0006275,C03358,2025-08-17,Concluído,Site,Cartão
O0006276,C03358,2023-07-27,Concluído,Marketplace,Cartão
O0006277,C00912,2024-08-04,Concluído,Site,Cartão
O0006278,C00912,2024-11-01,Concluído,Marketplace,Cartão
O0006279,C00912,2025-05-28,Concluído,Site,Cartão
O0006280,C00912,2025-09-07,Concluído,Site,Carteira digital
O0006281,C00912,2025-08-23,Concluído,Site,Cartão
O0006282,C00912,2025-08-26,Concluído,App,Carteira digital
O0006283,C00912,2025-11-04,Concluído,App,Cartão
O0006284,C00912,2025-07-03,Concluído,Site,PIX
O0006285,C00912,2025-02-09,Concluído,Marketplace,Carteira digital
O0006286,C00912,2024-08-28,Concluído,Site,Boleto
O0006287,C00912,2025-02-16,Concluído,App,Carteira digital
O0006288,C00912,2024-11-05,Concluído,App,Cartão
O0006289,C00912,2025-02-16,Concluído,Site,PIX
O0006290,C00912,2025-07-21,Concluído,Site,Cartão
O0006291,C00912,2025-10-08,Concluído,Marketplace,Cartão
O0006292,C00912,2025-04-30,Concluído,Site,Boleto
O0006293,C00912,2024-10-31,Concluído,Site,Boleto
O0006294,C00912,2024-10-30,Concluído,Site,PIX
O0006295,C00912,2025-04-26,Concluído,Site,Cartão
O0006296,C02081,2025-08-25,Concluído,Site,Carteira digital
O0006297,C02081,2025-03-08,Concluído,App,Cartão
O0006298,C03334,2025-05-18,Concluído,App,PIX
O0006299,C03334,2025-02-07,Concluído,App,Cartão
O0006300,C03334,2025-11-30,Concluído,App,Cartão
O0006301,C00715,2025-12-28,Devolvido,Site,PIX
O0006302,C00715,2023-09-25,Concluído,App,PIX
O0006303,C00715,2025-01-26,Concluído,App,Cartão
O0006304,C00715,2025-01-16,Concluído,Site,PIX
O0006305,C04605,2025-06-09,Concluído,App,Carteira digital
O0006306,C04605,2025-01-26,Concluído,Site,PIX
O0006307,C04605,2025-10-21,Concluído,Site,Cartão
O0006308,C04605,2025-09-01,Concluído,App,Cartão
O0006309,C04605,2025-11-21,Cancelado,Marketplace,Cartão
O0006310,C04605,2025-11-11,Concluído,Site,Cartão
O0006311,C04605,2025-10-07,Concluído,App,Boleto
O0006312,C04605,2025-03-27,Concluído,App,Cartão
O0006313,C04605,2025-03-19,Concluído,App,Cartão
O0006314,C04605,2025-08-26,Concluído,Marketplace,Cartão
O0006315,C04605,2025-05-10,Concluído,App,PIX
O0006316,C04605,2025-09-02,Concluído,App,Cartão
O0006317,C04605,2025-12-17,Concluído,Site,PIX
O0006318,C00168,2025-06-05,Concluído,App,PIX
O0006319,C00168,2025-08-09,Concluído,Site,PIX
O0006320,C00168,2025-05-29,Concluído,Site,PIX
O0006321,C00168,2025-04-30,Concluído,Site,Carteira digital
O0006322,C00168,2025-10-11,Concluído,Marketplace,Cartão
O0006323,C02859,2023-08-08,Concluído,Marketplace,Cartão
O0006324,C00259,2025-02-27,Concluído,App,Carteira digital
O0006325,C00259,2023-09-23,Concluído,Marketplace,Cartão
O0006326,C01639,2025-09-05,Concluído,Site,Boleto
O0006327,C01639,2025-10-20,Concluído,App,Boleto
O0006328,C01352,2023-08-04,Concluído,Site,PIX
O0006329,C01352,2023-10-12,Concluído,Site,Cartão
O0006330,C01352,2025-02-23,Concluído,Site,Cartão
O0006331,C01352,2023-07-25,Concluído,Site,Cartão
O0006332,C01352,2024-04-22,Concluído,Site,Carteira digital
O0006333,C00274,2025-12-25,Concluído,Site,Boleto
O0006334,C01198,2023-10-01,Concluído,App,Cartão
O0006335,C01198,2024-02-23,Concluído,App,Cartão
O0006336,C01198,2025-07-23,Concluído,App,PIX
O0006337,C01198,2023-06-24,Concluído,Site,Cartão
O0006338,C01198,2025-06-25,Concluído,Site,PIX
O0006339,C01198,2023-07-24,Concluído,Site,Boleto
O0006340,C01198,2025-03-10,Concluído,Marketplace,Cartão
O0006341,C01198,2024-12-01,Concluído,Site,PIX
O0006342,C01198,2024-02-22,Concluído,Site,Cartão
O0006343,C01198,2025-06-28,Concluído,App,Cartão
O0006344,C01198,2023-01-10,Concluído,Site,Cartão
O0006345,C01198,2025-11-14,Concluído,Site,Carteira digital
O0006346,C01375,2025-01-13,Concluído,Site,Cartão
O0006347,C01375,2025-10-29,Concluído,App,Cartão
O0006348,C01375,2025-12-03,Concluído,App,PIX
O0006349,C01375,2025-10-20,Concluído,Site,Carteira digital
O0006350,C01375,2024-10-23,Concluído,Marketplace,Cartão
O0006351,C03173,2024-10-19,Concluído,App,PIX
O0006352,C03173,2025-04-11,Concluído,Marketplace,Cartão
O0006353,C03173,2025-02-09,Concluído,App,Cartão
O0006354,C03173,2025-01-25,Concluído,App,Cartão
O0006355,C03173,2025-11-17,Concluído,Site,PIX
O0006356,C03173,2024-09-10,Concluído,App,Boleto
O0006357,C03173,2025-02-15,Concluído,Site,Cartão
O0006358,C00495,2025-04-10,Concluído,Site,Carteira digital
O0006359,C00495,2023-07-20,Concluído,App,Carteira digital
O0006360,C00495,2024-10-09,Concluído,Site,Carteira digital
O0006361,C02480,2024-08-03,Concluído,App,Carteira digital
O0006362,C02480,2023-06-15,Concluído,Marketplace,Cartão
O0006363,C02480,2024-11-01,Concluído,Site,PIX
O0006364,C00334,2025-08-10,Concluído,App,Cartão
O0006365,C00334,2024-09-19,Concluído,Marketplace,Cartão
O0006366,C00334,2025-05-27,Concluído,Site,Cartão
O0006367,C01576,2025-06-28,Concluído,App,PIX
O0006368,C01576,2025-07-24,Concluído,Marketplace,Cartão
O0006369,C00871,2025-06-22,Concluído,Site,PIX
O0006370,C00871,2025-02-15,Concluído,App,Cartão
O0006371,C03555,2025-09-18,Concluído,App,Carteira digital
O0006372,C01937,2024-10-12,Concluído,Site,PIX
O0006373,C01937,2024-12-01,Concluído,Site,Cartão
O0006374,C01937,2025-02-25,Concluído,Site,Cartão
O0006375,C01937,2025-12-08,Concluído,App,Cartão
O0006376,C03017,2025-11-06,Concluído,App,Carteira digital
O0006377,C03017,2024-07-26,Concluído,Site,Cartão
O0006378,C03017,2025-06-23,Concluído,Site,Cartão
O0006379,C01685,2024-10-16,Devolvido,App,PIX
O0006380,C01685,2024-12-18,Concluído,Site,PIX
O0006381,C01685,2025-01-15,Concluído,Marketplace,Cartão
O0006382,C01685,2024-08-05,Concluído,Site,Cartão
O0006383,C01685,2025-05-08,Concluído,Marketplace,Boleto
O0006384,C03598,2025-09-10,Concluído,Site,Boleto
O0006385,C03598,2025-08-30,Concluído,Site,PIX
O0006386,C02946,2024-11-04,Concluído,App,PIX
O0006387,C02946,2025-02-13,Concluído,Site,Cartão
O0006388,C02946,2025-02-13,Cancelado,Site,Carteira digital
O0006389,C04557,2024-09-09,Concluído,Site,Cartão
O0006390,C04557,2025-04-18,Concluído,Site,Cartão
O0006391,C04557,2025-01-11,Concluído,Site,Carteira digital
O0006392,C00774,2023-09-19,Concluído,App,Carteira digital
O0006393,C00774,2024-08-29,Concluído,Site,Cartão
O0006394,C04563,2024-10-18,Concluído,Site,Carteira digital
O0006395,C02115,2023-08-13,Concluído,Site,PIX
O0006396,C02115,2025-05-31,Concluído,App,Cartão
O0006397,C02115,2024-03-24,Concluído,Site,PIX
O0006398,C04107,2025-02-28,Concluído,Marketplace,PIX
O0006399,C04107,2025-01-29,Concluído,Marketplace,PIX
O0006400,C04107,2025-05-29,Concluído,Site,PIX
O0006401,C03773,2025-02-20,Concluído,App,Cartão
O0006402,C01746,2025-09-12,Concluído,Site,Cartão
O0006403,C01746,2025-11-05,Devolvido,Site,Boleto
O0006404,C01746,2025-12-22,Concluído,Site,Cartão
O0006405,C01746,2025-11-08,Concluído,Site,Cartão
O0006406,C01746,2025-10-29,Concluído,Site,PIX
O0006407,C00635,2025-04-10,Concluído,Site,Cartão
O0006408,C00635,2024-05-16,Concluído,Site,Carteira digital
O0006409,C01323,2023-10-24,Concluído,Site,Boleto
O0006410,C01323,2025-06-16,Concluído,Site,Carteira digital
O0006411,C01323,2025-03-18,Concluído,Site,Cartão
O0006412,C01323,2024-08-21,Concluído,App,Cartão
O0006413,C01323,2023-09-21,Concluído,Site,Cartão
O0006414,C01323,2025-10-21,Concluído,Site,Cartão
O0006415,C01323,2025-01-10,Concluído,Marketplace,PIX
O0006416,C01323,2023-11-06,Concluído,Site,Cartão
O0006417,C01323,2023-12-29,Concluído,App,Boleto
O0006418,C01323,2025-06-09,Concluído,App,Cartão
O0006419,C01323,2025-08-30,Concluído,Marketplace,Carteira digital
O0006420,C01323,2024-05-27,Concluído,App,PIX
O0006421,C01323,2025-12-21,Concluído,Site,Cartão
O0006422,C01323,2025-10-08,Concluído,Site,PIX
O0006423,C01323,2023-11-21,Concluído,Marketplace,Cartão
O0006424,C01323,2025-01-17,Devolvido,Site,Cartão
O0006425,C03959,2025-04-04,Concluído,Site,PIX
O0006426,C04179,2024-06-09,Concluído,App,Cartão
O0006427,C03308,2023-10-24,Concluído,Site,PIX
O0006428,C03308,2024-10-18,Concluído,Site,PIX
O0006429,C03308,2024-02-26,Concluído,Site,Cartão
O0006430,C03308,2024-03-13,Concluído,Site,Cartão
O0006431,C03308,2023-11-28,Concluído,Site,Cartão
O0006432,C03308,2024-11-21,Concluído,Site,Cartão
O0006433,C03308,2025-01-14,Concluído,Marketplace,Cartão
O0006434,C03308,2024-01-24,Concluído,Marketplace,Cartão
O0006435,C03308,2023-07-18,Concluído,App,Cartão
O0006436,C03308,2024-05-29,Concluído,App,Cartão
O0006437,C03308,2025-08-09,Concluído,Site,Cartão
O0006438,C03308,2025-09-23,Concluído,Marketplace,PIX
O0006439,C03308,2024-07-08,Concluído,App,Cartão
O0006440,C03308,2025-04-16,Concluído,App,Cartão
O0006441,C03308,2023-08-08,Concluído,Site,Cartão
O0006442,C03308,2023-08-26,Cancelado,Site,Cartão
O0006443,C03308,2025-07-20,Concluído,Site,Carteira digital
O0006444,C03308,2024-10-16,Concluído,Site,PIX
O0006445,C03687,2024-04-23,Concluído,Marketplace,Cartão
O0006446,C03687,2024-03-28,Concluído,App,Cartão
O0006447,C03031,2025-12-18,Concluído,Site,Carteira digital
O0006448,C03031,2025-12-16,Concluído,Marketplace,PIX
O0006449,C03031,2025-12-01,Concluído,Site,PIX
O0006450,C03031,2025-11-13,Concluído,Site,Cartão
O0006451,C01864,2024-12-31,Concluído,App,Cartão
O0006452,C01864,2025-04-30,Concluído,Site,Cartão
O0006453,C01864,2025-01-10,Concluído,Site,Cartão
O0006454,C01864,2023-05-18,Concluído,Site,PIX
O0006455,C01886,2025-06-09,Concluído,Site,PIX
O0006456,C01886,2025-02-28,Concluído,Marketplace,PIX
O0006457,C00728,2025-05-19,Concluído,App,Cartão
O0006458,C03351,2025-05-27,Devolvido,Site,Carteira digital
O0006459,C03351,2025-04-29,Concluído,Site,PIX
O0006460,C04304,2025-12-13,Concluído,Site,Cartão
O0006461,C04304,2025-10-27,Concluído,Marketplace,PIX
O0006462,C04304,2025-10-19,Concluído,Site,Cartão
O0006463,C00125,2025-08-02,Concluído,Site,Cartão
O0006464,C00125,2025-10-14,Concluído,Site,Cartão
O0006465,C00125,2024-12-15,Cancelado,Site,Cartão
O0006466,C00125,2025-09-07,Concluído,Site,Cartão
O0006467,C00125,2025-11-13,Concluído,App,PIX
O0006468,C00125,2025-12-28,Concluído,Site,PIX
O0006469,C00125,2024-03-28,Concluído,Site,Boleto
O0006470,C00125,2024-11-03,Concluído,App,Cartão
O0006471,C00125,2024-09-24,Concluído,App,Boleto
O0006472,C00125,2024-06-09,Concluído,Site,PIX
O0006473,C00125,2025-07-30,Concluído,Site,Cartão
O0006474,C00125,2024-01-28,Concluído,Site,Carteira digital
O0006475,C00643,2025-03-29,Concluído,App,PIX
O0006476,C03721,2024-09-03,Concluído,Site,PIX
O0006477,C03721,2025-12-06,Concluído,App,Cartão
O0006478,C03721,2025-03-01,Concluído,Marketplace,Cartão
O0006479,C03721,2025-01-30,Concluído,Site,Cartão
O0006480,C03721,2023-04-26,Concluído,Site,PIX
O0006481,C00357,2023-06-27,Concluído,App,PIX
O0006482,C00357,2024-02-29,Concluído,Site,PIX
O0006483,C00357,2025-12-28,Concluído,Site,PIX
O0006484,C01883,2025-03-02,Cancelado,Site,Cartão
O0006485,C01883,2025-12-30,Concluído,App,Cartão
O0006486,C01883,2025-07-30,Concluído,App,Cartão
O0006487,C01883,2025-07-19,Concluído,Site,Cartão
O0006488,C03681,2024-12-09,Concluído,Marketplace,PIX
O0006489,C03681,2025-04-11,Concluído,App,Carteira digital
O0006490,C03681,2024-05-01,Concluído,App,Carteira digital
O0006491,C03681,2023-12-30,Concluído,Site,Carteira digital
O0006492,C03132,2025-06-12,Concluído,Marketplace,Boleto
O0006493,C03132,2024-09-01,Concluído,Marketplace,Cartão
O0006494,C03132,2024-09-06,Concluído,Site,Cartão
O0006495,C03132,2025-03-09,Concluído,App,Cartão
O0006496,C03132,2025-02-03,Concluído,App,Cartão
O0006497,C02446,2024-12-06,Concluído,Site,Cartão
O0006498,C02446,2025-07-19,Concluído,App,PIX
O0006499,C02446,2024-10-01,Concluído,Site,Carteira digital
O0006500,C02446,2025-08-16,Concluído,Site,PIX
O0006501,C02446,2025-07-12,Concluído,Marketplace,Cartão
O0006502,C02446,2024-08-08,Concluído,Site,Cartão
O0006503,C02446,2025-10-20,Concluído,Site,Cartão
O0006504,C02446,2025-12-20,Concluído,App,Cartão
O0006505,C02446,2024-09-06,Concluído,Site,Cartão
O0006506,C02446,2024-12-02,Concluído,Site,PIX
O0006507,C02446,2024-09-05,Concluído,Marketplace,Cartão
O0006508,C02446,2025-03-29,Concluído,Site,Cartão
O0006509,C02446,2024-11-20,Concluído,Site,Cartão
O0006510,C02446,2025-04-24,Concluído,Marketplace,Cartão
O0006511,C00742,2023-02-11,Concluído,Site,Cartão
O0006512,C00742,2024-02-09,Concluído,Site,PIX
O0006513,C01272,2025-12-01,Concluído,Site,Cartão
O0006514,C01286,2025-04-30,Concluído,Marketplace,Carteira digital
O0006515,C01286,2025-05-06,Concluído,Site,PIX
O0006516,C01286,2025-09-30,Concluído,Site,Cartão
O0006517,C01286,2025-11-11,Concluído,Site,Cartão
O0006518,C01286,2025-08-03,Concluído,Site,Carteira digital
O0006519,C01286,2025-10-29,Concluído,Site,Cartão
O0006520,C04534,2024-08-11,Concluído,App,Cartão
O0006521,C04534,2023-02-07,Concluído,Site,Boleto
O0006522,C04534,2023-08-23,Concluído,Marketplace,Cartão
O0006523,C03135,2025-09-03,Concluído,Site,PIX
O0006524,C03135,2025-07-07,Concluído,Site,Cartão
O0006525,C03135,2025-03-02,Concluído,Site,Cartão
O0006526,C03135,2025-11-28,Concluído,App,PIX
O0006527,C03135,2025-05-13,Concluído,App,PIX
O0006528,C03135,2025-07-12,Concluído,Site,Carteira digital
O0006529,C03135,2025-10-14,Concluído,Marketplace,Carteira digital
O0006530,C03135,2025-04-12,Concluído,Site,Cartão
O0006531,C03135,2025-06-30,Concluído,Marketplace,Carteira digital
O0006532,C00153,2024-10-27,Cancelado,App,Cartão
O0006533,C01953,2025-10-03,Concluído,Site,Cartão
O0006534,C01953,2024-10-31,Concluído,Marketplace,PIX
O0006535,C01953,2025-03-13,Concluído,App,PIX
O0006536,C01953,2025-06-07,Concluído,Marketplace,PIX
O0006537,C01953,2025-07-22,Concluído,Marketplace,Cartão
O0006538,C01953,2025-05-21,Concluído,App,PIX
O0006539,C01953,2025-03-26,Concluído,App,Carteira digital
O0006540,C02690,2024-08-21,Concluído,Site,Cartão
O0006541,C02690,2024-05-26,Concluído,App,PIX
O0006542,C01315,2025-08-11,Concluído,Site,PIX
O0006543,C01315,2024-12-04,Concluído,App,Cartão
O0006544,C01315,2024-08-22,Concluído,Site,Cartão
O0006545,C01315,2025-03-24,Concluído,Site,Boleto
O0006546,C01315,2025-04-08,Concluído,Site,Boleto
O0006547,C01315,2025-02-12,Concluído,App,PIX
O0006548,C04710,2025-06-14,Concluído,Marketplace,Boleto
O0006549,C01362,2025-10-15,Concluído,Site,Carteira digital
O0006550,C01362,2023-12-29,Concluído,App,Cartão
O0006551,C04259,2025-11-19,Concluído,Marketplace,Carteira digital
O0006552,C00991,2024-06-26,Concluído,Site,Cartão
O0006553,C01221,2025-12-04,Concluído,Marketplace,Cartão
O0006554,C01221,2025-12-09,Concluído,App,Cartão
O0006555,C01135,2025-03-16,Concluído,Marketplace,Cartão
O0006556,C03803,2025-01-05,Concluído,App,Boleto
O0006557,C03803,2024-11-21,Concluído,App,PIX
O0006558,C03803,2023-12-13,Concluído,App,Boleto
O0006559,C03803,2025-02-19,Concluído,App,PIX
O0006560,C04704,2024-09-05,Concluído,App,PIX
O0006561,C04704,2024-05-15,Concluído,Marketplace,PIX
O0006562,C02931,2025-04-14,Concluído,Site,Cartão
O0006563,C02931,2025-05-04,Concluído,Site,Carteira digital
O0006564,C02931,2025-10-25,Concluído,Site,Carteira digital
O0006565,C02931,2025-10-21,Concluído,Marketplace,Cartão
O0006566,C02931,2024-11-26,Concluído,Site,Carteira digital
O0006567,C02931,2025-08-30,Concluído,Site,Cartão
O0006568,C04580,2025-06-16,Concluído,Site,PIX
O0006569,C01509,2025-04-10,Concluído,App,PIX
O0006570,C01509,2025-02-06,Concluído,App,PIX
O0006571,C01509,2024-11-03,Concluído,Marketplace,Carteira digital
O0006572,C01509,2025-09-29,Concluído,App,Cartão
O0006573,C01509,2025-05-03,Concluído,Site,Cartão
O0006574,C01509,2025-04-20,Concluído,Site,PIX
O0006575,C00848,2025-11-28,Concluído,App,PIX
O0006576,C00848,2025-03-07,Concluído,Site,Cartão
O0006577,C02716,2025-09-30,Concluído,Marketplace,Cartão
O0006578,C02716,2025-12-19,Concluído,App,Boleto
O0006579,C01833,2025-12-25,Concluído,Site,Cartão
O0006580,C02543,2023-12-29,Concluído,Site,PIX
O0006581,C02543,2024-01-15,Concluído,Site,Cartão
O0006582,C02543,2025-05-23,Concluído,Site,Cartão
O0006583,C02543,2023-03-23,Concluído,Marketplace,PIX
O0006584,C02543,2025-03-28,Concluído,Site,Carteira digital
O0006585,C02719,2024-02-26,Concluído,Site,Carteira digital
O0006586,C01869,2025-06-12,Concluído,App,PIX
O0006587,C01869,2024-02-17,Cancelado,Site,PIX
O0006588,C01869,2023-11-29,Concluído,Marketplace,Cartão
O0006589,C02784,2024-04-04,Concluído,Site,Cartão
O0006590,C00984,2024-04-17,Concluído,Marketplace,PIX
O0006591,C00984,2025-02-22,Concluído,App,PIX
O0006592,C00984,2023-09-02,Concluído,Marketplace,PIX
O0006593,C00984,2025-04-12,Concluído,Marketplace,Cartão
O0006594,C00984,2024-05-17,Concluído,App,Cartão
O0006595,C00984,2023-08-22,Concluído,App,Cartão
O0006596,C00984,2025-01-25,Concluído,Site,Boleto
O0006597,C00984,2024-06-03,Concluído,Site,Boleto
O0006598,C00984,2024-10-20,Concluído,App,Cartão
O0006599,C00984,2025-04-07,Concluído,App,Cartão
O0006600,C00984,2025-02-11,Concluído,Site,PIX
O0006601,C00984,2025-01-26,Concluído,App,PIX
O0006602,C00984,2025-06-07,Concluído,Site,Cartão
O0006603,C00984,2025-03-16,Concluído,App,Cartão
O0006604,C03947,2025-09-08,Concluído,App,PIX
O0006605,C03947,2023-09-25,Concluído,Site,Cartão
O0006606,C00618,2025-10-05,Concluído,Marketplace,PIX
O0006607,C00618,2025-12-29,Concluído,App,PIX
O0006608,C00618,2023-07-17,Concluído,Site,PIX
O0006609,C00891,2025-09-30,Concluído,App,Cartão
O0006610,C00891,2024-01-13,Concluído,Site,Carteira digital
O0006611,C00891,2023-03-13,Concluído,App,Carteira digital
O0006612,C00891,2025-12-06,Concluído,Marketplace,PIX
O0006613,C00891,2025-07-30,Concluído,Marketplace,Carteira digital
O0006614,C00891,2023-05-09,Concluído,Site,PIX
O0006615,C00891,2025-03-15,Concluído,App,Cartão
O0006616,C00891,2025-09-27,Concluído,Site,Carteira digital
O0006617,C00891,2025-08-11,Concluído,Marketplace,Cartão
O0006618,C00891,2023-10-10,Concluído,Marketplace,Cartão
O0006619,C00891,2023-12-11,Concluído,Site,PIX
O0006620,C00891,2024-05-21,Concluído,Site,Cartão
O0006621,C00891,2025-02-25,Concluído,App,Cartão
O0006622,C00891,2023-03-27,Concluído,App,PIX
O0006623,C04452,2024-07-19,Concluído,Site,PIX
O0006624,C04452,2024-06-20,Concluído,Site,Cartão
O0006625,C04452,2025-02-26,Concluído,Site,Cartão
O0006626,C04452,2024-09-05,Concluído,Site,Cartão
O0006627,C04452,2024-04-29,Concluído,Marketplace,Carteira digital
O0006628,C04609,2025-09-04,Concluído,App,Cartão
O0006629,C04609,2025-10-16,Concluído,App,Carteira digital
O0006630,C04609,2025-10-28,Concluído,Site,PIX
O0006631,C04609,2025-12-06,Concluído,Marketplace,PIX
O0006632,C04609,2025-11-01,Concluído,Site,PIX
O0006633,C04846,2025-10-02,Concluído,Site,Carteira digital
O0006634,C04846,2025-08-06,Concluído,Site,Cartão
O0006635,C03707,2023-04-22,Concluído,Site,PIX
O0006636,C03707,2023-10-06,Concluído,Site,PIX
O0006637,C03707,2024-04-12,Concluído,Site,PIX
O0006638,C03229,2025-11-24,Concluído,Site,Cartão
O0006639,C02285,2023-07-29,Concluído,Site,Cartão
O0006640,C04881,2023-06-13,Concluído,Site,Cartão
O0006641,C04881,2024-05-29,Concluído,Site,Cartão
O0006642,C04881,2025-04-27,Concluído,Site,PIX
O0006643,C04881,2023-09-04,Concluído,Site,Cartão
O0006644,C04881,2024-12-25,Concluído,Site,PIX
O0006645,C04881,2023-09-16,Concluído,App,Boleto
O0006646,C04881,2025-05-04,Concluído,Site,PIX
O0006647,C04881,2025-07-25,Concluído,Site,Boleto
O0006648,C04881,2024-12-03,Concluído,Site,Cartão
O0006649,C04881,2024-11-10,Concluído,Site,Cartão
O0006650,C02959,2024-10-02,Concluído,Site,Cartão
O0006651,C01053,2025-03-25,Concluído,App,Cartão
O0006652,C01053,2025-06-30,Concluído,Site,Cartão
O0006653,C01053,2025-09-28,Concluído,Site,Carteira digital
O0006654,C01053,2025-11-05,Concluído,Site,PIX
O0006655,C01053,2025-04-07,Concluído,Marketplace,Carteira digital
O0006656,C03608,2025-05-25,Concluído,Marketplace,Cartão
O0006657,C03608,2025-06-19,Concluído,Marketplace,PIX
O0006658,C03608,2025-02-17,Concluído,Marketplace,PIX
O0006659,C03201,2023-08-14,Concluído,Site,Cartão
O0006660,C00586,2025-08-30,Concluído,Site,Cartão
O0006661,C04091,2025-06-30,Concluído,Site,Cartão
O0006662,C02406,2024-10-15,Concluído,Marketplace,Cartão
O0006663,C02406,2024-06-03,Concluído,App,Cartão
O0006664,C02406,2025-03-01,Concluído,Marketplace,Boleto
O0006665,C02981,2025-05-11,Concluído,Site,Cartão
O0006666,C01698,2024-12-17,Concluído,Marketplace,PIX
O0006667,C01729,2025-11-01,Concluído,Site,PIX
O0006668,C01729,2025-11-23,Concluído,Site,Cartão
O0006669,C01729,2023-09-24,Concluído,App,Carteira digital
O0006670,C01729,2025-08-05,Concluído,Site,Cartão
O0006671,C04278,2024-12-05,Concluído,Site,PIX
O0006672,C04278,2025-05-27,Concluído,Site,Carteira digital
O0006673,C04278,2024-12-13,Concluído,Site,Cartão
O0006674,C04278,2025-06-08,Concluído,App,Cartão
O0006675,C04278,2025-01-12,Concluído,Marketplace,Boleto
O0006676,C04278,2024-09-05,Concluído,Site,Cartão
O0006677,C04278,2025-05-31,Concluído,App,Cartão
O0006678,C03144,2024-12-28,Concluído,Marketplace,Cartão
O0006679,C02276,2025-12-25,Concluído,App,Cartão
O0006680,C02276,2025-10-26,Concluído,Site,Cartão
O0006681,C02276,2025-12-13,Concluído,Marketplace,Cartão
O0006682,C02276,2025-12-18,Concluído,Site,Cartão
O0006683,C02276,2025-12-31,Concluído,Site,Cartão
O0006684,C02276,2025-12-28,Concluído,Marketplace,Cartão
O0006685,C02276,2025-12-06,Concluído,Site,Carteira digital
O0006686,C02276,2025-11-30,Concluído,App,Cartão
O0006687,C02276,2025-11-17,Concluído,Site,Cartão
O0006688,C02276,2025-11-05,Cancelado,Site,PIX
O0006689,C02276,2025-11-05,Concluído,App,Cartão
O0006690,C02276,2025-11-14,Concluído,Marketplace,Carteira digital
O0006691,C02276,2025-12-27,Concluído,Site,Cartão
O0006692,C00802,2025-12-24,Concluído,App,Cartão
O0006693,C00802,2025-12-24,Concluído,App,Carteira digital
O0006694,C00802,2025-12-24,Concluído,Marketplace,Boleto
O0006695,C00802,2025-12-30,Concluído,Site,PIX
O0006696,C00802,2025-12-29,Concluído,Site,Cartão
O0006697,C00802,2025-12-29,Concluído,App,Cartão
O0006698,C00802,2025-12-29,Concluído,Site,Cartão
O0006699,C00069,2024-10-04,Concluído,Marketplace,Cartão
O0006700,C00555,2025-10-06,Concluído,App,Cartão
O0006701,C00175,2023-07-19,Concluído,App,Cartão
O0006702,C00175,2025-06-28,Concluído,Marketplace,Cartão
O0006703,C00175,2024-02-19,Concluído,Site,PIX
O0006704,C00175,2025-03-01,Concluído,App,PIX
O0006705,C00175,2025-02-16,Concluído,Marketplace,Cartão
O0006706,C01809,2023-11-13,Concluído,Site,PIX
O0006707,C02798,2025-02-27,Concluído,Site,Cartão
O0006708,C02798,2023-01-22,Concluído,Site,Cartão
O0006709,C04310,2023-06-19,Concluído,Site,Cartão
O0006710,C03639,2025-04-20,Concluído,Site,Boleto
O0006711,C03639,2024-09-29,Concluído,Site,PIX
O0006712,C03639,2025-09-17,Devolvido,Marketplace,PIX
O0006713,C03639,2023-09-29,Concluído,Site,Cartão
O0006714,C02240,2023-06-05,Concluído,Site,Cartão
O0006715,C04490,2025-12-19,Devolvido,Site,Cartão
O0006716,C04490,2025-12-31,Concluído,Site,PIX
O0006717,C04490,2025-12-31,Concluído,Marketplace,Cartão
O0006718,C04490,2025-12-24,Concluído,Site,PIX
O0006719,C01974,2025-10-19,Concluído,Site,PIX
O0006720,C01974,2025-08-01,Concluído,Site,Cartão
O0006721,C01974,2024-12-14,Concluído,App,Cartão
O0006722,C01974,2024-03-15,Concluído,App,Cartão
O0006723,C01974,2025-02-16,Concluído,Marketplace,Boleto
O0006724,C02292,2024-08-02,Concluído,Site,PIX
O0006725,C02292,2023-06-14,Cancelado,App,Carteira digital
O0006726,C02292,2023-09-26,Concluído,Marketplace,Cartão
O0006727,C02292,2024-01-19,Concluído,Marketplace,Carteira digital
O0006728,C02292,2025-12-05,Concluído,App,Cartão
O0006729,C02292,2023-04-24,Concluído,App,Cartão
O0006730,C02292,2023-12-04,Concluído,Site,Boleto
O0006731,C02292,2025-05-02,Concluído,Marketplace,Cartão
O0006732,C02292,2025-02-08,Concluído,App,Carteira digital
O0006733,C02292,2023-12-25,Concluído,App,Carteira digital
O0006734,C02292,2023-05-10,Concluído,App,PIX
O0006735,C02292,2024-08-30,Concluído,Site,Cartão
O0006736,C02292,2023-12-06,Concluído,Site,Cartão
O0006737,C02292,2025-09-02,Concluído,App,Carteira digital
O0006738,C02292,2025-07-26,Concluído,Marketplace,Carteira digital
O0006739,C02292,2023-01-07,Concluído,Site,PIX
O0006740,C02977,2023-04-06,Concluído,Site,PIX
O0006741,C04188,2025-07-18,Concluído,Site,Cartão
O0006742,C04188,2023-11-20,Concluído,Site,Cartão
O0006743,C04912,2023-04-04,Concluído,App,PIX
O0006744,C04912,2024-09-03,Concluído,Site,PIX
O0006745,C03848,2025-08-08,Concluído,Marketplace,PIX
O0006746,C03848,2025-03-23,Concluído,App,Cartão
O0006747,C03848,2025-12-15,Concluído,App,Cartão
O0006748,C00101,2025-07-02,Concluído,Site,Cartão
O0006749,C01355,2023-08-23,Concluído,Site,Cartão
O0006750,C01355,2025-07-27,Concluído,App,Cartão
O0006751,C03870,2024-04-03,Devolvido,App,Cartão
O0006752,C03870,2025-05-10,Concluído,Site,Cartão
O0006753,C03870,2024-11-17,Concluído,Site,PIX
O0006754,C01094,2024-11-30,Cancelado,Marketplace,Cartão
O0006755,C04071,2025-10-10,Concluído,Marketplace,PIX
O0006756,C00755,2024-09-27,Concluído,App,Cartão
O0006757,C00755,2024-01-11,Concluído,App,Cartão
O0006758,C00755,2025-03-28,Concluído,App,Cartão
O0006759,C00755,2024-03-13,Concluído,Site,PIX
O0006760,C01478,2025-08-02,Concluído,Site,PIX
O0006761,C00400,2024-05-23,Concluído,Marketplace,Cartão
O0006762,C00400,2025-03-22,Concluído,Site,Cartão
O0006763,C00400,2023-12-25,Concluído,Site,Carteira digital
O0006764,C00400,2023-03-13,Concluído,Marketplace,Cartão
O0006765,C00400,2024-04-26,Concluído,Marketplace,Cartão
O0006766,C00400,2023-02-15,Concluído,App,Cartão
O0006767,C00400,2025-04-10,Concluído,Site,Cartão
O0006768,C00400,2023-03-16,Concluído,Marketplace,Carteira digital
O0006769,C00400,2024-03-23,Concluído,App,PIX
O0006770,C00400,2023-04-06,Concluído,App,Carteira digital
O0006771,C00400,2025-04-08,Concluído,Site,Carteira digital
O0006772,C00400,2025-02-01,Concluído,App,Boleto
O0006773,C00400,2023-05-15,Cancelado,App,Cartão
O0006774,C00400,2025-04-02,Concluído,Marketplace,Carteira digital
O0006775,C00400,2024-02-10,Concluído,Site,Cartão
O0006776,C00400,2023-09-21,Concluído,Marketplace,PIX
O0006777,C00400,2024-12-11,Concluído,Site,PIX
O0006778,C00400,2025-09-24,Concluído,App,Cartão
O0006779,C03296,2025-12-25,Concluído,Site,Cartão
O0006780,C03296,2025-06-19,Concluído,Marketplace,Carteira digital
O0006781,C03296,2025-02-26,Concluído,Marketplace,Cartão
O0006782,C02090,2025-06-17,Concluído,App,PIX
O0006783,C02090,2025-07-22,Concluído,App,Carteira digital
O0006784,C02090,2025-03-29,Concluído,App,Cartão
O0006785,C02090,2025-04-27,Concluído,Site,Boleto
O0006786,C02090,2025-04-30,Concluído,Marketplace,Cartão
O0006787,C02090,2025-07-16,Concluído,Site,PIX
O0006788,C02090,2025-09-28,Concluído,Site,PIX
O0006789,C02090,2025-05-29,Concluído,Site,Boleto
O0006790,C02090,2025-10-30,Concluído,Marketplace,Cartão
O0006791,C04301,2025-09-26,Concluído,Site,Cartão
O0006792,C02654,2024-09-09,Concluído,Site,Cartão
O0006793,C02654,2024-04-13,Concluído,App,Boleto
O0006794,C02654,2025-05-29,Concluído,Site,Cartão
O0006795,C02654,2025-07-03,Concluído,Site,PIX
O0006796,C03703,2023-11-12,Concluído,Site,Cartão
O0006797,C03703,2025-02-08,Concluído,App,Cartão
O0006798,C03703,2024-01-31,Concluído,Site,Cartão
O0006799,C03703,2024-06-09,Concluído,Site,Cartão
O0006800,C03703,2023-02-09,Concluído,App,Carteira digital
O0006801,C03703,2025-12-11,Concluído,Site,Carteira digital
O0006802,C03703,2024-10-11,Concluído,Marketplace,Cartão
O0006803,C03703,2023-02-24,Concluído,Site,Cartão
O0006804,C03703,2024-08-15,Cancelado,Site,Cartão
O0006805,C03703,2024-06-25,Concluído,App,Cartão
O0006806,C03703,2023-03-07,Concluído,Site,Cartão
O0006807,C03703,2023-11-15,Concluído,App,Boleto
O0006808,C03703,2024-11-23,Concluído,Site,Carteira digital
O0006809,C03703,2023-06-28,Concluído,Site,Cartão
O0006810,C00123,2024-02-13,Concluído,Site,Carteira digital
O0006811,C00123,2025-12-23,Concluído,Site,Carteira digital
O0006812,C00123,2023-04-25,Concluído,Site,Cartão
O0006813,C00123,2023-05-03,Concluído,App,Carteira digital
O0006814,C00123,2023-10-20,Concluído,App,Boleto
O0006815,C00123,2024-02-03,Concluído,App,PIX
O0006816,C00123,2023-05-18,Concluído,App,Cartão
O0006817,C00123,2023-08-11,Concluído,App,Cartão
O0006818,C00123,2024-07-07,Concluído,Site,Cartão
O0006819,C00123,2025-11-12,Cancelado,App,Cartão
O0006820,C00123,2024-03-23,Concluído,Site,Cartão
O0006821,C00123,2023-05-26,Concluído,App,PIX
O0006822,C00123,2023-12-19,Concluído,Site,Cartão
O0006823,C00123,2025-01-31,Concluído,Site,Cartão
O0006824,C01528,2025-07-05,Concluído,Marketplace,PIX
O0006825,C01528,2025-02-12,Concluído,Site,Boleto
O0006826,C01528,2025-04-09,Concluído,Site,Cartão
O0006827,C03216,2025-09-19,Concluído,App,Cartão
O0006828,C03216,2025-11-23,Concluído,Marketplace,PIX
O0006829,C04504,2023-11-23,Cancelado,Marketplace,Cartão
O0006830,C04504,2025-02-27,Concluído,Site,Cartão
O0006831,C02754,2024-05-28,Concluído,Site,Cartão
O0006832,C00897,2024-12-25,Concluído,App,PIX
O0006833,C00897,2023-07-15,Concluído,Site,Cartão
O0006834,C01551,2024-10-07,Concluído,Site,Cartão
O0006835,C01551,2025-09-24,Concluído,App,Cartão
O0006836,C01551,2025-01-16,Cancelado,App,Carteira digital
O0006837,C01551,2025-05-22,Concluído,Site,Boleto
O0006838,C01551,2025-03-27,Concluído,Marketplace,Cartão
O0006839,C01551,2025-02-18,Cancelado,App,Cartão
O0006840,C01551,2025-06-02,Concluído,Marketplace,PIX
O0006841,C01551,2025-12-20,Concluído,Site,PIX
O0006842,C01551,2025-04-17,Concluído,App,PIX
O0006843,C01551,2025-04-05,Concluído,App,Cartão
O0006844,C01551,2024-09-05,Concluído,Site,Carteira digital
O0006845,C01551,2024-03-27,Cancelado,Marketplace,Carteira digital
O0006846,C01551,2025-04-21,Concluído,Site,Cartão
O0006847,C01551,2024-12-18,Concluído,Marketplace,PIX
O0006848,C01551,2024-10-06,Concluído,App,Cartão
O0006849,C01551,2024-08-02,Concluído,Site,Carteira digital
O0006850,C01551,2025-01-28,Concluído,Site,Cartão
O0006851,C01480,2025-05-23,Concluído,App,PIX
O0006852,C01480,2025-03-20,Concluído,Site,Cartão
O0006853,C04801,2025-08-06,Concluído,Site,Cartão
O0006854,C00392,2024-06-11,Concluído,Site,Cartão
O0006855,C00392,2024-07-08,Concluído,Site,Cartão
O0006856,C00392,2025-12-08,Concluído,App,Cartão
O0006857,C04199,2023-06-29,Concluído,Marketplace,PIX
O0006858,C04199,2025-12-20,Concluído,Site,Cartão
O0006859,C04199,2023-02-10,Concluído,Site,Cartão
O0006860,C02641,2024-10-08,Concluído,Site,Cartão
O0006861,C04693,2024-07-28,Concluído,App,Cartão
O0006862,C04693,2025-03-19,Concluído,Marketplace,Cartão
O0006863,C04693,2023-09-11,Concluído,App,Cartão
O0006864,C01153,2025-05-11,Concluído,Marketplace,Cartão
O0006865,C01225,2025-05-30,Concluído,App,Carteira digital
O0006866,C01882,2023-12-05,Concluído,Site,Cartão
O0006867,C02150,2025-11-25,Concluído,Site,Boleto
O0006868,C02150,2023-09-04,Concluído,Site,PIX
O0006869,C02150,2024-03-11,Concluído,Marketplace,Cartão
O0006870,C01445,2025-06-20,Concluído,Site,Carteira digital
O0006871,C04209,2025-01-31,Concluído,Marketplace,PIX
O0006872,C00855,2024-09-30,Concluído,Site,PIX
O0006873,C03669,2025-08-27,Concluído,Site,PIX
O0006874,C00664,2024-12-22,Cancelado,Site,PIX
O0006875,C01397,2025-07-24,Concluído,Site,Carteira digital
O0006876,C04588,2024-07-17,Concluído,Marketplace,PIX
O0006877,C04588,2023-01-17,Concluído,Site,Cartão
O0006878,C04588,2023-03-20,Concluído,Site,Cartão
O0006879,C03975,2024-12-04,Concluído,Site,Cartão
O0006880,C03975,2025-12-01,Concluído,Marketplace,Cartão
O0006881,C00483,2025-11-18,Cancelado,Marketplace,Cartão
O0006882,C00483,2025-09-01,Concluído,Site,Cartão
O0006883,C03167,2025-12-05,Concluído,Marketplace,Cartão
O0006884,C03167,2025-06-01,Concluído,Site,Boleto
O0006885,C00011,2025-07-09,Concluído,Site,Cartão
O0006886,C00011,2025-08-04,Concluído,Marketplace,Carteira digital
O0006887,C00011,2025-09-18,Concluído,Marketplace,Cartão
O0006888,C00011,2025-12-01,Concluído,Site,PIX
O0006889,C00011,2025-04-12,Concluído,App,Carteira digital
O0006890,C00909,2025-12-11,Concluído,Site,Cartão
O0006891,C01719,2023-11-10,Concluído,App,Cartão
O0006892,C01719,2025-05-30,Concluído,Site,PIX
O0006893,C01719,2024-08-16,Concluído,Site,Cartão
O0006894,C01719,2024-07-30,Concluído,Site,PIX
O0006895,C01719,2023-09-11,Concluído,Site,Cartão
O0006896,C01719,2024-01-23,Concluído,Site,PIX
O0006897,C01719,2024-11-25,Concluído,Marketplace,Cartão
O0006898,C01719,2024-12-24,Concluído,Site,Cartão
O0006899,C01719,2023-10-27,Concluído,Site,Cartão
O0006900,C01719,2024-10-16,Devolvido,App,Cartão
O0006901,C01719,2023-02-07,Concluído,Site,Cartão
O0006902,C01719,2025-01-03,Concluído,Site,Carteira digital
O0006903,C01719,2023-09-21,Devolvido,Site,PIX
O0006904,C01719,2025-03-20,Concluído,Site,Cartão
O0006905,C01719,2024-08-01,Concluído,Site,Carteira digital
O0006906,C03347,2025-10-03,Concluído,Marketplace,Cartão
O0006907,C03347,2025-05-22,Concluído,Site,Carteira digital
O0006908,C03347,2025-12-08,Concluído,Marketplace,Carteira digital
O0006909,C03347,2025-08-21,Concluído,Site,Cartão
O0006910,C03347,2025-08-03,Concluído,Marketplace,Cartão
O0006911,C00528,2024-04-29,Concluído,App,Carteira digital
O0006912,C00528,2024-06-09,Cancelado,Site,Cartão
O0006913,C02187,2024-04-14,Concluído,Site,Cartão
O0006914,C02187,2024-04-23,Concluído,App,Carteira digital
O0006915,C02187,2024-03-31,Devolvido,App,Boleto
O0006916,C00947,2025-07-02,Concluído,App,Carteira digital
O0006917,C04879,2025-08-26,Concluído,Marketplace,Cartão
O0006918,C04879,2024-10-31,Concluído,App,PIX
O0006919,C04879,2024-10-23,Concluído,Marketplace,PIX
O0006920,C04879,2023-09-12,Concluído,Marketplace,Carteira digital
O0006921,C04879,2023-10-24,Concluído,Site,Cartão
O0006922,C04879,2025-05-31,Concluído,App,Cartão
O0006923,C04879,2025-09-13,Concluído,Site,Cartão
O0006924,C04879,2025-05-03,Concluído,Site,PIX
O0006925,C04879,2025-02-06,Concluído,App,Cartão
O0006926,C04879,2023-08-06,Concluído,App,Boleto
O0006927,C04879,2024-08-16,Concluído,App,Cartão
O0006928,C03423,2025-11-20,Concluído,Site,Boleto
O0006929,C03423,2023-02-11,Concluído,Site,Cartão
O0006930,C00843,2024-03-25,Concluído,Site,Cartão
O0006931,C01907,2024-09-02,Concluído,Site,Boleto
O0006932,C03335,2024-06-25,Concluído,Site,Cartão
O0006933,C00036,2024-10-16,Concluído,App,Cartão
O0006934,C00036,2025-03-22,Concluído,Marketplace,Cartão
O0006935,C00036,2024-05-12,Concluído,Marketplace,PIX
O0006936,C04218,2025-04-10,Concluído,Site,Cartão
O0006937,C01401,2024-09-11,Concluído,Site,Cartão
O0006938,C01401,2025-04-07,Concluído,App,Carteira digital
O0006939,C01401,2024-08-14,Concluído,App,Cartão
O0006940,C00320,2023-10-27,Concluído,App,Boleto
O0006941,C00320,2025-10-02,Concluído,Marketplace,PIX
O0006942,C00320,2023-09-19,Concluído,App,Cartão
O0006943,C00320,2023-10-14,Concluído,Site,PIX
O0006944,C00320,2023-10-13,Concluído,Site,PIX
O0006945,C00320,2025-10-18,Concluído,Site,Cartão
O0006946,C00320,2024-11-01,Concluído,Site,Carteira digital
O0006947,C00320,2025-09-19,Concluído,Marketplace,PIX
O0006948,C00320,2025-02-03,Concluído,Marketplace,Cartão
O0006949,C00320,2023-09-18,Concluído,App,Cartão
O0006950,C04085,2023-09-27,Concluído,App,Cartão
O0006951,C00440,2025-02-01,Concluído,App,Carteira digital
O0006952,C00440,2025-02-26,Concluído,Marketplace,PIX
O0006953,C00440,2024-01-16,Concluído,Site,Cartão
O0006954,C00440,2025-04-24,Concluído,Site,Boleto
O0006955,C00440,2024-02-02,Concluído,Site,PIX
O0006956,C03209,2024-09-09,Concluído,App,Cartão
O0006957,C00589,2024-12-28,Concluído,Marketplace,PIX
O0006958,C00589,2025-10-24,Concluído,App,PIX
O0006959,C00667,2025-02-10,Concluído,Site,Cartão
O0006960,C00667,2025-04-12,Concluído,Site,Cartão
O0006961,C00667,2024-11-07,Concluído,Site,Cartão
O0006962,C00667,2025-05-24,Concluído,Site,Cartão
O0006963,C00667,2025-03-27,Concluído,Site,Carteira digital
O0006964,C00667,2024-12-14,Concluído,App,PIX
O0006965,C00667,2025-02-01,Concluído,Site,Cartão
O0006966,C00667,2025-07-31,Concluído,Marketplace,PIX
O0006967,C00667,2025-10-26,Concluído,Site,Cartão
O0006968,C00667,2025-08-20,Concluído,Marketplace,PIX
O0006969,C00667,2025-12-14,Concluído,App,PIX
O0006970,C00667,2024-09-11,Concluído,Marketplace,PIX
O0006971,C03203,2025-07-17,Concluído,Site,PIX
O0006972,C00484,2024-12-14,Concluído,App,PIX
O0006973,C02759,2024-10-16,Concluído,Marketplace,Carteira digital
O0006974,C02184,2023-11-04,Concluído,Site,Cartão
O0006975,C01819,2024-07-30,Concluído,App,Cartão
O0006976,C01482,2024-01-12,Concluído,Site,Cartão
O0006977,C01482,2025-09-27,Concluído,App,PIX
O0006978,C01482,2025-01-14,Cancelado,App,Boleto
O0006979,C01482,2025-06-03,Concluído,Site,Carteira digital
O0006980,C01482,2023-11-05,Concluído,Site,Cartão
O0006981,C01482,2025-08-11,Concluído,Site,Carteira digital
O0006982,C01482,2025-09-11,Concluído,Marketplace,Cartão
O0006983,C01482,2023-02-25,Concluído,Site,Carteira digital
O0006984,C02040,2024-03-16,Concluído,Site,Carteira digital
O0006985,C02036,2025-05-24,Concluído,App,Cartão
O0006986,C02036,2024-11-04,Concluído,Marketplace,PIX
O0006987,C02036,2023-08-27,Concluído,Site,Cartão
O0006988,C02036,2025-01-22,Concluído,Marketplace,Cartão
O0006989,C02036,2025-10-20,Concluído,Site,PIX
O0006990,C02036,2023-09-20,Concluído,App,PIX
O0006991,C02036,2025-06-10,Concluído,App,Cartão
O0006992,C02036,2024-11-09,Concluído,Marketplace,Boleto
O0006993,C02036,2024-09-21,Concluído,Site,PIX
O0006994,C02036,2024-05-14,Concluído,Site,Cartão
O0006995,C02036,2025-07-08,Concluído,Site,Cartão
O0006996,C02647,2025-08-07,Concluído,App,Carteira digital
O0006997,C02263,2024-12-07,Concluído,Site,Carteira digital
O0006998,C03897,2025-12-07,Concluído,Site,Cartão
O0006999,C03897,2025-10-12,Concluído,App,Cartão
O0007000,C03897,2025-11-01,Concluído,Marketplace,Cartão
O0007001,C03897,2025-11-18,Concluído,Marketplace,PIX
O0007002,C03897,2025-10-08,Concluído,Site,Cartão
O0007003,C03897,2025-09-28,Concluído,App,PIX
O0007004,C03897,2025-09-07,Concluído,App,Boleto
O0007005,C03897,2025-12-25,Concluído,App,Cartão
O0007006,C03897,2025-11-26,Concluído,App,Boleto
O0007007,C03897,2025-10-06,Concluído,Site,Cartão
O0007008,C03897,2025-11-18,Concluído,Site,Carteira digital
O0007009,C00381,2025-05-05,Concluído,Site,Cartão
O0007010,C00381,2025-06-04,Concluído,Marketplace,PIX
O0007011,C00381,2025-01-09,Concluído,Marketplace,PIX
O0007012,C00733,2025-10-29,Concluído,App,Carteira digital
O0007013,C00733,2025-12-19,Concluído,App,Cartão
O0007014,C02302,2023-12-02,Concluído,Site,Cartão
O0007015,C03445,2025-06-10,Concluído,Site,Carteira digital
O0007016,C03445,2025-10-14,Concluído,Site,Cartão
O0007017,C03666,2025-08-27,Concluído,App,Cartão
O0007018,C03666,2023-12-07,Concluído,Site,PIX
O0007019,C03666,2023-03-03,Concluído,Site,Cartão
O0007020,C03666,2024-08-04,Devolvido,Site,PIX
O0007021,C03666,2024-02-10,Concluído,Site,PIX
O0007022,C03666,2023-03-22,Concluído,Marketplace,Boleto
O0007023,C03666,2024-03-02,Concluído,Marketplace,PIX
O0007024,C03666,2024-01-22,Concluído,Site,Carteira digital
O0007025,C03666,2025-08-01,Concluído,Marketplace,Boleto
O0007026,C03321,2025-06-09,Concluído,Site,Cartão
O0007027,C03321,2025-08-07,Concluído,App,Cartão
O0007028,C03321,2025-10-17,Concluído,Site,Cartão
O0007029,C01648,2024-11-05,Cancelado,App,PIX
O0007030,C00717,2025-02-06,Concluído,Site,Carteira digital
O0007031,C00717,2025-01-03,Concluído,Site,Boleto
O0007032,C04194,2024-05-11,Cancelado,Marketplace,Cartão
O0007033,C02632,2023-01-15,Concluído,App,Cartão
O0007034,C02632,2023-01-11,Concluído,Site,Carteira digital
O0007035,C04929,2024-10-31,Concluído,App,PIX
O0007036,C03588,2025-04-30,Concluído,Site,PIX
O0007037,C03588,2025-08-10,Concluído,App,Cartão
O0007038,C03588,2025-04-29,Concluído,Site,Cartão
O0007039,C03588,2025-10-05,Concluído,Site,PIX
O0007040,C03588,2025-06-30,Concluído,App,PIX
O0007041,C03588,2025-08-02,Concluído,App,Cartão
O0007042,C03588,2025-10-29,Concluído,App,Cartão
O0007043,C03588,2025-07-06,Concluído,App,Cartão
O0007044,C03588,2025-06-24,Concluído,Site,Carteira digital
O0007045,C03588,2025-05-15,Concluído,Site,Cartão
O0007046,C03588,2025-11-02,Concluído,Marketplace,Cartão
O0007047,C03588,2025-09-30,Concluído,App,PIX
O0007048,C03588,2025-04-08,Concluído,Marketplace,Cartão
O0007049,C03588,2025-04-29,Concluído,Site,PIX
O0007050,C02239,2023-12-14,Concluído,App,PIX
O0007051,C02239,2025-05-01,Concluído,App,Carteira digital
O0007052,C02239,2024-04-30,Concluído,Site,Cartão
O0007053,C04143,2024-07-21,Concluído,Site,PIX
O0007054,C02730,2025-11-20,Concluído,Marketplace,Cartão
O0007055,C02730,2025-06-27,Concluído,App,PIX
O0007056,C02730,2025-12-20,Concluído,App,Cartão
O0007057,C04858,2025-11-22,Concluído,Site,Boleto
O0007058,C04858,2025-06-15,Concluído,App,PIX
O0007059,C04858,2025-05-06,Concluído,Site,PIX
O0007060,C04858,2025-04-07,Concluído,Site,PIX
O0007061,C04858,2025-10-05,Concluído,Site,PIX
O0007062,C04858,2024-11-07,Concluído,Site,Cartão
O0007063,C03568,2023-10-17,Concluído,Site,Cartão
O0007064,C01122,2025-12-23,Concluído,Site,Carteira digital
O0007065,C01122,2025-12-11,Concluído,App,Carteira digital
O0007066,C01122,2025-11-27,Concluído,App,Cartão
O0007067,C00883,2025-08-23,Concluído,Site,Cartão
O0007068,C04426,2024-02-13,Concluído,Site,Cartão
O0007069,C04426,2024-06-01,Concluído,App,PIX
O0007070,C02071,2025-11-15,Concluído,Site,Cartão
O0007071,C02071,2025-12-20,Concluído,Site,Carteira digital
O0007072,C02248,2025-10-02,Concluído,Site,Boleto
O0007073,C02248,2023-09-03,Concluído,App,Carteira digital
O0007074,C00352,2025-06-04,Cancelado,Site,Cartão
O0007075,C00352,2025-06-23,Concluído,Marketplace,Cartão
O0007076,C02815,2024-05-10,Concluído,Site,PIX
O0007077,C01441,2025-12-29,Concluído,App,Carteira digital
O0007078,C01679,2025-08-29,Concluído,Marketplace,Cartão
O0007079,C01679,2024-09-03,Concluído,App,Carteira digital
O0007080,C01679,2024-06-22,Concluído,Site,Cartão
O0007081,C01679,2024-10-07,Concluído,App,Cartão
O0007082,C01679,2025-03-07,Concluído,Marketplace,Carteira digital
O0007083,C03807,2025-07-18,Concluído,App,Cartão
O0007084,C03807,2025-10-20,Concluído,Site,PIX
O0007085,C03807,2025-10-16,Concluído,Site,PIX
O0007086,C03807,2025-09-19,Concluído,Site,Carteira digital
O0007087,C03807,2025-11-08,Concluído,Marketplace,Cartão
O0007088,C03807,2025-08-04,Concluído,Marketplace,PIX
O0007089,C03807,2025-10-15,Concluído,Site,Boleto
O0007090,C03807,2025-12-03,Concluído,Marketplace,Cartão
O0007091,C03807,2025-12-22,Concluído,App,Cartão
O0007092,C03807,2025-09-10,Concluído,Site,Cartão
O0007093,C03807,2025-08-10,Concluído,Site,Carteira digital
O0007094,C03807,2025-10-31,Concluído,Site,Boleto
O0007095,C03807,2025-08-21,Concluído,Marketplace,Cartão
O0007096,C03807,2025-10-07,Concluído,App,PIX
O0007097,C03807,2025-11-06,Concluído,Marketplace,PIX
O0007098,C03163,2023-08-07,Concluído,Site,Cartão
O0007099,C03163,2024-05-23,Concluído,App,Cartão
O0007100,C03163,2024-05-30,Concluído,Site,Cartão
O0007101,C03163,2025-02-20,Concluído,App,Cartão
O0007102,C03163,2024-06-06,Concluído,Marketplace,PIX
O0007103,C00043,2025-02-03,Concluído,Site,PIX
O0007104,C02211,2023-01-20,Concluído,App,PIX
O0007105,C02211,2024-03-06,Cancelado,Marketplace,PIX
O0007106,C03764,2024-01-19,Concluído,Site,Cartão
O0007107,C03764,2024-07-07,Cancelado,Marketplace,Cartão
O0007108,C03764,2025-07-23,Concluído,Site,Boleto
O0007109,C03764,2023-10-15,Concluído,App,Cartão
O0007110,C03764,2025-05-07,Concluído,Site,Boleto
O0007111,C03764,2025-11-27,Concluído,App,Cartão
O0007112,C03764,2024-04-07,Concluído,Site,PIX
O0007113,C03764,2025-03-25,Concluído,Site,PIX
O0007114,C03764,2025-12-20,Concluído,Site,Boleto
O0007115,C03764,2024-08-06,Cancelado,Site,Boleto
O0007116,C03764,2025-06-16,Concluído,App,PIX
O0007117,C03764,2025-09-17,Concluído,Marketplace,PIX
O0007118,C03764,2024-03-29,Concluído,Site,Cartão
O0007119,C03764,2023-12-15,Concluído,Site,Cartão
O0007120,C03764,2025-09-12,Concluído,Site,Carteira digital
O0007121,C02991,2025-12-01,Concluído,Site,Cartão
O0007122,C02991,2025-10-15,Concluído,Site,Carteira digital
O0007123,C02991,2025-07-31,Concluído,Site,Carteira digital
O0007124,C02991,2025-12-08,Concluído,App,Cartão
O0007125,C02991,2025-08-10,Cancelado,App,PIX
O0007126,C02991,2025-09-09,Concluído,Site,Cartão
O0007127,C02991,2025-08-10,Concluído,App,Carteira digital
O0007128,C02991,2025-07-31,Concluído,Marketplace,Carteira digital
O0007129,C02991,2025-11-19,Concluído,App,Cartão
O0007130,C02991,2025-12-23,Concluído,Site,Cartão
O0007131,C02991,2025-08-05,Concluído,App,Cartão
O0007132,C02991,2025-12-15,Concluído,Marketplace,Carteira digital
O0007133,C02991,2025-10-31,Concluído,App,Carteira digital
O0007134,C03647,2024-10-08,Concluído,Site,PIX
O0007135,C03647,2024-10-04,Concluído,Marketplace,PIX
O0007136,C01484,2025-12-05,Concluído,App,PIX
O0007137,C04227,2025-06-12,Concluído,Site,Cartão
O0007138,C04227,2025-07-04,Concluído,Site,Carteira digital
O0007139,C04227,2025-12-14,Concluído,Site,PIX
O0007140,C00020,2025-10-16,Concluído,Site,Cartão
O0007141,C03108,2025-02-22,Concluído,Site,PIX
O0007142,C03108,2025-07-18,Concluído,Site,Cartão
O0007143,C03108,2025-10-20,Concluído,App,PIX
O0007144,C03108,2025-03-25,Concluído,Site,Cartão
O0007145,C02650,2025-04-05,Concluído,Marketplace,Carteira digital
O0007146,C02650,2025-05-27,Devolvido,Site,Cartão
O0007147,C02650,2025-04-09,Concluído,Site,PIX
O0007148,C02650,2025-12-02,Concluído,App,PIX
O0007149,C02650,2025-12-05,Concluído,Site,Cartão
O0007150,C04150,2025-12-20,Concluído,Site,PIX
O0007151,C04150,2025-10-12,Concluído,Site,PIX
O0007152,C04150,2025-05-23,Concluído,App,PIX
O0007153,C04150,2025-08-13,Concluído,Site,Cartão
O0007154,C04150,2025-12-26,Concluído,Site,Carteira digital
O0007155,C02930,2023-11-23,Concluído,Marketplace,Cartão
O0007156,C00132,2024-01-24,Concluído,Site,Boleto
O0007157,C00132,2024-09-27,Concluído,Site,PIX
O0007158,C00132,2023-11-16,Concluído,App,Cartão
O0007159,C00132,2024-10-21,Concluído,Site,Cartão
O0007160,C00132,2023-12-05,Concluído,Site,Cartão
O0007161,C00132,2024-01-29,Concluído,Site,Carteira digital
O0007162,C00132,2024-06-17,Concluído,Marketplace,Cartão
O0007163,C00411,2023-07-12,Concluído,App,PIX
O0007164,C00411,2024-11-22,Concluído,App,PIX
O0007165,C03057,2025-06-29,Concluído,App,Cartão
O0007166,C03057,2025-09-19,Concluído,Marketplace,Boleto
O0007167,C04348,2025-07-21,Concluído,Site,Cartão
O0007168,C04438,2024-03-23,Concluído,Site,PIX
O0007169,C04438,2024-06-18,Concluído,Site,Cartão
O0007170,C01841,2025-09-06,Concluído,Marketplace,Boleto
O0007171,C01841,2024-03-16,Concluído,Site,Boleto
O0007172,C02396,2025-02-02,Concluído,Site,Cartão
O0007173,C02252,2023-04-24,Concluído,Site,Cartão
O0007174,C02252,2024-11-18,Concluído,App,PIX
O0007175,C00012,2025-09-11,Concluído,Site,Boleto
O0007176,C00427,2024-07-11,Concluído,Site,Cartão
O0007177,C00427,2024-02-04,Concluído,Site,Cartão
O0007178,C00427,2024-09-28,Concluído,Site,Carteira digital
O0007179,C00427,2024-12-15,Concluído,Site,PIX
O0007180,C00427,2025-07-19,Concluído,App,PIX
O0007181,C01360,2024-07-25,Cancelado,Site,Carteira digital
O0007182,C01360,2024-04-07,Concluído,Site,Carteira digital
O0007183,C01191,2023-07-05,Concluído,Site,Carteira digital
O0007184,C03055,2023-11-08,Concluído,App,Boleto
O0007185,C03055,2024-03-03,Concluído,Site,Boleto
O0007186,C03055,2024-10-06,Concluído,Site,Cartão
O0007187,C01564,2025-06-27,Concluído,Site,PIX
O0007188,C04028,2024-12-09,Concluído,App,Carteira digital
O0007189,C01102,2025-10-30,Concluído,Site,Cartão
O0007190,C01102,2024-06-30,Concluído,Site,Cartão
O0007191,C04283,2024-11-28,Concluído,Site,Carteira digital
O0007192,C04392,2025-05-10,Concluído,Site,Cartão
O0007193,C04392,2023-11-05,Concluído,Marketplace,Cartão
O0007194,C04392,2025-11-04,Concluído,App,PIX
O0007195,C00139,2024-01-27,Concluído,Site,Cartão
O0007196,C02920,2025-07-13,Concluído,Site,PIX
O0007197,C02920,2024-07-10,Concluído,Site,Carteira digital
O0007198,C02920,2023-02-16,Concluído,Site,Cartão
O0007199,C02063,2024-10-20,Concluído,Site,Cartão
O0007200,C04070,2023-11-29,Concluído,App,Boleto
O0007201,C02385,2025-03-30,Concluído,Site,Carteira digital
O0007202,C02385,2025-12-21,Concluído,Site,PIX
O0007203,C02525,2025-12-29,Concluído,Marketplace,PIX
O0007204,C04799,2025-07-01,Concluído,Site,Cartão
O0007205,C04799,2025-08-13,Concluído,Site,Cartão
O0007206,C04799,2024-12-05,Concluído,Marketplace,Cartão
O0007207,C04799,2025-10-29,Concluído,App,Carteira digital
O0007208,C04799,2025-01-27,Concluído,App,Cartão
O0007209,C04799,2025-12-09,Concluído,Site,Cartão
O0007210,C04799,2025-04-30,Concluído,Site,Boleto
O0007211,C04799,2025-01-05,Concluído,Site,Cartão
O0007212,C04799,2025-10-02,Concluído,Site,Cartão
O0007213,C04799,2025-10-10,Concluído,Marketplace,Cartão
O0007214,C04799,2024-12-26,Concluído,Marketplace,Carteira digital
O0007215,C04799,2025-08-14,Concluído,App,PIX
O0007216,C04799,2025-07-16,Concluído,Marketplace,Cartão
O0007217,C04799,2025-12-15,Concluído,App,PIX
O0007218,C02574,2023-03-16,Concluído,Site,Carteira digital
O0007219,C02834,2025-12-21,Concluído,Site,Carteira digital
O0007220,C02834,2025-12-05,Concluído,Marketplace,Carteira digital
O0007221,C02834,2025-12-31,Concluído,Site,Cartão
O0007222,C02517,2025-12-12,Concluído,Site,PIX
O0007223,C02600,2024-11-14,Concluído,Site,Cartão
O0007224,C02600,2025-03-25,Concluído,Site,Boleto
O0007225,C00360,2025-09-28,Concluído,Site,Carteira digital
O0007226,C03384,2024-10-25,Concluído,Marketplace,Cartão
O0007227,C03995,2025-04-13,Concluído,Marketplace,Cartão
O0007228,C02369,2023-12-20,Concluído,Marketplace,PIX
O0007229,C02369,2024-07-15,Concluído,App,Cartão
O0007230,C02369,2025-11-04,Concluído,App,Cartão
O0007231,C02369,2025-07-24,Concluído,App,Cartão
O0007232,C02369,2023-09-12,Concluído,Site,Carteira digital
O0007233,C02369,2024-04-13,Concluído,Site,Cartão
O0007234,C02369,2024-04-12,Concluído,Marketplace,Cartão
O0007235,C02369,2025-05-17,Devolvido,Marketplace,Cartão
O0007236,C02369,2023-11-23,Concluído,Site,Cartão
O0007237,C02369,2024-02-07,Concluído,Marketplace,Cartão
O0007238,C02369,2024-09-08,Concluído,Site,PIX
O0007239,C02369,2023-08-27,Concluído,App,Cartão
O0007240,C02369,2025-10-10,Concluído,Site,Carteira digital
O0007241,C02369,2024-08-21,Concluído,App,Cartão
O0007242,C02369,2025-02-05,Concluído,App,PIX
O0007243,C02369,2024-04-11,Concluído,Site,Cartão
O0007244,C02369,2024-09-30,Concluído,App,Boleto
O0007245,C02369,2025-03-04,Concluído,Marketplace,PIX
O0007246,C04961,2025-05-10,Concluído,Site,Cartão
O0007247,C01502,2025-06-24,Concluído,Site,PIX
O0007248,C01502,2025-03-12,Concluído,Site,Cartão
O0007249,C01082,2025-12-10,Concluído,Site,PIX
O0007250,C01082,2025-11-21,Concluído,Site,Cartão
O0007251,C01082,2025-12-24,Concluído,App,Cartão
O0007252,C01082,2025-11-25,Concluído,App,Carteira digital
O0007253,C01082,2025-12-08,Concluído,Site,PIX
O0007254,C01082,2025-11-25,Concluído,App,Carteira digital
O0007255,C00638,2024-11-20,Cancelado,Marketplace,PIX
O0007256,C00638,2025-04-18,Concluído,App,Cartão
O0007257,C01614,2025-02-17,Concluído,App,Boleto
O0007258,C00348,2025-05-04,Concluído,App,Cartão
O0007259,C01608,2025-08-12,Concluído,Site,Cartão
O0007260,C02196,2025-12-17,Concluído,Site,Cartão
O0007261,C02196,2025-12-14,Concluído,App,PIX
O0007262,C01040,2023-12-16,Concluído,Site,Cartão
O0007263,C01040,2024-09-06,Concluído,Site,PIX
O0007264,C01040,2023-11-23,Cancelado,App,Cartão
O0007265,C00303,2024-07-13,Concluído,App,PIX
O0007266,C00303,2024-08-18,Concluído,Site,Carteira digital
O0007267,C00515,2024-12-16,Concluído,Marketplace,PIX
O0007268,C00515,2025-03-24,Concluído,App,PIX
O0007269,C00515,2025-06-14,Concluído,App,Carteira digital
O0007270,C00515,2025-11-19,Cancelado,Site,PIX
O0007271,C00515,2025-04-21,Concluído,Site,Cartão
O0007272,C03349,2023-07-28,Concluído,App,Cartão
O0007273,C04723,2025-09-06,Concluído,Site,Cartão
O0007274,C04723,2025-12-10,Concluído,App,Cartão
O0007275,C04723,2025-11-30,Concluído,Marketplace,Boleto
O0007276,C04723,2025-09-15,Concluído,Site,Cartão
O0007277,C04723,2025-08-20,Concluído,Site,PIX
O0007278,C04723,2025-09-25,Concluído,App,PIX
O0007279,C01300,2025-04-17,Concluído,App,PIX
O0007280,C01300,2025-05-27,Concluído,Site,Cartão
O0007281,C01300,2025-04-17,Concluído,Marketplace,PIX
O0007282,C01300,2025-06-20,Concluído,App,PIX
O0007283,C01300,2025-05-21,Concluído,Site,Cartão
O0007284,C01300,2025-05-22,Concluído,Site,Cartão
O0007285,C01300,2025-06-03,Concluído,Site,Cartão
O0007286,C04413,2025-11-19,Concluído,Site,Boleto
O0007287,C04413,2025-12-03,Cancelado,Marketplace,PIX
O0007288,C04413,2025-12-30,Concluído,Marketplace,Carteira digital
O0007289,C04413,2025-12-17,Concluído,App,Cartão
O0007290,C04413,2025-12-11,Concluído,App,Carteira digital
O0007291,C01604,2024-07-28,Concluído,Site,PIX
O0007292,C02148,2025-10-26,Concluído,Site,PIX
O0007293,C02148,2025-10-03,Concluído,Marketplace,Cartão
O0007294,C02148,2025-12-16,Concluído,Marketplace,Cartão
O0007295,C02148,2025-11-18,Concluído,Site,Boleto
O0007296,C02148,2025-08-17,Concluído,Marketplace,Cartão
O0007297,C00853,2024-03-10,Concluído,Site,PIX
O0007298,C02358,2025-04-11,Concluído,App,Cartão
O0007299,C02358,2025-02-03,Concluído,App,Cartão
O0007300,C00784,2024-07-03,Concluído,App,Cartão
O0007301,C00784,2024-10-09,Concluído,Marketplace,Carteira digital
O0007302,C04510,2025-05-26,Concluído,Site,Cartão
O0007303,C04510,2025-09-01,Concluído,Site,Carteira digital
O0007304,C04166,2024-08-13,Concluído,App,Cartão
O0007305,C04166,2023-02-14,Concluído,Site,Cartão
O0007306,C04166,2023-06-03,Concluído,Site,Cartão
O0007307,C04166,2024-05-27,Concluído,Site,Cartão
O0007308,C04164,2025-09-12,Concluído,App,Boleto
O0007309,C01568,2023-07-21,Concluído,Site,PIX
O0007310,C01568,2024-07-08,Cancelado,Site,PIX
O0007311,C04988,2024-01-03,Concluído,Marketplace,Cartão
O0007312,C04988,2024-05-03,Concluído,Marketplace,Carteira digital
O0007313,C01597,2025-07-14,Concluído,Site,Carteira digital
O0007314,C01597,2025-09-08,Concluído,App,Cartão
O0007315,C01597,2025-10-21,Concluído,App,PIX
O0007316,C01597,2025-12-05,Concluído,Marketplace,Cartão
O0007317,C01597,2025-07-11,Concluído,Site,PIX
O0007318,C04820,2025-06-26,Concluído,Site,Cartão
O0007319,C00299,2025-02-16,Concluído,App,PIX
O0007320,C00299,2025-01-16,Concluído,App,Cartão
O0007321,C00299,2024-12-07,Concluído,Marketplace,Carteira digital
O0007322,C01112,2025-07-11,Concluído,Marketplace,Cartão
O0007323,C01112,2024-12-20,Concluído,Marketplace,PIX
O0007324,C01112,2025-02-09,Concluído,Marketplace,Cartão
O0007325,C00648,2024-08-07,Concluído,Marketplace,Cartão
O0007326,C01908,2025-04-13,Concluído,App,Boleto
O0007327,C01908,2024-08-04,Concluído,App,Cartão
O0007328,C01908,2023-11-20,Concluído,Site,Cartão
O0007329,C04288,2025-06-15,Concluído,Site,Cartão
O0007330,C04288,2024-07-10,Concluído,Site,Cartão
O0007331,C04288,2025-01-15,Concluído,App,Cartão
O0007332,C04288,2024-10-11,Concluído,App,Cartão
O0007333,C04288,2024-09-17,Concluído,Site,Cartão
O0007334,C04116,2023-08-06,Concluído,Site,Cartão
O0007335,C04116,2023-10-07,Concluído,Marketplace,Cartão
O0007336,C04116,2024-04-13,Concluído,Site,Cartão
O0007337,C04116,2024-12-18,Concluído,Site,PIX
O0007338,C04116,2025-07-06,Concluído,Site,PIX
O0007339,C04116,2025-05-05,Concluído,App,Cartão
O0007340,C03677,2024-11-14,Concluído,Site,Boleto
O0007341,C03677,2023-12-25,Concluído,Site,Cartão
O0007342,C02173,2024-09-17,Concluído,Site,PIX
O0007343,C02390,2025-06-17,Concluído,Site,Cartão
O0007344,C02390,2025-10-12,Concluído,Marketplace,PIX
O0007345,C01718,2025-12-12,Concluído,Marketplace,Cartão
O0007346,C01718,2025-12-27,Concluído,Marketplace,PIX
O0007347,C00698,2024-11-24,Concluído,Marketplace,Cartão
O0007348,C00698,2024-07-27,Concluído,Site,PIX
O0007349,C00698,2024-07-06,Concluído,Site,PIX
O0007350,C00698,2024-12-12,Concluído,Marketplace,Cartão
O0007351,C02607,2024-11-23,Concluído,Marketplace,Boleto
O0007352,C02607,2025-07-29,Concluído,Site,PIX
O0007353,C02031,2025-05-23,Concluído,Site,PIX
O0007354,C00730,2025-01-18,Concluído,Site,Cartão
O0007355,C00730,2025-05-28,Concluído,Site,PIX
O0007356,C00730,2025-11-15,Concluído,Site,Cartão
O0007357,C04985,2024-07-02,Concluído,Site,Cartão
O0007358,C04985,2023-07-11,Concluído,Site,Cartão
O0007359,C02039,2025-11-17,Concluído,Site,Carteira digital
O0007360,C03050,2023-11-26,Concluído,Site,PIX
O0007361,C03050,2025-10-28,Concluído,Site,PIX
O0007362,C03050,2023-06-11,Concluído,Marketplace,Cartão
O0007363,C01341,2025-12-01,Concluído,App,PIX
O0007364,C01341,2025-12-10,Concluído,Site,PIX
O0007365,C01341,2025-11-28,Concluído,Site,Cartão
O0007366,C03269,2023-03-06,Concluído,Site,PIX
O0007367,C03269,2023-02-23,Concluído,Site,PIX
O0007368,C03269,2023-09-26,Concluído,Site,PIX
O0007369,C03716,2024-04-04,Concluído,App,Carteira digital
O0007370,C01331,2025-06-27,Concluído,Marketplace,Cartão
O0007371,C01331,2025-07-01,Concluído,Site,Cartão
O0007372,C04965,2025-10-06,Concluído,App,Boleto
O0007373,C04965,2025-06-23,Concluído,App,PIX
O0007374,C04965,2025-09-28,Concluído,Site,Cartão
O0007375,C00449,2024-06-29,Devolvido,Site,PIX
O0007376,C00449,2023-01-20,Concluído,Site,PIX
O0007377,C00449,2025-10-24,Concluído,App,Cartão
O0007378,C00449,2024-09-19,Concluído,App,PIX
O0007379,C00449,2025-01-31,Concluído,App,Cartão
O0007380,C00449,2024-11-18,Concluído,Site,PIX
O0007381,C00449,2023-11-30,Concluído,Site,Cartão
O0007382,C00449,2024-01-15,Concluído,Site,PIX
O0007383,C00449,2023-12-26,Concluído,Marketplace,Cartão
O0007384,C00449,2024-07-27,Concluído,Site,PIX
O0007385,C00449,2023-04-08,Concluído,Marketplace,PIX
O0007386,C00449,2024-10-22,Concluído,Site,Carteira digital
O0007387,C00449,2025-10-31,Concluído,Marketplace,Cartão
O0007388,C00449,2025-03-03,Concluído,Site,Cartão
O0007389,C00449,2025-12-02,Concluído,Marketplace,Cartão
O0007390,C00449,2025-11-19,Concluído,Site,Cartão
O0007391,C00449,2025-11-01,Concluído,App,Cartão
O0007392,C02131,2025-10-04,Concluído,Site,Cartão
O0007393,C00736,2025-06-05,Concluído,App,PIX
O0007394,C00736,2025-12-20,Concluído,Site,Cartão
O0007395,C00736,2023-03-23,Concluído,Site,Cartão
O0007396,C00736,2023-11-29,Concluído,Site,PIX
O0007397,C00736,2023-01-20,Concluído,Site,Cartão
O0007398,C00736,2023-03-04,Concluído,Marketplace,PIX
O0007399,C00736,2025-09-17,Concluído,Marketplace,Cartão
O0007400,C00736,2025-09-20,Concluído,Site,Cartão
O0007401,C00736,2025-01-25,Concluído,Site,Cartão
O0007402,C00736,2024-02-12,Concluído,App,Carteira digital
O0007403,C01072,2023-06-17,Concluído,Marketplace,PIX
O0007404,C04875,2025-08-23,Concluído,App,Cartão
O0007405,C04322,2024-07-06,Concluído,Marketplace,Cartão
O0007406,C04322,2024-05-09,Concluído,Marketplace,Cartão
O0007407,C04322,2023-09-25,Concluído,Site,Cartão
O0007408,C01287,2025-12-13,Concluído,Site,Carteira digital
O0007409,C01287,2025-11-05,Concluído,Site,Cartão
O0007410,C01287,2025-11-07,Concluído,Site,Cartão
O0007411,C01287,2025-10-15,Concluído,Site,Cartão
O0007412,C02568,2025-10-17,Concluído,App,Cartão
O0007413,C02568,2025-09-25,Concluído,Site,Boleto
O0007414,C02568,2025-12-03,Concluído,Site,Cartão
O0007415,C02568,2025-10-05,Concluído,App,PIX
O0007416,C00470,2025-02-11,Concluído,App,PIX
O0007417,C00470,2023-10-10,Concluído,Site,PIX
O0007418,C02893,2025-06-07,Concluído,App,Cartão
O0007419,C02893,2025-02-22,Concluído,Marketplace,PIX
O0007420,C00525,2025-10-14,Concluído,Site,PIX
O0007421,C00525,2025-11-16,Cancelado,Site,PIX
O0007422,C00525,2025-10-16,Concluído,App,Cartão
O0007423,C00525,2025-12-14,Concluído,Site,Cartão
O0007424,C04387,2024-08-03,Concluído,App,Cartão
O0007425,C04336,2024-09-15,Concluído,Site,Cartão
O0007426,C01183,2025-08-14,Concluído,Site,PIX
O0007427,C01183,2025-02-25,Concluído,App,Cartão
O0007428,C01183,2025-11-07,Concluído,Site,PIX
O0007429,C03575,2025-12-30,Concluído,Site,PIX
O0007430,C03575,2025-11-26,Concluído,App,Cartão
O0007431,C03575,2025-11-27,Concluído,Site,Cartão
O0007432,C03575,2025-12-23,Concluído,Marketplace,Cartão
O0007433,C03575,2025-11-07,Concluído,App,Cartão
O0007434,C04560,2025-04-05,Concluído,Site,PIX
O0007435,C04560,2025-09-30,Concluído,App,PIX
O0007436,C04560,2025-09-17,Concluído,App,PIX
O0007437,C02881,2023-02-07,Concluído,App,Cartão
O0007438,C01433,2024-09-18,Concluído,App,PIX
O0007439,C01433,2023-12-27,Concluído,Site,Cartão
O0007440,C01472,2023-08-23,Concluído,Marketplace,Carteira digital
O0007441,C01472,2024-02-19,Concluído,App,Carteira digital
O0007442,C01472,2023-08-13,Concluído,Marketplace,Carteira digital
O0007443,C01472,2023-07-13,Concluído,Marketplace,Cartão
O0007444,C01472,2025-04-16,Concluído,Site,Boleto
O0007445,C00049,2025-05-01,Concluído,Site,Carteira digital
O0007446,C01546,2024-09-05,Concluído,Marketplace,Cartão
O0007447,C01546,2025-04-23,Concluído,App,Cartão
O0007448,C02811,2023-07-13,Concluído,Site,Boleto
O0007449,C02811,2025-05-18,Cancelado,App,PIX
O0007450,C02811,2025-11-29,Concluído,Marketplace,Carteira digital
O0007451,C02811,2023-01-02,Concluído,Marketplace,Cartão
O0007452,C03012,2023-03-14,Concluído,Site,PIX
O0007453,C02791,2023-06-19,Concluído,App,PIX
O0007454,C02791,2024-02-26,Concluído,App,Carteira digital
O0007455,C03819,2025-12-17,Concluído,App,PIX
O0007456,C03819,2025-12-20,Concluído,Site,Cartão
O0007457,C03819,2025-11-26,Concluído,Site,PIX
O0007458,C03819,2025-12-31,Concluído,Site,Cartão
O0007459,C03574,2025-01-19,Concluído,Site,Boleto
O0007460,C03574,2025-02-25,Concluído,Site,Boleto
O0007461,C03574,2024-08-07,Concluído,App,Cartão
O0007462,C03574,2025-01-15,Concluído,Site,Boleto
O0007463,C03574,2025-06-02,Concluído,Site,Cartão
O0007464,C03574,2024-04-03,Concluído,Site,PIX
O0007465,C03574,2025-03-03,Concluído,Site,Carteira digital
O0007466,C00789,2025-08-19,Devolvido,Site,PIX
O0007467,C01425,2024-10-24,Concluído,Site,Cartão
O0007468,C01871,2025-12-18,Concluído,Site,Carteira digital
O0007469,C01871,2025-02-27,Concluído,App,Cartão
O0007470,C01871,2025-02-25,Concluído,App,Cartão
O0007471,C01871,2024-03-03,Concluído,Marketplace,Cartão
O0007472,C00823,2024-08-06,Concluído,Site,Carteira digital
O0007473,C02009,2024-12-05,Cancelado,Marketplace,Carteira digital
O0007474,C02009,2025-01-07,Concluído,App,PIX
O0007475,C02009,2023-11-22,Concluído,App,Cartão
O0007476,C02009,2025-10-12,Concluído,Site,Cartão
O0007477,C02009,2025-10-19,Concluído,App,Cartão
O0007478,C02296,2025-04-23,Concluído,Site,PIX
O0007479,C03602,2025-02-27,Concluído,Site,Cartão
O0007480,C02870,2024-03-23,Concluído,App,Carteira digital
O0007481,C02870,2023-05-10,Concluído,Marketplace,Cartão
O0007482,C02870,2024-03-18,Concluído,Marketplace,Cartão
O0007483,C02870,2023-12-17,Concluído,App,Cartão
O0007484,C03025,2025-12-29,Cancelado,Marketplace,Cartão
O0007485,C04189,2024-05-14,Concluído,App,Cartão
O0007486,C02732,2023-11-05,Concluído,App,Cartão
O0007487,C02732,2025-05-23,Concluído,Site,Cartão
O0007488,C02732,2024-05-17,Concluído,Site,PIX
O0007489,C00516,2025-04-30,Concluído,Marketplace,PIX
O0007490,C00516,2025-05-23,Concluído,Site,PIX
O0007491,C00516,2025-08-30,Concluído,Site,Cartão
O0007492,C00516,2025-03-13,Concluído,App,Cartão
O0007493,C00516,2025-09-03,Concluído,Site,Cartão
O0007494,C00516,2025-03-26,Concluído,Site,Carteira digital
O0007495,C00516,2025-01-30,Concluído,Site,PIX
O0007496,C00516,2025-07-11,Concluído,Marketplace,Cartão
O0007497,C00516,2025-03-30,Concluído,App,Cartão
O0007498,C00516,2025-10-22,Concluído,Site,Cartão
O0007499,C00516,2025-11-20,Concluído,App,Cartão
O0007500,C00516,2025-05-02,Concluído,App,Cartão
O0007501,C00516,2025-10-11,Concluído,Site,Cartão
O0007502,C02172,2025-02-11,Concluído,App,PIX
O0007503,C00919,2025-12-25,Concluído,Site,Cartão
O0007504,C03051,2025-12-01,Concluído,Marketplace,Carteira digital
O0007505,C03051,2025-01-11,Concluído,App,Cartão
O0007506,C03051,2025-10-14,Concluído,Site,PIX
O0007507,C03051,2025-06-22,Concluído,App,Carteira digital
O0007508,C03051,2025-06-09,Concluído,Site,Cartão
O0007509,C02401,2025-03-25,Concluído,App,Cartão
O0007510,C02401,2025-06-20,Concluído,Marketplace,Carteira digital
O0007511,C02401,2025-08-19,Concluído,Site,Carteira digital
O0007512,C02401,2025-12-31,Concluído,Site,PIX
O0007513,C02401,2025-06-22,Concluído,Site,Cartão
O0007514,C01933,2025-03-02,Concluído,Site,PIX
O0007515,C01933,2025-03-05,Concluído,Site,PIX
O0007516,C04129,2025-06-28,Concluído,App,PIX
O0007517,C04129,2025-05-27,Concluído,App,Cartão
O0007518,C02363,2025-11-20,Concluído,Site,PIX
O0007519,C02003,2024-07-22,Concluído,Site,PIX
O0007520,C04202,2025-04-29,Concluído,Marketplace,Cartão
O0007521,C04202,2025-05-15,Concluído,Marketplace,Cartão
O0007522,C04202,2025-07-14,Concluído,Site,PIX
O0007523,C03917,2025-05-22,Concluído,App,Cartão
O0007524,C03917,2025-09-26,Concluído,Site,Cartão
O0007525,C03917,2024-04-28,Concluído,Site,Cartão
O0007526,C03917,2025-12-12,Concluído,App,Cartão
O0007527,C01063,2023-11-11,Concluído,App,Carteira digital
O0007528,C01063,2023-02-06,Concluído,Site,PIX
O0007529,C03266,2025-06-22,Concluído,Marketplace,Carteira digital
O0007530,C03266,2025-08-30,Concluído,App,Boleto
O0007531,C00191,2023-02-27,Concluído,Site,PIX
O0007532,C00191,2023-08-18,Concluído,Site,Cartão
O0007533,C00443,2025-12-31,Concluído,App,PIX
O0007534,C00443,2025-04-10,Concluído,Site,Cartão
O0007535,C00707,2024-09-05,Concluído,Site,PIX
O0007536,C00707,2025-12-01,Concluído,App,Boleto
O0007537,C00707,2024-06-08,Concluído,App,PIX
O0007538,C04429,2024-09-13,Concluído,App,PIX
O0007539,C04429,2024-09-03,Concluído,Site,Carteira digital
O0007540,C04429,2024-11-16,Concluído,Marketplace,Cartão
O0007541,C00022,2025-03-24,Concluído,App,PIX
O0007542,C00022,2025-02-28,Concluído,App,Cartão
O0007543,C00022,2025-05-20,Concluído,Site,PIX
O0007544,C00022,2025-04-25,Concluído,Marketplace,PIX
O0007545,C04911,2025-10-22,Concluído,Site,Cartão
O0007546,C04911,2024-01-26,Concluído,Site,PIX
O0007547,C04911,2024-11-07,Concluído,App,Cartão
O0007548,C04911,2025-12-20,Concluído,Site,PIX
O0007549,C04911,2025-12-21,Concluído,Site,PIX
O0007550,C04911,2024-03-21,Concluído,App,PIX
O0007551,C04911,2024-06-01,Concluído,App,Cartão
O0007552,C04911,2025-06-05,Concluído,Site,Cartão
O0007553,C04911,2025-08-29,Concluído,Site,PIX
O0007554,C04911,2024-03-27,Concluído,Site,Carteira digital
O0007555,C04911,2023-12-28,Concluído,Marketplace,PIX
O0007556,C04911,2025-09-01,Concluído,Site,Boleto
O0007557,C04803,2025-12-16,Concluído,App,Cartão
O0007558,C04803,2025-04-13,Concluído,Marketplace,PIX
O0007559,C04803,2025-12-18,Concluído,Site,Boleto
O0007560,C04803,2024-02-11,Concluído,App,PIX
O0007561,C04507,2025-04-27,Concluído,Marketplace,Boleto
O0007562,C04507,2024-10-30,Concluído,Marketplace,Cartão
O0007563,C04507,2025-10-10,Concluído,App,PIX
O0007564,C04507,2023-10-15,Concluído,App,Carteira digital
O0007565,C02195,2024-03-17,Concluído,Site,PIX
O0007566,C02195,2023-08-17,Concluído,Site,Cartão
O0007567,C02195,2023-07-05,Concluído,Site,Cartão
O0007568,C02195,2023-06-21,Concluído,App,Cartão
O0007569,C02195,2025-06-25,Concluído,App,Boleto
O0007570,C02195,2023-08-08,Concluído,Marketplace,PIX
O0007571,C02195,2024-06-10,Concluído,Marketplace,PIX
O0007572,C02195,2023-03-04,Concluído,Marketplace,Cartão
O0007573,C02195,2023-03-18,Concluído,App,PIX
O0007574,C02195,2024-03-01,Concluído,Site,Cartão
O0007575,C02195,2025-04-18,Concluído,Site,Carteira digital
O0007576,C02195,2025-08-27,Concluído,Marketplace,Carteira digital
O0007577,C02195,2024-11-25,Concluído,App,Cartão
O0007578,C02195,2024-12-18,Concluído,App,PIX
O0007579,C02195,2025-06-12,Cancelado,Marketplace,Carteira digital
O0007580,C02195,2023-04-18,Concluído,Site,Carteira digital
O0007581,C02195,2024-10-28,Concluído,App,PIX
O0007582,C02195,2024-01-12,Concluído,Site,Cartão
O0007583,C04521,2025-06-21,Devolvido,Marketplace,Cartão
O0007584,C04521,2024-07-12,Concluído,Site,Carteira digital
O0007585,C02586,2025-01-26,Concluído,Marketplace,Cartão
O0007586,C02586,2023-11-28,Concluído,Site,Cartão
O0007587,C04844,2025-06-04,Concluído,App,Cartão
O0007588,C04844,2025-04-05,Concluído,Site,PIX
O0007589,C04844,2025-01-30,Concluído,Marketplace,Boleto
O0007590,C04844,2025-06-28,Concluído,App,Cartão
O0007591,C04844,2024-06-27,Concluído,Site,PIX
O0007592,C00491,2024-10-23,Concluído,Site,Cartão
O0007593,C00491,2024-11-04,Concluído,Site,Cartão
O0007594,C02656,2025-07-28,Concluído,Site,Carteira digital
O0007595,C01728,2025-09-20,Concluído,Marketplace,Cartão
O0007596,C03398,2023-10-18,Concluído,Site,Cartão
O0007597,C03398,2024-07-22,Concluído,Marketplace,PIX
O0007598,C03398,2024-10-29,Concluído,App,Carteira digital
O0007599,C03398,2025-10-29,Concluído,Marketplace,Cartão
O0007600,C03443,2024-07-08,Concluído,App,Carteira digital
O0007601,C03443,2024-10-21,Concluído,Marketplace,Carteira digital
O0007602,C03443,2024-08-09,Concluído,Site,Cartão
O0007603,C02583,2023-09-11,Concluído,App,Boleto
O0007604,C02583,2023-07-28,Concluído,Site,Cartão
O0007605,C02583,2024-10-04,Concluído,Site,Cartão
O0007606,C04943,2024-01-03,Concluído,Site,Carteira digital
O0007607,C00407,2025-04-17,Concluído,Site,Cartão
O0007608,C00407,2024-10-07,Concluído,App,Cartão
O0007609,C00407,2025-01-20,Concluído,Site,Carteira digital
O0007610,C00407,2025-03-16,Concluído,Marketplace,Cartão
O0007611,C00407,2025-05-20,Concluído,Site,PIX
O0007612,C00407,2024-11-30,Concluído,App,Cartão
O0007613,C00407,2024-08-09,Concluído,App,Carteira digital
O0007614,C04357,2025-11-24,Concluído,Marketplace,Boleto
O0007615,C04357,2024-03-10,Concluído,Marketplace,Boleto
O0007616,C04357,2024-02-01,Concluído,App,Cartão
O0007617,C04357,2024-07-14,Concluído,Site,PIX
O0007618,C03515,2024-09-26,Concluído,Site,Boleto
O0007619,C03515,2025-09-10,Concluído,App,Cartão
O0007620,C03515,2023-11-23,Concluído,Site,Boleto
O0007621,C03515,2025-08-22,Concluído,Marketplace,Cartão
O0007622,C03515,2025-01-09,Concluído,Site,PIX
O0007623,C03090,2024-11-15,Concluído,App,PIX
O0007624,C03090,2023-05-09,Concluído,Marketplace,PIX
O0007625,C03090,2023-06-25,Concluído,Marketplace,Carteira digital
O0007626,C03090,2024-09-13,Concluído,Site,Cartão
O0007627,C03090,2025-09-28,Concluído,Site,Cartão
O0007628,C03090,2024-06-06,Concluído,Site,Cartão
O0007629,C03090,2025-06-17,Concluído,Site,Cartão
O0007630,C03090,2023-04-08,Concluído,Marketplace,Cartão
O0007631,C03090,2024-01-05,Concluído,Site,Cartão
O0007632,C03090,2024-09-05,Concluído,App,Cartão
O0007633,C03090,2023-11-09,Concluído,Site,PIX
O0007634,C03090,2023-06-20,Concluído,Marketplace,Cartão
O0007635,C03090,2025-02-24,Concluído,Site,PIX
O0007636,C03090,2023-02-15,Concluído,Site,PIX
O0007637,C03090,2024-01-16,Concluído,App,Cartão
O0007638,C03090,2024-05-07,Concluído,Marketplace,PIX
O0007639,C03090,2025-07-10,Concluído,App,Boleto
O0007640,C03090,2024-06-15,Concluído,App,PIX
O0007641,C04215,2025-11-10,Concluído,Site,PIX
O0007642,C04576,2025-09-06,Concluído,Site,PIX
O0007643,C04576,2025-05-14,Concluído,App,Boleto
O0007644,C04576,2025-12-21,Concluído,Marketplace,Boleto
O0007645,C02905,2023-06-01,Concluído,App,PIX
O0007646,C02905,2024-02-21,Concluído,App,Boleto
O0007647,C03963,2025-04-18,Concluído,App,Cartão
O0007648,C03963,2024-07-22,Concluído,App,Carteira digital
O0007649,C04398,2025-04-25,Concluído,Site,PIX
O0007650,C04241,2024-12-09,Concluído,App,PIX
O0007651,C04897,2024-04-17,Concluído,Site,Cartão
O0007652,C04897,2024-04-23,Concluído,Site,Cartão
O0007653,C04897,2024-05-01,Concluído,App,Cartão
O0007654,C04897,2024-10-16,Concluído,App,Cartão
O0007655,C03536,2025-02-25,Concluído,Marketplace,Cartão
O0007656,C03536,2025-01-31,Concluído,Site,PIX
O0007657,C03536,2025-04-11,Concluído,Marketplace,PIX
O0007658,C03536,2025-06-22,Concluído,Marketplace,Carteira digital
O0007659,C01605,2025-01-31,Concluído,App,PIX
O0007660,C01057,2024-05-02,Concluído,Site,Carteira digital
O0007661,C03955,2024-09-16,Concluído,Site,Cartão
O0007662,C03955,2023-02-24,Concluído,Site,Cartão
O0007663,C03955,2023-05-25,Concluído,Marketplace,Cartão
O0007664,C03955,2024-12-04,Concluído,Site,Cartão
O0007665,C03407,2024-04-24,Concluído,Site,Cartão
O0007666,C00650,2024-10-29,Concluído,Site,Boleto
O0007667,C00650,2025-11-28,Concluído,App,Boleto
O0007668,C00650,2024-07-22,Concluído,Marketplace,Cartão
O0007669,C00135,2024-04-28,Concluído,Marketplace,Cartão
O0007670,C00135,2025-10-22,Concluído,Site,Cartão
O0007671,C00135,2025-06-28,Concluído,Site,Cartão
O0007672,C00135,2023-01-08,Concluído,App,Cartão
O0007673,C00135,2023-03-25,Concluído,App,Cartão
O0007674,C04758,2024-09-19,Concluído,App,Cartão
O0007675,C04758,2025-06-29,Concluído,Site,PIX
O0007676,C04758,2023-02-27,Concluído,Site,Carteira digital
O0007677,C01463,2025-01-14,Concluído,Marketplace,Cartão
O0007678,C01463,2024-10-12,Concluído,Site,PIX
O0007679,C04275,2025-09-18,Concluído,Site,Boleto
O0007680,C01949,2025-06-08,Concluído,Site,PIX
O0007681,C04480,2024-12-09,Concluído,Marketplace,Carteira digital
O0007682,C04480,2025-06-12,Concluído,Site,PIX
O0007683,C04480,2024-09-21,Concluído,Site,PIX
O0007684,C04461,2024-08-11,Concluído,App,Carteira digital
O0007685,C04461,2024-12-16,Concluído,Site,Cartão
O0007686,C04461,2025-01-28,Concluído,App,Cartão
O0007687,C04461,2024-06-24,Concluído,App,PIX
O0007688,C04461,2024-06-25,Concluído,App,PIX
O0007689,C04461,2025-04-19,Concluído,Site,Cartão
O0007690,C04461,2024-08-27,Concluído,Site,PIX
O0007691,C04461,2024-02-21,Cancelado,Site,PIX
O0007692,C04461,2024-11-27,Concluído,Marketplace,PIX
O0007693,C04461,2025-05-24,Devolvido,Site,Cartão
O0007694,C04461,2024-03-19,Concluído,App,Cartão
O0007695,C04461,2024-01-09,Concluído,Site,Cartão
O0007696,C04461,2024-08-10,Concluído,App,Cartão
O0007697,C04461,2025-05-24,Concluído,Site,Carteira digital
O0007698,C04461,2024-09-24,Concluído,App,PIX
O0007699,C01035,2025-08-23,Concluído,Marketplace,Cartão
O0007700,C01035,2024-09-02,Concluído,Marketplace,Carteira digital
O0007701,C01192,2025-11-27,Concluído,Site,PIX
O0007702,C01192,2025-02-26,Concluído,Site,Cartão
O0007703,C02883,2024-07-13,Concluído,Site,Boleto
O0007704,C02883,2025-08-09,Concluído,Site,Cartão
O0007705,C02883,2025-09-24,Concluído,Site,PIX
O0007706,C02883,2025-04-16,Concluído,App,Cartão
O0007707,C01174,2025-02-27,Concluído,Site,Cartão
O0007708,C01174,2024-05-14,Concluído,Site,PIX
O0007709,C02201,2025-08-13,Concluído,Marketplace,PIX
O0007710,C01104,2023-11-10,Concluído,App,Cartão
O0007711,C01104,2025-06-08,Concluído,Marketplace,Cartão
O0007712,C02432,2025-08-13,Concluído,App,PIX
O0007713,C02432,2024-11-06,Concluído,Site,Cartão
O0007714,C02432,2024-01-24,Concluído,Marketplace,Cartão
O0007715,C02432,2025-01-21,Concluído,Marketplace,Cartão
O0007716,C04589,2025-01-26,Concluído,Site,Cartão
O0007717,C04589,2025-10-25,Concluído,App,Cartão
O0007718,C01939,2025-10-23,Concluído,App,Cartão
O0007719,C01939,2025-06-12,Concluído,App,PIX
O0007720,C01939,2025-03-31,Concluído,Site,Carteira digital
O0007721,C01939,2025-04-20,Concluído,Site,PIX
O0007722,C02944,2024-03-04,Concluído,Site,PIX
O0007723,C02944,2025-07-30,Concluído,Site,Cartão
O0007724,C02944,2024-08-18,Concluído,App,PIX
O0007725,C02944,2024-03-08,Concluído,Site,PIX
O0007726,C02944,2025-06-06,Concluído,Site,Cartão
O0007727,C02944,2024-10-23,Concluído,Marketplace,Cartão
O0007728,C03772,2024-12-11,Concluído,Marketplace,Boleto
O0007729,C03772,2025-10-22,Concluído,Site,PIX
O0007730,C03886,2023-10-10,Concluído,Site,Carteira digital
O0007731,C03886,2024-10-28,Concluído,Site,PIX
O0007732,C03890,2024-01-25,Concluído,Site,Carteira digital
O0007733,C00964,2025-08-01,Concluído,App,Cartão
O0007734,C00964,2024-09-25,Concluído,App,Cartão
O0007735,C00964,2024-09-11,Concluído,App,Carteira digital
O0007736,C00964,2025-12-17,Concluído,App,PIX
O0007737,C01930,2025-04-13,Concluído,Marketplace,Carteira digital
O0007738,C01930,2025-06-21,Concluído,App,Cartão
O0007739,C01930,2023-09-06,Concluído,Site,Cartão
O0007740,C02377,2023-03-09,Concluído,Site,Carteira digital
O0007741,C02045,2023-03-27,Concluído,Site,PIX
O0007742,C02585,2025-04-20,Concluído,Marketplace,Boleto
O0007743,C04274,2025-12-28,Concluído,Site,Cartão
O0007744,C04274,2025-08-10,Concluído,Site,Boleto
O0007745,C04274,2025-11-25,Concluído,Marketplace,PIX
O0007746,C04274,2025-09-03,Concluído,Site,Cartão
O0007747,C04274,2025-08-16,Concluído,App,Cartão
O0007748,C04274,2025-11-22,Concluído,Marketplace,Boleto
O0007749,C02942,2025-11-08,Concluído,Site,Cartão
O0007750,C02942,2024-12-24,Concluído,Site,Cartão
O0007751,C02942,2025-03-27,Concluído,Marketplace,Carteira digital
O0007752,C02942,2025-02-22,Concluído,Site,Cartão
O0007753,C02942,2025-10-06,Concluído,App,Cartão
O0007754,C02942,2025-05-24,Concluído,App,Cartão
O0007755,C01136,2023-05-12,Concluído,Site,Carteira digital
O0007756,C01136,2025-04-24,Concluído,App,Boleto
O0007757,C00252,2024-04-10,Concluído,App,Cartão
O0007758,C00252,2025-07-28,Concluído,Site,Cartão
O0007759,C00252,2024-03-17,Concluído,Site,PIX
O0007760,C04729,2023-09-06,Concluído,Site,Cartão
O0007761,C04729,2025-09-06,Concluído,Marketplace,Cartão
O0007762,C04729,2025-02-20,Concluído,Marketplace,Cartão
O0007763,C04729,2024-01-01,Concluído,Marketplace,Cartão
O0007764,C04729,2023-02-04,Concluído,App,Cartão
O0007765,C04729,2023-12-23,Concluído,Marketplace,Cartão
O0007766,C04729,2024-10-15,Concluído,Site,Boleto
O0007767,C04528,2025-05-08,Concluído,App,Cartão
O0007768,C04528,2025-05-26,Concluído,App,Carteira digital
O0007769,C04528,2025-06-13,Concluído,Site,Cartão
O0007770,C04528,2025-06-27,Concluído,Marketplace,Cartão
O0007771,C04528,2025-04-29,Concluído,App,Cartão
O0007772,C04528,2025-06-15,Concluído,Site,Carteira digital
O0007773,C04528,2025-05-29,Concluído,Site,Boleto
O0007774,C04528,2025-06-07,Concluído,Site,Cartão
O0007775,C04528,2025-05-11,Concluído,Site,Boleto
O0007776,C04528,2025-06-18,Concluído,Marketplace,Cartão
O0007777,C04528,2025-06-30,Concluído,Marketplace,PIX
O0007778,C04528,2025-04-27,Concluído,Site,PIX
O0007779,C00890,2024-02-29,Concluído,App,PIX
O0007780,C00890,2023-12-29,Cancelado,App,Boleto
O0007781,C00890,2023-09-20,Concluído,Marketplace,Cartão
O0007782,C00890,2024-07-20,Concluído,Marketplace,Cartão
O0007783,C00890,2024-03-15,Concluído,Site,Cartão
O0007784,C00890,2025-05-31,Concluído,App,PIX
O0007785,C00890,2025-08-27,Concluído,Site,Carteira digital
O0007786,C02110,2024-03-19,Concluído,App,Cartão
O0007787,C02110,2024-02-29,Concluído,Site,Cartão
O0007788,C02110,2024-01-24,Concluído,Site,Boleto
O0007789,C02966,2024-02-11,Concluído,App,Boleto
O0007790,C01450,2025-09-29,Concluído,Site,Cartão
O0007791,C01450,2025-06-15,Concluído,Site,PIX
O0007792,C01450,2025-08-21,Concluído,Marketplace,PIX
O0007793,C04050,2025-10-01,Concluído,Site,PIX
O0007794,C03283,2023-07-15,Concluído,Site,Cartão
O0007795,C03283,2024-12-08,Concluído,Site,Carteira digital
O0007796,C04800,2025-12-01,Concluído,Site,Boleto
O0007797,C04800,2025-01-02,Concluído,App,Cartão
O0007798,C04670,2025-07-15,Concluído,Site,Cartão
O0007799,C00117,2025-03-12,Concluído,Site,Boleto
O0007800,C00117,2025-03-17,Concluído,Site,Cartão
O0007801,C00117,2025-11-20,Concluído,Site,Cartão
O0007802,C02606,2025-11-23,Concluído,Marketplace,Cartão
O0007803,C02606,2025-03-06,Concluído,Site,Cartão
O0007804,C02606,2025-08-25,Concluído,App,Cartão
O0007805,C03832,2025-03-30,Cancelado,Marketplace,Boleto
O0007806,C03832,2023-11-07,Concluído,App,Carteira digital
O0007807,C03832,2023-11-28,Concluído,Site,Cartão
O0007808,C03832,2024-12-30,Concluído,App,Carteira digital
O0007809,C03832,2025-12-16,Concluído,Site,Cartão
O0007810,C00517,2025-10-19,Concluído,App,Cartão
O0007811,C00779,2025-07-06,Concluído,Marketplace,Carteira digital
O0007812,C00779,2024-08-23,Concluído,App,PIX
O0007813,C00779,2025-10-10,Concluído,Site,Cartão
O0007814,C00779,2024-10-29,Concluído,Site,PIX
O0007815,C00779,2024-04-16,Concluído,Marketplace,Cartão
O0007816,C00779,2025-09-09,Concluído,Site,PIX
O0007817,C01226,2025-03-05,Concluído,Site,PIX
O0007818,C01226,2025-05-29,Concluído,Site,PIX
O0007819,C01226,2023-12-09,Concluído,Marketplace,Cartão
O0007820,C01226,2024-12-01,Concluído,App,Boleto
O0007821,C01226,2024-04-14,Concluído,Site,PIX
O0007822,C01226,2024-06-04,Concluído,Site,Carteira digital
O0007823,C01226,2024-12-15,Cancelado,App,Cartão
O0007824,C01226,2024-06-07,Concluído,Marketplace,Cartão
O0007825,C01226,2025-04-08,Concluído,Site,PIX
O0007826,C01226,2025-12-20,Concluído,Marketplace,Cartão
O0007827,C02891,2024-05-03,Concluído,App,Cartão
O0007828,C02891,2023-11-15,Concluído,Marketplace,Cartão
O0007829,C02704,2025-02-20,Concluído,Site,Cartão
O0007830,C02704,2025-10-13,Concluído,App,Carteira digital
O0007831,C02704,2024-09-11,Concluído,Site,Cartão
O0007832,C02704,2023-06-01,Concluído,App,PIX
O0007833,C02704,2023-01-21,Concluído,Marketplace,Boleto
O0007834,C02704,2025-02-02,Concluído,Site,Cartão
O0007835,C02323,2025-11-10,Concluído,App,Cartão
O0007836,C02323,2025-12-04,Concluído,Site,Cartão
O0007837,C02323,2025-01-04,Concluído,Site,Cartão
O0007838,C02323,2025-09-16,Concluído,Site,Cartão
O0007839,C02929,2024-08-29,Concluído,Site,Carteira digital
O0007840,C02407,2025-02-11,Concluído,Marketplace,PIX
O0007841,C02407,2025-02-01,Concluído,App,Cartão
O0007842,C02826,2025-07-09,Concluído,App,Cartão
O0007843,C02826,2024-10-24,Concluído,Marketplace,PIX
O0007844,C04377,2025-12-29,Concluído,App,PIX
O0007845,C04377,2025-12-30,Concluído,App,Cartão
O0007846,C04377,2025-12-13,Concluído,Site,Carteira digital
O0007847,C04377,2025-12-21,Concluído,App,Boleto
O0007848,C04377,2025-12-27,Concluído,Marketplace,Cartão
O0007849,C03586,2023-12-11,Concluído,Site,Cartão
O0007850,C00463,2023-08-02,Concluído,Site,Cartão
O0007851,C00463,2024-01-09,Concluído,App,Cartão
O0007852,C00463,2025-11-28,Concluído,App,PIX
O0007853,C00463,2024-08-20,Concluído,Marketplace,Cartão
O0007854,C02960,2025-01-09,Concluído,Site,Cartão
O0007855,C02960,2025-10-21,Concluído,Site,Cartão
O0007856,C03817,2025-05-14,Concluído,Site,Cartão
O0007857,C03817,2025-08-23,Concluído,Site,Cartão
O0007858,C04654,2024-12-14,Concluído,App,Carteira digital
O0007859,C04433,2025-07-25,Concluído,Marketplace,Cartão
O0007860,C00053,2023-08-15,Concluído,Site,Cartão
O0007861,C00053,2023-06-21,Concluído,Site,PIX
O0007862,C01335,2025-07-10,Concluído,App,PIX
O0007863,C03022,2023-01-20,Cancelado,Marketplace,Cartão
O0007864,C03022,2024-03-03,Concluído,Marketplace,Cartão
O0007865,C00760,2025-07-28,Concluído,Site,Cartão
O0007866,C00760,2025-03-15,Concluído,Marketplace,Cartão
O0007867,C01117,2025-08-07,Concluído,Site,PIX
O0007868,C01117,2025-12-25,Concluído,App,Carteira digital
O0007869,C01117,2024-07-21,Concluído,Site,Cartão
O0007870,C01117,2024-04-10,Devolvido,Marketplace,Cartão
O0007871,C02686,2025-08-04,Concluído,Marketplace,Cartão
O0007872,C01400,2025-08-26,Concluído,App,Cartão
O0007873,C01400,2025-08-24,Concluído,App,Boleto
O0007874,C01400,2025-12-09,Concluído,Site,Carteira digital
O0007875,C02261,2025-08-30,Cancelado,Site,Cartão
O0007876,C02261,2025-02-22,Concluído,App,Cartão
O0007877,C02882,2025-11-15,Concluído,Marketplace,PIX
O0007878,C02882,2025-12-06,Concluído,Site,Cartão
O0007879,C02882,2025-12-15,Concluído,Site,Cartão
O0007880,C02882,2025-10-30,Concluído,App,Cartão
O0007881,C03872,2025-08-02,Concluído,Site,Carteira digital
O0007882,C03872,2025-02-11,Concluído,Marketplace,Cartão
O0007883,C03872,2023-10-08,Concluído,App,PIX
O0007884,C00886,2024-02-29,Concluído,Site,Cartão
O0007885,C03842,2025-01-30,Concluído,Site,Carteira digital
O0007886,C03842,2025-05-18,Concluído,Site,Cartão
O0007887,C03842,2024-12-01,Concluído,App,Cartão
O0007888,C03842,2025-09-03,Concluído,Site,Cartão
O0007889,C03842,2024-12-19,Concluído,App,Cartão
O0007890,C03842,2025-01-06,Concluído,Site,Cartão
O0007891,C00442,2025-09-21,Concluído,Marketplace,Carteira digital
O0007892,C03430,2025-05-15,Concluído,Site,Boleto
O0007893,C01089,2025-09-01,Concluído,Site,Boleto
O0007894,C01089,2025-09-16,Concluído,App,Boleto
O0007895,C01089,2025-11-04,Concluído,App,Carteira digital
O0007896,C01089,2025-11-18,Concluído,App,Cartão
O0007897,C01089,2025-10-01,Concluído,Site,Carteira digital
O0007898,C01089,2025-09-02,Concluído,Site,Cartão
O0007899,C01089,2025-09-24,Concluído,App,Cartão
O0007900,C04263,2025-10-30,Concluído,Site,Cartão
O0007901,C04263,2025-10-12,Concluído,Marketplace,PIX
O0007902,C04263,2025-11-22,Concluído,Site,Cartão
O0007903,C04296,2024-10-05,Cancelado,App,PIX
O0007904,C04296,2025-07-29,Concluído,Site,Cartão
O0007905,C01075,2025-12-26,Concluído,App,PIX
O0007906,C01075,2025-12-16,Concluído,Site,PIX
O0007907,C01065,2025-10-29,Concluído,Site,Cartão
O0007908,C03080,2025-03-22,Concluído,App,Cartão
O0007909,C03080,2024-09-27,Concluído,Marketplace,Cartão
O0007910,C03080,2024-09-12,Concluído,Site,Cartão
O0007911,C03437,2024-07-28,Concluído,Site,Cartão
O0007912,C03437,2024-06-26,Concluído,Marketplace,PIX
O0007913,C04231,2024-08-22,Concluído,Site,PIX
O0007914,C04231,2025-06-20,Concluído,Site,Carteira digital
O0007915,C03466,2024-11-21,Concluído,Marketplace,Cartão
O0007916,C00687,2023-10-06,Concluído,Marketplace,Cartão
O0007917,C02459,2025-04-15,Concluído,Marketplace,Cartão
O0007918,C02459,2025-01-06,Concluído,Marketplace,PIX
O0007919,C02459,2025-03-20,Concluído,Marketplace,Cartão
O0007920,C02459,2024-09-05,Cancelado,Site,Boleto
O0007921,C02459,2024-06-18,Concluído,Site,PIX
O0007922,C02459,2024-04-09,Concluído,Marketplace,PIX
O0007923,C00958,2025-06-16,Concluído,Site,PIX
O0007924,C03403,2023-09-07,Concluído,Site,PIX
O0007925,C03403,2023-06-20,Concluído,App,PIX
O0007926,C03403,2023-11-10,Concluído,App,Carteira digital
O0007927,C03403,2024-02-04,Concluído,Site,Cartão
O0007928,C03403,2024-05-18,Concluído,Site,PIX
O0007929,C03403,2025-08-13,Concluído,Site,Cartão
O0007930,C00927,2023-09-29,Concluído,Site,Cartão
O0007931,C02623,2025-02-11,Concluído,Site,Cartão
O0007932,C02623,2025-12-19,Concluído,Marketplace,PIX
O0007933,C02623,2025-08-14,Concluído,App,Cartão
O0007934,C02623,2025-11-13,Concluído,Site,Cartão
O0007935,C01257,2025-11-07,Concluído,App,PIX
O0007936,C01257,2024-11-20,Concluído,Site,PIX
O0007937,C01257,2025-11-13,Concluído,Site,Carteira digital
O0007938,C01257,2025-05-17,Concluído,Site,Carteira digital
O0007939,C01607,2025-10-13,Concluído,Marketplace,Cartão
O0007940,C01607,2024-11-07,Concluído,Site,PIX
O0007941,C01607,2024-07-16,Concluído,Site,Cartão
O0007942,C01607,2025-07-17,Concluído,App,PIX
O0007943,C01607,2025-10-30,Concluído,App,Cartão
O0007944,C01607,2025-12-22,Concluído,Site,Carteira digital
O0007945,C01607,2024-12-16,Concluído,App,Carteira digital
O0007946,C01607,2025-12-30,Concluído,Marketplace,PIX
O0007947,C01607,2025-10-19,Cancelado,Site,Carteira digital
O0007948,C01607,2025-08-23,Concluído,App,Boleto
O0007949,C00151,2025-08-11,Concluído,Site,Cartão
O0007950,C00405,2025-08-28,Concluído,App,Cartão
O0007951,C00405,2024-12-08,Concluído,App,Cartão
O0007952,C00405,2024-08-08,Concluído,Marketplace,Carteira digital
O0007953,C00405,2025-10-05,Concluído,Site,PIX
O0007954,C00405,2024-05-01,Concluído,Site,PIX
O0007955,C00405,2025-08-20,Concluído,Site,PIX
O0007956,C00405,2024-04-18,Concluído,Site,PIX
O0007957,C00405,2025-12-15,Concluído,Site,Cartão
O0007958,C00405,2025-11-02,Concluído,Site,PIX
O0007959,C00405,2025-09-08,Concluído,App,PIX
O0007960,C00405,2025-11-18,Concluído,Site,Cartão
O0007961,C00405,2025-03-24,Concluído,Marketplace,Cartão
O0007962,C00405,2025-08-30,Concluído,Site,Cartão
O0007963,C00405,2024-03-27,Concluído,Site,Carteira digital
O0007964,C00405,2024-08-10,Concluído,Site,Cartão
O0007965,C00405,2025-04-30,Concluído,Site,Cartão
O0007966,C00405,2025-09-15,Concluído,Site,Boleto
O0007967,C04196,2024-09-19,Concluído,Marketplace,Boleto
O0007968,C04196,2023-12-29,Cancelado,Marketplace,Cartão
O0007969,C04196,2025-08-16,Concluído,App,Cartão
O0007970,C03427,2024-08-21,Concluído,Site,Cartão
O0007971,C03427,2025-08-31,Concluído,Site,PIX
O0007972,C03427,2024-12-12,Concluído,Site,PIX
O0007973,C02403,2025-11-11,Concluído,Marketplace,PIX
O0007974,C02403,2024-10-02,Concluído,Site,Cartão
O0007975,C02403,2025-09-13,Concluído,App,Cartão
O0007976,C02403,2024-03-26,Concluído,App,PIX
O0007977,C03581,2025-05-08,Concluído,Marketplace,Cartão
O0007978,C01786,2024-01-15,Concluído,Site,Carteira digital
O0007979,C01485,2024-07-01,Concluído,Marketplace,Cartão
O0007980,C01485,2024-06-15,Concluído,App,Boleto
O0007981,C03376,2023-05-27,Concluído,Site,Cartão
O0007982,C02569,2024-12-08,Concluído,Site,Carteira digital
O0007983,C01237,2025-12-18,Concluído,Marketplace,Cartão
O0007984,C01237,2025-09-13,Concluído,Site,Cartão
O0007985,C01803,2024-09-14,Concluído,Marketplace,Boleto
O0007986,C01803,2025-08-13,Concluído,Marketplace,Cartão
O0007987,C04315,2025-08-18,Concluído,Marketplace,Cartão
O0007988,C04315,2025-11-07,Concluído,Site,PIX
O0007989,C04315,2025-11-19,Concluído,Site,Cartão
O0007990,C04315,2025-12-23,Concluído,Site,Cartão
O0007991,C04315,2025-12-09,Concluído,Site,Cartão
O0007992,C04315,2025-10-28,Concluído,Site,Cartão
O0007993,C04315,2025-09-07,Concluído,Site,Cartão
O0007994,C04315,2025-12-30,Concluído,Site,Cartão
O0007995,C04315,2025-11-11,Cancelado,Site,Cartão
O0007996,C04315,2025-10-16,Concluído,Site,PIX
O0007997,C04315,2025-08-30,Concluído,Site,Boleto
O0007998,C04315,2025-09-26,Concluído,App,Cartão
O0007999,C04315,2025-11-24,Concluído,Marketplace,Cartão
O0008000,C04315,2025-09-27,Concluído,Marketplace,Cartão
O0008001,C04315,2025-09-20,Cancelado,Site,Cartão
O0008002,C04315,2025-12-15,Concluído,App,Cartão
O0008003,C04315,2025-10-02,Concluído,App,PIX
O0008004,C03916,2023-03-15,Concluído,App,Cartão
O0008005,C02545,2024-06-21,Concluído,Site,Cartão
O0008006,C02545,2023-03-03,Concluído,Marketplace,Cartão
O0008007,C03370,2024-07-16,Concluído,Site,Cartão
O0008008,C03218,2024-12-15,Concluído,Marketplace,PIX
O0008009,C03218,2024-05-22,Concluído,Site,Cartão
O0008010,C03218,2025-08-18,Concluído,Site,Cartão
O0008011,C03218,2025-12-20,Concluído,Site,Cartão
O0008012,C03218,2025-05-26,Concluído,Marketplace,Cartão
O0008013,C03099,2025-01-01,Cancelado,Site,PIX
O0008014,C01113,2024-12-16,Concluído,Marketplace,Boleto
O0008015,C03375,2024-10-16,Concluído,App,PIX
O0008016,C03784,2025-05-09,Concluído,Marketplace,Cartão
O0008017,C03784,2025-02-25,Concluído,Site,Cartão
O0008018,C03784,2023-03-15,Concluído,Site,Carteira digital
O0008019,C03784,2025-01-26,Concluído,Site,PIX
O0008020,C03250,2025-06-21,Concluído,Site,Cartão
O0008021,C03250,2025-06-02,Concluído,App,PIX
O0008022,C03250,2025-04-30,Concluído,Site,Boleto
O0008023,C01834,2025-08-14,Concluído,App,Cartão
O0008024,C01834,2025-02-24,Concluído,Marketplace,PIX
O0008025,C01861,2024-12-20,Concluído,Site,PIX
O0008026,C01667,2024-11-27,Concluído,App,Carteira digital
O0008027,C01667,2024-10-09,Concluído,Marketplace,Cartão
O0008028,C03004,2024-06-18,Concluído,Site,PIX
O0008029,C03004,2024-06-26,Concluído,Marketplace,Carteira digital
O0008030,C01535,2025-08-12,Concluído,Site,PIX
O0008031,C04836,2025-12-22,Cancelado,Site,Cartão
O0008032,C03336,2025-11-27,Concluído,App,PIX
O0008033,C03336,2025-10-21,Concluído,Site,Boleto
O0008034,C03336,2025-07-06,Concluído,App,Cartão
O0008035,C03336,2025-07-19,Concluído,Site,PIX
O0008036,C03336,2025-10-18,Concluído,Site,Cartão
O0008037,C03336,2025-10-31,Concluído,Marketplace,Boleto
O0008038,C03336,2025-12-22,Concluído,Marketplace,PIX
O0008039,C03336,2025-09-27,Concluído,Site,Boleto
O0008040,C03336,2025-09-01,Concluído,Site,Cartão
O0008041,C03336,2025-09-01,Concluído,Site,Boleto
O0008042,C03336,2025-07-24,Concluído,Marketplace,PIX
O0008043,C00721,2023-01-19,Concluído,Marketplace,PIX
O0008044,C00721,2024-08-02,Concluído,Site,Cartão
O0008045,C00721,2023-07-19,Concluído,Site,Carteira digital
O0008046,C04708,2023-09-21,Concluído,Site,Boleto
O0008047,C04708,2025-06-02,Concluído,Site,PIX
O0008048,C01291,2023-11-19,Concluído,App,Cartão
O0008049,C01291,2024-12-26,Concluído,Site,Boleto
O0008050,C01291,2025-01-13,Concluído,App,Cartão
O0008051,C01291,2024-04-06,Concluído,Site,Boleto
O0008052,C01291,2024-11-02,Concluído,Site,Cartão
O0008053,C01291,2024-08-03,Concluído,App,Boleto
O0008054,C01291,2025-05-07,Concluído,App,Boleto
O0008055,C01291,2024-06-17,Concluído,Marketplace,Boleto
O0008056,C04400,2024-06-29,Concluído,Site,PIX
O0008057,C04400,2024-10-31,Concluído,Site,PIX
O0008058,C04400,2024-12-10,Concluído,Site,Carteira digital
O0008059,C01015,2024-03-07,Concluído,App,Cartão
O0008060,C01015,2024-06-20,Concluído,Site,PIX
O0008061,C01015,2023-02-19,Concluído,Marketplace,Carteira digital
O0008062,C01015,2025-07-16,Concluído,Site,Cartão
O0008063,C04856,2025-04-03,Concluído,Site,Carteira digital
O0008064,C00478,2024-08-26,Concluído,App,Carteira digital
O0008065,C00478,2025-08-26,Concluído,Site,Cartão
O0008066,C00478,2024-04-10,Concluído,Marketplace,Cartão
O0008067,C00478,2025-09-14,Concluído,Marketplace,Boleto
O0008068,C00478,2024-03-11,Concluído,App,Cartão
O0008069,C01776,2023-11-28,Concluído,Site,Cartão
O0008070,C01776,2023-11-10,Concluído,Site,PIX
O0008071,C04404,2025-05-04,Concluído,Site,Cartão
O0008072,C03529,2025-11-16,Concluído,Site,PIX
O0008073,C02161,2024-05-19,Concluído,Marketplace,Cartão
O0008074,C01426,2023-09-07,Concluído,App,PIX
O0008075,C01426,2024-07-06,Concluído,App,PIX
O0008076,C01426,2023-12-03,Concluído,Site,PIX
O0008077,C00754,2023-03-27,Concluído,Site,Carteira digital
O0008078,C00754,2023-12-18,Concluído,Marketplace,PIX
O0008079,C03711,2023-05-03,Concluído,Site,PIX
O0008080,C03711,2024-11-27,Concluído,App,Carteira digital
O0008081,C01555,2025-01-26,Concluído,Site,Cartão
O0008082,C01555,2025-04-25,Concluído,Site,Boleto
O0008083,C01555,2025-02-06,Concluído,Site,Cartão
O0008084,C01316,2025-07-20,Concluído,Site,PIX
O0008085,C01316,2025-10-11,Concluído,Site,Cartão
O0008086,C02361,2025-02-26,Concluído,Marketplace,Cartão
O0008087,C04887,2024-01-01,Concluído,App,Cartão
O0008088,C04887,2024-03-13,Cancelado,Marketplace,Carteira digital
O0008089,C04887,2024-10-18,Cancelado,Site,PIX
O0008090,C03854,2025-04-03,Concluído,Site,PIX
O0008091,C02128,2025-06-27,Concluído,App,Cartão
O0008092,C02128,2024-06-17,Concluído,Site,PIX
O0008093,C02128,2025-01-15,Concluído,Marketplace,Carteira digital
O0008094,C02128,2025-05-09,Concluído,Marketplace,Cartão
O0008095,C02128,2024-04-20,Concluído,App,Boleto
O0008096,C02128,2024-01-19,Concluído,Site,PIX
O0008097,C02128,2025-11-19,Concluído,Marketplace,Carteira digital
O0008098,C02128,2025-09-04,Concluído,Site,PIX
O0008099,C02128,2025-09-18,Concluído,Marketplace,PIX
O0008100,C02128,2025-01-16,Concluído,Site,Cartão
O0008101,C02128,2025-06-26,Concluído,App,Cartão
O0008102,C02128,2023-07-29,Concluído,Marketplace,Carteira digital
O0008103,C02128,2024-08-18,Concluído,Site,Cartão
O0008104,C02128,2025-04-06,Concluído,App,Carteira digital
O0008105,C02724,2023-10-13,Concluído,App,PIX
O0008106,C02724,2025-01-14,Concluído,App,Cartão
O0008107,C02724,2024-04-11,Concluído,App,Cartão
O0008108,C02724,2023-01-21,Concluído,Site,Boleto
O0008109,C02724,2023-02-03,Cancelado,Marketplace,Cartão
O0008110,C00988,2024-12-12,Concluído,App,Cartão
O0008111,C04313,2025-11-03,Concluído,Site,Carteira digital
O0008112,C04313,2024-12-11,Concluído,Marketplace,Cartão
O0008113,C03946,2023-11-17,Devolvido,Site,Cartão
O0008114,C03925,2024-06-06,Concluído,Site,Boleto
O0008115,C03925,2025-06-03,Concluído,Site,Cartão
O0008116,C00634,2025-05-25,Concluído,Marketplace,Carteira digital
O0008117,C00634,2025-03-04,Concluído,Site,PIX
O0008118,C00794,2024-04-25,Concluído,Site,Cartão
O0008119,C00794,2025-05-06,Concluído,App,PIX
O0008120,C00794,2024-07-24,Concluído,Site,Carteira digital
O0008121,C00794,2025-05-30,Concluído,Site,PIX
O0008122,C00423,2025-03-09,Concluído,Site,Cartão
O0008123,C00423,2025-06-06,Concluído,Site,PIX
O0008124,C00423,2024-09-13,Concluído,App,Boleto
O0008125,C00423,2024-09-14,Concluído,Site,Cartão
O0008126,C00423,2023-11-12,Concluído,Site,PIX
O0008127,C00423,2024-06-03,Concluído,App,Cartão
O0008128,C02404,2025-06-27,Concluído,App,Cartão
O0008129,C02404,2025-10-09,Concluído,Marketplace,Cartão
O0008130,C02274,2025-07-16,Concluído,Marketplace,Cartão
O0008131,C02274,2023-05-15,Concluído,Site,Cartão
O0008132,C02274,2023-03-23,Concluído,Site,Cartão
O0008133,C02274,2023-06-30,Concluído,App,PIX
O0008134,C02274,2024-01-02,Concluído,Site,Carteira digital
O0008135,C02274,2023-04-28,Concluído,Site,Cartão
O0008136,C02274,2025-01-11,Concluído,App,PIX
O0008137,C02274,2023-07-29,Concluído,App,Cartão
O0008138,C02274,2024-09-09,Concluído,Marketplace,Carteira digital
O0008139,C02274,2023-08-15,Concluído,App,Cartão
O0008140,C03837,2024-08-01,Concluído,App,Boleto
O0008141,C03837,2023-03-18,Cancelado,App,Cartão
O0008142,C02365,2024-11-26,Concluído,App,Cartão
O0008143,C02509,2024-07-07,Concluído,Site,Cartão
O0008144,C02509,2024-03-06,Concluído,Site,Cartão
O0008145,C02509,2024-05-16,Concluído,Marketplace,Cartão
O0008146,C02509,2025-02-04,Concluído,Site,PIX
O0008147,C04290,2025-11-26,Concluído,App,PIX
O0008148,C02548,2025-09-01,Concluído,App,Cartão
O0008149,C04618,2025-03-15,Concluído,Marketplace,PIX
O0008150,C02745,2023-10-18,Concluído,App,Cartão
O0008151,C02745,2024-02-20,Concluído,Site,Cartão
O0008152,C02745,2024-03-13,Concluído,App,Carteira digital
O0008153,C02682,2025-03-05,Concluído,App,Carteira digital
O0008154,C02682,2024-12-08,Concluído,App,Boleto
O0008155,C02682,2025-05-28,Concluído,Marketplace,Cartão
O0008156,C00697,2025-11-10,Concluído,App,Cartão
O0008157,C00697,2023-08-31,Concluído,Site,Cartão
O0008158,C02860,2023-10-02,Concluído,Site,Cartão
O0008159,C02860,2025-11-30,Concluído,App,Carteira digital
O0008160,C02753,2025-03-02,Concluído,App,Cartão
O0008161,C02177,2025-11-04,Concluído,Site,Cartão
O0008162,C00704,2025-11-24,Concluído,App,PIX
O0008163,C04351,2025-06-07,Concluído,App,Cartão
O0008164,C04351,2025-06-13,Concluído,Site,PIX
O0008165,C04573,2025-08-06,Devolvido,App,PIX
O0008166,C04573,2025-07-25,Concluído,Site,Cartão
O0008167,C04573,2025-01-22,Concluído,Site,PIX
O0008168,C04573,2024-07-18,Concluído,Site,Carteira digital
O0008169,C04183,2025-04-03,Concluído,Site,Cartão
O0008170,C03878,2023-06-13,Concluído,Site,Cartão
O0008171,C03878,2024-01-10,Concluído,Site,Cartão
O0008172,C03878,2025-12-22,Concluído,Site,Cartão
O0008173,C03878,2024-05-12,Concluído,Marketplace,Carteira digital
O0008174,C03878,2025-02-10,Concluído,Marketplace,Cartão
O0008175,C03878,2025-03-21,Concluído,Site,Boleto
O0008176,C01379,2023-02-15,Cancelado,Marketplace,Cartão
O0008177,C02728,2024-12-06,Concluído,Site,Carteira digital
O0008178,C02890,2025-07-17,Concluído,Site,PIX
O0008179,C04131,2025-12-30,Concluído,App,Cartão
O0008180,C04131,2025-10-06,Concluído,App,Cartão
O0008181,C01417,2025-06-09,Concluído,Site,PIX
O0008182,C01417,2025-02-25,Concluído,App,Cartão
O0008183,C02554,2025-02-05,Concluído,Marketplace,Cartão
O0008184,C02554,2025-03-22,Concluído,Site,Carteira digital
O0008185,C02554,2025-04-05,Concluído,Site,Cartão
O0008186,C02554,2025-06-05,Concluído,App,PIX
O0008187,C02554,2025-04-06,Concluído,App,Cartão
O0008188,C02554,2025-05-21,Concluído,Marketplace,Cartão
O0008189,C02554,2025-01-26,Concluído,Site,Cartão
O0008190,C02554,2025-05-29,Concluído,App,PIX
O0008191,C02554,2025-04-15,Concluído,Site,Cartão
O0008192,C02554,2025-01-11,Concluído,App,Cartão
O0008193,C02554,2025-04-21,Concluído,Site,Cartão
O0008194,C02554,2025-02-22,Concluído,App,Carteira digital
O0008195,C02554,2025-03-07,Concluído,Site,PIX
O0008196,C02554,2025-05-15,Concluído,Site,PIX
O0008197,C02554,2025-01-26,Concluído,Site,Boleto
O0008198,C02408,2025-07-01,Concluído,Site,Cartão
O0008199,C02488,2024-05-21,Concluído,App,PIX
O0008200,C02488,2025-07-24,Concluído,Site,Boleto
O0008201,C02488,2024-04-12,Concluído,App,Cartão
O0008202,C02488,2024-12-16,Concluído,App,Cartão
O0008203,C02571,2024-10-03,Concluído,Site,Cartão
O0008204,C03143,2024-03-24,Concluído,Marketplace,PIX
O0008205,C02134,2023-12-11,Concluído,App,PIX
O0008206,C02134,2025-02-02,Concluído,Marketplace,PIX
O0008207,C04626,2025-09-02,Concluído,Site,Cartão
O0008208,C04626,2024-10-07,Concluído,App,Cartão
O0008209,C01631,2025-06-03,Concluído,App,Cartão
O0008210,C01631,2025-10-04,Concluído,Site,Cartão
O0008211,C01631,2025-12-09,Concluído,App,Carteira digital
O0008212,C01247,2025-04-28,Concluído,Marketplace,Cartão
O0008213,C01247,2025-04-06,Concluído,Site,Cartão
O0008214,C01627,2025-10-24,Concluído,App,PIX
O0008215,C04142,2025-08-04,Concluído,Site,Carteira digital
O0008216,C00641,2025-01-04,Concluído,Marketplace,Cartão
O0008217,C00641,2025-02-26,Concluído,Site,Cartão
O0008218,C03944,2025-02-12,Concluído,App,Cartão
O0008219,C03944,2025-07-15,Concluído,App,PIX
O0008220,C03944,2024-11-30,Concluído,Site,Cartão
O0008221,C03944,2025-01-16,Concluído,App,PIX
O0008222,C03944,2024-10-10,Concluído,Site,Cartão
O0008223,C00652,2025-06-08,Concluído,Site,Cartão
O0008224,C01977,2025-09-03,Concluído,App,Cartão
O0008225,C01977,2025-11-18,Concluído,Site,Cartão
O0008226,C01977,2025-07-23,Concluído,Marketplace,PIX
O0008227,C01157,2025-11-20,Concluído,Site,PIX
O0008228,C01157,2025-12-27,Concluído,App,Cartão
O0008229,C01157,2025-12-30,Concluído,App,Cartão
O0008230,C01157,2025-12-29,Concluído,App,Cartão
O0008231,C04982,2023-07-27,Concluído,Site,Carteira digital
O0008232,C04982,2023-04-29,Concluído,Marketplace,Cartão
O0008233,C04982,2025-06-21,Concluído,App,PIX
O0008234,C04384,2025-08-02,Concluído,Marketplace,Cartão
O0008235,C04384,2025-09-06,Concluído,App,Cartão
O0008236,C04384,2025-09-29,Concluído,App,Boleto
O0008237,C04384,2025-09-13,Concluído,App,Carteira digital
O0008238,C04384,2025-11-06,Concluído,Site,Cartão
O0008239,C04774,2024-11-22,Concluído,App,Boleto
O0008240,C04774,2025-09-08,Cancelado,Site,Cartão
O0008241,C04774,2025-07-31,Concluído,Site,PIX
O0008242,C04774,2023-05-25,Concluído,Site,Cartão
O0008243,C04774,2024-03-30,Concluído,Marketplace,Carteira digital
O0008244,C04774,2025-04-09,Concluído,Site,Boleto
O0008245,C04774,2025-09-19,Concluído,App,Cartão
O0008246,C04774,2023-04-29,Concluído,Site,Cartão
O0008247,C04774,2023-02-25,Concluído,App,Carteira digital
O0008248,C04774,2023-01-05,Concluído,Site,Cartão
O0008249,C04774,2025-11-27,Concluído,Site,PIX
O0008250,C04774,2025-08-16,Concluído,Marketplace,Cartão
O0008251,C02041,2025-09-28,Concluído,App,Boleto
O0008252,C02041,2025-12-22,Concluído,Site,Carteira digital
O0008253,C02041,2025-10-13,Concluído,Site,PIX
O0008254,C02041,2025-10-12,Concluído,App,Carteira digital
O0008255,C03290,2025-07-30,Concluído,App,Cartão
O0008256,C03290,2025-07-27,Concluído,Site,PIX
O0008257,C03290,2025-11-21,Concluído,Site,PIX
O0008258,C03290,2025-09-18,Concluído,Marketplace,Boleto
O0008259,C03290,2025-11-24,Concluído,App,Cartão
O0008260,C02914,2024-07-19,Concluído,Site,Cartão
O0008261,C02914,2023-09-22,Concluído,App,Cartão
O0008262,C02914,2025-07-16,Concluído,App,Cartão
O0008263,C02914,2024-06-27,Concluído,Site,Cartão
O0008264,C04978,2025-12-31,Cancelado,Marketplace,Boleto
O0008265,C03765,2025-07-30,Concluído,App,Cartão
O0008266,C03765,2025-09-11,Concluído,Site,Boleto
O0008267,C02912,2024-09-25,Concluído,App,Carteira digital
O0008268,C02912,2025-04-08,Devolvido,App,PIX
O0008269,C03245,2025-12-26,Concluído,Site,Boleto
O0008270,C03245,2025-12-29,Concluído,Marketplace,PIX
O0008271,C03245,2025-12-30,Concluído,Marketplace,Cartão
O0008272,C03245,2025-12-28,Concluído,Site,PIX
O0008273,C03245,2025-12-31,Concluído,Marketplace,Carteira digital
O0008274,C03245,2025-12-31,Concluído,Site,Cartão
O0008275,C03245,2025-12-25,Concluído,App,Carteira digital
O0008276,C03245,2025-12-25,Concluído,Marketplace,Cartão
O0008277,C03245,2025-12-25,Concluído,App,Cartão
O0008278,C03245,2025-12-29,Concluído,App,Cartão
O0008279,C03245,2025-12-29,Concluído,App,Cartão
O0008280,C03245,2025-12-31,Concluído,Site,Cartão
O0008281,C00048,2023-11-15,Concluído,App,Cartão
O0008282,C03139,2023-10-28,Concluído,Site,PIX
O0008283,C03139,2024-12-16,Concluído,Marketplace,PIX
O0008284,C03139,2024-07-16,Concluído,Marketplace,Cartão
O0008285,C03139,2025-09-10,Concluído,Site,PIX
O0008286,C03139,2024-06-01,Concluído,Site,PIX
O0008287,C03139,2025-10-14,Concluído,Site,Cartão
O0008288,C03131,2024-11-30,Concluído,Site,Cartão
O0008289,C01167,2025-08-30,Concluído,Marketplace,PIX
O0008290,C01167,2025-07-05,Concluído,App,Cartão
O0008291,C00962,2024-01-15,Concluído,Site,Boleto
O0008292,C00962,2025-06-04,Concluído,Marketplace,Boleto
O0008293,C00962,2023-07-20,Concluído,Site,Cartão
O0008294,C00636,2025-04-08,Concluído,Site,Cartão
O0008295,C00636,2025-05-04,Concluído,Site,Cartão
O0008296,C00636,2025-07-27,Concluído,Marketplace,PIX
O0008297,C00636,2025-06-02,Concluído,App,Cartão
O0008298,C00636,2025-01-26,Concluído,App,Cartão
O0008299,C04470,2024-03-04,Concluído,App,Cartão
O0008300,C04470,2024-03-21,Concluído,App,Carteira digital
O0008301,C04470,2025-07-04,Cancelado,App,PIX
O0008302,C00587,2025-02-07,Concluído,Marketplace,Carteira digital
O0008303,C00587,2024-08-30,Concluído,Marketplace,PIX
O0008304,C03499,2024-12-24,Concluído,Site,PIX
O0008305,C03499,2025-09-25,Concluído,Site,Cartão
O0008306,C03499,2025-02-21,Concluído,App,Cartão
O0008307,C01849,2025-06-12,Concluído,Site,Cartão
O0008308,C01849,2025-05-15,Concluído,Marketplace,PIX
O0008309,C01849,2025-06-09,Concluído,Site,Cartão
O0008310,C01849,2025-10-23,Concluído,Site,Cartão
O0008311,C01849,2024-04-13,Concluído,Site,Cartão
O0008312,C01738,2025-08-24,Concluído,Site,Cartão
O0008313,C01738,2025-02-20,Cancelado,Site,PIX
O0008314,C01738,2025-07-28,Concluído,Site,Cartão
O0008315,C00140,2024-10-16,Concluído,Site,Cartão
O0008316,C00140,2025-12-22,Concluído,App,PIX
O0008317,C04554,2024-11-21,Concluído,Site,PIX
O0008318,C04554,2024-12-06,Concluído,Site,Cartão
O0008319,C04554,2024-10-10,Concluído,Site,Cartão
O0008320,C04554,2025-03-09,Concluído,App,Cartão
O0008321,C04554,2025-02-02,Concluído,App,Carteira digital
O0008322,C04554,2023-11-01,Concluído,Site,Cartão
O0008323,C02038,2025-11-13,Concluído,App,Cartão
O0008324,C02038,2025-12-23,Concluído,Site,PIX
O0008325,C03510,2024-01-19,Concluído,Site,Carteira digital
O0008326,C03510,2023-02-22,Concluído,App,PIX
O0008327,C03510,2024-12-12,Concluído,Site,PIX
O0008328,C04726,2025-06-11,Concluído,App,Carteira digital
O0008329,C04726,2025-10-01,Concluído,Site,Carteira digital
O0008330,C04726,2025-11-21,Concluído,Marketplace,Carteira digital
O0008331,C04450,2024-07-27,Concluído,Site,Cartão
O0008332,C01988,2025-07-05,Concluído,Site,Cartão
O0008333,C01988,2025-09-05,Concluído,Site,PIX
O0008334,C01988,2025-06-23,Concluído,Site,Carteira digital
O0008335,C01988,2025-07-24,Concluído,Marketplace,Cartão
O0008336,C04010,2024-02-15,Concluído,Marketplace,Cartão
O0008337,C04010,2024-09-02,Concluído,App,Cartão
O0008338,C01893,2024-03-24,Concluído,App,Cartão
O0008339,C04707,2025-06-26,Concluído,Marketplace,Cartão
O0008340,C04707,2025-05-03,Concluído,Marketplace,Cartão
O0008341,C04707,2025-12-01,Concluído,App,Carteira digital
O0008342,C02497,2025-06-28,Concluído,Marketplace,Cartão
O0008343,C02497,2025-01-15,Concluído,Site,Cartão
O0008344,C02497,2024-11-01,Concluído,Site,Cartão
O0008345,C02497,2024-01-09,Concluído,Site,Cartão
O0008346,C03829,2025-06-25,Concluído,Site,Cartão
O0008347,C03007,2025-11-11,Concluído,App,Cartão
O0008348,C03007,2025-08-02,Concluído,Site,PIX
O0008349,C03007,2025-09-20,Concluído,Marketplace,Boleto
O0008350,C03007,2025-10-28,Cancelado,Site,PIX
O0008351,C03007,2025-11-20,Concluído,Site,PIX
O0008352,C03007,2025-07-26,Concluído,Site,Cartão
O0008353,C01656,2025-06-08,Concluído,Marketplace,PIX
O0008354,C03970,2025-12-22,Concluído,Site,PIX
O0008355,C03970,2025-12-19,Concluído,Site,Boleto
O0008356,C03970,2025-12-25,Concluído,Site,Carteira digital
O0008357,C04405,2024-09-11,Concluído,Marketplace,Carteira digital
O0008358,C04405,2025-06-22,Concluído,Site,Cartão
O0008359,C04021,2025-12-12,Cancelado,Site,PIX
O0008360,C04021,2024-03-31,Concluído,Site,Cartão
O0008361,C02111,2025-05-07,Concluído,Marketplace,PIX
O0008362,C02111,2025-06-13,Concluído,Marketplace,PIX
O0008363,C02111,2025-04-08,Concluído,Site,Cartão
O0008364,C04122,2025-10-28,Devolvido,App,Cartão
O0008365,C04122,2025-12-13,Concluído,App,Cartão
O0008366,C04122,2025-12-12,Concluído,Marketplace,Cartão
O0008367,C04122,2025-07-18,Concluído,Site,Boleto
O0008368,C04122,2025-08-04,Concluído,Site,Cartão
O0008369,C04282,2025-07-22,Concluído,App,Boleto
O0008370,C04282,2025-08-28,Concluído,Marketplace,PIX
O0008371,C04282,2025-08-20,Concluído,Marketplace,Boleto
O0008372,C00977,2025-06-14,Concluído,Site,Cartão
O0008373,C00977,2025-06-05,Concluído,Site,Cartão
O0008374,C04403,2025-08-31,Concluído,Marketplace,PIX
O0008375,C01622,2025-12-26,Concluído,Site,Carteira digital
O0008376,C00441,2023-01-22,Concluído,Site,Boleto
O0008377,C00316,2025-05-24,Concluído,Marketplace,PIX
O0008378,C00316,2025-04-08,Concluído,Site,Cartão
O0008379,C03670,2024-10-30,Concluído,Marketplace,Cartão
O0008380,C03670,2025-08-20,Concluído,Marketplace,Cartão
O0008381,C03670,2023-01-13,Concluído,Site,Cartão
O0008382,C03670,2025-01-11,Concluído,Site,Boleto
O0008383,C03670,2025-02-10,Cancelado,Site,Carteira digital
O0008384,C03670,2025-10-14,Devolvido,Site,Cartão
O0008385,C03670,2025-11-25,Concluído,Site,PIX
O0008386,C03670,2025-07-26,Concluído,Marketplace,Boleto
O0008387,C02199,2024-06-13,Concluído,App,PIX
O0008388,C02199,2024-04-22,Concluído,Site,Cartão
O0008389,C02199,2024-12-03,Concluído,Site,Cartão
O0008390,C02199,2023-09-04,Concluído,Site,Cartão
O0008391,C02199,2023-01-29,Concluído,Marketplace,Cartão
O0008392,C03265,2025-06-17,Devolvido,Site,Cartão
O0008393,C03265,2023-03-31,Concluído,Site,Cartão
O0008394,C02334,2025-10-01,Concluído,Site,PIX
O0008395,C02334,2025-05-18,Concluído,Site,Cartão
O0008396,C02334,2025-11-16,Concluído,App,Cartão
O0008397,C02334,2025-08-12,Concluído,Site,Cartão
O0008398,C02334,2025-07-25,Concluído,App,Boleto
O0008399,C02334,2025-03-24,Concluído,App,Cartão
O0008400,C02334,2025-06-02,Concluído,App,Cartão
O0008401,C02334,2025-01-02,Concluído,App,Boleto
O0008402,C00765,2025-10-02,Concluído,Site,PIX
O0008403,C03590,2024-09-07,Concluído,Site,Cartão
O0008404,C03590,2024-12-15,Concluído,App,PIX
O0008405,C04088,2024-01-02,Concluído,Site,Cartão
O0008406,C02116,2024-09-30,Concluído,App,Boleto
O0008407,C02116,2025-09-26,Concluído,Site,Cartão
O0008408,C02116,2024-09-12,Concluído,Site,PIX
O0008409,C01421,2023-12-25,Concluído,Site,PIX
O0008410,C01421,2025-10-06,Cancelado,Site,Carteira digital
O0008411,C01421,2023-12-06,Concluído,Site,Boleto
O0008412,C01684,2024-10-01,Concluído,Marketplace,PIX
O0008413,C01684,2025-10-05,Concluído,Marketplace,Carteira digital
O0008414,C03799,2024-10-12,Concluído,Marketplace,PIX
O0008415,C02605,2025-06-06,Concluído,Site,Carteira digital
O0008416,C02605,2024-09-26,Concluído,App,Boleto
O0008417,C02605,2025-11-22,Concluído,Site,PIX
O0008418,C01428,2025-05-06,Concluído,Site,Cartão
O0008419,C01428,2025-09-21,Concluído,Site,Cartão
O0008420,C04685,2025-11-26,Concluído,App,Cartão
O0008421,C03686,2025-11-21,Concluído,Marketplace,Carteira digital
O0008422,C04816,2023-12-23,Concluído,Site,Carteira digital
O0008423,C04816,2024-04-02,Concluído,Site,Cartão
O0008424,C04816,2023-09-27,Concluído,Site,Cartão
O0008425,C04816,2025-01-05,Concluído,Marketplace,Cartão
O0008426,C00729,2023-09-11,Concluído,Site,PIX
O0008427,C00729,2023-12-19,Concluído,Marketplace,Carteira digital
O0008428,C00729,2024-05-11,Concluído,Site,Boleto
O0008429,C00729,2024-01-27,Concluído,Site,Carteira digital
O0008430,C00999,2025-03-27,Concluído,Site,Carteira digital
O0008431,C00999,2025-01-27,Concluído,Site,Cartão
O0008432,C02805,2023-06-12,Concluído,Site,Cartão
O0008433,C02805,2024-05-10,Concluído,Site,Cartão
O0008434,C02805,2024-07-13,Concluído,Site,PIX
O0008435,C02805,2024-07-17,Concluído,Site,Cartão
O0008436,C02805,2024-03-19,Concluído,Site,Carteira digital
O0008437,C02805,2024-05-15,Concluído,App,Cartão
O0008438,C02805,2024-01-23,Concluído,App,PIX
O0008439,C02805,2024-03-10,Concluído,Site,PIX
O0008440,C02805,2024-02-04,Concluído,Site,Carteira digital
O0008441,C02805,2025-01-23,Concluído,Site,Cartão
O0008442,C02805,2025-05-13,Concluído,Marketplace,Cartão
O0008443,C02805,2024-08-11,Concluído,App,Carteira digital
O0008444,C00008,2025-05-08,Concluído,Site,Cartão
O0008445,C00008,2025-02-18,Concluído,Site,Carteira digital
O0008446,C00008,2025-06-06,Concluído,Site,Cartão
O0008447,C00008,2025-05-08,Concluído,Site,Cartão
O0008448,C00008,2024-07-20,Concluído,Site,Cartão
O0008449,C02312,2025-11-10,Concluído,Site,Boleto
O0008450,C02312,2025-11-10,Concluído,Site,PIX
O0008451,C02312,2025-11-14,Concluído,App,Cartão
O0008452,C02312,2025-10-08,Concluído,App,Cartão
O0008453,C02312,2025-11-06,Cancelado,App,Cartão
O0008454,C02312,2025-11-25,Concluído,Marketplace,PIX
O0008455,C02312,2025-10-10,Concluído,Marketplace,Carteira digital
O0008456,C02312,2025-11-08,Concluído,Site,PIX
O0008457,C02312,2025-09-28,Concluído,Site,Boleto
O0008458,C02312,2025-12-21,Concluído,App,Cartão
O0008459,C01889,2025-09-15,Concluído,App,PIX
O0008460,C01889,2024-01-23,Devolvido,App,PIX
O0008461,C00764,2025-07-30,Concluído,App,Cartão
O0008462,C00764,2024-02-04,Concluído,Marketplace,PIX
O0008463,C00764,2024-10-26,Concluído,App,PIX
O0008464,C00764,2024-11-12,Concluído,Site,PIX
O0008465,C01600,2024-06-10,Concluído,Site,Boleto
O0008466,C01600,2024-02-29,Concluído,App,Cartão
O0008467,C02884,2025-06-18,Concluído,App,Cartão
O0008468,C04868,2024-05-30,Concluído,Site,PIX
O0008469,C04868,2025-06-01,Concluído,Site,PIX
O0008470,C04182,2024-10-22,Concluído,Site,Carteira digital
O0008471,C03126,2024-10-07,Concluído,Site,Carteira digital
O0008472,C00666,2025-02-19,Concluído,Marketplace,PIX
O0008473,C00666,2024-11-22,Concluído,Site,Cartão
O0008474,C04203,2023-04-05,Concluído,App,Carteira digital
O0008475,C00741,2024-07-07,Concluído,Site,Cartão
O0008476,C00741,2023-06-23,Concluído,Site,Cartão
O0008477,C03998,2023-08-31,Concluído,Site,PIX
O0008478,C03998,2023-01-15,Concluído,Site,Cartão
O0008479,C03998,2024-09-05,Concluído,Site,Carteira digital
O0008480,C03998,2025-01-15,Concluído,App,Cartão
O0008481,C04688,2025-09-27,Concluído,Site,Cartão
O0008482,C04688,2024-11-10,Concluído,Site,PIX
O0008483,C04688,2024-08-05,Concluído,Site,Cartão
O0008484,C04650,2025-03-27,Concluído,App,Boleto
O0008485,C00972,2025-08-30,Concluído,App,Cartão
O0008486,C00209,2024-10-28,Concluído,Site,PIX
O0008487,C00209,2025-02-15,Concluído,App,Carteira digital
O0008488,C04928,2023-06-04,Concluído,Marketplace,Cartão
O0008489,C04928,2025-08-18,Concluído,Site,PIX
O0008490,C02053,2025-11-30,Concluído,App,Boleto
O0008491,C02384,2024-06-26,Concluído,Site,PIX
O0008492,C02384,2024-10-26,Concluído,Marketplace,PIX
O0008493,C02384,2023-12-24,Concluído,Site,Cartão
O0008494,C02384,2024-11-22,Concluído,Site,Carteira digital
O0008495,C02384,2023-10-16,Concluído,Site,Carteira digital
O0008496,C02420,2024-03-22,Concluído,Site,Cartão
O0008497,C02659,2024-09-09,Concluído,App,Cartão
O0008498,C02659,2025-03-06,Concluído,Marketplace,Boleto
O0008499,C02659,2025-07-20,Concluído,App,Cartão
O0008500,C04462,2025-06-08,Concluído,Marketplace,PIX
O0008501,C03185,2025-07-04,Concluído,Site,Cartão
O0008502,C02812,2023-07-23,Cancelado,Site,PIX
O0008503,C02219,2024-05-04,Concluído,Marketplace,Cartão
O0008504,C03985,2023-08-23,Concluído,Site,Boleto
O0008505,C03985,2024-05-20,Concluído,Site,Carteira digital
O0008506,C03039,2023-02-18,Concluído,App,Carteira digital
O0008507,C01598,2024-03-14,Concluído,Site,PIX
O0008508,C03594,2025-12-29,Concluído,Site,PIX
O0008509,C03594,2025-12-30,Concluído,Marketplace,PIX
O0008510,C01941,2025-05-16,Concluído,Site,Cartão
O0008511,C02121,2024-03-10,Concluído,Marketplace,Cartão
O0008512,C01778,2025-01-20,Concluído,App,Cartão
O0008513,C01778,2025-07-10,Concluído,Site,PIX
O0008514,C00507,2025-12-12,Concluído,Marketplace,PIX
O0008515,C03919,2025-10-30,Concluído,Site,Cartão
O0008516,C01224,2025-12-26,Concluído,Site,Cartão
O0008517,C01224,2025-11-22,Concluído,Site,Cartão
O0008518,C04615,2023-12-12,Concluído,Site,Carteira digital
O0008519,C00570,2024-10-28,Concluído,App,Cartão
O0008520,C00570,2024-09-17,Concluído,Marketplace,PIX
O0008521,C00570,2025-05-12,Concluído,App,Cartão
O0008522,C00709,2025-04-25,Concluído,Marketplace,Cartão
O0008523,C00709,2025-11-21,Concluído,Site,Cartão
O0008524,C00709,2023-01-15,Concluído,Site,PIX
O0008525,C00709,2025-03-29,Concluído,Marketplace,PIX
O0008526,C01872,2025-05-02,Concluído,Marketplace,Boleto
O0008527,C04651,2025-08-24,Concluído,App,PIX
O0008528,C04651,2024-10-12,Concluído,Marketplace,Boleto
O0008529,C01590,2025-11-16,Concluído,Marketplace,Cartão
O0008530,C01590,2025-11-11,Concluído,Marketplace,Boleto
O0008531,C01590,2025-12-03,Concluído,Site,Cartão
O0008532,C01740,2023-08-09,Concluído,Site,Cartão
O0008533,C01740,2024-12-09,Concluído,Site,PIX
O0008534,C01276,2023-10-26,Concluído,App,Cartão
O0008535,C01130,2023-07-02,Concluído,Site,Cartão
O0008536,C01130,2024-03-31,Concluído,Site,Cartão
O0008537,C01298,2024-05-13,Concluído,Marketplace,Cartão
O0008538,C01298,2025-12-18,Concluído,App,Cartão
O0008539,C02001,2025-07-18,Concluído,Marketplace,Carteira digital
O0008540,C02001,2024-12-31,Concluído,App,Cartão
O0008541,C02001,2024-07-19,Concluído,Marketplace,Carteira digital
O0008542,C02001,2025-10-07,Devolvido,Site,Cartão
O0008543,C02001,2024-08-25,Concluído,App,PIX
O0008544,C02001,2025-05-16,Concluído,App,Carteira digital
O0008545,C01461,2025-08-20,Concluído,App,Cartão
O0008546,C01461,2025-12-09,Concluído,Site,PIX
O0008547,C04249,2023-07-29,Concluído,App,Cartão
O0008548,C04249,2024-08-25,Concluído,Site,Carteira digital
O0008549,C04590,2024-10-17,Concluído,Marketplace,Cartão
O0008550,C04590,2024-03-04,Concluído,App,PIX
O0008551,C04590,2023-08-02,Concluído,App,Carteira digital
O0008552,C04590,2025-03-25,Concluído,Site,Carteira digital
O0008553,C04590,2025-06-17,Concluído,App,Carteira digital
O0008554,C04590,2024-10-01,Concluído,Site,Carteira digital
O0008555,C04590,2024-01-18,Concluído,Site,Cartão
O0008556,C04590,2024-06-03,Concluído,Site,PIX
O0008557,C04590,2023-07-16,Concluído,Site,Cartão
O0008558,C04590,2025-02-18,Concluído,Marketplace,Cartão
O0008559,C04590,2023-06-08,Concluído,Marketplace,PIX
O0008560,C04590,2025-06-11,Concluído,Site,PIX
O0008561,C04590,2024-04-16,Concluído,App,PIX
O0008562,C04590,2023-07-22,Concluído,App,PIX
O0008563,C04590,2024-08-17,Concluído,Marketplace,Cartão
O0008564,C04590,2023-06-19,Concluído,Marketplace,Cartão
O0008565,C04590,2024-05-15,Concluído,App,PIX
O0008566,C04590,2024-04-15,Concluído,App,Cartão
O0008567,C00378,2025-12-16,Concluído,App,Carteira digital
O0008568,C01581,2024-04-09,Concluído,Site,Cartão
O0008569,C01581,2023-01-10,Concluído,Site,Cartão
O0008570,C00564,2025-03-14,Concluído,Site,Cartão
O0008571,C00564,2024-11-09,Concluído,Site,Cartão
O0008572,C02712,2024-10-05,Concluído,Site,Carteira digital
O0008573,C02712,2024-07-09,Concluído,Marketplace,PIX
O0008574,C04319,2024-04-13,Concluído,Site,Carteira digital
O0008575,C01252,2024-04-18,Concluído,Site,Carteira digital
O0008576,C01252,2025-09-04,Concluído,Site,PIX
O0008577,C04260,2025-05-17,Concluído,Site,Cartão
O0008578,C04260,2025-01-19,Concluído,Marketplace,Boleto
O0008579,C03104,2025-12-25,Concluído,Site,Carteira digital
O0008580,C03104,2024-01-23,Concluído,App,PIX
O0008581,C03104,2024-09-21,Concluído,App,Cartão
O0008582,C00917,2025-06-01,Concluído,Site,Cartão
O0008583,C02547,2023-10-26,Concluído,Marketplace,Cartão
O0008584,C01938,2024-04-28,Concluído,Marketplace,Boleto
O0008585,C01938,2025-05-23,Concluído,Site,PIX
O0008586,C01938,2025-12-10,Concluído,App,PIX
O0008587,C04694,2025-10-12,Concluído,App,Carteira digital
O0008588,C04273,2023-01-25,Concluído,Marketplace,Cartão
O0008589,C04273,2025-04-26,Concluído,App,Carteira digital
O0008590,C02642,2023-03-21,Concluído,App,Cartão
O0008591,C02642,2024-06-10,Concluído,Marketplace,PIX
O0008592,C04153,2024-04-21,Concluído,Site,PIX
O0008593,C04153,2024-06-25,Concluído,Marketplace,Carteira digital
O0008594,C04153,2024-03-04,Concluído,Marketplace,Cartão
O0008595,C04153,2024-04-09,Concluído,Marketplace,Cartão
O0008596,C03524,2025-02-02,Concluído,Marketplace,Cartão
O0008597,C03524,2025-10-20,Concluído,Site,Carteira digital
O0008598,C03620,2025-07-12,Concluído,Site,Carteira digital
O0008599,C03620,2025-07-27,Concluído,Site,Cartão
O0008600,C03620,2025-07-20,Concluído,Site,Cartão
O0008601,C04075,2023-03-03,Concluído,Site,PIX
O0008602,C04075,2024-08-25,Concluído,Marketplace,PIX
O0008603,C04075,2023-05-21,Concluído,Site,Cartão
O0008604,C00640,2025-08-24,Concluído,App,Boleto
O0008605,C04967,2025-02-12,Concluído,Marketplace,Cartão
O0008606,C04967,2025-09-28,Concluído,Site,Cartão
O0008607,C04967,2025-01-11,Concluído,Site,Carteira digital
O0008608,C04303,2025-07-22,Concluído,App,PIX
O0008609,C04303,2025-02-20,Concluído,Site,Cartão
O0008610,C03694,2025-09-05,Concluído,Site,Cartão
O0008611,C03694,2025-09-30,Concluído,Site,PIX
O0008612,C03694,2025-05-16,Concluído,Site,Cartão
O0008613,C03694,2025-05-27,Concluído,Site,Cartão
O0008614,C03694,2025-05-30,Concluído,App,Carteira digital
O0008615,C01054,2024-09-08,Concluído,App,Cartão
O0008616,C01054,2025-08-25,Concluído,Marketplace,PIX
O0008617,C04922,2025-08-19,Concluído,Site,PIX
O0008618,C04922,2025-12-28,Concluído,Site,Cartão
O0008619,C02601,2024-12-04,Concluído,App,Cartão
O0008620,C02601,2023-03-10,Concluído,Site,Cartão
O0008621,C02601,2024-06-17,Concluído,Site,Carteira digital
O0008622,C02601,2025-04-05,Concluído,Marketplace,Cartão
O0008623,C02601,2024-09-14,Concluído,App,Cartão
O0008624,C04932,2025-10-05,Concluído,Site,PIX
O0008625,C04932,2024-11-17,Concluído,Site,Cartão
O0008626,C04932,2025-11-05,Concluído,App,PIX
O0008627,C03626,2025-08-24,Concluído,App,PIX
O0008628,C02921,2023-11-13,Cancelado,App,PIX
O0008629,C00497,2025-09-17,Concluído,Site,Cartão
O0008630,C00497,2025-12-13,Concluído,App,Cartão
O0008631,C04299,2025-06-28,Concluído,Site,Cartão
O0008632,C04299,2025-08-22,Concluído,Marketplace,Cartão
O0008633,C04299,2025-07-17,Concluído,App,PIX
O0008634,C00387,2024-02-28,Concluído,Site,PIX
O0008635,C00387,2025-07-12,Concluído,App,PIX
O0008636,C00179,2025-02-28,Concluído,Site,PIX
O0008637,C00179,2023-12-16,Concluído,Site,Cartão
O0008638,C00179,2023-10-11,Concluído,Marketplace,Cartão
O0008639,C02251,2025-09-28,Concluído,Site,Cartão
O0008640,C03083,2025-03-19,Concluído,App,PIX
O0008641,C03083,2025-12-31,Concluído,Site,PIX
O0008642,C01177,2025-12-25,Concluído,App,PIX
O0008643,C01177,2025-06-24,Concluído,Marketplace,Cartão
O0008644,C01177,2025-09-09,Concluído,Site,Cartão
O0008645,C01177,2025-10-01,Concluído,App,PIX
O0008646,C03648,2024-12-05,Concluído,Site,Carteira digital
O0008647,C04924,2023-11-30,Concluído,App,Cartão
O0008648,C04924,2023-09-18,Concluído,App,Cartão
O0008649,C04924,2024-11-30,Concluído,App,Cartão
O0008650,C04924,2025-03-03,Concluído,App,Cartão
O0008651,C04976,2025-12-11,Concluído,App,PIX
O0008652,C04976,2025-12-20,Concluído,Site,Cartão
O0008653,C04976,2025-12-11,Concluído,Marketplace,PIX
O0008654,C04976,2025-12-29,Concluído,Marketplace,PIX
O0008655,C04976,2025-12-15,Concluído,App,Cartão
O0008656,C04976,2025-12-17,Concluído,Site,PIX
O0008657,C04976,2025-12-19,Concluído,App,Cartão
O0008658,C02259,2025-01-29,Concluído,Site,Cartão
O0008659,C02259,2024-08-21,Concluído,Site,Boleto
O0008660,C03078,2024-08-06,Concluído,App,Cartão
O0008661,C02091,2024-09-05,Concluído,Site,Cartão
O0008662,C03851,2025-04-06,Concluído,App,PIX
O0008663,C04565,2024-10-27,Concluído,Site,PIX
O0008664,C02298,2025-05-14,Concluído,Site,Cartão
O0008665,C02298,2024-08-08,Concluído,App,PIX
O0008666,C02298,2024-11-09,Concluído,App,Cartão
O0008667,C04053,2025-08-24,Concluído,Site,PIX
O0008668,C00888,2024-06-07,Concluído,Site,Carteira digital
O0008669,C00888,2025-01-16,Concluído,App,Cartão
O0008670,C00888,2023-12-25,Concluído,Site,Cartão
O0008671,C00888,2025-12-18,Concluído,Site,Carteira digital
O0008672,C00888,2024-03-07,Concluído,Marketplace,Cartão
O0008673,C00888,2024-03-31,Concluído,App,Cartão
O0008674,C00888,2025-10-26,Concluído,Site,PIX
O0008675,C00888,2024-03-20,Concluído,App,Cartão
O0008676,C00888,2025-05-26,Concluído,Marketplace,PIX
O0008677,C00888,2025-02-24,Concluído,Site,Cartão
O0008678,C00888,2024-04-05,Concluído,Site,PIX
O0008679,C00888,2023-04-22,Concluído,App,Cartão
O0008680,C00888,2023-09-30,Concluído,Site,Carteira digital
O0008681,C00888,2025-03-18,Concluído,Marketplace,Cartão
O0008682,C00888,2024-02-04,Concluído,Site,Cartão
O0008683,C01987,2024-12-28,Concluído,Marketplace,PIX
O0008684,C01987,2025-06-18,Concluído,App,Cartão
O0008685,C01987,2024-03-21,Concluído,Marketplace,Cartão
O0008686,C01987,2025-05-29,Concluído,Marketplace,Cartão
O0008687,C01987,2025-02-28,Concluído,Marketplace,Carteira digital
O0008688,C01987,2025-03-23,Concluído,Site,Carteira digital
O0008689,C01987,2024-12-19,Concluído,Marketplace,Cartão
O0008690,C01987,2025-04-16,Concluído,Site,Cartão
O0008691,C01987,2024-02-25,Concluído,Site,Cartão
O0008692,C01987,2025-01-06,Concluído,Site,Cartão
O0008693,C01987,2024-06-10,Concluído,App,Carteira digital
O0008694,C01987,2024-04-21,Concluído,Site,Carteira digital
O0008695,C01987,2024-11-13,Concluído,Site,Cartão
O0008696,C03076,2025-03-19,Concluído,App,PIX
O0008697,C03076,2023-03-23,Concluído,Site,Cartão
O0008698,C03076,2024-12-11,Concluído,Marketplace,Cartão
O0008699,C02515,2024-10-13,Concluído,Site,PIX
O0008700,C02515,2025-03-23,Concluído,Site,Cartão
O0008701,C02515,2024-06-28,Concluído,Marketplace,PIX
O0008702,C02515,2025-10-28,Concluído,App,Carteira digital
O0008703,C00222,2024-07-15,Concluído,Site,Cartão
O0008704,C00222,2025-06-05,Concluído,Site,Carteira digital
O0008705,C00222,2023-09-18,Concluído,Site,Cartão
O0008706,C00222,2023-12-16,Concluído,Site,Cartão
O0008707,C00222,2025-06-11,Concluído,Marketplace,PIX
O0008708,C00222,2024-05-08,Concluído,Site,Cartão
O0008709,C00222,2025-10-18,Concluído,Site,Cartão
O0008710,C00222,2023-12-11,Concluído,App,Carteira digital
O0008711,C00222,2024-09-02,Concluído,Site,Carteira digital
O0008712,C00222,2024-06-03,Concluído,Site,Carteira digital
O0008713,C00222,2023-06-12,Concluído,Site,PIX
O0008714,C00222,2023-02-21,Concluído,Site,PIX
O0008715,C00222,2025-11-24,Concluído,Site,Boleto
O0008716,C00222,2025-10-04,Concluído,Site,Carteira digital
O0008717,C00222,2024-02-18,Concluído,Site,Carteira digital
O0008718,C00222,2025-08-09,Concluído,Site,PIX
O0008719,C00887,2025-06-29,Concluído,App,PIX
O0008720,C00887,2025-12-04,Concluído,Marketplace,PIX
O0008721,C00887,2025-06-23,Concluído,Marketplace,Cartão
O0008722,C04032,2024-08-24,Concluído,Site,Cartão
O0008723,C04032,2024-06-27,Cancelado,Site,PIX
O0008724,C04032,2025-11-16,Concluído,App,Cartão
O0008725,C04032,2025-05-29,Concluído,App,Cartão
O0008726,C04032,2024-05-03,Concluído,App,Cartão
O0008727,C03319,2024-09-27,Concluído,Site,PIX
O0008728,C03876,2024-03-07,Concluído,Site,PIX
O0008729,C03876,2024-03-21,Concluído,Site,PIX
O0008730,C01021,2025-05-20,Concluído,Marketplace,Carteira digital
O0008731,C01021,2025-09-25,Cancelado,Site,Cartão
O0008732,C01021,2025-10-26,Concluído,Marketplace,Cartão
O0008733,C01021,2025-09-03,Concluído,Site,PIX
O0008734,C02353,2025-02-04,Concluído,Site,Cartão
O0008735,C00267,2025-09-30,Concluído,Site,Cartão
O0008736,C00267,2024-03-02,Concluído,Marketplace,Cartão
O0008737,C03758,2023-11-11,Concluído,Site,Cartão
O0008738,C03758,2024-11-04,Concluído,Site,Cartão
O0008739,C03627,2025-11-23,Devolvido,Site,Cartão
O0008740,C03627,2024-08-19,Concluído,Marketplace,Carteira digital
O0008741,C00876,2024-04-17,Concluído,App,Cartão
O0008742,C00876,2024-12-12,Concluído,Marketplace,PIX
O0008743,C00876,2024-01-25,Concluído,App,PIX
O0008744,C04080,2025-04-02,Concluído,Site,PIX
O0008745,C04080,2025-03-28,Concluído,Site,PIX
O0008746,C04843,2024-03-06,Concluído,App,PIX
O0008747,C04843,2024-04-23,Concluído,Marketplace,Cartão
O0008748,C04773,2023-08-21,Concluído,Site,Carteira digital
O0008749,C04773,2025-06-05,Concluído,App,Cartão
O0008750,C04773,2024-02-14,Concluído,Site,Cartão
O0008751,C04773,2025-02-09,Concluído,Site,PIX
O0008752,C00321,2024-10-19,Concluído,Site,Carteira digital
O0008753,C00321,2025-05-31,Concluído,Site,Cartão
O0008754,C00379,2024-10-12,Concluído,App,Carteira digital
O0008755,C02052,2024-12-31,Concluído,Marketplace,Cartão
O0008756,C02052,2024-08-21,Concluído,Marketplace,PIX
O0008757,C01714,2024-04-08,Concluído,App,PIX
O0008758,C03849,2025-06-01,Concluído,Marketplace,Carteira digital
O0008759,C03849,2025-04-30,Concluído,Marketplace,Boleto
O0008760,C03849,2025-05-23,Concluído,Marketplace,PIX
O0008761,C03760,2025-11-15,Concluído,Site,Cartão
O0008762,C01831,2025-03-12,Concluído,Site,PIX
O0008763,C01831,2025-03-16,Concluído,Site,Cartão
O0008764,C02129,2025-12-07,Concluído,App,Cartão
O0008765,C02129,2025-12-18,Concluído,Site,PIX
O0008766,C02129,2025-12-18,Concluído,Site,Cartão
O0008767,C01307,2024-05-13,Concluído,Site,Cartão
O0008768,C00256,2025-11-27,Concluído,Marketplace,PIX
O0008769,C00256,2025-12-04,Concluído,Site,PIX
O0008770,C00256,2025-11-22,Concluído,Marketplace,Cartão
O0008771,C00256,2025-12-16,Concluído,Marketplace,Cartão
O0008772,C00588,2024-06-13,Devolvido,Site,PIX
O0008773,C01279,2025-05-06,Concluído,Marketplace,Boleto
O0008774,C01279,2024-08-23,Concluído,App,Cartão
O0008775,C01279,2025-02-21,Concluído,Site,Cartão
O0008776,C01279,2024-06-18,Concluído,Site,Cartão
O0008777,C01279,2025-07-20,Concluído,App,PIX
O0008778,C01279,2025-11-08,Concluído,Marketplace,Carteira digital
O0008779,C01279,2024-05-27,Concluído,Site,Cartão
O0008780,C01279,2024-03-07,Concluído,Site,Cartão
O0008781,C01279,2024-08-05,Concluído,App,Cartão
O0008782,C01279,2024-07-26,Concluído,Site,Cartão
O0008783,C01279,2025-11-09,Concluído,Site,PIX
O0008784,C01279,2024-08-23,Concluído,Site,Carteira digital
O0008785,C01279,2024-10-13,Concluído,App,PIX
O0008786,C01279,2025-11-19,Concluído,App,Cartão
O0008787,C01279,2024-06-14,Concluído,Site,Carteira digital
O0008788,C01279,2025-05-17,Concluído,Site,Cartão
O0008789,C01279,2025-03-20,Concluído,App,PIX
O0008790,C00202,2025-10-12,Concluído,Marketplace,PIX
O0008791,C00202,2024-07-21,Concluído,Site,PIX
O0008792,C00202,2025-03-05,Concluído,Marketplace,Cartão
O0008793,C00202,2025-12-07,Concluído,App,Carteira digital
O0008794,C00202,2025-03-11,Concluído,Site,Carteira digital
O0008795,C00202,2024-02-26,Concluído,Marketplace,PIX
O0008796,C00202,2025-05-25,Concluído,App,PIX
O0008797,C00202,2025-04-20,Concluído,Site,Carteira digital
O0008798,C00202,2023-04-09,Concluído,App,Cartão
O0008799,C00202,2023-12-18,Concluído,Site,Cartão
O0008800,C00202,2023-09-10,Concluído,App,PIX
O0008801,C00202,2025-12-11,Concluído,Marketplace,Carteira digital
O0008802,C04200,2025-06-16,Concluído,App,Cartão
O0008803,C04200,2025-09-25,Concluído,Site,PIX
O0008804,C04068,2024-06-14,Concluído,Site,PIX
O0008805,C04068,2024-04-13,Concluído,App,Cartão
O0008806,C04068,2024-10-13,Cancelado,App,PIX
O0008807,C04068,2025-08-02,Concluído,App,Boleto
O0008808,C04068,2024-06-25,Concluído,Site,Cartão
O0008809,C04068,2025-07-16,Concluído,Site,Cartão
O0008810,C04068,2023-06-28,Concluído,Marketplace,Cartão
O0008811,C04068,2024-01-17,Concluído,Site,PIX
O0008812,C04068,2023-06-14,Concluído,App,PIX
O0008813,C04068,2023-05-23,Concluído,App,PIX
O0008814,C04068,2025-09-10,Concluído,Site,Cartão
O0008815,C04748,2023-05-13,Concluído,Site,PIX
O0008816,C04748,2023-12-12,Concluído,App,Cartão
O0008817,C04748,2024-10-07,Concluído,Site,Cartão
O0008818,C01548,2023-06-14,Concluído,App,PIX
O0008819,C01548,2025-06-20,Cancelado,Site,Cartão
O0008820,C02224,2024-05-27,Concluído,Marketplace,Cartão
O0008821,C02793,2025-04-17,Concluído,Marketplace,PIX
O0008822,C02793,2024-11-08,Concluído,Site,Cartão
O0008823,C02793,2024-12-15,Concluído,App,Carteira digital
O0008824,C02793,2025-01-06,Concluído,App,Cartão
O0008825,C02793,2024-06-30,Concluído,Marketplace,Cartão
O0008826,C02793,2025-05-28,Concluído,App,PIX
O0008827,C02793,2025-03-06,Concluído,Site,Cartão
O0008828,C02793,2024-03-08,Concluído,App,Carteira digital
O0008829,C02793,2025-10-21,Concluído,Site,Cartão
O0008830,C02793,2024-10-18,Concluído,Site,Cartão
O0008831,C02793,2025-07-07,Concluído,Site,PIX
O0008832,C02793,2025-12-26,Concluído,Marketplace,Carteira digital
O0008833,C02793,2025-04-19,Concluído,App,Boleto
O0008834,C02793,2025-12-13,Concluído,Site,Cartão
O0008835,C02793,2025-12-24,Concluído,Site,Boleto
O0008836,C03679,2025-10-16,Concluído,Site,PIX
O0008837,C03679,2023-03-13,Concluído,App,PIX
O0008838,C03679,2023-10-01,Concluído,Site,Carteira digital
O0008839,C03679,2025-04-03,Concluído,App,Cartão
O0008840,C03679,2023-03-22,Concluído,Marketplace,Carteira digital
O0008841,C03679,2023-10-19,Concluído,Site,Boleto
O0008842,C03679,2023-12-03,Concluído,Site,Carteira digital
O0008843,C03679,2023-08-17,Concluído,App,PIX
O0008844,C03679,2024-09-10,Concluído,Site,Cartão
O0008845,C03679,2023-04-29,Concluído,Marketplace,Cartão
O0008846,C03679,2024-05-14,Concluído,App,Carteira digital
O0008847,C03679,2025-01-12,Concluído,Site,Cartão
O0008848,C03679,2023-02-22,Concluído,Marketplace,PIX
O0008849,C03679,2024-08-15,Concluído,App,PIX
O0008850,C03679,2023-01-24,Cancelado,Marketplace,PIX
O0008851,C03679,2024-08-11,Concluído,Site,Carteira digital
O0008852,C03679,2023-12-29,Concluído,Site,Carteira digital
O0008853,C03679,2025-11-25,Concluído,App,PIX
O0008854,C03679,2024-08-25,Concluído,Site,PIX
O0008855,C03679,2023-02-22,Concluído,App,PIX
O0008856,C01984,2025-05-30,Cancelado,App,Cartão
O0008857,C01984,2024-09-14,Concluído,App,Cartão
O0008858,C01984,2024-03-10,Concluído,App,Carteira digital
O0008859,C01984,2025-10-15,Concluído,App,Carteira digital
O0008860,C02067,2023-07-07,Concluído,Site,PIX
O0008861,C02067,2024-12-30,Concluído,Site,PIX
O0008862,C02833,2023-11-20,Concluído,App,PIX
O0008863,C02833,2024-05-21,Concluído,Marketplace,PIX
O0008864,C02833,2025-06-27,Concluído,Site,Carteira digital
O0008865,C02833,2024-02-19,Concluído,Marketplace,Cartão
O0008866,C02833,2023-11-01,Concluído,App,Cartão
O0008867,C02833,2025-12-24,Concluído,Site,PIX
O0008868,C02833,2024-08-20,Concluído,Marketplace,Cartão
O0008869,C02833,2023-11-09,Concluído,Marketplace,Cartão
O0008870,C02833,2025-02-15,Concluído,App,Boleto
O0008871,C02833,2024-10-04,Concluído,Marketplace,Cartão
O0008872,C04603,2023-01-16,Concluído,Site,Boleto
O0008873,C04603,2025-06-17,Cancelado,Site,Cartão
O0008874,C04603,2023-03-19,Cancelado,App,Cartão
O0008875,C04603,2023-11-08,Concluído,App,Cartão
O0008876,C03798,2025-09-11,Concluído,Marketplace,Cartão
O0008877,C03798,2025-12-05,Concluído,Site,Carteira digital
O0008878,C02630,2023-06-04,Concluído,Site,Carteira digital
O0008879,C02630,2023-09-14,Concluído,Marketplace,PIX
O0008880,C04732,2025-02-03,Concluído,Site,Cartão
O0008881,C04732,2025-05-13,Concluído,Site,Cartão
O0008882,C04732,2025-06-25,Concluído,Site,Cartão
O0008883,C00536,2025-04-22,Concluído,Site,Cartão
O0008884,C00536,2025-06-21,Concluído,Site,Cartão
O0008885,C01378,2025-03-29,Concluído,Site,PIX
O0008886,C01378,2025-10-07,Concluído,Site,Carteira digital
O0008887,C01378,2024-03-16,Concluído,App,Cartão
O0008888,C01378,2025-02-15,Concluído,App,Cartão
O0008889,C01378,2024-09-17,Concluído,Site,Cartão
O0008890,C01378,2025-02-23,Concluído,App,PIX
O0008891,C01378,2024-04-11,Concluído,Site,Boleto
O0008892,C01378,2025-08-14,Cancelado,App,Carteira digital
O0008893,C01378,2024-08-23,Concluído,Site,PIX
O0008894,C01378,2025-03-02,Concluído,Site,PIX
O0008895,C01378,2024-09-12,Concluído,App,Carteira digital
O0008896,C01378,2025-01-06,Concluído,Site,Cartão
O0008897,C01378,2023-12-30,Concluído,Marketplace,Cartão
O0008898,C01378,2025-11-10,Concluído,App,Cartão
O0008899,C01378,2024-12-10,Concluído,App,Cartão
O0008900,C01378,2025-06-28,Concluído,Marketplace,PIX
O0008901,C01378,2024-12-29,Concluído,Marketplace,Cartão
O0008902,C01378,2024-02-13,Concluído,Site,Cartão
O0008903,C01378,2024-06-02,Cancelado,Site,PIX
O0008904,C01378,2024-11-19,Concluído,App,Cartão
O0008905,C03391,2025-01-19,Concluído,Site,PIX
O0008906,C00567,2025-12-20,Concluído,App,Carteira digital
O0008907,C02329,2025-12-10,Concluído,Marketplace,Cartão
O0008908,C02329,2025-06-17,Concluído,Site,Cartão
O0008909,C02329,2025-09-15,Concluído,App,PIX
O0008910,C02329,2025-07-13,Concluído,Site,Cartão
O0008911,C02329,2025-10-19,Concluído,Site,Cartão
O0008912,C02329,2025-06-12,Concluído,Site,PIX
O0008913,C02329,2025-10-30,Concluído,App,Cartão
O0008914,C03730,2024-06-06,Concluído,App,Cartão
O0008915,C03730,2024-07-13,Concluído,App,Cartão
O0008916,C03730,2024-10-26,Concluído,Site,Carteira digital
O0008917,C03730,2024-12-19,Concluído,Site,PIX
O0008918,C03730,2024-11-29,Concluído,Marketplace,PIX
O0008919,C03734,2025-07-15,Concluído,Marketplace,PIX
O0008920,C04366,2025-06-20,Cancelado,Marketplace,Cartão
O0008921,C04015,2025-04-05,Concluído,App,Cartão
O0008922,C04015,2025-02-17,Concluído,Site,Cartão
O0008923,C04015,2024-10-28,Concluído,Site,Carteira digital
O0008924,C02799,2024-07-02,Concluído,Site,PIX
O0008925,C02799,2024-04-07,Concluído,Marketplace,PIX
O0008926,C02799,2025-04-25,Concluído,Site,PIX
O0008927,C02799,2024-07-22,Concluído,App,Cartão
O0008928,C02799,2024-08-27,Concluído,Site,Cartão
O0008929,C02370,2024-12-24,Concluído,Marketplace,Cartão
O0008930,C02370,2024-02-04,Concluído,Site,Cartão
O0008931,C02370,2024-05-31,Concluído,Site,Cartão
O0008932,C04446,2025-10-21,Devolvido,Marketplace,PIX
O0008933,C04446,2023-05-18,Concluído,Site,Cartão
O0008934,C04446,2025-06-02,Concluído,App,Carteira digital
O0008935,C04562,2024-07-16,Concluído,Site,Cartão
O0008936,C04562,2025-09-11,Concluído,Site,Carteira digital
O0008937,C00792,2025-05-29,Concluído,App,Cartão
O0008938,C00792,2024-12-11,Concluído,Site,PIX
O0008939,C03867,2024-03-30,Concluído,Site,Cartão
O0008940,C03867,2024-08-27,Concluído,App,PIX
O0008941,C04381,2024-12-15,Concluído,App,Cartão
O0008942,C02481,2025-10-14,Concluído,Site,Cartão
O0008943,C01340,2025-12-05,Concluído,Marketplace,Boleto
O0008944,C01459,2024-03-06,Concluído,Site,Cartão
O0008945,C01459,2024-05-23,Cancelado,Marketplace,Cartão
O0008946,C01459,2024-03-25,Concluído,App,Cartão
O0008947,C01459,2024-03-12,Concluído,Site,PIX
O0008948,C01459,2023-07-07,Concluído,Site,Cartão
O0008949,C01459,2025-01-15,Devolvido,Site,PIX
O0008950,C01459,2023-10-21,Concluído,App,Cartão
O0008951,C01459,2025-11-03,Concluído,Site,PIX
O0008952,C01023,2025-11-18,Concluído,App,PIX
O0008953,C01023,2025-06-03,Concluído,App,PIX
O0008954,C04936,2025-06-19,Concluído,Site,Cartão
O0008955,C04936,2025-03-29,Concluído,Marketplace,Boleto
O0008956,C01544,2025-04-05,Concluído,App,Boleto
O0008957,C02349,2025-10-07,Concluído,Site,PIX
O0008958,C02349,2024-06-04,Concluído,Site,Boleto
O0008959,C02349,2024-10-03,Concluído,App,Cartão
O0008960,C02349,2025-09-21,Concluído,App,Cartão
O0008961,C04750,2025-12-20,Concluído,Site,Carteira digital
O0008962,C04750,2024-12-11,Concluído,Site,Cartão
O0008963,C01810,2023-03-13,Concluído,App,Cartão
O0008964,C01810,2025-10-27,Concluído,Marketplace,PIX
O0008965,C00453,2025-03-04,Concluído,Site,Cartão
O0008966,C00453,2025-04-28,Concluído,Marketplace,Cartão
O0008967,C00453,2025-06-27,Concluído,Marketplace,Cartão
O0008968,C04056,2025-05-20,Concluído,App,Cartão
O0008969,C04056,2024-09-11,Concluído,Site,Cartão
O0008970,C00770,2024-11-20,Concluído,Site,PIX
O0008971,C04424,2025-10-15,Concluído,Site,PIX
O0008972,C04424,2023-05-18,Concluído,App,PIX
O0008973,C01721,2024-10-30,Concluído,Site,Cartão
O0008974,C00706,2024-12-30,Concluído,Site,Cartão
O0008975,C00706,2025-06-15,Devolvido,Marketplace,Cartão
O0008976,C03704,2024-11-16,Concluído,Site,Cartão
O0008977,C03704,2024-11-01,Concluído,App,Cartão
O0008978,C00775,2024-12-06,Concluído,Marketplace,PIX
O0008979,C00775,2025-10-02,Concluído,Marketplace,Cartão
O0008980,C00775,2025-11-18,Concluído,App,Cartão
O0008981,C03861,2024-09-18,Concluído,App,Cartão
O0008982,C03861,2024-12-28,Concluído,App,Cartão
O0008983,C03861,2024-03-06,Concluído,App,PIX
O0008984,C04765,2025-10-05,Concluído,Site,Boleto
O0008985,C04765,2025-07-10,Concluído,Site,Carteira digital
O0008986,C00782,2024-05-30,Concluído,Site,Cartão
O0008987,C00782,2024-11-09,Concluído,Marketplace,Cartão
O0008988,C00782,2025-02-10,Concluído,Site,PIX
O0008989,C00782,2023-03-20,Concluído,App,PIX
O0008990,C01856,2025-06-24,Concluído,Site,Cartão
O0008991,C04717,2023-12-13,Concluído,Site,Carteira digital
O0008992,C04717,2023-03-23,Concluído,Marketplace,Cartão
O0008993,C04717,2024-05-06,Concluído,Site,Cartão
O0008994,C03567,2023-02-19,Concluído,App,Carteira digital
O0008995,C00659,2025-10-16,Concluído,Site,Cartão
O0008996,C03747,2025-08-29,Concluído,Site,Cartão
O0008997,C03747,2025-12-18,Concluído,App,Carteira digital
O0008998,C03747,2024-07-26,Concluído,Site,Cartão
O0008999,C03747,2025-09-05,Concluído,Site,PIX
O0009000,C02705,2025-09-22,Concluído,Site,Carteira digital
O0009001,C03343,2025-09-22,Concluído,App,Cartão
O0009002,C03343,2025-12-15,Concluído,Site,PIX
O0009003,C00907,2025-12-27,Concluído,App,Cartão
O0009004,C02996,2024-04-12,Concluído,App,PIX
O0009005,C02119,2025-11-17,Concluído,Site,Cartão
O0009006,C02119,2025-10-18,Concluído,Site,Carteira digital
O0009007,C02119,2025-10-02,Concluído,Marketplace,Cartão
O0009008,C02119,2025-12-20,Concluído,App,Cartão
O0009009,C00873,2025-12-03,Concluído,Site,Cartão
O0009010,C00873,2025-12-19,Concluído,App,PIX
O0009011,C00873,2025-11-24,Concluído,App,PIX
O0009012,C00873,2025-11-23,Concluído,Site,Cartão
O0009013,C00873,2025-12-17,Concluído,App,Cartão
O0009014,C00873,2025-11-26,Concluído,App,Carteira digital
O0009015,C00873,2025-12-09,Concluído,Marketplace,Cartão
O0009016,C01060,2023-11-06,Concluído,Site,Carteira digital
O0009017,C01060,2025-10-17,Concluído,Site,Cartão
O0009018,C01060,2023-05-11,Concluído,Site,Cartão
O0009019,C02160,2024-11-25,Concluído,Site,Carteira digital
O0009020,C02160,2024-03-20,Concluído,App,Carteira digital
O0009021,C01824,2025-11-15,Concluído,Site,Cartão
O0009022,C03933,2025-06-24,Concluído,Site,Cartão
O0009023,C03495,2024-06-29,Concluído,Marketplace,Boleto
O0009024,C03495,2024-08-12,Concluído,Site,Cartão
O0009025,C03495,2025-06-15,Concluído,Site,PIX
O0009026,C03495,2024-11-17,Concluído,Marketplace,Boleto
O0009027,C01131,2025-05-18,Concluído,Site,Cartão
O0009028,C01131,2025-09-15,Concluído,App,Cartão
O0009029,C01351,2025-05-05,Concluído,Site,PIX
O0009030,C01351,2025-08-17,Concluído,Marketplace,PIX
O0009031,C01351,2025-06-12,Concluído,Marketplace,PIX
O0009032,C01351,2025-01-03,Concluído,Site,Cartão
O0009033,C03276,2023-12-22,Concluído,App,PIX
O0009034,C03276,2024-03-01,Concluído,Site,PIX
O0009035,C03276,2025-08-30,Concluído,App,Cartão
O0009036,C03276,2025-08-31,Concluído,Site,PIX
O0009037,C04740,2024-07-15,Concluído,Marketplace,Boleto
O0009038,C03297,2025-10-22,Concluído,Site,Boleto
O0009039,C03297,2025-09-06,Concluído,Site,Carteira digital
O0009040,C03714,2025-12-09,Concluído,App,Cartão
O0009041,C03714,2025-12-29,Concluído,App,PIX
O0009042,C03824,2025-10-08,Concluído,App,Carteira digital
O0009043,C03671,2025-02-17,Concluído,App,PIX
O0009044,C00290,2025-01-09,Concluído,Site,PIX
O0009045,C03615,2025-11-28,Concluído,App,Cartão
O0009046,C03615,2025-11-12,Concluído,App,Cartão
O0009047,C03615,2025-11-14,Concluído,Site,Cartão
O0009048,C00136,2023-11-30,Concluído,App,PIX
O0009049,C03258,2024-05-28,Concluído,Site,PIX
O0009050,C03258,2024-11-11,Concluído,App,PIX
O0009051,C03899,2025-12-24,Concluído,Site,PIX
O0009052,C03899,2025-11-27,Concluído,Site,Cartão
O0009053,C01181,2025-04-09,Devolvido,Site,Cartão
O0009054,C01181,2025-05-18,Concluído,Site,PIX
O0009055,C01181,2024-09-03,Concluído,App,PIX
O0009056,C03345,2025-10-22,Concluído,Marketplace,Cartão
O0009057,C03345,2023-07-01,Concluído,Site,Cartão
O0009058,C03345,2024-03-27,Concluído,App,Cartão
O0009059,C03843,2024-09-16,Concluído,Site,PIX
O0009060,C04877,2024-03-23,Concluído,Marketplace,Boleto
O0009061,C01896,2025-06-26,Concluído,Site,Cartão
O0009062,C01896,2025-12-12,Concluído,Site,Cartão
O0009063,C01896,2025-11-10,Concluído,Site,Cartão
O0009064,C01896,2025-11-10,Concluído,Site,PIX
O0009065,C01896,2025-09-10,Concluído,App,Carteira digital
O0009066,C01896,2025-07-13,Concluído,Site,Cartão
O0009067,C01896,2025-09-04,Concluído,App,Cartão
O0009068,C01896,2025-07-26,Concluído,Site,Cartão
O0009069,C01896,2025-11-11,Concluído,App,Cartão
O0009070,C01896,2025-07-11,Concluído,Site,Cartão
O0009071,C01896,2025-10-18,Concluído,App,Cartão
O0009072,C01896,2025-08-10,Concluído,Site,Cartão
O0009073,C01896,2025-07-03,Concluído,Site,PIX
O0009074,C01896,2025-08-18,Concluído,App,Cartão
O0009075,C01896,2025-12-04,Devolvido,Site,PIX
O0009076,C01896,2025-05-09,Cancelado,Site,PIX
O0009077,C01896,2025-11-20,Concluído,Site,Cartão
O0009078,C04691,2024-02-13,Concluído,Site,PIX
O0009079,C04691,2024-09-16,Concluído,Site,Cartão
O0009080,C04691,2024-02-19,Concluído,Site,PIX
O0009081,C04691,2023-11-24,Concluído,Site,Cartão
O0009082,C04691,2024-05-05,Concluído,App,Cartão
O0009083,C04691,2023-03-08,Concluído,Marketplace,Cartão
O0009084,C01055,2025-02-06,Concluído,Marketplace,Cartão
O0009085,C01055,2024-12-16,Concluído,Site,PIX
O0009086,C01055,2025-05-02,Concluído,Site,Cartão
O0009087,C01055,2024-12-09,Concluído,App,PIX
O0009088,C01055,2025-03-24,Concluído,App,Cartão
O0009089,C01055,2025-03-19,Concluído,App,PIX
O0009090,C01055,2024-10-10,Concluído,App,Cartão
O0009091,C01055,2025-06-28,Concluído,Site,PIX
O0009092,C01055,2025-01-24,Concluído,Marketplace,PIX
O0009093,C01055,2024-11-12,Concluído,Site,Boleto
O0009094,C01055,2024-11-19,Concluído,App,Cartão
O0009095,C01055,2024-11-09,Concluído,App,Carteira digital
O0009096,C01055,2025-05-28,Concluído,App,Cartão
O0009097,C01055,2025-02-28,Cancelado,Marketplace,PIX
O0009098,C01055,2025-03-13,Concluído,App,Cartão
O0009099,C03587,2025-08-27,Concluído,Site,Cartão
O0009100,C03217,2025-04-10,Concluído,Marketplace,Cartão
O0009101,C03217,2024-04-22,Concluído,Site,PIX
O0009102,C03217,2024-03-09,Concluído,App,Cartão
O0009103,C01553,2025-11-27,Concluído,Site,PIX
O0009104,C01553,2025-11-11,Concluído,App,Cartão
O0009105,C01553,2025-12-20,Concluído,Site,PIX
O0009106,C01553,2025-12-02,Concluído,Marketplace,Cartão
O0009107,C01553,2025-11-20,Devolvido,App,Carteira digital
O0009108,C01553,2025-11-28,Concluído,Site,PIX
O0009109,C01553,2025-11-17,Concluído,Site,Cartão
O0009110,C01553,2025-12-26,Concluído,Site,PIX
O0009111,C01553,2025-11-24,Concluído,App,Cartão
O0009112,C01553,2025-12-15,Cancelado,App,Cartão
O0009113,C01553,2025-12-27,Concluído,App,Cartão
O0009114,C01553,2025-11-10,Concluído,Site,Cartão
O0009115,C01553,2025-11-13,Concluído,Marketplace,Cartão
O0009116,C01553,2025-11-10,Concluído,Site,Carteira digital
O0009117,C01553,2025-12-18,Concluído,Site,PIX
O0009118,C00580,2025-04-11,Concluído,Marketplace,Cartão
O0009119,C00580,2025-04-12,Cancelado,App,PIX
O0009120,C00580,2025-04-30,Concluído,Site,Cartão
O0009121,C00580,2025-11-01,Concluído,App,Carteira digital
O0009122,C00580,2025-10-26,Concluído,App,Cartão
O0009123,C03877,2025-05-03,Concluído,Site,Carteira digital
O0009124,C03002,2025-11-01,Concluído,Site,Cartão
O0009125,C03002,2025-01-07,Concluído,Site,PIX
O0009126,C03002,2025-08-27,Concluído,Site,Cartão
O0009127,C04385,2025-05-06,Concluído,Site,Cartão
O0009128,C04385,2025-06-30,Concluído,App,Boleto
O0009129,C04385,2025-05-18,Concluído,App,Cartão
O0009130,C01500,2025-07-17,Concluído,Site,Cartão
O0009131,C01500,2025-01-01,Concluído,App,Cartão
O0009132,C00376,2025-03-02,Concluído,Site,Cartão
O0009133,C00376,2025-02-25,Concluído,Site,PIX
O0009134,C01936,2025-03-02,Concluído,Site,PIX
O0009135,C01936,2024-12-04,Concluído,Site,PIX
O0009136,C01169,2025-03-13,Concluído,Marketplace,Cartão
O0009137,C00973,2025-11-15,Concluído,Site,PIX
O0009138,C00973,2025-11-25,Concluído,Site,PIX
O0009139,C00973,2025-10-03,Concluído,Marketplace,Cartão
O0009140,C00973,2025-12-26,Concluído,Site,PIX
O0009141,C00973,2025-03-13,Concluído,Site,PIX
O0009142,C00975,2025-12-14,Concluído,Site,Cartão
O0009143,C04114,2025-05-01,Concluído,Marketplace,PIX
O0009144,C04114,2023-06-02,Devolvido,App,PIX
O0009145,C01715,2025-04-03,Concluído,Site,Cartão
O0009146,C01715,2025-10-04,Concluído,Site,Boleto
O0009147,C01715,2025-10-12,Concluído,App,PIX
O0009148,C03434,2025-09-07,Concluído,Site,Carteira digital
O0009149,C03204,2025-06-14,Concluído,Site,Boleto
O0009150,C03204,2025-09-02,Concluído,App,PIX
O0009151,C03204,2025-03-27,Concluído,Marketplace,PIX
O0009152,C03204,2025-11-02,Concluído,App,PIX
O0009153,C03204,2025-12-24,Concluído,Site,Cartão
O0009154,C03204,2025-09-07,Concluído,Site,Boleto
O0009155,C00949,2025-05-19,Concluído,App,Cartão
O0009156,C00949,2024-09-17,Concluído,Site,Cartão
O0009157,C00949,2023-05-08,Concluído,Site,Cartão
O0009158,C01845,2025-06-20,Concluído,Site,Cartão
O0009159,C01547,2023-08-17,Concluído,Marketplace,PIX
O0009160,C02708,2025-01-07,Concluído,App,PIX
O0009161,C02708,2025-07-14,Concluído,Marketplace,PIX
O0009162,C02708,2025-05-05,Concluído,Site,Carteira digital
O0009163,C02139,2025-11-18,Concluído,Marketplace,PIX
O0009164,C02139,2025-06-16,Concluído,Marketplace,Cartão
O0009165,C02139,2025-07-27,Concluído,App,Cartão
O0009166,C00817,2025-05-15,Concluído,App,Cartão
O0009167,C00817,2025-07-07,Concluído,Site,PIX
O0009168,C03324,2024-04-19,Concluído,Site,Cartão
O0009169,C03324,2024-11-20,Concluído,Site,Cartão
O0009170,C00397,2025-12-05,Concluído,App,Cartão
O0009171,C00397,2025-09-20,Concluído,App,Boleto
O0009172,C00397,2025-10-09,Concluído,Site,Carteira digital
O0009173,C00397,2025-11-25,Concluído,Site,Cartão
O0009174,C00397,2025-10-05,Concluído,Site,Carteira digital
O0009175,C00397,2025-12-02,Concluído,App,Carteira digital
O0009176,C00397,2025-08-30,Concluído,Site,Carteira digital
O0009177,C00397,2025-10-28,Concluído,Site,Cartão
O0009178,C00397,2025-10-24,Devolvido,App,PIX
O0009179,C00397,2025-09-24,Concluído,App,Cartão
O0009180,C00397,2025-09-12,Concluído,Marketplace,Cartão
O0009181,C00397,2025-09-14,Concluído,Site,Cartão
O0009182,C00397,2025-10-28,Concluído,Site,Cartão
O0009183,C00397,2025-11-30,Concluído,Site,Carteira digital
O0009184,C04749,2025-03-19,Concluído,Site,PIX
O0009185,C04749,2024-09-20,Concluído,Site,Cartão
O0009186,C04749,2023-10-03,Concluído,Site,Cartão
O0009187,C00171,2025-09-09,Concluído,Site,Cartão
O0009188,C00171,2025-03-17,Concluído,Site,Cartão
O0009189,C02474,2025-01-08,Concluído,App,Cartão
O0009190,C02474,2025-06-23,Concluído,App,PIX
O0009191,C02474,2025-01-11,Concluído,Site,Cartão
O0009192,C01539,2023-09-29,Concluído,Site,Cartão
O0009193,C01539,2024-07-05,Concluído,Site,Boleto
O0009194,C01539,2024-04-08,Concluído,Marketplace,PIX
O0009195,C01539,2024-11-13,Concluído,Site,PIX
O0009196,C01539,2023-10-04,Concluído,Site,PIX
O0009197,C00773,2025-07-07,Concluído,App,Boleto
O0009198,C03701,2025-03-01,Concluído,Marketplace,Cartão
O0009199,C01859,2025-06-29,Concluído,Site,Boleto
O0009200,C01859,2023-09-29,Concluído,Marketplace,Carteira digital
O0009201,C01859,2023-09-05,Concluído,Site,Cartão
O0009202,C01859,2025-03-10,Concluído,App,Cartão
O0009203,C01859,2024-07-16,Concluído,Site,Cartão
O0009204,C01859,2023-08-03,Concluído,App,Boleto
O0009205,C01859,2024-04-04,Concluído,Marketplace,Cartão
O0009206,C04854,2024-09-24,Devolvido,Site,PIX
O0009207,C04551,2023-07-26,Concluído,Site,Cartão
O0009208,C04298,2024-06-30,Concluído,Site,PIX
O0009209,C04084,2025-07-02,Concluído,App,Cartão
O0009210,C00475,2023-04-19,Concluído,App,Boleto
O0009211,C01324,2025-08-19,Concluído,Site,PIX
O0009212,C01324,2025-02-28,Devolvido,Site,Cartão
O0009213,C00833,2025-12-01,Concluído,App,PIX
O0009214,C02096,2025-05-03,Concluído,Site,PIX
O0009215,C02096,2024-01-10,Concluído,Site,PIX
O0009216,C04542,2024-09-23,Concluído,App,Cartão
O0009217,C04542,2024-08-15,Concluído,Site,PIX
O0009218,C02247,2024-06-08,Concluído,App,PIX
O0009219,C02247,2023-09-08,Concluído,Marketplace,PIX
O0009220,C00185,2023-11-09,Concluído,Marketplace,Cartão
O0009221,C04718,2024-05-02,Concluído,App,Cartão
O0009222,C04718,2025-07-17,Concluído,Marketplace,Cartão
O0009223,C02537,2024-02-11,Concluído,Site,Cartão
O0009224,C02537,2025-04-06,Concluído,App,PIX
O0009225,C02537,2024-02-03,Concluído,App,PIX
O0009226,C02537,2025-08-01,Concluído,Marketplace,Carteira digital
O0009227,C01758,2025-04-23,Concluído,App,PIX
O0009228,C01758,2025-04-30,Concluído,Site,Cartão
O0009229,C01758,2025-05-31,Concluído,Site,Cartão
O0009230,C01758,2025-12-23,Concluído,Site,Cartão
O0009231,C01758,2025-09-29,Concluído,Site,Boleto
O0009232,C01758,2025-06-25,Concluído,Site,PIX
O0009233,C01758,2025-03-01,Concluído,Site,Cartão
O0009234,C01758,2025-04-09,Concluído,Marketplace,Cartão
O0009235,C01758,2024-12-31,Concluído,Site,Cartão
O0009236,C01758,2025-01-09,Concluído,App,PIX
O0009237,C01758,2025-09-14,Concluído,Site,Cartão
O0009238,C01758,2025-09-30,Concluído,App,PIX
O0009239,C04448,2025-01-22,Devolvido,Site,PIX
O0009240,C00899,2023-01-10,Concluído,Marketplace,Cartão
O0009241,C03898,2025-09-01,Concluído,Site,Cartão
O0009242,C04205,2025-12-22,Concluído,Site,PIX
O0009243,C04205,2025-10-05,Concluído,Marketplace,Boleto
O0009244,C04255,2025-06-10,Concluído,Site,Cartão
O0009245,C01470,2025-01-14,Concluído,Site,Boleto
O0009246,C01470,2025-01-22,Concluído,Marketplace,Boleto
O0009247,C01470,2024-12-24,Concluído,App,PIX
O0009248,C01487,2025-06-03,Concluído,Marketplace,PIX
O0009249,C01487,2024-10-15,Concluído,Site,Cartão
O0009250,C01629,2024-05-14,Concluído,App,Cartão
O0009251,C01629,2025-01-03,Concluído,Marketplace,PIX
O0009252,C00322,2025-11-11,Concluído,Site,Carteira digital
O0009253,C00322,2025-10-01,Concluído,Site,PIX
O0009254,C00322,2025-10-05,Concluído,Site,PIX
O0009255,C00322,2025-09-29,Concluído,Marketplace,Cartão
O0009256,C00322,2025-10-18,Concluído,Site,Cartão
O0009257,C00322,2025-12-17,Concluído,Marketplace,PIX
O0009258,C00322,2025-09-27,Concluído,Site,Cartão
O0009259,C00322,2025-11-15,Concluído,Site,PIX
O0009260,C00322,2025-11-17,Concluído,App,Cartão
O0009261,C01501,2024-11-25,Concluído,Site,Carteira digital
O0009262,C01501,2024-12-26,Concluído,App,Cartão
O0009263,C01501,2024-04-21,Concluído,Marketplace,Cartão
O0009264,C03234,2025-03-30,Concluído,Site,Carteira digital
O0009265,C03234,2024-08-05,Concluído,Marketplace,Cartão
O0009266,C03234,2025-09-28,Concluído,Marketplace,Cartão
O0009267,C03234,2025-10-17,Concluído,Site,Cartão
O0009268,C03222,2025-09-16,Concluído,Site,Cartão
O0009269,C03222,2025-07-19,Concluído,Site,Cartão
O0009270,C03222,2025-11-16,Devolvido,App,Boleto
O0009271,C03222,2025-10-01,Concluído,Marketplace,Cartão
O0009272,C03222,2025-10-14,Concluído,App,PIX
O0009273,C03479,2025-10-24,Concluído,Site,Cartão
O0009274,C03479,2025-10-17,Concluído,App,Cartão
O0009275,C03479,2025-10-11,Concluído,Marketplace,Carteira digital
O0009276,C03479,2025-11-06,Concluído,Marketplace,PIX
O0009277,C01926,2025-10-12,Concluído,Site,Boleto
O0009278,C01926,2024-10-11,Concluído,Site,Boleto
O0009279,C03770,2024-10-13,Concluído,Marketplace,Carteira digital
O0009280,C00655,2024-05-09,Concluído,App,PIX
O0009281,C00655,2025-02-22,Concluído,App,Cartão
O0009282,C00655,2025-01-27,Concluído,Site,Carteira digital
O0009283,C00655,2024-12-29,Concluído,Site,PIX
O0009284,C00655,2024-09-17,Concluído,App,Cartão
O0009285,C00655,2024-02-12,Concluído,Site,Cartão
O0009286,C01176,2025-09-28,Concluído,App,PIX
O0009287,C00061,2024-11-01,Concluído,Site,Cartão
O0009288,C00061,2025-01-02,Concluído,Marketplace,Cartão
O0009289,C00061,2025-04-20,Concluído,Site,Cartão
O0009290,C00061,2025-03-22,Concluído,Marketplace,Cartão
O0009291,C00061,2024-05-29,Concluído,Site,Cartão
O0009292,C02077,2024-12-05,Concluído,Site,Cartão
O0009293,C02077,2024-09-01,Concluído,Site,PIX
O0009294,C02077,2024-05-05,Concluído,Site,PIX
O0009295,C02077,2025-06-26,Concluído,Marketplace,Cartão
O0009296,C00476,2025-09-22,Concluído,Marketplace,Cartão
O0009297,C00476,2025-10-15,Concluído,App,Cartão
O0009298,C00476,2025-11-09,Concluído,Site,Cartão
O0009299,C00116,2025-07-25,Concluído,App,Cartão
O0009300,C00116,2024-04-13,Devolvido,Site,PIX
O0009301,C00116,2025-02-07,Concluído,Site,Cartão
O0009302,C00116,2025-05-26,Concluído,Site,PIX
O0009303,C00116,2025-03-17,Concluído,App,PIX
O0009304,C01002,2024-08-02,Concluído,Site,Cartão
O0009305,C01002,2024-07-14,Concluído,Site,Cartão
O0009306,C01002,2025-10-13,Concluído,Site,Cartão
O0009307,C01002,2024-09-25,Concluído,Marketplace,Boleto
O0009308,C03838,2025-09-11,Concluído,App,PIX
O0009309,C02100,2024-06-29,Concluído,App,Carteira digital
O0009310,C00572,2023-01-09,Concluído,App,Cartão
O0009311,C00572,2024-02-15,Concluído,Site,Cartão
O0009312,C00594,2023-09-15,Concluído,Site,Cartão
O0009313,C03659,2025-11-25,Concluído,Marketplace,PIX
O0009314,C03659,2025-08-25,Concluído,Site,PIX
O0009315,C03659,2025-09-03,Concluído,Site,PIX
O0009316,C00289,2025-10-29,Concluído,Site,Carteira digital
O0009317,C01700,2025-01-11,Concluído,Marketplace,Cartão
O0009318,C01700,2025-07-21,Concluído,App,Carteira digital
O0009319,C03485,2025-12-28,Concluído,Site,PIX
O0009320,C03485,2025-12-29,Concluído,Marketplace,PIX
O0009321,C03485,2025-12-25,Concluído,App,Cartão
O0009322,C03485,2025-12-30,Concluído,Site,PIX
O0009323,C03840,2025-07-18,Devolvido,Marketplace,PIX
O0009324,C03840,2024-02-24,Concluído,Site,Cartão
O0009325,C03840,2025-10-25,Concluído,Marketplace,Cartão
O0009326,C03840,2024-03-20,Concluído,Site,PIX
O0009327,C04250,2025-02-26,Concluído,Marketplace,Cartão
O0009328,C01660,2025-05-17,Concluído,Site,Cartão
O0009329,C01660,2025-12-17,Concluído,App,PIX
O0009330,C01660,2025-02-24,Concluído,Site,Carteira digital
O0009331,C01660,2025-08-07,Concluído,App,PIX
O0009332,C01660,2023-08-18,Concluído,Marketplace,Cartão
O0009333,C04160,2025-12-11,Concluído,Site,PIX
O0009334,C01140,2023-06-04,Concluído,Site,PIX
O0009335,C01140,2023-08-11,Concluído,App,Cartão
O0009336,C00800,2025-02-23,Concluído,Marketplace,Cartão
O0009337,C00800,2025-11-26,Concluído,App,Boleto
O0009338,C00800,2025-03-20,Cancelado,Marketplace,Carteira digital
O0009339,C00800,2025-01-16,Concluído,App,PIX
O0009340,C00800,2025-07-03,Concluído,Marketplace,Cartão
O0009341,C00800,2025-12-29,Concluído,Site,Cartão
O0009342,C00800,2025-05-23,Concluído,Site,Cartão
O0009343,C00010,2024-07-02,Concluído,App,PIX
O0009344,C00010,2025-06-18,Concluído,Marketplace,Cartão
O0009345,C00010,2024-10-20,Concluído,Site,PIX
O0009346,C00010,2024-08-20,Concluído,Site,Cartão
O0009347,C00010,2025-05-23,Cancelado,App,Cartão
O0009348,C03137,2023-09-25,Concluído,Site,Carteira digital
O0009349,C03137,2025-03-29,Concluído,Marketplace,Boleto
O0009350,C03137,2025-05-04,Concluído,Site,Carteira digital
O0009351,C02764,2025-12-18,Concluído,App,Carteira digital
O0009352,C00563,2024-07-10,Concluído,Site,Cartão
O0009353,C00563,2023-07-15,Concluído,App,PIX
O0009354,C00563,2023-05-11,Concluído,Site,PIX
O0009355,C00563,2023-08-02,Concluído,App,Cartão
O0009356,C00563,2024-11-01,Concluído,App,PIX
O0009357,C00563,2025-06-17,Concluído,Marketplace,Carteira digital
O0009358,C00563,2024-05-27,Concluído,Site,Cartão
O0009359,C00563,2024-02-17,Concluído,Site,Cartão
O0009360,C00563,2025-01-27,Concluído,Site,Cartão
O0009361,C00563,2024-09-07,Concluído,Site,Cartão
O0009362,C00563,2023-08-30,Concluído,Site,Cartão
O0009363,C00563,2023-10-23,Cancelado,Site,PIX
O0009364,C03142,2024-03-24,Concluído,App,Carteira digital
O0009365,C04136,2025-08-09,Concluído,Site,Cartão
O0009366,C04136,2024-12-19,Concluído,App,Cartão
O0009367,C01904,2024-04-08,Concluído,Site,Cartão
O0009368,C01904,2024-11-02,Concluído,Site,Carteira digital
O0009369,C01904,2024-04-19,Concluído,App,Cartão
O0009370,C01904,2024-01-16,Concluído,Site,Cartão
O0009371,C04768,2023-10-09,Concluído,Marketplace,Cartão
O0009372,C04768,2025-11-02,Cancelado,Site,Cartão
O0009373,C01254,2025-05-06,Concluído,Site,Cartão
O0009374,C02872,2025-04-28,Concluído,App,Cartão
O0009375,C03755,2025-11-11,Concluído,Marketplace,Cartão
O0009376,C03755,2023-08-14,Cancelado,Marketplace,Carteira digital
O0009377,C03755,2025-01-07,Concluído,Site,Cartão
O0009378,C04850,2025-09-04,Concluído,App,Cartão
O0009379,C04063,2025-12-11,Concluído,Site,Cartão
O0009380,C01159,2025-09-22,Concluído,Site,Boleto
O0009381,C01159,2025-05-26,Concluído,Site,Boleto
O0009382,C01105,2025-10-02,Concluído,App,Carteira digital
O0009383,C04158,2024-07-05,Concluído,App,PIX
O0009384,C04158,2025-12-02,Concluído,App,Cartão
O0009385,C04701,2025-12-25,Concluído,Site,Cartão
O0009386,C03172,2024-02-23,Concluído,App,Cartão
O0009387,C03172,2024-12-31,Concluído,App,Carteira digital
O0009388,C03172,2024-05-08,Concluído,Marketplace,PIX
O0009389,C03172,2023-11-19,Concluído,Marketplace,Cartão
O0009390,C03172,2024-06-29,Cancelado,Site,PIX
O0009391,C00812,2025-12-21,Concluído,Site,Cartão
O0009392,C04363,2025-11-21,Concluído,Site,Cartão
O0009393,C02790,2024-11-04,Concluído,Site,Cartão
O0009394,C02790,2024-03-03,Concluído,App,PIX
O0009395,C02790,2024-02-14,Concluído,Site,Carteira digital
O0009396,C01194,2024-09-03,Concluído,App,Cartão
O0009397,C01194,2024-06-04,Concluído,App,Boleto
O0009398,C01823,2023-01-13,Concluído,Site,Cartão
O0009399,C04586,2023-06-06,Concluído,App,Cartão
O0009400,C04586,2025-07-31,Concluído,Marketplace,PIX
O0009401,C02487,2025-10-31,Concluído,App,PIX
O0009402,C02731,2025-12-13,Concluído,Site,Boleto
O0009403,C02731,2025-12-26,Concluído,Site,Cartão
O0009404,C03700,2025-01-05,Concluído,Marketplace,Carteira digital
O0009405,C01674,2025-12-14,Concluído,App,Carteira digital
O0009406,C01674,2025-10-23,Concluído,Marketplace,PIX
O0009407,C02678,2023-08-19,Concluído,App,PIX
O0009408,C02625,2025-09-29,Concluído,App,Cartão
O0009409,C02094,2025-10-16,Concluído,Site,PIX
O0009410,C00093,2025-06-24,Concluído,Site,PIX
O0009411,C00093,2025-06-22,Concluído,Marketplace,Cartão
O0009412,C00093,2025-06-29,Concluído,Site,Boleto
O0009413,C00093,2025-06-18,Concluído,Marketplace,PIX
O0009414,C00093,2025-06-22,Concluído,Marketplace,Cartão
O0009415,C02209,2025-05-07,Concluído,Marketplace,Cartão
O0009416,C02209,2023-12-29,Devolvido,App,PIX
O0009417,C01222,2025-07-09,Concluído,Site,Carteira digital
O0009418,C01222,2025-05-11,Cancelado,App,Carteira digital
O0009419,C01222,2025-11-16,Concluído,Site,Cartão
O0009420,C04754,2023-09-17,Concluído,Site,Cartão
O0009421,C04754,2023-08-11,Concluído,Site,Cartão
O0009422,C02027,2025-05-13,Concluído,Marketplace,Cartão
O0009423,C01391,2024-10-02,Concluído,App,PIX
O0009424,C01391,2024-01-30,Concluído,Site,Cartão
O0009425,C04935,2025-09-27,Concluído,Site,PIX
O0009426,C01348,2025-04-22,Concluído,App,PIX
O0009427,C01348,2024-11-05,Concluído,Marketplace,Cartão
O0009428,C01348,2025-06-12,Concluído,Site,PIX
O0009429,C03360,2025-05-26,Concluído,Marketplace,Cartão
O0009430,C03360,2025-04-06,Concluído,Site,PIX
O0009431,C03360,2025-04-10,Concluído,Site,Cartão
O0009432,C01743,2024-09-26,Concluído,Site,Boleto
O0009433,C01743,2024-09-13,Concluído,Marketplace,Cartão
O0009434,C04380,2024-10-26,Concluído,Marketplace,Carteira digital
O0009435,C04380,2025-02-12,Concluído,Site,Cartão
O0009436,C03122,2025-11-19,Concluído,Site,Carteira digital
O0009437,C03122,2025-06-08,Concluído,App,Cartão
O0009438,C03122,2025-11-08,Concluído,App,Cartão
O0009439,C01554,2025-01-10,Concluído,App,Carteira digital
O0009440,C01368,2025-06-25,Concluído,Site,Boleto
O0009441,C01368,2025-06-30,Cancelado,Site,Cartão
O0009442,C01071,2025-11-04,Cancelado,Marketplace,Carteira digital
O0009443,C01071,2025-01-13,Concluído,Site,PIX
O0009444,C01071,2025-03-17,Concluído,Marketplace,Cartão
O0009445,C02230,2024-12-04,Concluído,Site,Boleto
O0009446,C04741,2025-04-12,Concluído,App,Cartão
O0009447,C04741,2025-11-01,Concluído,App,PIX
O0009448,C04741,2025-09-25,Concluído,Site,Cartão
O0009449,C04388,2025-12-31,Concluído,App,Cartão
O0009450,C04388,2025-11-01,Concluído,Site,Cartão
O0009451,C02290,2025-09-24,Concluído,Site,Cartão
O0009452,C02290,2025-10-27,Concluído,Site,PIX
O0009453,C02290,2025-06-18,Concluído,App,Cartão
O0009454,C02290,2025-08-25,Concluído,App,Cartão
O0009455,C02290,2025-11-19,Concluído,Site,PIX
O0009456,C02290,2025-10-17,Concluído,Site,Carteira digital
O0009457,C02290,2025-08-07,Concluído,Site,Carteira digital
O0009458,C02290,2025-08-17,Concluído,Site,Cartão
O0009459,C02290,2025-11-05,Concluído,Site,Cartão
O0009460,C02290,2025-09-19,Concluído,Marketplace,Boleto
O0009461,C02290,2025-05-23,Concluído,App,Cartão
O0009462,C03363,2024-01-02,Concluído,Site,Cartão
O0009463,C03363,2023-06-05,Concluído,App,Cartão
O0009464,C03024,2025-09-10,Concluído,Marketplace,Cartão
O0009465,C04210,2025-04-13,Concluído,Site,PIX
O0009466,C04210,2023-02-09,Devolvido,Site,Cartão
O0009467,C04210,2024-11-12,Concluído,App,Cartão
O0009468,C04210,2023-11-29,Concluído,Site,PIX
O0009469,C04210,2023-03-08,Cancelado,Site,PIX
O0009470,C04210,2023-12-18,Concluído,Site,Cartão
O0009471,C04210,2025-01-17,Concluído,Site,Cartão
O0009472,C04210,2024-01-03,Concluído,App,Cartão
O0009473,C04210,2023-02-27,Concluído,Site,Cartão
O0009474,C04210,2024-05-06,Concluído,Marketplace,Cartão
O0009475,C04210,2023-05-13,Concluído,Marketplace,Boleto
O0009476,C04210,2023-11-18,Concluído,Site,Cartão
O0009477,C02338,2025-06-13,Concluído,Marketplace,Cartão
O0009478,C02338,2023-06-20,Concluído,Site,PIX
O0009479,C02338,2024-03-20,Concluído,Site,PIX
O0009480,C01592,2025-12-17,Concluído,Site,Carteira digital
O0009481,C04163,2024-01-17,Concluído,Marketplace,PIX
O0009482,C04163,2024-01-25,Concluído,Marketplace,Cartão
O0009483,C02646,2025-05-25,Concluído,Marketplace,Carteira digital
O0009484,C02646,2025-09-01,Concluído,Site,PIX
O0009485,C02646,2024-06-15,Concluído,App,PIX
O0009486,C02646,2024-11-27,Concluído,Marketplace,Cartão
O0009487,C02646,2023-12-27,Concluído,Site,Carteira digital
O0009488,C02646,2025-03-01,Concluído,Marketplace,PIX
O0009489,C04647,2025-12-05,Concluído,Site,Carteira digital
O0009490,C04647,2025-10-13,Concluído,Site,Cartão
O0009491,C04647,2025-12-04,Concluído,App,Cartão
O0009492,C01209,2024-11-17,Concluído,Site,Cartão
O0009493,C03667,2025-05-06,Concluído,Site,PIX
O0009494,C03467,2023-10-01,Concluído,Site,PIX
O0009495,C03467,2025-05-01,Concluído,App,Carteira digital
O0009496,C03467,2024-04-17,Concluído,Marketplace,Cartão
O0009497,C03467,2025-09-20,Concluído,Site,Cartão
O0009498,C03467,2025-01-03,Concluído,Site,PIX
O0009499,C03467,2023-12-06,Concluído,App,Cartão
O0009500,C03467,2025-07-03,Concluído,Marketplace,Cartão
O0009501,C03467,2024-04-04,Concluído,Site,Carteira digital
O0009502,C03467,2024-02-01,Concluído,Site,Boleto
O0009503,C03467,2024-04-01,Concluído,Site,PIX
O0009504,C03467,2024-03-10,Concluído,App,Cartão
O0009505,C03467,2025-02-14,Concluído,Site,Cartão
O0009506,C03467,2025-05-17,Concluído,Site,Cartão
O0009507,C03467,2023-04-22,Concluído,Marketplace,PIX
O0009508,C04746,2023-07-10,Concluído,Site,Carteira digital
O0009509,C00678,2025-06-23,Concluído,App,PIX
O0009510,C00678,2025-04-14,Concluído,Site,PIX
O0009511,C00678,2025-07-02,Concluído,App,Cartão
O0009512,C00678,2025-03-20,Concluído,Site,Cartão
O0009513,C00678,2025-04-29,Concluído,App,Cartão
O0009514,C00678,2025-06-12,Concluído,Site,Cartão
O0009515,C00678,2025-05-10,Concluído,Site,PIX
O0009516,C00678,2025-07-05,Concluído,App,PIX
O0009517,C00678,2025-07-06,Concluído,Site,Cartão
O0009518,C03230,2024-05-14,Concluído,App,Cartão
O0009519,C03230,2023-07-01,Concluído,Site,Boleto
O0009520,C03230,2025-09-25,Concluído,App,Boleto
O0009521,C03230,2023-09-01,Concluído,Site,Boleto
O0009522,C03230,2025-11-18,Concluído,Site,Carteira digital
O0009523,C03230,2024-02-25,Concluído,Site,Cartão
O0009524,C02513,2025-09-01,Concluído,Site,Boleto
O0009525,C02513,2025-10-19,Concluído,Site,Cartão
O0009526,C02513,2025-10-04,Concluído,Site,Cartão
O0009527,C02513,2025-07-13,Concluído,Site,Cartão
O0009528,C02513,2025-12-21,Concluído,Site,Cartão
O0009529,C02513,2025-04-19,Concluído,App,Cartão
O0009530,C03668,2025-10-28,Concluído,App,PIX
O0009531,C03888,2023-04-25,Concluído,Site,Boleto
O0009532,C03888,2023-01-06,Concluído,Site,Cartão
O0009533,C03888,2024-05-16,Concluído,Marketplace,PIX
O0009534,C03888,2023-10-19,Concluído,Site,Cartão
O0009535,C03888,2023-10-17,Concluído,Marketplace,Cartão
O0009536,C03888,2023-09-01,Concluído,Site,Cartão
O0009537,C02903,2023-11-28,Concluído,Site,Cartão
O0009538,C02903,2025-02-15,Concluído,Site,Cartão
O0009539,C02903,2025-03-09,Concluído,Marketplace,Cartão
O0009540,C02903,2023-07-08,Concluído,Site,Cartão
O0009541,C03494,2025-05-19,Concluído,Site,PIX
O0009542,C00452,2024-06-06,Concluído,Site,Carteira digital
O0009543,C00452,2023-07-15,Concluído,Site,PIX
O0009544,C00452,2025-02-14,Concluído,Site,Carteira digital
O0009545,C00452,2023-09-23,Concluído,Site,Carteira digital
O0009546,C00452,2025-08-16,Concluído,Site,Cartão
O0009547,C01137,2025-12-01,Concluído,Marketplace,Boleto
O0009548,C01137,2025-08-19,Concluído,App,Boleto
O0009549,C00680,2024-09-03,Concluído,App,PIX
O0009550,C00680,2023-08-20,Concluído,App,PIX
O0009551,C00680,2025-06-22,Concluído,Site,Cartão
O0009552,C01830,2025-04-12,Concluído,Site,Carteira digital
O0009553,C01830,2024-06-01,Concluído,App,Cartão
O0009554,C02928,2025-06-26,Concluído,Site,Cartão
O0009555,C02928,2025-05-17,Concluído,Site,Cartão
O0009556,C00592,2025-05-04,Concluído,App,Cartão
O0009557,C00592,2025-05-27,Concluído,Site,Cartão
O0009558,C02452,2025-01-08,Concluído,App,Cartão
O0009559,C00097,2025-01-31,Concluído,Site,Cartão
O0009560,C02823,2023-12-05,Concluído,App,Boleto
O0009561,C02823,2024-07-16,Concluído,App,Cartão
O0009562,C00373,2023-07-18,Concluído,Marketplace,Cartão
O0009563,C00373,2025-06-26,Concluído,Site,PIX
O0009564,C02904,2023-06-01,Concluído,App,PIX
O0009565,C01008,2025-11-26,Concluído,App,Carteira digital
O0009566,C02534,2023-11-07,Concluído,Site,PIX
O0009567,C02534,2023-12-09,Concluído,Site,PIX
O0009568,C02534,2023-10-31,Concluído,App,Carteira digital
O0009569,C02534,2024-11-21,Concluído,App,PIX
O0009570,C01851,2025-08-30,Concluído,App,PIX
O0009571,C01851,2025-10-23,Concluído,Marketplace,Cartão
O0009572,C01851,2025-10-21,Concluído,Site,PIX
O0009573,C01851,2025-08-16,Concluído,Site,Cartão
O0009574,C01851,2025-07-21,Concluído,Site,Cartão
O0009575,C01851,2025-10-22,Concluído,Marketplace,Boleto
O0009576,C01851,2025-10-28,Concluído,App,Boleto
O0009577,C01851,2025-09-14,Concluído,Marketplace,Cartão
O0009578,C01851,2025-07-23,Concluído,Site,Cartão
O0009579,C01851,2025-07-31,Concluído,Marketplace,PIX
O0009580,C01851,2025-10-02,Concluído,App,PIX
O0009581,C01851,2025-10-30,Devolvido,Marketplace,Cartão
O0009582,C01851,2025-10-13,Concluído,Marketplace,Boleto
O0009583,C04326,2025-11-10,Concluído,App,Cartão
O0009584,C04326,2025-12-31,Concluído,Marketplace,Cartão
O0009585,C04568,2025-08-19,Concluído,App,PIX
O0009586,C04568,2024-05-27,Concluído,Site,Cartão
O0009587,C04395,2025-05-14,Concluído,Site,Cartão
O0009588,C04395,2025-04-25,Concluído,App,Cartão
O0009589,C04395,2025-05-24,Concluído,App,PIX
O0009590,C04395,2025-11-08,Concluído,Marketplace,Cartão
O0009591,C01973,2025-12-29,Concluído,Site,Cartão
O0009592,C01973,2025-12-31,Concluído,Marketplace,Cartão
O0009593,C00460,2024-10-28,Concluído,App,PIX
O0009594,C01260,2025-10-23,Concluído,Site,PIX
O0009595,C01260,2024-01-23,Concluído,Marketplace,PIX
O0009596,C04761,2025-11-15,Concluído,Site,Cartão
O0009597,C04761,2025-06-22,Concluído,App,Carteira digital
O0009598,C03183,2025-04-16,Concluído,Site,Carteira digital
O0009599,C03183,2025-11-07,Concluído,Site,PIX
O0009600,C03389,2025-12-12,Concluído,Site,PIX
O0009601,C03389,2025-11-27,Concluído,Site,Carteira digital
O0009602,C03389,2025-09-17,Concluído,App,Carteira digital
O0009603,C03623,2023-07-19,Concluído,Marketplace,PIX
O0009604,C03623,2023-06-27,Concluído,App,PIX
O0009605,C02159,2025-02-09,Concluído,App,PIX
O0009606,C04465,2025-12-31,Cancelado,Marketplace,Cartão
O0009607,C04465,2025-08-25,Concluído,Site,PIX
O0009608,C04465,2025-09-16,Concluído,Marketplace,PIX
O0009609,C04465,2025-12-02,Concluído,App,Boleto
O0009610,C00017,2025-10-08,Concluído,App,Cartão
O0009611,C04475,2025-03-13,Concluído,Site,Boleto
O0009612,C03192,2023-08-10,Concluído,Site,PIX
O0009613,C03192,2025-01-25,Concluído,Site,PIX
O0009614,C03192,2024-04-07,Concluído,App,PIX
O0009615,C03192,2025-02-20,Concluído,App,Cartão
O0009616,C03192,2024-10-12,Concluído,App,Cartão
O0009617,C03725,2023-11-10,Concluído,App,Cartão
O0009618,C04423,2025-04-05,Concluído,App,PIX
O0009619,C00724,2025-06-01,Concluído,Site,Cartão
O0009620,C00724,2023-10-19,Concluído,Site,PIX
O0009621,C00724,2024-09-04,Concluído,Site,Cartão
O0009622,C00724,2025-04-30,Cancelado,App,Cartão
O0009623,C00724,2025-09-07,Concluído,App,Cartão
O0009624,C03786,2025-11-22,Concluído,App,Carteira digital
O0009625,C03786,2025-05-20,Concluído,Marketplace,PIX
O0009626,C01688,2025-06-10,Concluído,App,PIX
O0009627,C01688,2025-04-26,Concluído,App,PIX
O0009628,C03272,2025-07-02,Concluído,Marketplace,Cartão
O0009629,C01881,2025-05-03,Concluído,Site,PIX
O0009630,C00338,2024-10-09,Concluído,Site,Cartão
O0009631,C00338,2024-10-25,Concluído,Site,PIX
O0009632,C02202,2025-09-23,Concluído,Site,PIX
O0009633,C00750,2025-11-01,Concluído,Marketplace,Carteira digital
O0009634,C00750,2025-10-18,Concluído,Marketplace,Cartão
O0009635,C01000,2025-02-17,Concluído,Site,Cartão
O0009636,C01000,2025-01-15,Concluído,App,PIX
O0009637,C01000,2025-11-23,Concluído,App,Cartão
O0009638,C01000,2025-02-20,Concluído,Site,Cartão
O0009639,C00051,2024-10-14,Concluído,Site,Carteira digital
O0009640,C00051,2025-12-15,Concluído,Site,PIX
O0009641,C00051,2024-06-27,Concluído,Site,Cartão
O0009642,C00051,2025-12-08,Concluído,Site,Cartão
O0009643,C01978,2025-10-26,Concluído,Site,Cartão
O0009644,C04077,2025-05-31,Concluído,Marketplace,Carteira digital
O0009645,C04077,2025-10-21,Concluído,Site,PIX
O0009646,C01945,2025-05-20,Concluído,Marketplace,Cartão
O0009647,C01945,2025-10-28,Concluído,Site,Cartão
O0009648,C01945,2024-02-01,Concluído,App,Boleto
O0009649,C03635,2023-07-22,Concluído,Site,PIX
O0009650,C04540,2025-12-08,Concluído,App,Carteira digital
O0009651,C04540,2023-10-31,Concluído,App,Cartão
O0009652,C04540,2024-03-09,Concluído,Site,Cartão
O0009653,C04540,2024-08-29,Concluído,Site,Boleto
O0009654,C02140,2025-05-10,Concluído,Site,Cartão
O0009655,C02140,2024-10-11,Concluído,Marketplace,Cartão
O0009656,C02140,2024-11-18,Concluído,App,Carteira digital
O0009657,C02505,2025-01-24,Concluído,App,Boleto
O0009658,C03340,2025-08-14,Concluído,Marketplace,PIX
O0009659,C03340,2025-11-26,Concluído,Site,Cartão
O0009660,C03340,2025-08-04,Concluído,App,Cartão
O0009661,C03340,2025-09-24,Concluído,Site,Cartão
O0009662,C03340,2025-06-25,Concluído,Site,Cartão
O0009663,C03340,2025-11-03,Concluído,Marketplace,Boleto
O0009664,C03340,2025-08-02,Concluído,App,Carteira digital
O0009665,C03340,2025-06-09,Concluído,Site,PIX
O0009666,C01074,2025-05-24,Concluído,Site,Boleto
O0009667,C02114,2025-02-28,Concluído,Site,PIX
O0009668,C02114,2024-07-26,Concluído,Site,Carteira digital
O0009669,C01961,2025-07-19,Concluído,Marketplace,Cartão
O0009670,C02223,2025-08-06,Concluído,Marketplace,PIX
O0009671,C02223,2025-08-04,Concluído,App,Cartão
O0009672,C02223,2025-08-28,Concluído,Site,PIX
O0009673,C04612,2024-07-11,Concluído,App,Cartão
O0009674,C01618,2025-10-01,Concluído,Site,PIX
O0009675,C01618,2023-12-22,Concluído,App,Cartão
O0009676,C01618,2025-08-22,Concluído,App,Cartão
O0009677,C02932,2025-01-09,Concluído,Site,PIX
O0009678,C02932,2025-12-28,Concluído,Site,Cartão
O0009679,C04771,2025-12-17,Concluído,Site,Cartão
O0009680,C00374,2025-03-01,Concluído,Site,Carteira digital
O0009681,C00374,2025-02-23,Cancelado,App,Cartão
O0009682,C01828,2024-11-15,Concluído,Site,Carteira digital
O0009683,C00539,2024-09-27,Concluído,App,PIX
O0009684,C00539,2025-03-10,Concluído,Site,Boleto
O0009685,C04596,2025-06-28,Concluído,App,PIX
O0009686,C02980,2023-12-29,Concluído,Marketplace,Boleto
O0009687,C02980,2025-11-22,Concluído,Site,Cartão
O0009688,C02980,2023-09-23,Concluído,Site,Cartão
O0009689,C04252,2025-10-03,Concluído,Site,Cartão
O0009690,C04252,2025-05-28,Concluído,Site,PIX
O0009691,C04252,2025-02-24,Concluído,App,PIX
O0009692,C04252,2025-07-12,Concluído,Marketplace,Carteira digital
O0009693,C04817,2024-12-04,Concluído,Site,Carteira digital
O0009694,C03731,2024-04-20,Concluído,Site,Cartão
O0009695,C03731,2025-04-21,Concluído,Site,Cartão
O0009696,C03731,2025-03-23,Concluído,Site,PIX
O0009697,C01110,2025-12-05,Concluído,App,Cartão
O0009698,C01110,2025-11-07,Concluído,Site,PIX
O0009699,C01110,2025-08-31,Concluído,Site,Cartão
O0009700,C00306,2023-07-18,Concluído,App,PIX
O0009701,C03999,2025-02-12,Concluído,Site,Carteira digital
O0009702,C03999,2025-08-02,Concluído,Site,Boleto
O0009703,C03999,2025-10-08,Concluído,Marketplace,Cartão
O0009704,C03999,2025-01-09,Concluído,Site,Carteira digital
O0009705,C03999,2025-01-22,Concluído,Site,PIX
O0009706,C03999,2025-07-09,Concluído,App,Cartão
O0009707,C01868,2024-10-03,Concluído,Marketplace,PIX
O0009708,C01164,2023-12-26,Concluído,Site,PIX
O0009709,C01164,2025-02-14,Concluído,Site,Cartão
O0009710,C00044,2023-01-26,Concluído,Marketplace,PIX
O0009711,C00044,2025-01-27,Devolvido,Marketplace,Cartão
O0009712,C00044,2024-07-09,Concluído,App,PIX
O0009713,C00860,2025-02-04,Concluído,Marketplace,Boleto
O0009714,C01865,2024-04-13,Concluído,App,PIX
O0009715,C01865,2024-03-11,Concluído,App,Cartão
O0009716,C01865,2024-08-09,Concluído,Site,PIX
O0009717,C01865,2025-12-26,Concluído,App,Cartão
O0009718,C01865,2024-03-02,Concluído,App,PIX
O0009719,C01865,2025-09-27,Concluído,Site,Cartão
O0009720,C01865,2023-09-27,Concluído,App,Cartão
O0009721,C01865,2023-12-16,Concluído,App,PIX
O0009722,C02711,2025-04-11,Concluído,Marketplace,Cartão
O0009723,C02711,2025-09-06,Cancelado,Site,Cartão
O0009724,C02711,2025-08-21,Concluído,Site,Cartão
O0009725,C01440,2025-07-09,Concluído,App,Cartão
O0009726,C03752,2025-07-22,Concluído,Site,Cartão
O0009727,C03752,2025-11-21,Concluído,App,PIX
O0009728,C01211,2025-10-25,Devolvido,Site,Cartão
O0009729,C01211,2024-04-16,Concluído,Site,Cartão
O0009730,C04449,2024-02-13,Concluído,Site,Cartão
O0009731,C04449,2024-06-02,Concluído,Marketplace,Cartão
O0009732,C00898,2025-11-25,Concluído,App,PIX
O0009733,C00898,2025-10-31,Concluído,App,Carteira digital
O0009734,C00898,2025-11-27,Concluído,Site,Cartão
O0009735,C01683,2024-12-18,Concluído,Site,Cartão
O0009736,C01683,2025-10-01,Concluído,Site,PIX
O0009737,C02236,2024-07-03,Concluído,App,Cartão
O0009738,C02236,2023-04-21,Concluído,App,PIX
O0009739,C02236,2023-11-11,Cancelado,Marketplace,Cartão
O0009740,C01545,2024-10-04,Concluído,Site,PIX
O0009741,C01545,2024-10-25,Concluído,Site,Carteira digital
O0009742,C01545,2024-07-10,Concluído,App,Cartão
O0009743,C01545,2024-01-12,Concluído,Marketplace,Cartão
O0009744,C01545,2025-06-09,Concluído,Marketplace,Carteira digital
O0009745,C01545,2024-09-05,Concluído,App,Boleto
O0009746,C01545,2024-08-04,Concluído,Site,PIX
O0009747,C01545,2024-06-13,Concluído,Site,Carteira digital
O0009748,C02782,2024-02-25,Concluído,Site,PIX
O0009749,C02782,2025-08-26,Concluído,Site,PIX
O0009750,C02782,2025-04-04,Concluído,App,Cartão
O0009751,C02782,2025-05-12,Concluído,App,Carteira digital
O0009752,C02541,2025-11-27,Concluído,Site,Carteira digital
O0009753,C02541,2025-05-24,Concluído,Site,Boleto
O0009754,C01443,2023-11-13,Concluído,App,PIX
O0009755,C01443,2025-09-12,Concluído,Site,Boleto
O0009756,C04584,2024-01-09,Concluído,Site,PIX
O0009757,C00771,2025-11-10,Concluído,Site,Cartão
O0009758,C00771,2025-10-24,Concluído,Site,PIX
O0009759,C02439,2025-08-18,Concluído,Site,PIX
O0009760,C02439,2025-12-22,Concluído,App,PIX
O0009761,C02439,2024-08-14,Concluído,App,Cartão
O0009762,C02439,2023-01-17,Concluído,App,Cartão
O0009763,C02439,2023-04-05,Concluído,Marketplace,PIX
O0009764,C02439,2024-04-26,Concluído,App,PIX
O0009765,C02439,2024-04-10,Concluído,Marketplace,PIX
O0009766,C02439,2025-03-05,Concluído,Site,Boleto
O0009767,C04002,2024-01-14,Concluído,Site,PIX
O0009768,C00030,2023-03-11,Concluído,Site,Cartão
O0009769,C01014,2024-01-28,Concluído,Site,PIX
O0009770,C01014,2025-07-03,Concluído,Site,PIX
O0009771,C00434,2025-08-22,Concluído,Site,Carteira digital
O0009772,C03446,2025-02-08,Concluído,Marketplace,Cartão
O0009773,C03446,2025-05-06,Cancelado,Site,PIX
O0009774,C03446,2025-12-17,Concluído,Site,Cartão
O0009775,C00893,2023-04-07,Concluído,Site,PIX
O0009776,C00893,2023-06-23,Concluído,Site,Cartão
O0009777,C00893,2023-03-04,Concluído,App,Boleto
O0009778,C01903,2025-12-06,Concluído,Marketplace,Boleto
O0009779,C01903,2025-04-12,Concluído,Site,Cartão
O0009780,C01903,2025-10-30,Concluído,Marketplace,Cartão
O0009781,C01903,2025-03-18,Cancelado,Marketplace,Cartão
O0009782,C01903,2025-03-31,Concluído,Site,Cartão
O0009783,C01903,2025-12-10,Concluído,Marketplace,PIX
O0009784,C01903,2025-10-11,Concluído,App,Boleto
O0009785,C01903,2025-04-10,Concluído,Marketplace,Cartão
O0009786,C01903,2025-03-15,Concluído,App,Cartão
O0009787,C01903,2025-10-23,Concluído,Site,PIX
O0009788,C01903,2025-05-10,Concluído,Site,PIX
O0009789,C01903,2025-05-21,Concluído,App,Cartão
O0009790,C04034,2025-10-04,Concluído,Site,Carteira digital
O0009791,C04034,2025-11-05,Concluído,Marketplace,PIX
O0009792,C04034,2025-09-04,Concluído,Site,Cartão
O0009793,C04034,2025-12-05,Concluído,Site,PIX
O0009794,C04034,2025-11-28,Concluído,Site,PIX
O0009795,C02503,2025-06-10,Concluído,Site,PIX
O0009796,C00331,2025-05-06,Concluído,Site,PIX
O0009797,C00549,2025-10-10,Concluído,App,Cartão
O0009798,C00146,2025-06-29,Concluído,Marketplace,PIX
O0009799,C00146,2025-08-03,Concluído,Site,PIX
O0009800,C03455,2025-02-06,Concluído,Site,Cartão
O0009801,C03455,2023-09-24,Concluído,App,Cartão
O0009802,C03455,2024-03-13,Concluído,App,Cartão
O0009803,C03469,2025-09-07,Concluído,App,Cartão
O0009804,C03469,2024-08-19,Concluído,Site,PIX
O0009805,C03469,2025-11-13,Concluído,Site,Cartão
O0009806,C03811,2025-09-19,Concluído,Site,Carteira digital
O0009807,C00429,2025-05-01,Concluído,Site,PIX
O0009808,C00429,2025-05-14,Concluído,App,Boleto
O0009809,C01901,2024-02-01,Concluído,Site,PIX
O0009810,C03301,2023-12-12,Concluído,Site,Cartão
O0009811,C03301,2024-08-23,Concluído,Site,Cartão
O0009812,C01887,2024-06-14,Concluído,Site,Carteira digital
O0009813,C02002,2023-09-14,Concluído,Site,Cartão
O0009814,C02002,2024-05-15,Devolvido,Site,Cartão
O0009815,C03299,2023-08-27,Concluído,App,PIX
O0009816,C01223,2025-12-16,Concluído,Marketplace,Cartão
O0009817,C01223,2024-11-10,Concluído,Site,PIX
O0009818,C03462,2024-12-07,Concluído,Site,Boleto
O0009819,C03462,2024-10-07,Concluído,App,Cartão
O0009820,C03462,2025-11-09,Concluído,App,PIX
O0009821,C03462,2025-09-02,Concluído,Site,Cartão
O0009822,C03462,2024-10-17,Concluído,Marketplace,Carteira digital
O0009823,C03462,2024-12-31,Concluído,Site,Cartão
O0009824,C03462,2025-01-31,Concluído,App,Carteira digital
O0009825,C02610,2024-07-16,Concluído,App,Carteira digital
O0009826,C02610,2024-08-22,Concluído,Site,Carteira digital
O0009827,C03034,2025-03-10,Concluído,Site,PIX
O0009828,C03503,2023-12-19,Concluído,Site,Cartão
O0009829,C00819,2025-01-16,Concluído,Site,Cartão
O0009830,C00819,2023-04-26,Concluído,Site,PIX
O0009831,C00819,2024-04-29,Concluído,Site,Cartão
O0009832,C00819,2023-12-10,Concluído,Site,Cartão
O0009833,C00314,2023-07-30,Concluído,Site,Cartão
O0009834,C00314,2024-01-08,Concluído,Site,Cartão
O0009835,C04602,2024-10-26,Concluído,App,PIX
O0009836,C04602,2023-09-24,Concluído,Site,Cartão
O0009837,C03033,2025-01-13,Concluído,Marketplace,PIX
O0009838,C03033,2025-02-11,Concluído,Marketplace,Cartão
O0009839,C03033,2025-05-19,Concluído,Marketplace,Cartão
O0009840,C03033,2025-04-11,Concluído,Site,Boleto
O0009841,C03033,2024-07-30,Concluído,App,Cartão
O0009842,C03033,2023-11-03,Concluído,App,Cartão
O0009843,C03033,2023-03-24,Concluído,Marketplace,Carteira digital
O0009844,C03033,2024-05-25,Concluído,App,Cartão
O0009845,C02174,2025-11-06,Concluído,Site,Cartão
O0009846,C02174,2025-12-17,Concluído,Site,Cartão
O0009847,C02174,2025-12-12,Concluído,Site,Cartão
O0009848,C00608,2023-12-31,Concluído,App,PIX
O0009849,C00608,2025-06-20,Concluído,Site,Cartão
O0009850,C00608,2023-08-23,Concluído,Site,Carteira digital
O0009851,C00608,2025-04-01,Concluído,Site,Cartão
O0009852,C01416,2025-09-10,Concluído,Site,Cartão
O0009853,C01416,2023-12-06,Concluído,App,PIX
O0009854,C00847,2025-07-09,Concluído,Site,Cartão
O0009855,C00847,2024-05-24,Concluído,Marketplace,PIX
O0009856,C00847,2025-02-02,Concluído,Site,Cartão
O0009857,C00847,2025-07-10,Concluído,App,Cartão
O0009858,C04159,2024-11-14,Concluído,Site,Cartão
O0009859,C04870,2025-12-30,Concluído,Marketplace,Cartão
O0009860,C04870,2025-05-24,Concluído,Marketplace,Cartão
O0009861,C04870,2025-05-31,Concluído,App,PIX
O0009862,C04870,2025-08-16,Concluído,Site,Carteira digital
O0009863,C04870,2025-04-13,Concluído,Marketplace,Boleto
O0009864,C00719,2025-04-23,Concluído,Marketplace,Boleto
O0009865,C00719,2025-07-05,Concluído,Marketplace,Cartão
O0009866,C00287,2024-02-03,Concluído,Marketplace,Cartão
O0009867,C00287,2025-03-29,Concluído,Site,Cartão
O0009868,C00287,2024-01-30,Cancelado,Marketplace,Cartão
O0009869,C04185,2023-10-29,Concluído,Site,Carteira digital
O0009870,C04185,2024-02-16,Concluído,Site,Carteira digital
O0009871,C04185,2024-03-21,Concluído,App,Cartão
O0009872,C02496,2025-11-04,Concluído,Marketplace,PIX
O0009873,C02496,2024-10-28,Concluído,Site,Boleto
O0009874,C03735,2025-03-18,Concluído,Site,Carteira digital
O0009875,C03665,2024-07-19,Concluído,Site,PIX
O0009876,C02449,2025-01-19,Concluído,Site,PIX
O0009877,C04145,2025-08-14,Concluído,Site,Boleto
O0009878,C00204,2023-12-26,Concluído,Site,Cartão
O0009879,C00204,2024-05-03,Concluído,Site,PIX
O0009880,C02774,2024-07-19,Concluído,Marketplace,Boleto
O0009881,C00749,2025-09-25,Concluído,Marketplace,Carteira digital
O0009882,C00749,2024-12-27,Concluído,App,Carteira digital
O0009883,C00749,2025-11-24,Cancelado,App,Carteira digital
O0009884,C04731,2025-05-21,Cancelado,Site,Cartão
O0009885,C04731,2024-06-26,Concluído,Site,Cartão
O0009886,C00967,2024-02-17,Concluído,Site,PIX
O0009887,C00967,2024-02-07,Concluído,App,Cartão
O0009888,C00967,2024-03-03,Concluído,Marketplace,Cartão
O0009889,C00967,2025-08-14,Concluído,Site,Cartão
O0009890,C00967,2024-08-14,Concluído,Site,Cartão
O0009891,C00967,2025-12-01,Concluído,Marketplace,Carteira digital
O0009892,C00913,2025-06-04,Concluído,Marketplace,Cartão
O0009893,C03584,2024-01-26,Concluído,App,PIX
O0009894,C03584,2023-12-17,Concluído,App,PIX
O0009895,C03584,2025-05-21,Concluído,App,Cartão
O0009896,C03584,2024-06-20,Concluído,Marketplace,Carteira digital
O0009897,C03584,2025-01-14,Concluído,Site,Cartão
O0009898,C03584,2023-07-03,Concluído,Site,Cartão
O0009899,C04973,2025-12-08,Concluído,Site,Cartão
O0009900,C04973,2025-12-08,Concluído,Site,Cartão
O0009901,C04623,2025-07-28,Concluído,Site,Boleto
O0009902,C04623,2025-09-25,Concluído,Site,Cartão
O0009903,C01628,2025-03-27,Concluído,Site,Cartão
O0009904,C01559,2023-11-17,Concluído,Site,Carteira digital
O0009905,C01080,2025-06-05,Concluído,App,Boleto
O0009906,C01080,2025-11-25,Concluído,Site,Cartão
O0009907,C01080,2025-06-17,Concluído,App,Boleto
O0009908,C04684,2025-09-07,Concluído,App,Carteira digital
O0009909,C04684,2025-04-30,Concluído,App,Cartão
O0009910,C01019,2025-05-17,Concluído,App,Cartão
O0009911,C01019,2024-11-18,Concluído,App,Cartão
O0009912,C01019,2025-02-19,Concluído,Site,Cartão
O0009913,C03219,2024-09-05,Concluído,Marketplace,Boleto
O0009914,C03219,2024-08-22,Concluído,Site,Cartão
O0009915,C03259,2024-07-01,Concluído,Site,PIX
O0009916,C02906,2025-06-02,Concluído,App,Cartão
O0009917,C02906,2025-05-26,Concluído,Site,Carteira digital
O0009918,C01095,2025-01-20,Concluído,Marketplace,Cartão
O0009919,C01095,2023-09-04,Concluído,Site,PIX
O0009920,C01095,2024-07-04,Concluído,Site,Carteira digital
O0009921,C01095,2024-04-13,Concluído,Site,Cartão
O0009922,C01095,2025-09-22,Concluído,Site,PIX
O0009923,C01095,2025-10-09,Concluído,Site,PIX
O0009924,C01095,2023-03-27,Cancelado,Marketplace,PIX
O0009925,C01095,2025-10-27,Concluído,Site,Cartão
O0009926,C01095,2023-05-02,Concluído,App,Cartão
O0009927,C01095,2024-07-19,Concluído,Site,Cartão
O0009928,C01095,2024-10-26,Concluído,Site,PIX
O0009929,C01095,2025-07-04,Concluído,App,Cartão
O0009930,C01095,2023-02-03,Concluído,Site,Cartão
O0009931,C01095,2024-03-25,Concluído,Site,Cartão
O0009932,C01095,2023-04-03,Concluído,App,Cartão
O0009933,C01095,2023-04-10,Concluído,App,Carteira digital
O0009934,C01095,2025-09-28,Concluído,Marketplace,Cartão
O0009935,C01095,2024-09-11,Concluído,App,Cartão
O0009936,C01095,2023-04-18,Concluído,Site,Cartão
O0009937,C03943,2023-09-26,Concluído,Marketplace,Boleto
O0009938,C03943,2023-11-15,Concluído,App,Cartão
O0009939,C00454,2025-07-15,Concluído,Site,Cartão
O0009940,C00454,2025-09-18,Concluído,Site,Boleto
O0009941,C00454,2025-08-06,Concluído,Site,PIX
O0009942,C00389,2025-10-29,Concluído,App,Carteira digital
O0009943,C00389,2025-12-16,Concluído,Site,Boleto
O0009944,C00389,2025-11-05,Concluído,Marketplace,Cartão
O0009945,C00389,2025-11-13,Concluído,App,Cartão
O0009946,C00389,2025-12-13,Concluído,Site,Cartão
O0009947,C00389,2025-12-03,Concluído,Site,Cartão
O0009948,C00389,2025-12-14,Concluído,Site,Cartão
O0009949,C00971,2024-11-08,Concluído,Site,PIX
O0009950,C00971,2024-08-31,Concluído,Site,Cartão
O0009951,C03312,2025-12-28,Concluído,App,Cartão
O0009952,C04810,2025-10-25,Concluído,Marketplace,Carteira digital
O0009953,C04810,2025-01-07,Concluído,Site,PIX
O0009954,C04391,2023-09-08,Concluído,App,PIX
O0009955,C04391,2024-03-10,Concluído,Site,Cartão
O0009956,C03569,2024-11-12,Concluído,Site,Cartão
O0009957,C01100,2025-12-22,Concluído,Site,PIX
O0009958,C01100,2025-11-13,Concluído,Site,Cartão
O0009959,C01100,2025-10-29,Concluído,Site,Carteira digital
O0009960,C01100,2025-11-01,Concluído,App,Cartão
O0009961,C01100,2025-11-28,Concluído,App,Cartão
O0009962,C01100,2025-10-22,Concluído,Site,PIX
O0009963,C01100,2025-10-23,Concluído,App,Carteira digital
O0009964,C01100,2025-11-18,Concluído,Marketplace,Cartão
O0009965,C01100,2025-11-06,Concluído,Site,Boleto
O0009966,C01100,2025-12-14,Concluído,App,PIX
O0009967,C01100,2025-11-16,Concluído,Site,Boleto
O0009968,C01100,2025-11-01,Concluído,Site,Carteira digital
O0009969,C04578,2025-06-26,Concluído,App,PIX
O0009970,C04578,2024-05-06,Concluído,Marketplace,PIX
O0009971,C04578,2024-09-24,Concluído,Marketplace,Cartão
O0009972,C00875,2025-03-31,Concluído,Site,PIX
O0009973,C04834,2024-10-28,Concluído,Site,Cartão
O0009974,C04834,2024-02-28,Concluído,Site,Cartão
O0009975,C04834,2025-02-24,Concluído,Site,Cartão
O0009976,C00046,2024-03-29,Concluído,Marketplace,Cartão
O0009977,C00046,2025-02-20,Concluído,Marketplace,Cartão
O0009978,C00046,2023-11-13,Concluído,Site,Cartão
O0009979,C00631,2024-03-13,Concluído,App,PIX
O0009980,C04458,2025-07-29,Concluído,Site,PIX
O0009981,C04458,2025-12-19,Concluído,Marketplace,Cartão
O0009982,C04458,2025-08-30,Concluído,Site,PIX
O0009983,C04401,2025-07-08,Concluído,Site,PIX
O0009984,C04401,2024-09-18,Concluído,App,PIX
O0009985,C00647,2025-02-28,Concluído,Site,Cartão
O0009986,C00647,2025-01-28,Concluído,App,Cartão
O0009987,C02004,2023-09-30,Cancelado,Site,PIX
O0009988,C02004,2023-12-17,Concluído,Site,PIX
O0009989,C02699,2024-04-11,Concluído,App,Cartão
O0009990,C02699,2024-06-17,Concluído,Site,Cartão
O0009991,C02699,2024-02-14,Concluído,Site,Carteira digital
O0009992,C02699,2024-03-19,Concluído,Site,PIX
O0009993,C02699,2024-10-22,Concluído,App,Cartão
O0009994,C01550,2025-09-12,Concluído,App,Cartão
O0009995,C01550,2024-10-18,Concluído,App,Cartão
O0009996,C01550,2025-05-08,Concluído,App,Carteira digital
O0009997,C01765,2025-01-18,Concluído,Site,PIX
O0009998,C04340,2025-11-16,Concluído,Site,Cartão
O0009999,C02550,2025-08-26,Concluído,Marketplace,Cartão
O0010000,C02550,2025-04-01,Concluído,Site,PIX
O0010001,C02550,2025-08-26,Concluído,Marketplace,PIX
O0010002,C02550,2025-04-12,Concluído,Marketplace,Cartão
O0010003,C02550,2025-02-18,Concluído,Marketplace,PIX
O0010004,C02550,2025-10-01,Concluído,Site,Cartão
O0010005,C02550,2025-08-21,Concluído,App,Cartão
O0010006,C00333,2025-09-14,Concluído,Site,Cartão
O0010007,C00050,2025-06-11,Concluído,Marketplace,Cartão
O0010008,C00945,2025-07-10,Concluído,Site,Cartão
O0010009,C00945,2025-05-19,Concluído,App,Cartão
O0010010,C02757,2024-07-02,Concluído,Site,Cartão
O0010011,C02757,2025-11-09,Concluído,App,Cartão
O0010012,C00064,2025-12-22,Concluído,Marketplace,Cartão
O0010013,C00064,2025-11-08,Concluído,Site,Cartão
O0010014,C00064,2025-11-13,Concluído,Marketplace,Cartão
O0010015,C00064,2025-12-18,Concluído,Site,PIX
O0010016,C00064,2025-09-27,Concluído,Site,PIX
O0010017,C04824,2025-04-27,Concluído,Site,Cartão
O0010018,C04824,2024-10-24,Concluído,Marketplace,PIX
O0010019,C04824,2024-03-25,Concluído,Site,Cartão
O0010020,C04824,2024-09-12,Concluído,Site,PIX
O0010021,C04270,2024-02-05,Concluído,App,Carteira digital
O0010022,C04270,2025-05-21,Concluído,Site,Boleto
O0010023,C04270,2023-02-17,Concluído,App,Cartão
O0010024,C04342,2025-10-27,Concluído,Marketplace,PIX
O0010025,C04342,2025-10-22,Concluído,App,PIX
O0010026,C03197,2025-07-13,Concluído,Site,Cartão
O0010027,C03197,2025-11-20,Concluído,Site,Cartão
O0010028,C01570,2024-10-13,Concluído,App,Cartão
O0010029,C03801,2025-04-07,Concluído,Site,Boleto
O0010030,C03801,2025-06-01,Concluído,Marketplace,Carteira digital
O0010031,C03801,2025-02-08,Concluído,App,Cartão
O0010032,C03801,2025-03-06,Concluído,Site,Cartão
O0010033,C03801,2025-06-15,Concluído,Site,Cartão
O0010034,C03801,2025-04-20,Concluído,Site,Cartão
O0010035,C03801,2025-01-29,Concluído,Site,Cartão
O0010036,C03801,2025-05-26,Concluído,Site,Cartão
O0010037,C03801,2025-03-26,Concluído,Marketplace,Cartão
O0010038,C03801,2025-03-02,Concluído,Site,Cartão
O0010039,C03801,2025-01-27,Devolvido,Site,Cartão
O0010040,C03801,2025-05-11,Concluído,App,Cartão
O0010041,C03801,2025-01-14,Concluído,Site,PIX
O0010042,C00271,2025-07-31,Concluído,Site,Cartão
O0010043,C00271,2024-08-20,Concluído,Site,Cartão
O0010044,C00271,2023-05-24,Concluído,App,PIX
O0010045,C00271,2024-12-20,Concluído,Marketplace,Cartão
O0010046,C02997,2025-04-01,Concluído,Site,Cartão
O0010047,C02997,2025-03-29,Concluído,Marketplace,Cartão
O0010048,C04899,2024-10-29,Concluído,Marketplace,Carteira digital
O0010049,C00926,2025-05-20,Concluído,App,Boleto
O0010050,C00926,2025-11-24,Devolvido,App,PIX
O0010051,C00926,2025-09-13,Concluído,Site,PIX
O0010052,C00926,2025-09-28,Concluído,Site,Cartão
O0010053,C03061,2025-04-27,Concluído,Site,PIX
O0010054,C03061,2024-06-14,Concluído,Marketplace,Cartão
O0010055,C03061,2023-02-06,Devolvido,App,Carteira digital
O0010056,C03061,2024-06-22,Concluído,Site,PIX
O0010057,C02743,2024-10-06,Concluído,Site,Cartão
O0010058,C02743,2024-08-13,Concluído,Site,Boleto
O0010059,C02743,2024-08-07,Concluído,Site,Cartão
O0010060,C04305,2025-08-25,Concluído,Site,Cartão
O0010061,C04305,2025-11-15,Concluído,Site,PIX
O0010062,C04305,2025-10-29,Concluído,App,Cartão
O0010063,C04305,2025-09-25,Concluído,Marketplace,PIX
O0010064,C03187,2025-02-27,Concluído,Site,Cartão
O0010065,C03187,2025-12-20,Concluído,Site,PIX
O0010066,C03187,2024-06-24,Concluído,App,Cartão
O0010067,C03187,2024-08-05,Concluído,App,Carteira digital
O0010068,C03187,2025-07-04,Concluído,Site,PIX
O0010069,C03187,2025-08-13,Concluído,App,Carteira digital
O0010070,C00130,2024-11-03,Concluído,Site,Boleto
O0010071,C00130,2023-06-17,Concluído,Marketplace,Cartão
O0010072,C00130,2024-07-21,Concluído,Marketplace,PIX
O0010073,C00130,2025-12-25,Concluído,Site,PIX
O0010074,C02297,2025-11-04,Concluído,Site,Boleto
O0010075,C02297,2025-10-24,Devolvido,App,PIX
O0010076,C02297,2025-09-20,Concluído,App,PIX
O0010077,C04133,2025-05-30,Concluído,Site,Cartão
O0010078,C04133,2023-11-04,Concluído,App,Cartão
O0010079,C04133,2025-03-08,Concluído,Site,PIX
O0010080,C00862,2025-06-28,Concluído,App,Cartão
O0010081,C00862,2024-09-08,Concluído,App,Cartão
O0010082,C00862,2025-12-18,Concluído,Marketplace,Cartão
O0010083,C00862,2025-01-13,Concluído,Marketplace,Carteira digital
O0010084,C00862,2025-05-05,Concluído,Site,PIX
O0010085,C01707,2024-12-28,Concluído,Marketplace,PIX
O0010086,C01392,2024-05-30,Concluído,Site,Boleto
O0010087,C01392,2024-06-30,Concluído,App,Cartão
O0010088,C03971,2025-10-13,Concluído,Site,Cartão
O0010089,C03971,2025-11-25,Concluído,Site,Carteira digital
O0010090,C03971,2025-11-06,Concluído,App,PIX
O0010091,C00628,2025-12-31,Concluído,Site,Cartão
O0010092,C04532,2025-07-03,Concluído,Site,Carteira digital
O0010093,C04532,2025-02-06,Concluído,Site,Cartão
O0010094,C04532,2025-10-30,Concluído,Marketplace,Cartão
O0010095,C04532,2025-12-05,Concluído,App,PIX
O0010096,C04532,2024-12-28,Concluído,Marketplace,PIX
O0010097,C04532,2025-11-22,Concluído,App,PIX
O0010098,C04532,2025-04-25,Concluído,App,PIX
O0010099,C04532,2025-08-05,Concluído,App,Cartão
O0010100,C04532,2025-10-17,Concluído,Site,Cartão
O0010101,C04532,2025-07-12,Devolvido,App,Carteira digital
O0010102,C04532,2025-05-31,Concluído,App,PIX
O0010103,C04532,2025-02-24,Concluído,Site,Carteira digital
O0010104,C04532,2025-08-10,Concluído,Site,PIX
O0010105,C04532,2025-01-21,Concluído,Site,PIX
O0010106,C04532,2025-12-13,Concluído,Site,Cartão
O0010107,C04532,2025-01-23,Concluído,Marketplace,Cartão
O0010108,C04532,2025-05-07,Concluído,App,Boleto
O0010109,C04532,2025-04-24,Concluído,Marketplace,Carteira digital
O0010110,C03097,2025-09-17,Concluído,App,Cartão
O0010111,C03097,2025-09-04,Concluído,Marketplace,PIX
O0010112,C03097,2025-12-30,Concluído,Site,Cartão
O0010113,C01606,2024-12-18,Concluído,Site,Boleto
O0010114,C01606,2025-02-07,Concluído,Marketplace,Cartão
O0010115,C01606,2025-11-04,Concluído,App,Cartão
O0010116,C01606,2025-10-09,Concluído,Site,PIX
O0010117,C01731,2025-10-27,Concluído,App,PIX
O0010118,C01731,2025-09-13,Concluído,App,PIX
O0010119,C03571,2025-09-10,Concluído,Marketplace,Carteira digital
O0010120,C03571,2025-01-04,Concluído,Marketplace,PIX
O0010121,C03571,2024-01-22,Concluído,Site,Carteira digital
O0010122,C03571,2025-03-18,Concluído,App,PIX
O0010123,C03415,2025-03-17,Concluído,Site,Cartão
O0010124,C00722,2025-08-04,Concluído,App,Cartão
O0010125,C00722,2025-11-09,Concluído,App,Cartão
O0010126,C00722,2025-11-19,Concluído,Marketplace,Cartão
O0010127,C00722,2025-08-14,Concluído,Site,PIX
O0010128,C00722,2025-12-31,Concluído,Marketplace,Cartão
O0010129,C03950,2025-04-08,Concluído,Marketplace,Cartão
O0010130,C04795,2025-12-02,Concluído,App,Cartão
O0010131,C01892,2024-11-02,Concluído,Site,Carteira digital
O0010132,C01892,2024-06-23,Concluído,Site,Cartão
O0010133,C01892,2024-11-19,Concluído,App,PIX
O0010134,C01892,2024-12-31,Concluído,Marketplace,Boleto
O0010135,C01892,2024-06-07,Concluído,App,Cartão
O0010136,C01892,2025-04-24,Concluído,App,Carteira digital
O0010137,C01892,2024-06-12,Concluído,Marketplace,Boleto
O0010138,C01892,2025-01-29,Concluído,Site,Carteira digital
O0010139,C01892,2024-10-23,Concluído,Site,Cartão
O0010140,C01437,2025-12-13,Concluído,App,Cartão
O0010141,C02667,2025-04-09,Concluído,App,Cartão
O0010142,C02667,2025-01-29,Concluído,Site,PIX
O0010143,C02667,2023-09-11,Concluído,Marketplace,Cartão
O0010144,C02667,2024-10-09,Concluído,App,Cartão
O0010145,C02667,2025-01-17,Concluído,Site,Carteira digital
O0010146,C02667,2025-12-02,Concluído,Site,Cartão
O0010147,C02667,2024-03-31,Concluído,Site,PIX
O0010148,C02667,2024-03-26,Concluído,Site,Cartão
O0010149,C02667,2025-07-11,Concluído,Site,Cartão
O0010150,C02667,2025-03-25,Concluído,App,Cartão
O0010151,C02667,2023-09-28,Concluído,App,PIX
O0010152,C01264,2025-02-11,Concluído,Site,Carteira digital
O0010153,C01264,2024-07-29,Concluído,Site,PIX
O0010154,C01264,2024-05-09,Concluído,Site,Boleto
O0010155,C01264,2025-02-25,Concluído,App,Carteira digital
O0010156,C01264,2024-09-14,Concluído,App,PIX
O0010157,C03326,2025-09-30,Concluído,Site,Cartão
O0010158,C04624,2024-09-04,Concluído,Site,Boleto
O0010159,C04624,2025-04-23,Concluído,Site,Cartão
O0010160,C04624,2024-08-30,Concluído,Site,Cartão
O0010161,C00081,2024-10-31,Concluído,Marketplace,Cartão
O0010162,C01152,2025-12-07,Concluído,App,PIX
O0010163,C01152,2025-12-16,Concluído,App,PIX
O0010164,C01152,2025-12-08,Concluído,Marketplace,Cartão
O0010165,C01152,2025-10-14,Concluído,Site,Cartão
O0010166,C00369,2025-09-28,Concluído,Site,Boleto
O0010167,C00369,2023-07-01,Concluído,App,Cartão
O0010168,C00369,2025-12-28,Concluído,Site,PIX
O0010169,C00369,2024-12-25,Concluído,App,PIX
O0010170,C00369,2025-02-06,Concluído,Site,PIX
O0010171,C00369,2025-08-11,Concluído,Marketplace,Carteira digital
O0010172,C00369,2024-07-13,Concluído,Site,Cartão
O0010173,C00369,2025-01-23,Concluído,App,Cartão
O0010174,C00369,2025-09-08,Concluído,Site,PIX
O0010175,C00369,2025-08-29,Concluído,Site,Carteira digital
O0010176,C00369,2025-08-01,Concluído,Marketplace,Cartão
O0010177,C00369,2025-07-31,Concluído,App,Cartão
O0010178,C00369,2024-01-21,Concluído,Site,Cartão
O0010179,C02855,2023-12-02,Concluído,Site,PIX
O0010180,C02855,2024-12-02,Concluído,Site,Cartão
O0010181,C02949,2025-03-13,Concluído,Site,Cartão
O0010182,C02949,2023-01-01,Concluído,App,Cartão
O0010183,C02949,2023-06-09,Concluído,App,PIX
O0010184,C02949,2025-10-25,Concluído,App,Boleto
O0010185,C02949,2025-08-08,Concluído,App,Cartão
O0010186,C01811,2024-12-21,Concluído,Site,PIX
O0010187,C01097,2025-01-01,Concluído,Site,Cartão
O0010188,C00998,2023-12-31,Concluído,Site,Cartão
O0010189,C00998,2025-01-16,Concluído,Site,Cartão
O0010190,C00969,2024-10-12,Concluído,Marketplace,PIX
O0010191,C02287,2025-04-04,Concluído,Site,PIX
O0010192,C02287,2025-06-24,Concluído,Marketplace,Cartão
O0010193,C00388,2024-09-17,Concluído,Marketplace,PIX
O0010194,C00388,2023-12-27,Concluído,App,PIX
O0010195,C00388,2024-07-05,Concluído,App,Carteira digital
O0010196,C00388,2024-03-21,Concluído,Site,Cartão
O0010197,C04347,2025-07-25,Concluído,App,Cartão
O0010198,C04347,2025-07-22,Concluído,Site,Cartão
O0010199,C03572,2023-02-16,Concluído,Site,Boleto
O0010200,C03572,2023-07-20,Concluído,Site,Cartão
O0010201,C03572,2024-03-17,Concluído,Site,Cartão
O0010202,C03572,2023-08-09,Concluído,Site,Carteira digital
O0010203,C00795,2024-04-18,Concluído,Site,Cartão
O0010204,C00795,2024-08-16,Concluído,App,Carteira digital
O0010205,C00795,2024-07-21,Concluído,Site,PIX
O0010206,C00795,2025-03-27,Concluído,Marketplace,Cartão
O0010207,C01064,2024-09-07,Cancelado,Site,PIX
O0010208,C01064,2024-05-30,Concluído,Site,Cartão
O0010209,C03952,2025-02-11,Concluído,Site,PIX
O0010210,C02341,2025-11-29,Cancelado,Site,Cartão
O0010211,C02341,2025-01-30,Concluído,Marketplace,Cartão
O0010212,C04375,2024-12-22,Concluído,Site,PIX
O0010213,C04375,2024-02-29,Concluído,Site,Cartão
O0010214,C04375,2025-03-22,Concluído,App,Carteira digital
O0010215,C04157,2025-08-17,Concluído,App,Cartão
O0010216,C04157,2025-06-29,Concluído,Site,Cartão
O0010217,C04157,2025-05-21,Concluído,Site,PIX
O0010218,C04157,2024-12-27,Concluído,App,Cartão
O0010219,C02909,2025-11-13,Concluído,Site,Cartão
O0010220,C03813,2025-08-25,Concluído,App,Cartão
O0010221,C03813,2025-09-12,Concluído,Marketplace,PIX
O0010222,C03813,2025-06-21,Concluído,Site,Cartão
O0010223,C03813,2025-05-14,Concluído,Marketplace,PIX
O0010224,C02288,2024-03-18,Cancelado,Marketplace,Cartão
O0010225,C00996,2024-07-02,Concluído,Site,PIX
O0010226,C00996,2025-01-02,Concluído,Site,Cartão
O0010227,C00264,2025-10-10,Concluído,Site,Cartão
O0010228,C03719,2025-03-01,Concluído,Site,Cartão
O0010229,C03719,2025-01-07,Concluído,App,Cartão
O0010230,C00457,2024-10-07,Concluído,Site,PIX
O0010231,C00457,2025-11-23,Concluído,App,Cartão
O0010232,C04355,2024-04-22,Concluído,Marketplace,Cartão
O0010233,C02373,2025-09-21,Concluído,Site,PIX
O0010234,C00361,2025-12-01,Concluído,Site,Cartão
O0010235,C00361,2025-07-10,Concluído,Site,PIX
O0010236,C00361,2025-10-15,Concluído,Marketplace,Cartão
O0010237,C00015,2025-05-28,Concluído,App,Carteira digital
O0010238,C03508,2024-04-10,Concluído,Site,PIX
O0010239,C01934,2024-08-23,Concluído,App,Carteira digital
O0010240,C01313,2025-02-08,Concluído,Site,Cartão
O0010241,C01313,2025-04-04,Concluído,Site,Carteira digital
O0010242,C00630,2025-06-06,Concluído,App,PIX
O0010243,C00630,2023-11-27,Concluído,App,Cartão
O0010244,C00630,2024-06-04,Concluído,App,PIX
O0010245,C00630,2025-11-20,Concluído,Site,PIX
O0010246,C00630,2025-06-25,Concluído,Site,PIX
O0010247,C00630,2024-05-05,Concluído,Site,Carteira digital
O0010248,C00630,2024-10-23,Concluído,Marketplace,Cartão
O0010249,C00630,2023-04-24,Concluído,App,PIX
O0010250,C00630,2025-11-18,Concluído,Site,PIX
O0010251,C00630,2023-08-12,Concluído,Site,Carteira digital
O0010252,C00630,2024-12-30,Concluído,Marketplace,Cartão
O0010253,C00630,2025-03-10,Concluído,Marketplace,Carteira digital
O0010254,C00630,2024-01-26,Concluído,App,PIX
O0010255,C00630,2025-04-26,Concluído,App,Cartão
O0010256,C00630,2024-09-12,Concluído,Marketplace,Cartão
O0010257,C02354,2024-04-04,Concluído,App,Boleto
O0010258,C01699,2023-02-01,Concluído,App,Cartão
O0010259,C04432,2023-11-21,Concluído,Site,Cartão
O0010260,C04432,2023-09-26,Concluído,Site,Cartão
O0010261,C02691,2024-10-27,Concluído,App,PIX
O0010262,C02691,2025-04-15,Concluído,Site,Cartão
O0010263,C03922,2025-11-30,Concluído,Marketplace,Boleto
O0010264,C03922,2025-11-21,Concluído,Marketplace,Boleto
O0010265,C03922,2025-12-25,Concluído,Marketplace,Cartão
O0010266,C02725,2025-12-10,Devolvido,App,Boleto
O0010267,C03436,2024-09-21,Concluído,Site,PIX
O0010268,C03436,2025-10-01,Concluído,Site,Cartão
O0010269,C03436,2025-11-16,Concluído,Site,Cartão
O0010270,C01047,2025-08-16,Concluído,Site,Cartão
O0010271,C02026,2025-08-15,Concluído,App,PIX
O0010272,C02026,2024-10-19,Concluído,App,Boleto
O0010273,C04639,2025-06-25,Concluído,Site,Boleto
O0010274,C04639,2025-05-07,Concluído,App,Cartão
O0010275,C01357,2025-12-20,Concluído,App,PIX
O0010276,C01357,2025-12-30,Concluído,App,Cartão
O0010277,C01357,2025-12-20,Concluído,App,Cartão
O0010278,C01357,2025-12-18,Concluído,App,PIX
O0010279,C03333,2025-12-27,Concluído,Site,PIX
O0010280,C03333,2025-12-15,Concluído,App,Cartão
O0010281,C03333,2025-12-17,Concluído,Site,PIX
O0010282,C03333,2025-12-30,Concluído,Site,Carteira digital
O0010283,C00164,2024-06-25,Concluído,Site,Carteira digital
O0010284,C00164,2023-12-20,Concluído,Site,Cartão
O0010285,C00164,2025-09-22,Cancelado,App,Carteira digital
O0010286,C00164,2023-11-25,Concluído,Site,Cartão
O0010287,C00164,2025-07-22,Concluído,Site,Cartão
O0010288,C00164,2023-06-01,Concluído,Site,Boleto
O0010289,C04170,2025-09-05,Concluído,Marketplace,Cartão
O0010290,C03953,2023-07-14,Concluído,Site,Cartão
O0010291,C03953,2024-10-16,Devolvido,Site,Cartão
O0010292,C03953,2024-05-15,Concluído,Site,Cartão
O0010293,C02138,2025-07-20,Concluído,Site,PIX
O0010294,C02138,2025-09-28,Concluído,Site,PIX
O0010295,C02138,2025-10-29,Concluído,Marketplace,Boleto
O0010296,C02138,2025-08-03,Concluído,Site,Carteira digital
O0010297,C02138,2025-10-21,Concluído,Marketplace,Cartão
O0010298,C02138,2025-09-30,Concluído,Site,Boleto
O0010299,C02138,2025-12-05,Concluído,Site,PIX
O0010300,C02138,2025-07-26,Concluído,Site,PIX
O0010301,C02138,2025-12-12,Concluído,App,PIX
O0010302,C02138,2025-08-16,Concluído,Site,Cartão
O0010303,C03821,2025-05-16,Concluído,Marketplace,Cartão
O0010304,C03821,2023-10-25,Concluído,Site,Cartão
O0010305,C03821,2025-03-22,Concluído,Site,Cartão
O0010306,C03613,2025-08-13,Concluído,App,Cartão
O0010307,C03613,2025-11-05,Concluído,App,PIX
O0010308,C02415,2025-11-24,Concluído,App,Carteira digital
O0010309,C02415,2025-09-27,Concluído,App,Boleto
O0010310,C02415,2025-11-17,Concluído,App,Carteira digital
O0010311,C03274,2025-11-08,Concluído,Marketplace,Cartão
O0010312,C03274,2025-12-15,Concluído,Site,PIX
O0010313,C03274,2025-10-13,Concluído,Marketplace,Cartão
O0010314,C00447,2023-06-14,Concluído,App,Cartão
O0010315,C04789,2025-03-08,Concluído,Site,Cartão
O0010316,C01365,2023-05-17,Cancelado,Site,Cartão
O0010317,C01365,2024-10-05,Concluído,Site,PIX
O0010318,C02761,2025-08-10,Concluído,Site,Cartão
O0010319,C04030,2025-12-04,Concluído,Marketplace,Cartão
O0010320,C03553,2024-04-25,Concluído,Site,PIX
O0010321,C03553,2023-08-05,Concluído,Site,PIX
O0010322,C03553,2023-05-06,Concluído,Site,Cartão
O0010323,C03553,2023-08-02,Concluído,Site,PIX
O0010324,C03553,2024-08-16,Concluído,Site,Carteira digital
O0010325,C03553,2024-03-26,Concluído,Site,Cartão
O0010326,C02561,2025-12-18,Concluído,Marketplace,Cartão
O0010327,C02561,2025-07-09,Concluído,Site,Carteira digital
O0010328,C02561,2025-07-26,Concluído,Site,PIX
O0010329,C04195,2025-05-03,Concluído,App,Cartão
O0010330,C04195,2024-04-07,Concluído,Site,Carteira digital
O0010331,C04195,2024-06-01,Concluído,Site,PIX
O0010332,C01267,2023-08-15,Concluído,App,Boleto
O0010333,C02919,2025-01-07,Concluído,Marketplace,Cartão
O0010334,C03224,2024-10-16,Concluído,Site,Cartão
O0010335,C03224,2024-06-27,Concluído,Site,PIX
O0010336,C03224,2025-07-30,Concluído,Site,PIX
O0010337,C03224,2025-05-08,Concluído,Marketplace,Cartão
O0010338,C00669,2025-01-03,Devolvido,Marketplace,Cartão
O0010339,C03850,2025-12-27,Concluído,App,Carteira digital
O0010340,C01234,2025-11-15,Concluído,App,Cartão
O0010341,C02546,2025-05-22,Concluído,App,Cartão
O0010342,C02546,2025-01-30,Concluído,Marketplace,Cartão
O0010343,C02546,2023-06-25,Concluído,Site,Cartão
O0010344,C02546,2023-04-20,Cancelado,Site,Boleto
O0010345,C02546,2024-10-23,Concluído,Site,Boleto
O0010346,C02546,2025-10-29,Concluído,App,Carteira digital
O0010347,C03965,2023-09-30,Concluído,App,Carteira digital
O0010348,C03965,2024-08-28,Concluído,Site,Cartão
O0010349,C03965,2024-06-13,Concluído,Site,Carteira digital
O0010350,C03965,2024-10-18,Concluído,Site,Cartão
O0010351,C04643,2025-08-10,Concluído,Site,PIX
O0010352,C00777,2024-07-03,Concluído,Marketplace,Cartão
O0010353,C00777,2025-08-21,Concluído,Site,Cartão
O0010354,C00777,2025-11-16,Concluído,Site,Cartão
O0010355,C00777,2024-10-24,Concluído,Marketplace,Cartão
O0010356,C00685,2025-03-17,Concluído,Site,Cartão
O0010357,C00685,2025-06-29,Concluído,Site,Boleto
O0010358,C00366,2025-02-16,Concluído,Site,Cartão
O0010359,C00366,2023-10-31,Concluído,Site,PIX
O0010360,C00366,2025-03-16,Concluído,Site,Cartão
O0010361,C03622,2025-11-07,Concluído,App,Cartão
O0010362,C03622,2025-10-02,Concluído,Site,PIX
O0010363,C01690,2025-05-08,Concluído,Marketplace,PIX
O0010364,C01690,2024-11-01,Concluído,Site,PIX
O0010365,C01805,2024-08-22,Concluído,App,Cartão
O0010366,C01805,2024-08-30,Concluído,Marketplace,Cartão
O0010367,C04904,2025-02-24,Concluído,Site,PIX
O0010368,C04904,2025-02-13,Concluído,Site,PIX
O0010369,C01290,2023-01-31,Concluído,App,Boleto
O0010370,C01290,2024-09-24,Concluído,Site,Carteira digital
O0010371,C01290,2024-08-14,Concluído,Site,PIX
O0010372,C02425,2024-12-28,Concluído,App,Boleto
O0010373,C02655,2025-06-17,Concluído,Site,Carteira digital
O0010374,C02655,2024-12-15,Concluído,App,Cartão
O0010375,C02655,2025-05-11,Concluído,App,PIX
O0010376,C02655,2024-12-29,Concluído,Site,PIX
O0010377,C02655,2025-07-06,Concluído,Marketplace,Cartão
O0010378,C02655,2025-02-02,Concluído,App,Cartão
O0010379,C04522,2024-11-17,Concluído,App,PIX
O0010380,C04522,2024-12-28,Concluído,Site,Cartão
O0010381,C04522,2024-11-24,Concluído,App,Cartão
O0010382,C01888,2025-12-11,Concluído,Site,Cartão
O0010383,C01888,2025-09-10,Concluído,Marketplace,Boleto
O0010384,C01888,2025-11-30,Concluído,Site,Carteira digital
O0010385,C01339,2024-12-29,Concluído,App,PIX
O0010386,C01339,2025-12-21,Concluído,App,Cartão
O0010387,C01339,2025-02-10,Concluído,Site,PIX
O0010388,C01339,2025-01-22,Concluído,Site,Cartão
O0010389,C01339,2024-11-15,Concluído,App,Cartão
O0010390,C01339,2025-06-19,Concluído,Marketplace,Boleto
O0010391,C01339,2024-07-21,Concluído,Site,PIX
O0010392,C01339,2024-04-06,Concluído,Marketplace,Cartão
O0010393,C01339,2025-10-29,Concluído,Site,PIX
O0010394,C01339,2024-07-03,Concluído,Site,Cartão
O0010395,C01339,2024-04-04,Concluído,Marketplace,Cartão
O0010396,C01339,2025-09-01,Concluído,App,Cartão
O0010397,C01339,2025-03-22,Concluído,Marketplace,Carteira digital
O0010398,C01339,2024-03-29,Concluído,App,PIX
O0010399,C01339,2024-10-20,Concluído,Site,Cartão
O0010400,C01339,2025-03-07,Concluído,Site,Cartão
O0010401,C01339,2024-04-08,Concluído,Site,Cartão
O0010402,C03261,2024-08-05,Concluído,Site,Cartão
O0010403,C03261,2025-05-13,Concluído,Site,PIX
O0010404,C04277,2025-05-24,Concluído,Marketplace,Cartão
O0010405,C04277,2024-03-26,Concluído,Site,Cartão
O0010406,C04277,2023-08-18,Concluído,App,Carteira digital
O0010407,C04277,2023-02-01,Concluído,App,PIX
O0010408,C03604,2024-09-30,Concluído,Site,Cartão
O0010409,C01320,2023-05-05,Concluído,Site,Cartão
O0010410,C01320,2024-06-20,Concluído,App,Cartão
O0010411,C00857,2025-08-15,Concluído,Site,Carteira digital
O0010412,C00857,2025-02-26,Concluído,Marketplace,Cartão
O0010413,C03038,2023-06-23,Concluído,Marketplace,PIX
O0010414,C02250,2025-03-02,Concluído,Site,Cartão
O0010415,C02250,2023-11-16,Concluído,Marketplace,Cartão
O0010416,C02250,2025-01-02,Concluído,Site,Carteira digital
O0010417,C02250,2025-12-21,Concluído,Site,Cartão
O0010418,C02250,2023-01-31,Concluído,Site,PIX
O0010419,C02250,2024-07-13,Concluído,Site,Cartão
O0010420,C02250,2025-08-15,Concluído,Marketplace,Boleto
O0010421,C02250,2024-09-30,Concluído,App,Carteira digital
O0010422,C02250,2023-05-24,Concluído,App,Cartão
O0010423,C02250,2023-12-30,Cancelado,Site,Carteira digital
O0010424,C02250,2023-12-07,Concluído,App,Cartão
O0010425,C02250,2025-07-09,Concluído,Marketplace,Cartão
O0010426,C02250,2024-08-07,Concluído,Site,Boleto
O0010427,C02250,2023-03-01,Concluído,Marketplace,Cartão
O0010428,C02634,2025-06-27,Concluído,Marketplace,Cartão
O0010429,C02634,2024-07-24,Concluído,App,Cartão
O0010430,C02634,2024-06-30,Concluído,Site,Cartão
O0010431,C02634,2025-10-19,Cancelado,Site,Cartão
O0010432,C02634,2025-01-09,Concluído,App,PIX
O0010433,C02062,2025-07-16,Concluído,App,Carteira digital
O0010434,C00430,2024-11-06,Concluído,Site,Cartão
O0010435,C01958,2024-03-21,Concluído,Site,Cartão
O0010436,C01799,2025-09-08,Concluído,Site,PIX
O0010437,C00085,2025-02-17,Concluído,App,Carteira digital
O0010438,C00085,2024-07-13,Concluído,Marketplace,Carteira digital
O0010439,C00085,2025-01-30,Concluído,App,PIX
O0010440,C00085,2024-05-13,Concluído,App,Cartão
O0010441,C00085,2024-09-25,Concluído,App,Cartão
O0010442,C00085,2023-09-21,Concluído,Site,Carteira digital
O0010443,C00085,2024-03-18,Cancelado,Marketplace,PIX
O0010444,C00085,2024-11-24,Concluído,Site,Cartão
O0010445,C00085,2023-02-17,Concluído,Marketplace,Cartão
O0010446,C00085,2024-02-01,Concluído,App,PIX
O0010447,C00085,2025-03-01,Concluído,App,Cartão
O0010448,C00085,2023-04-28,Concluído,Site,PIX
O0010449,C00085,2025-06-02,Concluído,App,PIX
O0010450,C00085,2025-02-24,Concluído,Site,PIX
O0010451,C00085,2024-10-13,Concluído,App,Carteira digital
O0010452,C00085,2023-07-07,Concluído,Marketplace,Carteira digital
O0010453,C00085,2024-04-29,Concluído,App,Cartão
O0010454,C00085,2025-05-14,Concluído,Site,Cartão
O0010455,C00085,2024-08-09,Concluído,Marketplace,Cartão
O0010456,C04677,2025-07-03,Concluído,App,PIX
O0010457,C04677,2025-11-15,Concluído,Marketplace,Cartão
O0010458,C04677,2025-12-12,Concluído,Marketplace,PIX
O0010459,C04677,2025-10-12,Devolvido,App,Carteira digital
O0010460,C04677,2025-10-31,Concluído,Site,Boleto
O0010461,C04055,2025-03-15,Concluído,Site,Cartão
O0010462,C04055,2024-07-12,Concluído,App,Cartão
O0010463,C04055,2024-05-20,Concluído,Site,Cartão
O0010464,C04055,2024-07-02,Concluído,Site,Boleto
O0010465,C04055,2025-06-02,Concluído,Marketplace,Cartão
O0010466,C04989,2025-02-07,Concluído,Marketplace,Cartão
O0010467,C04989,2025-10-01,Concluído,App,PIX
O0010468,C04989,2025-07-24,Concluído,Marketplace,Cartão
O0010469,C01230,2024-07-27,Concluído,Site,Cartão
O0010470,C01230,2025-05-22,Concluído,Site,Carteira digital
O0010471,C01230,2025-10-13,Concluído,App,PIX
O0010472,C01230,2024-01-03,Concluído,Site,Cartão
O0010473,C01230,2024-04-21,Concluído,Site,Cartão
O0010474,C01230,2025-03-04,Concluído,App,PIX
O0010475,C01230,2025-12-19,Concluído,Site,Carteira digital
O0010476,C02674,2025-01-12,Concluído,Marketplace,Cartão
O0010477,C01616,2024-10-13,Concluído,Site,Cartão
O0010478,C01616,2025-01-09,Concluído,Site,Cartão
O0010479,C01616,2024-12-25,Concluído,App,PIX
O0010480,C02108,2023-01-05,Concluído,Marketplace,PIX
O0010481,C02108,2024-08-28,Concluído,Marketplace,Cartão
O0010482,C03502,2025-11-09,Concluído,Site,PIX
O0010483,C00206,2025-10-29,Concluído,App,Boleto
O0010484,C00206,2025-11-20,Concluído,Marketplace,Cartão
O0010485,C00206,2025-10-04,Concluído,Site,PIX
O0010486,C01666,2023-11-16,Concluído,Site,PIX
O0010487,C01666,2023-09-22,Concluído,Marketplace,Cartão
O0010488,C01666,2023-04-01,Concluído,App,PIX
O0010489,C01666,2024-11-30,Concluído,App,Cartão
O0010490,C04324,2023-06-30,Concluído,Site,PIX
O0010491,C00372,2025-07-28,Concluído,App,Cartão
O0010492,C01003,2024-09-16,Concluído,Site,Cartão
O0010493,C00042,2025-12-09,Concluído,Site,Cartão
O0010494,C01492,2025-04-22,Concluído,App,Cartão
O0010495,C01492,2024-04-18,Concluído,App,PIX
O0010496,C01492,2024-12-15,Concluído,Marketplace,PIX
O0010497,C02142,2025-01-18,Concluído,Site,Cartão
O0010498,C03678,2025-04-15,Concluído,Site,PIX
O0010499,C03074,2025-10-09,Cancelado,App,Carteira digital
O0010500,C03074,2024-09-21,Concluído,App,PIX
O0010501,C03074,2025-08-18,Concluído,App,Cartão
O0010502,C03074,2025-05-01,Concluído,Marketplace,Cartão
O0010503,C03074,2025-01-21,Concluído,Site,Cartão
O0010504,C03473,2024-10-27,Concluído,App,PIX
O0010505,C03473,2024-10-29,Concluído,Site,Carteira digital
O0010506,C03473,2025-10-30,Concluído,Site,PIX
O0010507,C03473,2025-06-07,Concluído,Site,Boleto
O0010508,C02032,2024-06-03,Concluído,App,Cartão
O0010509,C00251,2025-10-19,Concluído,Site,PIX
O0010510,C03205,2025-01-21,Concluído,App,Carteira digital
O0010511,C03205,2023-04-23,Concluído,Marketplace,Cartão
O0010512,C02458,2025-09-28,Devolvido,Site,Carteira digital
O0010513,C00625,2025-08-12,Concluído,Site,Cartão
O0010514,C00625,2025-12-06,Concluído,Site,Cartão
O0010515,C01913,2023-11-14,Concluído,Marketplace,Cartão
O0010516,C01913,2024-01-06,Concluído,Site,Cartão
O0010517,C03089,2025-04-12,Concluído,Site,Cartão
O0010518,C03089,2024-08-05,Concluído,Site,Cartão
O0010519,C03089,2025-03-11,Concluído,Site,Cartão
O0010520,C01966,2025-07-08,Concluído,Site,Cartão
O0010521,C01966,2024-05-22,Concluído,Site,Cartão
O0010522,C01863,2025-12-07,Concluído,App,Carteira digital
O0010523,C02080,2025-09-24,Concluído,Marketplace,PIX
O0010524,C02080,2023-08-24,Concluído,Site,PIX
O0010525,C02080,2025-03-03,Concluído,Marketplace,PIX
O0010526,C02080,2024-11-22,Concluído,App,Cartão
O0010527,C02310,2025-08-11,Concluído,Site,Cartão
O0010528,C04630,2025-01-11,Concluído,App,Boleto
O0010529,C04630,2025-06-26,Concluído,Site,Carteira digital
O0010530,C04630,2025-03-02,Concluído,Marketplace,PIX
O0010531,C02947,2025-12-24,Concluído,Site,PIX
O0010532,C01944,2023-05-12,Concluído,Site,PIX
O0010533,C02386,2025-02-28,Concluído,Site,Carteira digital
O0010534,C04620,2023-03-27,Concluído,Marketplace,Cartão
O0010535,C04620,2025-09-26,Concluído,Site,Carteira digital
O0010536,C02058,2023-10-12,Concluído,Site,Carteira digital
O0010537,C02058,2025-03-19,Concluído,Site,Cartão
O0010538,C02058,2024-05-12,Concluído,Site,Cartão
O0010539,C03410,2024-12-22,Concluído,Site,Boleto
O0010540,C01644,2025-02-23,Concluído,Marketplace,Cartão
O0010541,C01644,2024-10-04,Concluído,Marketplace,Boleto
O0010542,C01644,2025-05-25,Concluído,Marketplace,Cartão
O0010543,C01644,2025-01-25,Concluído,Site,Cartão
O0010544,C01644,2025-11-14,Devolvido,App,Boleto
O0010545,C01644,2025-10-01,Concluído,Site,Cartão
O0010546,C01644,2025-05-07,Concluído,Site,Cartão
O0010547,C01644,2024-11-07,Concluído,App,Carteira digital
O0010548,C01644,2025-07-13,Concluído,Site,PIX
O0010549,C01644,2025-10-26,Concluído,Site,Cartão
O0010550,C01644,2025-06-29,Concluído,Site,PIX
O0010551,C02827,2023-06-24,Concluído,App,PIX
O0010552,C02827,2024-06-06,Concluído,Site,Cartão
O0010553,C00884,2025-06-18,Concluído,Site,Cartão
O0010554,C00884,2024-08-26,Concluído,Marketplace,Cartão
O0010555,C00884,2024-06-08,Concluído,Site,Cartão
O0010556,C00884,2024-09-15,Concluído,Site,Carteira digital
O0010557,C00884,2025-10-12,Concluído,Marketplace,Cartão
O0010558,C00884,2025-11-21,Concluído,App,Cartão
O0010559,C00884,2024-11-03,Concluído,Site,Cartão
O0010560,C03809,2024-06-22,Concluído,App,PIX
O0010561,C03809,2024-12-18,Concluído,App,Cartão
O0010562,C02359,2024-05-08,Concluído,Site,Cartão
O0010563,C02359,2023-10-20,Concluído,Site,Cartão
O0010564,C03315,2024-09-15,Concluído,App,PIX
O0010565,C03315,2023-02-13,Concluído,App,Cartão
O0010566,C04515,2025-12-08,Concluído,Site,PIX
O0010567,C04515,2025-12-13,Concluído,Site,Carteira digital
O0010568,C04515,2025-10-03,Concluído,Marketplace,Boleto
O0010569,C03062,2023-07-13,Concluído,Site,Cartão
O0010570,C03062,2024-03-14,Concluído,Site,Cartão
O0010571,C03062,2023-10-09,Concluído,Site,Cartão
O0010572,C03062,2025-05-06,Concluído,Site,Cartão
O0010573,C03062,2024-11-10,Concluído,Site,Carteira digital
O0010574,C03062,2025-06-29,Concluído,Site,PIX
O0010575,C03062,2025-06-12,Concluído,Site,Cartão
O0010576,C03062,2025-09-24,Concluído,App,Cartão
O0010577,C03062,2023-01-21,Concluído,Site,Cartão
O0010578,C03062,2024-04-01,Concluído,App,Cartão
O0010579,C04459,2025-11-23,Concluído,Marketplace,Cartão
O0010580,C04459,2025-12-04,Concluído,App,PIX
O0010581,C02817,2025-12-13,Concluído,App,PIX
O0010582,C02817,2025-08-23,Concluído,Site,Carteira digital
O0010583,C02817,2024-12-19,Concluído,App,PIX
O0010584,C03539,2024-12-17,Concluído,Marketplace,Cartão
O0010585,C03539,2024-10-11,Concluído,App,Cartão
O0010586,C01447,2025-10-21,Concluído,App,Cartão
O0010587,C01447,2025-12-30,Concluído,Marketplace,Cartão
O0010588,C01447,2025-10-03,Concluído,Site,Cartão
O0010589,C00682,2023-10-21,Concluído,Site,Cartão
O0010590,C00682,2025-02-19,Concluído,Site,Cartão
O0010591,C00682,2023-07-04,Concluído,App,Cartão
O0010592,C00682,2025-12-19,Concluído,App,Carteira digital
O0010593,C00682,2025-09-20,Concluído,Marketplace,PIX
O0010594,C00682,2025-11-12,Concluído,Site,Cartão
O0010595,C02147,2025-04-24,Concluído,App,PIX
O0010596,C04815,2025-12-29,Concluído,Site,Cartão
O0010597,C04815,2025-12-14,Concluído,Site,Cartão
O0010598,C04832,2025-08-29,Concluído,App,PIX
O0010599,C04832,2025-08-27,Concluído,App,Carteira digital
O0010600,C03273,2025-01-25,Concluído,Site,Boleto
O0010601,C03273,2025-02-16,Concluído,App,Cartão
O0010602,C01359,2025-08-21,Concluído,Site,PIX
O0010603,C01359,2025-01-29,Concluído,Site,PIX
O0010604,C01359,2025-10-23,Concluído,App,Cartão
O0010605,C01359,2025-01-14,Concluído,Site,Cartão
O0010606,C01359,2025-01-21,Concluído,Site,PIX
O0010607,C01359,2024-05-11,Concluído,App,Cartão
O0010608,C01359,2025-02-24,Concluído,Site,Boleto
O0010609,C00330,2025-06-23,Concluído,Site,Boleto
O0010610,C00330,2025-12-21,Concluído,Site,Cartão
O0010611,C00330,2024-07-15,Concluído,Site,PIX
O0010612,C00330,2025-07-01,Concluído,Site,Cartão
O0010613,C00330,2024-04-19,Concluído,Site,Cartão
O0010614,C00330,2024-07-20,Concluído,App,Cartão
O0010615,C02494,2025-07-24,Concluído,App,PIX
O0010616,C02233,2023-08-31,Concluído,Site,Cartão
O0010617,C02613,2025-03-21,Concluído,Site,PIX
O0010618,C00047,2024-08-17,Concluído,Site,PIX
O0010619,C00047,2024-12-30,Concluído,Marketplace,Cartão
O0010620,C02573,2025-12-07,Concluído,Site,Cartão
O0010621,C00288,2025-05-07,Concluído,Site,Cartão
O0010622,C04093,2023-04-08,Concluído,Marketplace,Cartão
O0010623,C04093,2024-03-01,Concluído,Marketplace,Cartão
O0010624,C04093,2025-11-02,Concluído,Site,PIX
O0010625,C04093,2023-05-02,Concluído,Marketplace,PIX
O0010626,C04093,2023-06-06,Concluído,Site,Cartão
O0010627,C00978,2024-01-11,Concluído,Marketplace,Cartão
O0010628,C00978,2024-04-14,Concluído,Site,Carteira digital
O0010629,C03164,2025-08-06,Concluído,Site,Cartão
O0010630,C03164,2025-07-23,Cancelado,Site,Boleto
O0010631,C03778,2024-10-21,Concluído,Site,Cartão
O0010632,C03778,2024-10-29,Concluído,App,Cartão
O0010633,C03778,2024-12-11,Concluído,Site,Cartão
O0010634,C03778,2024-06-13,Concluído,Marketplace,Cartão
O0010635,C03778,2024-05-27,Concluído,Site,PIX
O0010636,C03778,2025-09-29,Concluído,App,Carteira digital
O0010637,C01866,2025-06-02,Concluído,Site,PIX
O0010638,C01866,2023-05-16,Concluído,App,Cartão
O0010639,C03779,2025-11-16,Concluído,Site,Cartão
O0010640,C03779,2025-04-15,Concluído,Site,PIX
O0010641,C02717,2025-12-20,Concluído,App,PIX
O0010642,C02717,2025-12-26,Concluído,App,PIX
O0010643,C02717,2025-12-31,Concluído,App,Cartão
O0010644,C04272,2025-10-28,Concluído,Site,Cartão
O0010645,C02769,2024-11-27,Concluído,Site,Carteira digital
O0010646,C02769,2024-01-05,Concluído,Marketplace,Cartão
O0010647,C02769,2025-01-22,Concluído,Site,PIX
O0010648,C02969,2025-10-23,Concluído,Marketplace,Cartão
O0010649,C02969,2025-09-22,Concluído,Site,Cartão
O0010650,C02969,2025-09-10,Concluído,Marketplace,Cartão
O0010651,C03902,2023-05-08,Concluído,Site,Carteira digital
O0010652,C03902,2025-07-23,Concluído,Site,Cartão
O0010653,C00192,2023-02-05,Concluído,App,Boleto
O0010654,C00810,2025-08-23,Concluído,Site,Cartão
O0010655,C02602,2025-11-19,Concluído,Site,Cartão
O0010656,C03781,2024-07-24,Concluído,Marketplace,PIX
O0010657,C03781,2024-06-22,Concluído,Site,PIX
O0010658,C03781,2025-07-20,Concluído,Site,PIX
O0010659,C04481,2025-12-27,Concluído,Site,Cartão
O0010660,C03188,2025-06-13,Concluído,Site,Carteira digital
O0010661,C03188,2024-12-20,Concluído,Marketplace,Cartão
O0010662,C03188,2025-01-15,Concluído,Site,Boleto
O0010663,C00106,2024-04-01,Cancelado,Site,Cartão
O0010664,C01369,2025-10-23,Concluído,Site,Carteira digital
O0010665,C04891,2025-09-01,Concluído,App,PIX
O0010666,C04891,2024-04-03,Concluído,Marketplace,Cartão
O0010667,C04891,2025-12-30,Concluído,Site,Cartão
O0010668,C04891,2024-05-14,Concluído,Site,PIX
O0010669,C02017,2023-06-11,Concluído,Site,Cartão
O0010670,C04599,2025-02-21,Concluído,Site,Cartão
O0010671,C03179,2025-06-15,Concluído,Site,Carteira digital
O0010672,C00157,2025-08-08,Concluído,App,PIX
O0010673,C00157,2025-09-06,Concluído,Site,Cartão
O0010674,C00526,2025-07-08,Concluído,Marketplace,Carteira digital
O0010675,C00657,2025-06-20,Concluído,Site,PIX
O0010676,C00657,2023-04-06,Concluído,App,PIX
O0010677,C03766,2024-07-05,Concluído,Site,PIX
O0010678,C00859,2025-01-18,Concluído,Marketplace,PIX
O0010679,C04474,2024-05-06,Concluído,Marketplace,Cartão
O0010680,C01763,2025-01-11,Concluído,App,Cartão
O0010681,C01763,2024-06-09,Concluído,Marketplace,PIX
O0010682,C01763,2025-11-27,Concluído,Site,Cartão
O0010683,C01763,2024-10-15,Concluído,App,PIX
O0010684,C01763,2024-12-21,Concluído,App,Cartão
O0010685,C01763,2025-11-24,Concluído,App,Cartão
O0010686,C01763,2025-08-22,Concluído,Site,Cartão
O0010687,C01763,2024-09-15,Concluído,Site,Cartão
O0010688,C03655,2025-04-07,Concluído,Site,Carteira digital
O0010689,C03655,2025-02-17,Concluído,Site,Cartão
O0010690,C03655,2025-07-04,Concluído,Site,Cartão
O0010691,C03655,2024-07-06,Concluído,Site,Cartão
O0010692,C00082,2025-06-30,Concluído,Site,PIX
O0010693,C02619,2025-08-04,Concluído,Marketplace,Cartão
O0010694,C02472,2025-11-26,Concluído,Site,Cartão
O0010695,C02472,2025-12-29,Concluído,App,Cartão
O0010696,C00880,2023-08-22,Concluído,Site,PIX
O0010697,C00880,2024-08-26,Devolvido,App,Cartão
O0010698,C00880,2025-01-24,Concluído,Site,PIX
O0010699,C04946,2025-03-26,Concluído,App,Cartão
O0010700,C04847,2025-01-10,Concluído,App,PIX
O0010701,C04847,2025-12-26,Cancelado,Site,PIX
O0010702,C01236,2023-08-15,Concluído,Site,PIX
O0010703,C01236,2023-07-09,Concluído,Site,Cartão
O0010704,C01236,2024-11-14,Concluído,Site,PIX
O0010705,C01236,2025-01-15,Concluído,Site,Carteira digital
O0010706,C01236,2023-08-19,Concluído,Marketplace,Cartão
O0010707,C01236,2025-03-31,Concluído,Site,PIX
O0010708,C01236,2023-05-10,Concluído,Marketplace,Carteira digital
O0010709,C01236,2024-01-15,Cancelado,Site,Cartão
O0010710,C01236,2024-07-01,Concluído,Marketplace,Cartão
O0010711,C01236,2023-11-23,Concluído,App,Carteira digital
O0010712,C01236,2024-11-10,Concluído,App,Carteira digital
O0010713,C01236,2024-11-23,Concluído,Marketplace,Cartão
O0010714,C01557,2025-12-03,Concluído,Marketplace,PIX
O0010715,C01557,2024-01-09,Concluído,Site,PIX
O0010716,C01557,2025-02-01,Concluído,Site,PIX
O0010717,C01557,2025-04-22,Concluído,Site,Cartão
O0010718,C01640,2024-06-07,Concluído,App,Cartão
O0010719,C01640,2023-11-29,Concluído,Site,Cartão
O0010720,C01640,2024-03-14,Concluído,App,Cartão
O0010721,C00282,2025-12-02,Concluído,Marketplace,Carteira digital
O0010722,C00282,2025-11-05,Devolvido,App,Cartão
O0010723,C02862,2025-10-17,Concluído,Marketplace,PIX
O0010724,C00746,2024-04-04,Concluído,Site,Carteira digital
O0010725,C00746,2024-05-09,Devolvido,App,PIX
O0010726,C00021,2025-06-14,Concluído,App,Cartão
O0010727,C00021,2025-03-09,Concluído,Site,Cartão
O0010728,C01388,2024-08-28,Concluído,Marketplace,Carteira digital
O0010729,C02927,2023-10-17,Concluído,Site,PIX
O0010730,C03951,2025-04-05,Concluído,Marketplace,Cartão
O0010731,C03951,2025-10-24,Concluído,Site,PIX
O0010732,C03951,2023-12-12,Concluído,Site,Cartão
O0010733,C01409,2024-06-25,Concluído,Site,Boleto
O0010734,C02746,2025-06-24,Concluído,Marketplace,Carteira digital
O0010735,C02746,2025-08-13,Concluído,Marketplace,Carteira digital
O0010736,C02746,2025-07-09,Concluído,Site,Carteira digital
O0010737,C02746,2025-12-28,Concluído,Site,Boleto
O0010738,C02746,2025-11-26,Cancelado,App,Cartão
O0010739,C01314,2024-04-06,Concluído,Site,Cartão
O0010740,C01475,2025-12-15,Concluído,App,Cartão
O0010741,C01475,2025-12-20,Concluído,App,Carteira digital
O0010742,C01475,2025-12-18,Concluído,Marketplace,PIX
O0010743,C04328,2025-09-17,Concluído,Site,Cartão
O0010744,C01668,2024-06-11,Concluído,App,Cartão
O0010745,C01144,2025-01-11,Concluído,Site,Carteira digital
O0010746,C01144,2025-12-06,Cancelado,App,Carteira digital
O0010747,C00276,2025-12-13,Concluído,Site,Boleto
O0010748,C00747,2024-02-25,Devolvido,App,Cartão
O0010749,C00747,2025-04-17,Concluído,Site,Cartão
O0010750,C03327,2025-08-02,Concluído,Site,Cartão
O0010751,C01769,2025-02-17,Concluído,App,Cartão
O0010752,C01769,2024-10-01,Concluído,Site,Cartão
O0010753,C01808,2025-11-18,Concluído,Site,Cartão
O0010754,C01808,2025-11-08,Concluído,Site,PIX
O0010755,C01808,2025-11-06,Concluído,Marketplace,PIX
O0010756,C01808,2025-09-30,Concluído,App,Cartão
O0010757,C01808,2025-12-17,Concluído,Site,Cartão
O0010758,C01808,2025-11-26,Concluído,App,Cartão
O0010759,C01808,2025-11-01,Concluído,Site,PIX
O0010760,C01808,2025-11-27,Concluído,App,Cartão
O0010761,C04794,2025-06-23,Concluído,Site,Cartão
O0010762,C01960,2025-11-13,Concluído,Site,PIX
O0010763,C01960,2025-11-17,Concluído,Site,Boleto
O0010764,C01960,2025-11-23,Concluído,App,Cartão
O0010765,C02154,2023-03-09,Concluído,App,Boleto
O0010766,C02154,2025-10-17,Concluído,App,Cartão
O0010767,C00436,2023-04-14,Concluído,Site,Cartão
O0010768,C00436,2023-07-09,Concluído,Site,Carteira digital
O0010769,C00436,2024-10-13,Concluído,Marketplace,Cartão
O0010770,C00557,2024-09-04,Concluído,App,Cartão
O0010771,C04264,2025-08-22,Concluído,Site,Cartão
O0010772,C04264,2024-12-09,Concluído,Marketplace,Cartão
O0010773,C00305,2024-11-29,Concluído,Site,Cartão
O0010774,C00305,2024-06-21,Concluído,Marketplace,Cartão
O0010775,C00305,2023-08-01,Concluído,App,Cartão
O0010776,C00305,2023-02-23,Concluído,Site,Cartão
O0010777,C00305,2023-07-14,Concluído,Marketplace,Cartão
O0010778,C01422,2024-01-20,Concluído,Marketplace,PIX
O0010779,C00894,2025-04-13,Concluído,Site,Cartão
O0010780,C00894,2025-06-10,Concluído,Marketplace,Cartão
O0010781,C04237,2024-01-09,Concluído,Site,Cartão
O0010782,C04237,2023-11-18,Concluído,Site,PIX
O0010783,C02592,2024-01-14,Concluído,Site,Carteira digital
O0010784,C02592,2024-05-22,Concluído,Site,Cartão
O0010785,C03727,2024-11-01,Concluído,App,PIX
O0010786,C03727,2024-09-16,Concluído,App,Carteira digital
O0010787,C03727,2024-01-31,Concluído,App,Carteira digital
O0010788,C04090,2025-06-08,Concluído,Site,Carteira digital
O0010789,C04090,2025-09-08,Concluído,Site,PIX
O0010790,C04779,2024-07-07,Concluído,App,Cartão
O0010791,C02749,2024-11-09,Concluído,Marketplace,Cartão
O0010792,C02749,2024-10-13,Concluído,Site,Cartão
O0010793,C01273,2025-06-27,Concluído,Marketplace,Cartão
O0010794,C01273,2025-01-16,Concluído,Site,Cartão
O0010795,C01273,2025-03-11,Concluído,Site,PIX
O0010796,C00224,2025-11-01,Concluído,Site,Carteira digital
O0010797,C00604,2025-12-30,Concluído,Marketplace,PIX
O0010798,C00604,2025-10-20,Concluído,Site,Cartão
O0010799,C00604,2025-12-02,Concluído,Site,Carteira digital
O0010800,C01383,2025-10-30,Concluído,App,Carteira digital
O0010801,C01383,2025-06-20,Concluído,Site,Cartão
O0010802,C01383,2025-01-30,Concluído,Site,Boleto
O0010803,C01383,2025-11-20,Concluído,Site,Cartão
O0010804,C03490,2024-09-21,Concluído,Site,PIX
O0010805,C03490,2025-02-22,Concluído,Site,Cartão
O0010806,C03490,2024-12-09,Concluído,Site,Carteira digital
O0010807,C03490,2025-06-01,Concluído,Site,Cartão
O0010808,C03490,2024-07-11,Concluído,Marketplace,Cartão
O0010809,C03490,2025-04-16,Concluído,App,PIX
O0010810,C03490,2025-06-14,Concluído,Site,Cartão
O0010811,C03490,2024-06-18,Concluído,Site,Cartão
O0010812,C03490,2024-06-24,Concluído,App,PIX
O0010813,C03490,2024-07-12,Concluído,Site,Boleto
O0010814,C03885,2025-10-23,Concluído,Site,Cartão
O0010815,C03885,2025-08-02,Concluído,App,Cartão
O0010816,C03885,2024-08-27,Concluído,App,Carteira digital
O0010817,C03885,2025-03-25,Concluído,App,Cartão
O0010818,C03885,2024-06-24,Concluído,Site,Cartão
O0010819,C04247,2025-07-14,Concluído,Site,PIX
O0010820,C04952,2024-02-07,Concluído,Site,Carteira digital
O0010821,C04952,2025-02-26,Concluído,Site,Cartão
O0010822,C00679,2023-06-09,Concluído,Site,Cartão
O0010823,C00679,2023-02-05,Concluído,App,Cartão
O0010824,C00679,2024-06-04,Concluído,Site,PIX
O0010825,C00679,2023-05-06,Concluído,Site,Carteira digital
O0010826,C00679,2023-11-03,Concluído,Marketplace,PIX
O0010827,C00679,2024-09-03,Concluído,Marketplace,Cartão
O0010828,C00679,2023-04-11,Concluído,App,Carteira digital
O0010829,C03442,2024-05-18,Concluído,Marketplace,PIX
O0010830,C03442,2024-04-04,Cancelado,Site,Cartão
O0010831,C01586,2024-08-30,Concluído,Marketplace,Cartão
O0010832,C01586,2024-10-25,Concluído,Site,Cartão
O0010833,C01586,2025-03-22,Devolvido,App,PIX
O0010834,C01586,2024-08-30,Concluído,Marketplace,Cartão
O0010835,C04476,2023-12-12,Concluído,Marketplace,PIX
O0010836,C02637,2024-05-23,Concluído,Site,Cartão
O0010837,C02637,2025-05-12,Concluído,Site,Cartão
O0010838,C04038,2025-12-31,Concluído,App,Cartão
O0010839,C03684,2023-07-02,Concluído,App,PIX
O0010840,C03684,2024-12-04,Concluído,App,PIX
O0010841,C03684,2025-03-19,Concluído,Site,Cartão
O0010842,C00039,2024-04-25,Cancelado,Marketplace,Carteira digital
O0010843,C00039,2024-03-25,Concluído,Site,PIX
O0010844,C04674,2025-10-05,Concluído,Marketplace,Cartão
O0010845,C04674,2025-11-24,Concluído,Marketplace,Cartão
O0010846,C00425,2024-09-26,Concluído,App,Carteira digital
O0010847,C02972,2025-12-07,Concluído,App,Cartão
O0010848,C02972,2024-07-18,Concluído,Marketplace,Cartão
O0010849,C04996,2025-09-19,Concluído,Site,PIX
O0010850,C02524,2025-10-04,Concluído,Site,Cartão
O0010851,C02524,2025-11-02,Concluído,App,Cartão
O0010852,C02524,2025-05-16,Concluído,App,PIX
O0010853,C02524,2025-12-02,Concluído,Site,PIX
O0010854,C02524,2025-04-19,Concluído,Site,PIX
O0010855,C02524,2025-08-27,Concluído,Marketplace,Cartão
O0010856,C02524,2025-08-04,Concluído,Site,Cartão
O0010857,C02524,2025-10-12,Concluído,Site,Cartão
O0010858,C02524,2025-05-06,Concluído,App,PIX
O0010859,C00866,2024-10-21,Concluído,Site,Cartão
O0010860,C04530,2024-11-14,Concluído,Marketplace,Cartão
O0010861,C04005,2024-03-10,Cancelado,Site,Cartão
O0010862,C04005,2025-04-15,Concluído,Site,Boleto
O0010863,C03481,2025-09-21,Concluído,Site,PIX
O0010864,C04427,2025-04-10,Concluído,Site,Cartão
O0010865,C00152,2025-12-15,Concluído,Marketplace,Cartão
O0010866,C00152,2025-12-12,Concluído,Site,PIX
O0010867,C00152,2025-12-13,Concluído,Marketplace,PIX
O0010868,C00152,2025-12-17,Concluído,App,Carteira digital
O0010869,C00279,2025-11-22,Concluído,App,Cartão
O0010870,C00279,2025-02-15,Concluído,Site,Cartão
O0010871,C01766,2024-09-12,Concluído,Site,Boleto
O0010872,C00409,2023-09-05,Concluído,Site,Cartão
O0010873,C00658,2024-10-01,Concluído,Site,Cartão
O0010874,C00658,2025-08-29,Concluído,Site,PIX
O0010875,C00658,2025-08-03,Concluído,App,Carteira digital
O0010876,C00658,2025-02-02,Concluído,Site,PIX
O0010877,C00658,2024-06-19,Concluído,Site,Cartão
O0010878,C00658,2024-06-02,Concluído,Marketplace,Cartão
O0010879,C02706,2025-07-26,Concluído,Marketplace,Cartão
O0010880,C02706,2025-05-18,Concluído,Marketplace,Cartão
O0010881,C02706,2025-12-31,Concluído,App,PIX
O0010882,C04666,2025-11-20,Cancelado,App,Cartão
O0010883,C01625,2024-02-01,Concluído,Site,Cartão
O0010884,C01625,2024-03-03,Concluído,Site,Cartão
O0010885,C01625,2024-04-27,Concluído,Site,Cartão
O0010886,C01625,2024-02-19,Concluído,Site,Carteira digital
O0010887,C00745,2025-11-02,Concluído,Marketplace,Carteira digital
O0010888,C00745,2025-12-19,Concluído,Marketplace,Cartão
O0010889,C00745,2025-02-04,Devolvido,Marketplace,Carteira digital
O0010890,C00745,2025-04-15,Concluído,Site,Carteira digital
O0010891,C00745,2025-05-11,Concluído,Site,PIX
O0010892,C00745,2025-09-05,Concluído,Site,Cartão
O0010893,C00745,2025-02-24,Concluído,Site,PIX
O0010894,C00745,2025-05-26,Concluído,Marketplace,Cartão
O0010895,C00745,2025-12-29,Concluído,Marketplace,Boleto
O0010896,C00745,2025-03-26,Concluído,Site,Cartão
O0010897,C00745,2025-05-08,Concluído,Site,Cartão
O0010898,C00745,2025-09-10,Concluído,Marketplace,Carteira digital
O0010899,C00745,2025-05-28,Concluído,Site,Cartão
O0010900,C00745,2025-10-23,Concluído,Marketplace,Cartão
O0010901,C00745,2025-10-24,Concluído,App,Carteira digital
O0010902,C00745,2025-03-03,Concluído,Marketplace,Cartão
O0010903,C04149,2024-08-14,Concluído,Marketplace,Cartão
O0010904,C01530,2025-08-27,Concluído,Site,Carteira digital
O0010905,C01530,2025-09-07,Cancelado,Marketplace,Cartão
O0010906,C01530,2025-12-13,Concluído,Site,Cartão
O0010907,C00304,2025-02-03,Concluído,Site,Cartão
O0010908,C00304,2025-09-13,Concluído,Site,PIX
O0010909,C04494,2025-11-14,Concluído,Site,Cartão
O0010910,C04494,2025-02-17,Concluído,Marketplace,Cartão
O0010911,C04494,2025-10-23,Concluído,App,Cartão
O0010912,C04494,2025-03-20,Concluído,App,PIX
O0010913,C01027,2025-05-04,Concluído,Marketplace,Cartão
O0010914,C01643,2025-07-01,Concluído,Site,Cartão
O0010915,C01643,2023-09-30,Concluído,Site,Cartão
O0010916,C01643,2025-05-06,Concluído,Site,Cartão
O0010917,C01643,2024-01-17,Concluído,Site,Boleto
O0010918,C04793,2024-11-21,Concluído,App,Carteira digital
O0010919,C04793,2024-12-29,Concluído,Site,Cartão
O0010920,C04793,2024-04-15,Concluído,App,Carteira digital
O0010921,C01537,2023-05-17,Cancelado,Site,PIX
O0010922,C01537,2024-11-17,Cancelado,Marketplace,Cartão
O0010923,C00486,2024-05-23,Concluído,App,Cartão
O0010924,C00486,2025-05-23,Concluído,Site,Cartão
O0010925,C00486,2024-11-03,Concluído,Site,Cartão
O0010926,C00486,2024-01-30,Concluído,Marketplace,PIX
O0010927,C00716,2025-02-26,Concluído,Site,PIX
O0010928,C00531,2025-01-03,Concluído,Site,Carteira digital
O0010929,C00531,2024-12-31,Concluído,Site,Cartão
O0010930,C00358,2025-12-25,Concluído,Site,Cartão
O0010931,C00358,2025-09-24,Concluído,Site,Cartão
O0010932,C00384,2024-01-07,Concluído,Site,Cartão
O0010933,C00384,2024-03-15,Concluído,Marketplace,Cartão
O0010934,C02649,2024-07-13,Cancelado,Marketplace,Cartão
O0010935,C04646,2025-01-23,Concluído,Marketplace,Boleto
O0010936,C04646,2024-05-29,Concluído,Site,Cartão
O0010937,C02662,2024-09-21,Concluído,Site,PIX
O0010938,C02662,2024-08-16,Concluído,Site,Cartão
O0010939,C02662,2025-02-24,Concluído,Site,Cartão
O0010940,C02993,2023-10-30,Devolvido,App,PIX
O0010941,C03908,2025-03-31,Concluído,App,Cartão
O0010942,C04224,2024-07-13,Concluído,Site,PIX
O0010943,C01302,2023-12-07,Concluído,App,Carteira digital
O0010944,C00230,2024-04-17,Cancelado,Marketplace,PIX
O0010945,C00665,2025-08-06,Concluído,Site,Boleto
O0010946,C00665,2025-07-24,Concluído,Site,Carteira digital
O0010947,C04238,2024-11-26,Concluído,Marketplace,PIX
O0010948,C02566,2025-12-12,Concluído,Site,PIX
O0010949,C02566,2025-09-11,Concluído,App,PIX
O0010950,C02566,2025-08-23,Concluído,Marketplace,Cartão
O0010951,C02566,2025-12-09,Concluído,Marketplace,Cartão
O0010952,C02911,2024-07-30,Concluído,Marketplace,Carteira digital
O0010953,C02911,2024-08-27,Concluído,App,Carteira digital
O0010954,C02911,2025-09-24,Concluído,App,Cartão
O0010955,C02911,2024-04-21,Concluído,Marketplace,Cartão
O0010956,C02501,2023-09-05,Concluído,App,PIX
O0010957,C02501,2023-12-17,Concluído,Site,Cartão
O0010958,C01599,2025-12-23,Concluído,Site,PIX
O0010959,C01596,2025-06-21,Concluído,Site,Cartão
O0010960,C01596,2025-05-07,Concluído,Site,Cartão
O0010961,C00479,2025-12-09,Concluído,Marketplace,Carteira digital
O0010962,C00479,2025-12-04,Concluído,Marketplace,Cartão
O0010963,C00479,2025-12-22,Concluído,App,Cartão
O0010964,C03440,2025-01-04,Concluído,App,Carteira digital
O0010965,C04727,2025-06-15,Concluído,Marketplace,Boleto
O0010966,C02047,2025-01-10,Concluído,Site,Cartão
O0010967,C02974,2023-06-21,Concluído,Site,Boleto
O0010968,C02974,2025-05-12,Concluído,Site,Cartão
O0010969,C02974,2023-09-10,Concluído,Site,Cartão
O0010970,C02974,2024-02-18,Concluído,Marketplace,Boleto
O0010971,C03003,2023-08-13,Concluído,App,Cartão
O0010972,C02477,2025-12-17,Concluído,Site,Cartão
O0010973,C02477,2025-12-04,Concluído,Site,Cartão
O0010974,C02477,2025-11-05,Concluído,App,Cartão
O0010975,C03155,2023-08-12,Concluído,Marketplace,Carteira digital
O0010976,C03155,2025-11-05,Concluído,Site,PIX
O0010977,C03699,2025-12-13,Concluído,Site,PIX
O0010978,C03699,2025-05-09,Concluído,Site,Carteira digital
O0010979,C00210,2025-01-28,Concluído,Site,Carteira digital
O0010980,C00210,2025-11-20,Concluído,Marketplace,PIX
O0010981,C00026,2025-06-29,Concluído,Site,PIX
O0010982,C00026,2025-07-14,Concluído,Site,Cartão
O0010983,C00026,2025-11-30,Concluído,App,Boleto
O0010984,C02965,2025-12-30,Concluído,Site,Cartão
O0010985,C03739,2024-08-31,Concluído,Site,Cartão
O0010986,C03739,2024-07-29,Concluído,App,PIX
O0010987,C03739,2025-04-03,Concluído,Marketplace,PIX
O0010988,C03739,2025-04-27,Concluído,Marketplace,Cartão
O0010989,C03739,2025-01-21,Concluído,Marketplace,Carteira digital
O0010990,C03739,2025-08-09,Concluído,Site,Cartão
O0010991,C03739,2025-05-26,Concluído,App,PIX
O0010992,C04011,2025-07-26,Concluído,Site,Cartão
O0010993,C04011,2025-02-02,Concluído,Site,Boleto
O0010994,C04011,2024-10-04,Concluído,App,PIX
O0010995,C00905,2024-05-19,Concluído,App,Cartão
O0010996,C00905,2025-03-15,Concluído,Site,Carteira digital
O0010997,C00905,2025-05-11,Concluído,Marketplace,Cartão
O0010998,C00905,2024-10-24,Concluído,Site,Cartão
O0010999,C00028,2024-12-06,Concluído,Site,Cartão
O0011000,C00028,2024-04-23,Concluído,App,Cartão
O0011001,C04969,2025-11-26,Concluído,Site,Carteira digital
O0011002,C02849,2024-11-05,Concluído,Marketplace,PIX
O0011003,C02849,2025-03-22,Concluído,Site,Cartão
O0011004,C03827,2025-11-09,Concluído,Site,Cartão
O0011005,C03827,2025-12-03,Concluído,Site,Cartão
O0011006,C03827,2025-12-19,Concluído,App,Carteira digital
O0011007,C03827,2025-10-28,Concluído,Site,Carteira digital
O0011008,C03827,2025-12-09,Concluído,Site,Cartão
O0011009,C03827,2025-12-28,Concluído,App,PIX
O0011010,C03827,2025-11-16,Concluído,Site,PIX
O0011011,C00565,2024-10-09,Concluído,App,Cartão
O0011012,C00576,2023-10-11,Concluído,Site,PIX
O0011013,C04861,2025-11-03,Concluído,Site,PIX
O0011014,C04861,2025-11-15,Concluído,Site,Boleto
O0011015,C00219,2025-10-23,Concluído,Site,Cartão
O0011016,C00219,2023-06-29,Concluído,Site,Cartão
O0011017,C00355,2024-07-22,Concluído,App,Cartão
O0011018,C00355,2025-05-05,Concluído,Site,PIX
O0011019,C00355,2025-01-05,Concluído,Site,Carteira digital
O0011020,C00355,2024-05-09,Cancelado,Site,PIX
O0011021,C00176,2025-02-11,Concluído,Marketplace,PIX
O0011022,C04139,2025-07-15,Concluído,Site,Boleto
O0011023,C04139,2025-10-17,Concluído,Marketplace,Cartão
O0011024,C04139,2024-09-23,Concluído,Site,PIX
O0011025,C04139,2025-04-28,Concluído,Site,Carteira digital
O0011026,C04139,2025-10-19,Concluído,Site,Cartão
O0011027,C03381,2024-04-09,Concluído,Marketplace,Cartão
O0011028,C03359,2025-09-02,Concluído,Site,Cartão
O0011029,C03359,2025-09-29,Concluído,Marketplace,PIX
O0011030,C03359,2025-12-27,Cancelado,Site,Cartão
O0011031,C03359,2025-10-09,Concluído,App,Cartão
O0011032,C03359,2025-11-20,Concluído,Site,PIX
O0011033,C03359,2025-11-21,Concluído,App,Cartão
O0011034,C03359,2025-10-15,Concluído,Site,Cartão
O0011035,C03359,2025-08-30,Cancelado,Site,Cartão
O0011036,C03359,2025-09-02,Cancelado,App,Cartão
O0011037,C03359,2025-11-08,Concluído,Site,Cartão
O0011038,C01713,2025-03-04,Concluído,Marketplace,Boleto
O0011039,C00265,2025-06-20,Concluído,Site,Carteira digital
O0011040,C00265,2025-02-08,Concluído,Marketplace,Cartão
O0011041,C00265,2025-05-26,Concluído,Marketplace,Cartão
O0011042,C00265,2025-06-29,Concluído,Site,Cartão
O0011043,C00265,2025-02-18,Concluído,Marketplace,PIX
O0011044,C00265,2025-04-01,Concluído,Site,PIX
O0011045,C00265,2025-01-30,Concluído,Marketplace,PIX
O0011046,C04337,2023-06-21,Concluído,Site,Carteira digital
O0011047,C04337,2025-04-23,Concluído,Site,Cartão
O0011048,C04337,2025-06-27,Concluído,Site,Cartão
O0011049,C01262,2025-03-31,Concluído,App,Boleto
O0011050,C01262,2024-11-01,Concluído,Site,Cartão
O0011051,C01262,2025-11-08,Concluído,Marketplace,Carteira digital
O0011052,C01262,2025-05-12,Concluído,Site,PIX
O0011053,C01262,2025-10-15,Concluído,Site,Cartão
O0011054,C01262,2025-11-28,Concluído,Marketplace,Boleto
O0011055,C01262,2025-05-17,Concluído,App,Boleto
O0011056,C01262,2025-03-02,Concluído,App,Cartão
O0011057,C01262,2025-11-29,Cancelado,App,Carteira digital
O0011058,C01262,2025-12-07,Concluído,App,Boleto
O0011059,C01262,2025-08-02,Concluído,Site,Cartão
O0011060,C04972,2024-05-08,Concluído,Site,Carteira digital
O0011061,C04972,2025-06-30,Concluído,Site,Cartão
O0011062,C02484,2024-10-06,Concluído,Site,Cartão
O0011063,C04645,2025-11-03,Concluído,Site,Carteira digital
O0011064,C04645,2024-03-10,Concluído,Site,Cartão
O0011065,C00916,2025-06-15,Concluído,Site,Carteira digital
O0011066,C00916,2025-09-17,Cancelado,Site,Carteira digital
O0011067,C00916,2025-02-18,Concluído,App,PIX
O0011068,C00916,2025-04-29,Concluído,Site,Cartão
O0011069,C04839,2024-01-06,Concluído,Site,PIX
O0011070,C01170,2025-04-02,Concluído,Marketplace,Cartão
O0011071,C04905,2023-10-27,Concluído,Marketplace,Carteira digital
O0011072,C04905,2024-02-09,Concluído,Marketplace,Cartão
O0011073,C04905,2024-09-14,Concluído,Site,PIX
O0011074,C04905,2023-12-23,Devolvido,App,Carteira digital
O0011075,C04905,2024-11-20,Concluído,Marketplace,Boleto
O0011076,C04905,2023-11-28,Concluído,Site,PIX
O0011077,C04905,2025-03-11,Concluído,App,Cartão
O0011078,C04905,2025-03-14,Concluído,Site,Cartão
O0011079,C04905,2023-12-27,Cancelado,Marketplace,Cartão
O0011080,C04905,2024-09-08,Cancelado,App,Cartão
O0011081,C04905,2023-09-08,Concluído,Site,Cartão
O0011082,C04905,2023-05-25,Concluído,Site,Boleto
O0011083,C04905,2024-04-27,Cancelado,Site,Cartão
O0011084,C04905,2024-04-03,Concluído,App,PIX
O0011085,C04905,2024-11-08,Concluído,Marketplace,Cartão
O0011086,C04905,2025-02-28,Concluído,App,PIX
O0011087,C04905,2023-12-14,Concluído,Marketplace,Carteira digital
O0011088,C04905,2024-09-18,Concluído,Site,Cartão
O0011089,C04905,2023-05-17,Concluído,Site,PIX
O0011090,C04905,2023-08-31,Concluído,Site,Cartão
O0011091,C00111,2025-06-11,Concluído,Site,Cartão
O0011092,C00111,2025-04-17,Concluído,Marketplace,PIX
O0011093,C00111,2025-03-17,Concluído,App,Cartão
O0011094,C00111,2025-05-26,Concluído,Site,PIX
O0011095,C00111,2025-03-13,Concluído,Site,Cartão
O0011096,C02971,2025-08-16,Concluído,Site,Carteira digital
O0011097,C02971,2025-07-20,Concluído,Site,Carteira digital
O0011098,C03239,2023-07-25,Concluído,Site,Cartão
O0011099,C03239,2025-12-21,Concluído,Marketplace,Carteira digital
O0011100,C03239,2025-02-07,Concluído,Marketplace,Cartão
O0011101,C03239,2023-06-22,Concluído,Site,Cartão
O0011102,C04941,2025-08-05,Concluído,App,PIX
O0011103,C04941,2025-09-14,Concluído,Marketplace,Cartão
O0011104,C01229,2024-01-02,Concluído,Marketplace,Cartão
O0011105,C01229,2023-12-03,Concluído,Site,Cartão
O0011106,C01229,2024-07-04,Concluído,Site,Cartão
O0011107,C01229,2023-07-13,Concluído,Marketplace,PIX
O0011108,C01229,2023-08-04,Concluído,Site,Carteira digital
O0011109,C01946,2025-10-19,Concluído,App,Cartão
O0011110,C01844,2025-03-07,Concluído,App,Boleto
O0011111,C02925,2024-10-12,Concluído,Marketplace,Carteira digital
O0011112,C02925,2024-05-29,Concluído,Site,Carteira digital
O0011113,C04974,2025-06-21,Concluído,App,Cartão
O0011114,C04974,2025-04-30,Concluído,App,Cartão
O0011115,C03133,2024-11-24,Concluído,Site,Cartão
O0011116,C03133,2024-12-13,Concluído,Marketplace,Carteira digital
O0011117,C04830,2025-06-26,Concluído,Site,Carteira digital
O0011118,C04830,2023-11-30,Concluído,Marketplace,Carteira digital
O0011119,C04830,2024-01-13,Concluído,App,Carteira digital
O0011120,C04830,2023-06-13,Concluído,Site,Cartão
O0011121,C03482,2025-01-10,Concluído,Site,Cartão
O0011122,C03482,2024-05-29,Concluído,Site,PIX
O0011123,C00200,2024-01-31,Concluído,App,Cartão
O0011124,C00200,2024-09-02,Concluído,Site,Cartão
O0011125,C00200,2025-06-13,Concluído,App,Cartão
O0011126,C00200,2023-12-03,Concluído,Site,Carteira digital
O0011127,C00200,2024-04-18,Concluído,App,Cartão
O0011128,C00200,2024-07-26,Concluído,App,PIX
O0011129,C00200,2023-12-24,Concluído,Site,Carteira digital
O0011130,C04256,2025-10-06,Concluído,Site,Cartão
O0011131,C04256,2025-04-23,Concluído,Marketplace,Boleto
O0011132,C01444,2024-03-22,Concluído,Site,Cartão
O0011133,C01444,2025-06-08,Concluído,Site,Cartão
O0011134,C02360,2024-10-23,Concluído,App,Cartão
O0011135,C02360,2025-10-30,Concluído,App,Cartão
O0011136,C02360,2025-12-11,Concluído,Site,Cartão
O0011137,C01519,2024-03-22,Concluído,Site,Boleto
O0011138,C03788,2025-12-14,Concluído,Marketplace,Cartão
O0011139,C03788,2025-11-11,Concluído,Marketplace,PIX
O0011140,C03788,2025-01-22,Cancelado,Site,Cartão
O0011141,C03788,2025-02-23,Concluído,Site,Cartão
O0011142,C03788,2025-04-08,Concluído,Site,Cartão
O0011143,C03788,2024-12-26,Concluído,Site,PIX
O0011144,C03788,2024-05-07,Concluído,Site,Cartão
O0011145,C03788,2024-06-25,Concluído,Site,Boleto
O0011146,C03788,2024-07-01,Concluído,Site,Cartão
O0011147,C03788,2024-05-13,Concluído,Site,Boleto
O0011148,C03788,2025-04-16,Concluído,App,Cartão
O0011149,C03788,2024-10-15,Concluído,Site,Cartão
O0011150,C03788,2024-03-21,Concluído,Site,PIX
O0011151,C00705,2025-06-15,Concluído,App,Boleto
O0011152,C02808,2025-06-20,Concluído,Site,PIX
O0011153,C00280,2024-06-22,Concluído,App,Cartão
O0011154,C00280,2023-07-06,Concluído,App,Cartão
O0011155,C03785,2024-12-22,Concluído,App,Boleto
O0011156,C03785,2024-08-14,Concluído,Site,Cartão
O0011157,C03785,2025-05-02,Concluído,Site,PIX
O0011158,C03785,2024-07-25,Concluído,App,Cartão
O0011159,C03785,2024-09-03,Concluído,Site,PIX
O0011160,C03785,2024-04-05,Concluído,App,Cartão
O0011161,C03785,2023-12-17,Concluído,Site,Cartão
O0011162,C03785,2024-10-23,Concluído,App,PIX
O0011163,C03785,2023-05-07,Concluído,App,Cartão
O0011164,C03785,2023-02-04,Concluído,App,Cartão
O0011165,C03785,2024-11-16,Concluído,App,PIX
O0011166,C03785,2023-03-31,Concluído,Marketplace,Cartão
O0011167,C03785,2025-06-22,Concluído,Marketplace,PIX
O0011168,C03785,2025-04-01,Concluído,Site,PIX
O0011169,C03785,2024-05-14,Concluído,Site,Cartão
O0011170,C03785,2025-04-26,Concluído,App,PIX
O0011171,C03785,2024-04-24,Concluído,Marketplace,Boleto
O0011172,C03785,2023-10-30,Devolvido,Site,Boleto
O0011173,C00266,2025-08-25,Concluído,Site,PIX
O0011174,C01694,2024-04-02,Concluído,Site,Cartão
O0011175,C04003,2024-11-13,Concluído,App,Carteira digital
O0011176,C04003,2024-05-20,Concluído,Site,Cartão
O0011177,C04003,2024-09-17,Concluído,Site,Carteira digital
O0011178,C04003,2024-11-21,Concluído,Site,PIX
O0011179,C04003,2024-03-20,Concluído,Marketplace,Cartão
O0011180,C04003,2025-07-21,Concluído,Site,PIX
O0011181,C04003,2025-06-02,Concluído,Site,Cartão
O0011182,C04003,2025-03-12,Concluído,Site,Cartão
O0011183,C04003,2024-10-27,Concluído,Marketplace,Cartão
O0011184,C04003,2024-12-08,Concluído,Site,PIX
O0011185,C04003,2024-12-25,Concluído,Site,PIX
O0011186,C04003,2025-12-27,Concluído,App,PIX
O0011187,C04937,2024-09-24,Concluído,Marketplace,Cartão
O0011188,C04937,2025-01-05,Concluído,Marketplace,Carteira digital
O0011189,C04937,2025-02-07,Concluído,Site,Cartão
O0011190,C02048,2025-03-13,Concluído,Marketplace,Cartão
O0011191,C00488,2024-03-03,Concluído,Site,Cartão
O0011192,C01829,2024-12-16,Concluído,Site,PIX
O0011193,C01829,2023-11-15,Concluído,App,Cartão
O0011194,C01829,2024-05-01,Concluído,Site,Cartão
O0011195,C04390,2023-08-20,Concluído,Site,Cartão
O0011196,C04390,2024-03-13,Concluído,Site,Cartão
O0011197,C04390,2024-03-18,Concluído,Site,PIX
O0011198,C04608,2024-09-20,Concluído,App,Cartão
O0011199,C02175,2025-01-13,Concluído,Site,Cartão
O0011200,C02175,2023-05-28,Concluído,Site,PIX
O0011201,C02175,2025-01-08,Concluído,App,Cartão
O0011202,C00054,2025-12-17,Concluído,Marketplace,Carteira digital
O0011203,C00054,2025-12-25,Concluído,Marketplace,Cartão
O0011204,C01128,2025-01-29,Concluído,Site,PIX
O0011205,C01128,2025-10-09,Concluído,App,Cartão
O0011206,C01128,2025-03-12,Concluído,Site,Cartão
O0011207,C01128,2025-01-01,Concluído,Site,PIX
O0011208,C03519,2025-10-12,Concluído,Marketplace,Cartão
O0011209,C03519,2025-12-24,Concluído,App,PIX
O0011210,C01634,2024-12-28,Concluído,Site,Cartão
O0011211,C01634,2024-12-21,Cancelado,App,Cartão
O0011212,C00239,2025-12-01,Concluído,Site,Cartão
O0011213,C00239,2025-10-22,Concluído,Site,Cartão
O0011214,C00928,2025-10-15,Concluído,Site,PIX
O0011215,C02520,2025-11-02,Concluído,Marketplace,Cartão
O0011216,C03759,2024-05-20,Concluído,App,Cartão
O0011217,C03759,2023-12-17,Concluído,App,Cartão
O0011218,C03759,2024-09-22,Concluído,App,Cartão
O0011219,C03759,2025-10-12,Concluído,App,Cartão
O0011220,C03759,2025-11-06,Concluído,Site,PIX
O0011221,C04135,2025-03-02,Concluído,Site,PIX
O0011222,C01114,2023-10-28,Concluído,Site,Cartão
O0011223,C01114,2025-03-14,Concluído,App,Cartão
O0011224,C01114,2024-12-10,Concluído,Site,Cartão
O0011225,C03525,2025-12-05,Concluído,App,Boleto
O0011226,C04871,2025-09-08,Concluído,Site,Cartão
O0011227,C03818,2025-01-20,Concluído,App,PIX
O0011228,C02633,2025-12-12,Concluído,App,Carteira digital
O0011229,C02633,2025-11-18,Concluído,Site,PIX
O0011230,C03240,2024-02-24,Concluído,Marketplace,Cartão
O0011231,C03240,2025-09-15,Concluído,Marketplace,Cartão
O0011232,C01281,2025-12-05,Concluído,App,Cartão
O0011233,C01281,2023-09-05,Concluído,App,Cartão
O0011234,C01281,2025-07-06,Concluído,Site,Cartão
O0011235,C01281,2023-02-04,Concluído,Site,Carteira digital
O0011236,C01281,2025-03-10,Concluído,App,Cartão
O0011237,C01281,2025-06-07,Concluído,Site,Cartão
O0011238,C01347,2025-06-28,Concluído,App,Cartão
O0011239,C01347,2023-10-24,Concluído,Site,Cartão
O0011240,C01347,2023-11-23,Concluído,App,PIX
O0011241,C01916,2025-01-11,Concluído,App,Boleto
O0011242,C01916,2024-03-15,Concluído,Site,PIX
O0011243,C01916,2023-07-02,Concluído,Site,Cartão
O0011244,C03543,2024-02-13,Concluído,Site,Cartão
O0011245,C03543,2025-07-01,Concluído,Marketplace,PIX
O0011246,C04525,2025-02-26,Concluído,Site,Cartão
O0011247,C00197,2025-10-15,Concluído,App,Cartão
O0011248,C00197,2025-02-04,Concluído,App,Cartão
O0011249,C00124,2025-02-24,Concluído,App,Cartão
O0011250,C00124,2025-06-30,Concluído,Site,Cartão
O0011251,C00124,2025-06-29,Concluído,Marketplace,Cartão
O0011252,C03463,2025-09-02,Concluído,Site,Carteira digital
O0011253,C03463,2023-06-13,Concluído,App,Cartão
O0011254,C03463,2023-05-01,Concluído,Site,PIX
O0011255,C03463,2024-04-28,Concluído,Site,Carteira digital
O0011256,C03463,2025-08-04,Concluído,Site,Cartão
O0011257,C02536,2024-10-05,Concluído,Site,Cartão
O0011258,C02536,2024-06-06,Concluído,Site,PIX
O0011259,C03736,2025-12-16,Devolvido,App,Carteira digital
O0011260,C03736,2025-08-02,Concluído,Marketplace,PIX
O0011261,C03736,2025-04-24,Concluído,App,Cartão
O0011262,C03736,2025-09-22,Concluído,Site,Carteira digital
O0011263,C03736,2024-12-27,Concluído,App,PIX
O0011264,C03736,2025-05-07,Concluído,Site,Cartão
O0011265,C02330,2024-02-19,Concluído,Site,PIX
O0011266,C02330,2025-01-28,Concluído,Site,PIX
O0011267,C02330,2024-09-24,Concluído,Site,Carteira digital
O0011268,C02330,2023-12-27,Concluído,Marketplace,Cartão
O0011269,C02330,2025-11-15,Concluído,Site,Cartão
O0011270,C02330,2025-11-12,Concluído,Site,Carteira digital
O0011271,C02330,2024-07-22,Concluído,App,Cartão
O0011272,C02330,2024-01-30,Concluído,App,PIX
O0011273,C02330,2025-09-16,Concluído,Marketplace,Cartão
O0011274,C02330,2024-07-28,Concluído,Site,Cartão
O0011275,C02330,2025-10-30,Concluído,Site,Boleto
O0011276,C02399,2025-03-22,Concluído,App,Boleto
O0011277,C02399,2023-09-23,Concluído,Marketplace,Cartão
O0011278,C03268,2025-12-28,Concluído,Marketplace,PIX
O0011279,C03268,2025-08-30,Concluído,Marketplace,Boleto
O0011280,C03451,2025-12-28,Concluído,Site,Cartão
O0011281,C00701,2025-03-30,Concluído,Site,Cartão
O0011282,C02035,2025-02-14,Concluído,App,Cartão
O0011283,C02035,2025-02-16,Concluído,App,Cartão
O0011284,C02383,2025-09-16,Concluído,Site,Cartão
O0011285,C00155,2025-05-24,Concluído,Site,Boleto
O0011286,C02806,2023-11-06,Concluído,Site,Cartão
O0011287,C02806,2024-01-01,Concluído,App,Carteira digital
O0011288,C00767,2025-05-28,Concluído,Site,Carteira digital
O0011289,C00767,2025-08-25,Concluído,Site,Carteira digital
O0011290,C03641,2024-11-29,Concluído,Marketplace,PIX
O0011291,C03634,2025-08-29,Concluído,Marketplace,Boleto
O0011292,C03634,2025-06-07,Concluído,App,PIX
O0011293,C03634,2025-02-21,Concluído,Marketplace,Cartão
O0011294,C04959,2025-05-12,Concluído,Site,Cartão
O0011295,C04959,2025-06-22,Concluído,App,Cartão
O0011296,C01481,2025-05-12,Concluído,App,Cartão
O0011297,C01481,2024-01-20,Concluído,Marketplace,Cartão
O0011298,C01481,2024-10-02,Concluído,Site,PIX
O0011299,C01380,2023-10-08,Concluído,Site,Cartão
O0011300,C01380,2023-05-19,Concluído,Site,Carteira digital
O0011301,C03718,2024-07-17,Concluído,App,Cartão
O0011302,C03718,2025-06-22,Concluído,App,Cartão
O0011303,C04983,2023-02-06,Concluído,Site,Cartão
O0011304,C00521,2025-07-17,Concluído,Site,Cartão
O0011305,C03107,2024-08-21,Concluído,Site,Cartão
O0011306,C03107,2025-10-07,Concluído,Site,Boleto
O0011307,C03107,2025-10-02,Concluído,Site,Cartão
O0011308,C03527,2023-03-16,Concluído,App,Carteira digital
O0011309,C03527,2023-09-01,Concluído,Marketplace,PIX
O0011310,C03527,2023-03-08,Concluído,App,Cartão
O0011311,C04553,2025-10-26,Cancelado,App,PIX
O0011312,C04553,2025-02-11,Cancelado,Site,Boleto
O0011313,C03991,2025-11-09,Concluído,Marketplace,PIX
O0011314,C03991,2025-12-11,Concluído,Site,PIX
O0011315,C03991,2025-09-16,Concluído,Marketplace,PIX
O0011316,C03991,2025-08-14,Concluído,Site,Carteira digital
O0011317,C03991,2025-08-17,Concluído,Marketplace,PIX
O0011318,C03991,2025-04-24,Concluído,App,PIX
O0011319,C03991,2025-05-09,Concluído,Site,Cartão
O0011320,C03991,2025-04-24,Concluído,App,Cartão
O0011321,C03991,2025-04-25,Concluído,Site,Carteira digital
O0011322,C03991,2025-11-08,Concluído,Marketplace,Cartão
O0011323,C03991,2025-11-22,Concluído,Site,PIX
O0011324,C03991,2025-10-02,Concluído,Marketplace,PIX
O0011325,C03991,2025-05-11,Concluído,Site,Cartão
O0011326,C03991,2025-05-08,Concluído,Site,Carteira digital
O0011327,C03991,2025-11-22,Concluído,App,Carteira digital
O0011328,C03991,2025-12-08,Concluído,Site,PIX
O0011329,C03991,2025-12-29,Concluído,Site,Cartão
O0011330,C01048,2023-03-07,Concluído,Site,PIX
O0011331,C01697,2025-04-23,Concluído,Site,Cartão
O0011332,C03227,2025-07-07,Concluído,Site,PIX
O0011333,C03227,2025-07-19,Concluído,Site,Cartão
O0011334,C03227,2025-07-28,Cancelado,App,Carteira digital
O0011335,C02900,2025-11-19,Concluído,Site,PIX
O0011336,C02900,2025-12-26,Concluído,App,Boleto
O0011337,C02051,2025-11-22,Concluído,Site,Cartão
O0011338,C02051,2025-12-27,Concluído,Site,Carteira digital
O0011339,C04714,2025-11-05,Concluído,Site,Cartão
O0011340,C04714,2025-03-27,Concluído,App,PIX
O0011341,C04714,2024-08-19,Concluído,Site,Cartão
O0011342,C04714,2024-12-09,Concluído,Site,PIX
O0011343,C04714,2024-08-02,Concluído,App,Cartão
O0011344,C00617,2023-02-27,Concluído,Site,Boleto
O0011345,C00119,2025-03-04,Concluído,App,Carteira digital
O0011346,C02512,2025-12-29,Concluído,Site,Cartão
O0011347,C02512,2025-12-27,Concluído,Site,PIX
O0011348,C02512,2025-12-29,Concluído,Site,Cartão
O0011349,C02512,2025-12-25,Concluído,Marketplace,PIX
O0011350,C02512,2025-12-29,Concluído,Marketplace,Carteira digital
O0011351,C02512,2025-12-25,Concluído,Site,Cartão
O0011352,C02512,2025-12-26,Concluído,Site,Cartão
O0011353,C02512,2025-12-31,Concluído,App,Boleto
O0011354,C02512,2025-12-27,Concluído,Site,Cartão
O0011355,C02512,2025-12-25,Concluído,App,Boleto
O0011356,C02512,2025-12-26,Concluído,App,PIX
O0011357,C02512,2025-12-30,Concluído,Site,PIX
O0011358,C02512,2025-12-24,Concluído,App,Cartão
O0011359,C02512,2025-12-25,Devolvido,Site,Carteira digital
O0011360,C02512,2025-12-31,Concluído,App,Cartão
O0011361,C03980,2025-08-18,Concluído,Site,Cartão
O0011362,C03980,2025-08-27,Concluído,App,Cartão
O0011363,C03980,2024-07-21,Concluído,Site,PIX
O0011364,C03980,2024-08-31,Concluído,Site,Cartão
O0011365,C02499,2025-08-05,Concluído,Site,Cartão
O0011366,C02698,2025-02-16,Concluído,App,PIX
O0011367,C02698,2025-07-24,Concluído,Site,Cartão
O0011368,C03713,2025-12-09,Concluído,Marketplace,Cartão
O0011369,C04061,2025-03-15,Concluído,App,Carteira digital
O0011370,C02402,2025-10-23,Concluído,Site,Boleto
O0011371,C02402,2025-12-23,Concluído,App,Carteira digital
O0011372,C04955,2025-05-21,Concluído,Site,Cartão
O0011373,C04356,2025-08-02,Concluído,Marketplace,Cartão
O0011374,C04356,2024-07-28,Concluído,Marketplace,PIX
O0011375,C01420,2025-02-19,Concluído,Site,Cartão
O0011376,C01420,2024-04-10,Concluído,Site,Cartão
O0011377,C01420,2024-11-07,Concluído,Marketplace,Cartão
O0011378,C01613,2023-12-05,Concluído,Site,PIX
O0011379,C01613,2025-04-05,Concluído,Marketplace,PIX
O0011380,C01613,2025-08-25,Concluído,Marketplace,Cartão
O0011381,C01613,2025-08-29,Devolvido,Site,Cartão
O0011382,C01613,2024-11-08,Concluído,Marketplace,PIX
O0011383,C01613,2025-03-23,Concluído,Marketplace,Cartão
O0011384,C01613,2025-01-13,Concluído,App,PIX
O0011385,C01613,2023-05-02,Concluído,App,Boleto
O0011386,C01613,2025-01-27,Concluído,Site,PIX
O0011387,C01613,2024-01-08,Concluído,App,Carteira digital
O0011388,C01613,2025-01-16,Concluído,Site,Cartão
O0011389,C01613,2023-10-12,Concluído,Site,PIX
O0011390,C01613,2025-07-07,Concluído,Site,Cartão
O0011391,C02462,2025-04-05,Concluído,Site,PIX
O0011392,C02462,2025-06-02,Concluído,App,Cartão
O0011393,C02462,2025-09-10,Concluído,Site,Carteira digital
O0011394,C02462,2024-11-27,Concluído,App,Cartão
O0011395,C02462,2025-01-08,Concluído,Site,Cartão
O0011396,C01101,2024-04-27,Concluído,App,Boleto
O0011397,C04013,2024-10-17,Concluído,Site,Cartão
O0011398,C01875,2025-04-14,Concluído,Site,Boleto
O0011399,C02084,2025-10-11,Concluído,App,Cartão
O0011400,C02084,2025-09-01,Cancelado,Site,Boleto
O0011401,C02084,2025-01-09,Concluído,Site,Carteira digital
O0011402,C03267,2025-01-14,Concluído,App,Carteira digital
O0011403,C03267,2025-06-26,Concluído,Site,Cartão
O0011404,C03267,2025-02-07,Concluído,Site,Cartão
O0011405,C03267,2025-07-28,Concluído,Marketplace,Carteira digital
O0011406,C03267,2025-12-31,Concluído,App,PIX
O0011407,C03267,2025-02-18,Concluído,Marketplace,PIX
O0011408,C03304,2025-03-06,Concluído,Marketplace,Cartão
O0011409,C04906,2024-10-12,Concluído,Site,PIX
O0011410,C04906,2023-12-23,Concluído,Site,Carteira digital
O0011411,C04906,2023-09-10,Concluído,Site,Cartão
O0011412,C04906,2024-04-24,Concluído,Site,Cartão
O0011413,C02221,2025-01-20,Concluído,Site,Cartão
O0011414,C02945,2025-10-22,Concluído,Site,Cartão
O0011415,C02945,2025-09-27,Concluído,Marketplace,Carteira digital
O0011416,C02945,2025-12-11,Concluído,Site,Cartão
O0011417,C00459,2025-05-14,Concluído,Site,Cartão
O0011418,C02818,2025-06-13,Concluído,Marketplace,Cartão
O0011419,C02818,2025-10-16,Concluído,Marketplace,Cartão
O0011420,C02818,2025-05-27,Concluído,Site,PIX
O0011421,C02818,2025-07-08,Concluído,App,Cartão
O0011422,C02818,2024-12-18,Concluído,Site,PIX
O0011423,C02818,2025-01-24,Concluído,App,Cartão
O0011424,C02818,2025-11-29,Concluído,App,Cartão
O0011425,C02818,2025-04-17,Concluído,Marketplace,PIX
O0011426,C02818,2024-11-30,Concluído,Marketplace,Cartão
O0011427,C02818,2024-11-12,Concluído,Site,Carteira digital
O0011428,C02818,2025-03-09,Concluído,App,PIX
O0011429,C02818,2025-12-31,Concluído,App,Cartão
O0011430,C01126,2025-09-10,Concluído,Site,Cartão
O0011431,C01126,2024-12-25,Concluído,Site,Carteira digital
O0011432,C01126,2025-02-25,Concluído,Site,PIX
O0011433,C01624,2025-11-05,Concluído,Site,PIX
O0011434,C01624,2025-09-05,Concluído,Site,Carteira digital
O0011435,C01791,2023-01-20,Concluído,App,PIX
O0011436,C01791,2023-10-01,Concluído,App,Cartão
O0011437,C01791,2023-08-19,Concluído,Site,PIX
O0011438,C01533,2025-11-11,Concluído,App,PIX
O0011439,C01533,2025-03-17,Concluído,Site,Cartão
O0011440,C04128,2025-03-02,Concluído,Site,Cartão
O0011441,C04128,2025-10-22,Concluído,Site,Cartão
O0011442,C04128,2025-11-17,Concluído,Site,Cartão
O0011443,C04128,2025-02-22,Concluído,Site,Cartão
O0011444,C04128,2025-05-21,Concluído,App,PIX
O0011445,C04128,2024-07-22,Concluído,App,Carteira digital
O0011446,C04128,2025-07-06,Concluído,Site,Cartão
O0011447,C04128,2025-11-11,Concluído,Site,Cartão
O0011448,C04128,2025-02-18,Concluído,App,Cartão
O0011449,C04128,2024-08-13,Concluído,Site,PIX
O0011450,C04128,2025-07-25,Concluído,Marketplace,Cartão
O0011451,C04128,2024-11-12,Concluído,Site,PIX
O0011452,C04128,2025-02-13,Concluído,Site,PIX
O0011453,C04128,2024-12-29,Concluído,Site,Carteira digital
O0011454,C00954,2025-07-03,Devolvido,Site,Cartão
O0011455,C00954,2025-11-02,Concluído,Site,PIX
O0011456,C00954,2025-09-22,Concluído,Site,PIX
O0011457,C04948,2025-01-16,Concluído,Site,PIX
O0011458,C04948,2024-06-06,Concluído,App,Boleto
O0011459,C04948,2024-12-24,Concluído,App,Carteira digital
O0011460,C00546,2025-11-02,Concluído,Site,Cartão
O0011461,C00546,2025-09-25,Concluído,Site,Cartão
O0011462,C00546,2025-11-03,Concluído,Site,Cartão
O0011463,C00546,2025-09-05,Concluído,App,PIX
O0011464,C00546,2025-11-15,Concluído,App,Cartão
O0011465,C00546,2025-10-15,Concluído,App,Cartão
O0011466,C01756,2025-04-11,Concluído,App,Cartão
O0011467,C03200,2025-11-09,Concluído,Site,Cartão
O0011468,C03875,2024-12-15,Concluído,Marketplace,Cartão
O0011469,C03875,2024-08-13,Concluído,App,Boleto
O0011470,C03875,2025-09-08,Concluído,Site,Boleto
O0011471,C03875,2024-12-21,Concluído,Site,Carteira digital
O0011472,C01160,2023-01-19,Concluído,Site,PIX
O0011473,C01160,2025-04-06,Cancelado,App,Carteira digital
O0011474,C01160,2023-08-27,Concluído,Site,Cartão
O0011475,C01160,2024-10-31,Concluído,Site,PIX
O0011476,C01160,2024-11-17,Concluído,Marketplace,Cartão
O0011477,C01160,2023-04-02,Concluído,Marketplace,Cartão
O0011478,C03928,2025-05-28,Concluído,Site,PIX
O0011479,C03928,2025-03-01,Concluído,App,Carteira digital
O0011480,C03928,2025-09-05,Cancelado,App,Cartão
O0011481,C03972,2025-10-17,Concluído,Site,Cartão
O0011482,C03972,2024-10-25,Concluído,Site,Cartão
O0011483,C00829,2025-02-15,Concluído,Site,Cartão
O0011484,C00829,2025-06-18,Concluído,Site,PIX
O0011485,C00829,2025-02-21,Concluído,Site,Cartão
O0011486,C00829,2024-08-09,Concluído,App,Boleto
O0011487,C00829,2025-08-11,Concluído,App,Cartão
O0011488,C01108,2024-04-08,Concluído,Site,PIX
O0011489,C02888,2024-02-19,Concluído,Site,PIX
O0011490,C02395,2025-12-06,Concluído,Site,PIX
O0011491,C02395,2025-11-08,Concluído,Site,PIX
O0011492,C03688,2025-06-22,Concluído,Site,Cartão
O0011493,C03688,2023-07-22,Devolvido,Site,Boleto
O0011494,C03688,2024-03-16,Concluído,App,Carteira digital
O0011495,C03521,2025-12-17,Concluído,Site,PIX
O0011496,C03521,2025-08-25,Concluído,Site,Cartão
O0011497,C03521,2025-07-08,Concluído,Site,Cartão
O0011498,C03521,2025-07-09,Concluído,Site,PIX
O0011499,C03521,2025-05-22,Concluído,Site,Carteira digital
O0011500,C03521,2025-06-03,Concluído,App,Cartão
O0011501,C03521,2025-04-29,Concluído,Site,Boleto
O0011502,C01783,2024-05-01,Concluído,Site,Cartão
O0011503,C01783,2024-04-23,Concluído,Marketplace,PIX
O0011504,C01783,2023-06-15,Concluído,Marketplace,Cartão
O0011505,C01783,2024-03-28,Concluído,Marketplace,Cartão
O0011506,C01783,2025-04-30,Concluído,Site,Cartão
O0011507,C01783,2024-11-19,Concluído,Marketplace,Cartão
O0011508,C01783,2024-08-12,Concluído,App,Cartão
O0011509,C02683,2025-03-21,Concluído,Site,Cartão
O0011510,C02683,2025-06-17,Concluído,Marketplace,PIX
O0011511,C02683,2025-01-24,Concluído,Marketplace,Cartão
O0011512,C02978,2024-02-20,Concluído,Site,Cartão
O0011513,C02978,2023-09-22,Concluído,Marketplace,Cartão
O0011514,C02978,2023-06-10,Concluído,Marketplace,Cartão
O0011515,C02978,2023-11-03,Concluído,App,Cartão
O0011516,C02978,2025-09-12,Concluído,App,Cartão
O0011517,C02978,2023-12-17,Concluído,Marketplace,Cartão
O0011518,C02978,2025-05-27,Concluído,Site,Cartão
O0011519,C02978,2025-12-19,Concluído,Site,Cartão
O0011520,C02978,2023-06-21,Concluído,Site,Carteira digital
O0011521,C02978,2025-04-26,Concluído,Marketplace,Cartão
O0011522,C02978,2025-07-31,Concluído,Site,Cartão
O0011523,C02978,2025-08-30,Concluído,Marketplace,Cartão
O0011524,C02978,2024-06-07,Devolvido,Site,Cartão
O0011525,C02978,2024-12-05,Concluído,App,Cartão
O0011526,C02978,2025-01-11,Concluído,Site,Cartão
O0011527,C02978,2024-06-15,Concluído,Marketplace,Carteira digital
O0011528,C02978,2023-06-10,Concluído,Site,Cartão
O0011529,C03603,2024-09-16,Concluído,Site,Cartão
O0011530,C03603,2024-12-09,Concluído,Site,PIX
O0011531,C03603,2025-02-26,Devolvido,Marketplace,PIX
O0011532,C03603,2025-03-30,Concluído,Site,Cartão
O0011533,C00552,2025-04-29,Concluído,Marketplace,PIX
O0011534,C00552,2024-06-08,Concluído,App,Boleto
O0011535,C00552,2024-12-04,Concluído,App,Carteira digital
O0011536,C00552,2024-08-07,Concluído,Site,Cartão
O0011537,C00552,2025-02-16,Concluído,Site,Cartão
O0011538,C04031,2025-08-29,Concluído,Site,Boleto
O0011539,C02149,2024-07-05,Concluído,Site,Carteira digital
O0011540,C02149,2024-03-03,Concluído,Site,PIX
O0011541,C02149,2024-01-25,Concluído,Site,PIX
O0011542,C02149,2025-08-27,Concluído,App,Carteira digital
O0011543,C02149,2024-10-07,Concluído,Site,PIX
O0011544,C03166,2024-03-03,Concluído,Marketplace,Carteira digital
O0011545,C03166,2024-08-24,Concluído,Site,Cartão
O0011546,C03166,2025-06-08,Concluído,Marketplace,PIX
O0011547,C03166,2023-12-06,Concluído,Site,PIX
O0011548,C04463,2024-10-26,Concluído,App,Carteira digital
O0011549,C04201,2025-08-04,Concluído,App,PIX
O0011550,C03990,2024-08-15,Concluído,App,Cartão
O0011551,C03990,2025-01-18,Concluído,Marketplace,Boleto
O0011552,C00796,2025-09-23,Concluído,App,PIX
O0011553,C00796,2024-03-01,Concluído,Marketplace,Cartão
O0011554,C00796,2025-01-31,Concluído,App,Cartão
O0011555,C00796,2023-10-17,Concluído,Site,Boleto
O0011556,C00796,2023-06-05,Concluído,App,Carteira digital
O0011557,C02590,2023-09-05,Concluído,Site,PIX
O0011558,C02590,2025-01-16,Concluído,App,Cartão
O0011559,C02590,2025-02-13,Concluído,Site,PIX
O0011560,C02590,2024-04-27,Concluído,Site,Carteira digital
O0011561,C02780,2024-06-18,Concluído,Marketplace,PIX
O0011562,C02780,2024-01-08,Concluído,Site,PIX
O0011563,C02780,2025-05-09,Concluído,Site,Cartão
O0011564,C02780,2025-02-14,Concluído,App,Cartão
O0011565,C00198,2023-06-19,Concluído,App,Cartão
O0011566,C00198,2024-05-31,Cancelado,Site,Cartão
O0011567,C04447,2024-10-17,Concluído,Site,Carteira digital
O0011568,C04447,2025-10-09,Concluído,Site,Boleto
O0011569,C04447,2024-09-10,Concluído,App,Carteira digital
O0011570,C04447,2024-12-17,Concluído,App,Cartão
O0011571,C04447,2025-06-26,Concluído,Site,PIX
O0011572,C04447,2025-03-12,Concluído,App,Carteira digital
O0011573,C04447,2024-11-26,Concluído,App,Cartão
O0011574,C04447,2024-10-30,Concluído,Marketplace,Carteira digital
O0011575,C04447,2024-10-31,Concluído,Site,PIX
O0011576,C04447,2024-12-29,Concluído,App,Cartão
O0011577,C04447,2025-06-20,Concluído,Site,Cartão
O0011578,C04447,2025-03-14,Concluído,App,Boleto
O0011579,C04447,2024-10-17,Concluído,App,Cartão
O0011580,C00780,2025-02-26,Concluído,Site,PIX
O0011581,C01258,2025-12-31,Concluído,Site,Cartão
O0011582,C01258,2025-12-26,Concluído,App,Cartão
O0011583,C04302,2024-12-13,Concluído,Site,PIX
O0011584,C04302,2025-05-28,Concluído,Marketplace,Cartão
O0011585,C04302,2024-11-05,Concluído,Site,PIX
O0011586,C04302,2024-10-23,Concluído,App,Cartão
O0011587,C04302,2025-06-11,Concluído,Site,Cartão
O0011588,C01010,2025-05-09,Concluído,Site,Cartão
O0011589,C01010,2025-10-20,Concluído,App,Cartão
O0011590,C01010,2024-01-24,Concluído,Marketplace,Carteira digital
O0011591,C00350,2025-09-28,Concluído,Marketplace,Carteira digital
O0011592,C00350,2025-03-28,Concluído,App,Carteira digital
O0011593,C02979,2025-07-02,Concluído,Marketplace,PIX
O0011594,C02979,2025-06-05,Concluído,Site,PIX
O0011595,C02635,2025-07-02,Concluído,Site,Cartão
O0011596,C00560,2025-12-08,Concluído,App,Carteira digital
O0011597,C00560,2025-12-30,Concluído,Site,Cartão
O0011598,C00560,2025-12-31,Concluído,App,PIX
O0011599,C00560,2025-12-21,Concluído,App,Cartão
O0011600,C03472,2025-07-17,Concluído,App,Cartão
O0011601,C03472,2025-06-17,Concluído,Site,Carteira digital
O0011602,C03472,2025-07-13,Concluído,App,Cartão
O0011603,C03595,2024-11-18,Concluído,Site,Cartão
O0011604,C03595,2023-10-10,Concluído,Marketplace,PIX
O0011605,C04964,2023-11-21,Concluído,Site,Cartão
O0011606,C04964,2023-12-03,Concluído,Marketplace,Cartão
O0011607,C01479,2024-12-10,Concluído,App,Boleto
O0011608,C01479,2025-01-23,Concluído,App,Cartão
O0011609,C01479,2023-03-23,Cancelado,Site,PIX
O0011610,C01479,2023-02-23,Concluído,Site,Cartão
O0011611,C01479,2025-07-30,Concluído,Site,PIX
O0011612,C02455,2025-12-31,Concluído,App,Cartão
O0011613,C02455,2025-07-18,Concluído,App,Cartão
O0011614,C02455,2025-11-02,Concluído,App,Cartão
O0011615,C02455,2025-08-28,Concluído,Site,Cartão
O0011616,C02455,2025-09-11,Concluído,App,Cartão
O0011617,C02455,2025-07-12,Concluído,App,Cartão
O0011618,C02455,2025-09-30,Concluído,App,Cartão
O0011619,C02522,2025-04-28,Concluído,Site,Carteira digital
O0011620,C03248,2025-04-06,Concluído,Site,Boleto
O0011621,C04222,2025-08-19,Concluído,App,PIX
O0011622,C03471,2025-10-27,Concluído,Marketplace,Cartão
O0011623,C03471,2025-06-18,Concluído,Site,Cartão
O0011624,C03471,2024-11-11,Concluído,Site,PIX
O0011625,C00573,2024-09-24,Concluído,Site,Cartão
O0011626,C03390,2025-02-11,Concluído,Site,PIX
O0011627,C01867,2025-11-03,Concluído,Site,Cartão
O0011628,C01867,2025-08-09,Concluído,Site,Carteira digital
O0011629,C03372,2025-10-25,Concluído,Marketplace,Cartão
O0011630,C03372,2025-10-14,Concluído,Site,Cartão
O0011631,C03372,2025-08-18,Concluído,Site,Carteira digital
O0011632,C03372,2025-10-18,Concluído,Site,Cartão
O0011633,C03372,2025-10-29,Concluído,Site,PIX
O0011634,C03372,2025-11-25,Concluído,Site,Cartão
O0011635,C03372,2025-12-24,Concluído,Site,PIX
O0011636,C03372,2025-12-16,Concluído,Site,Cartão
O0011637,C03372,2025-11-28,Concluído,Site,Cartão
O0011638,C03372,2025-09-01,Concluído,Marketplace,Cartão
O0011639,C03372,2025-09-03,Concluído,Site,Cartão
O0011640,C03372,2025-10-17,Concluído,App,Cartão
O0011641,C03372,2025-10-26,Concluído,App,Cartão
O0011642,C02938,2025-07-02,Concluído,Site,Cartão
O0011643,C02938,2025-07-15,Concluído,Site,Cartão
O0011644,C04777,2023-05-09,Concluído,Site,Carteira digital
O0011645,C04777,2025-09-08,Concluído,App,Cartão
O0011646,C04777,2024-01-28,Concluído,App,Cartão
O0011647,C04777,2023-04-06,Concluído,App,PIX
O0011648,C04777,2023-08-28,Concluído,Marketplace,PIX
O0011649,C01371,2023-06-14,Concluído,App,PIX
O0011650,C04371,2025-06-29,Concluído,Site,Cartão
O0011651,C04371,2025-04-26,Concluído,Site,Cartão
O0011652,C04371,2025-04-02,Concluído,Marketplace,Cartão
O0011653,C03075,2025-11-21,Concluído,App,Carteira digital
O0011654,C01228,2024-02-14,Concluído,Site,Cartão
O0011655,C01228,2024-03-05,Concluído,Site,Cartão
O0011656,C02740,2025-06-30,Concluído,Site,PIX
O0011657,C02740,2025-07-12,Concluído,Site,Carteira digital
O0011658,C04664,2025-11-17,Concluído,App,PIX
O0011659,C04664,2025-08-07,Concluído,App,Cartão
O0011660,C04664,2024-12-22,Concluído,App,Cartão
O0011661,C03862,2024-12-17,Concluído,Site,PIX
O0011662,C03862,2025-11-02,Concluído,Site,Cartão
O0011663,C03918,2025-01-27,Concluído,Site,Carteira digital
O0011664,C03918,2025-05-30,Concluído,App,PIX
O0011665,C03918,2024-12-30,Concluído,Site,Cartão
O0011666,C03918,2025-05-21,Concluído,Site,Cartão
O0011667,C03918,2024-12-15,Concluído,Site,PIX
O0011668,C03918,2024-11-18,Concluído,App,Cartão
O0011669,C03918,2025-05-03,Concluído,Marketplace,Carteira digital
O0011670,C03918,2025-05-13,Concluído,App,Carteira digital
O0011671,C03918,2025-01-26,Concluído,App,Cartão
O0011672,C03918,2025-04-15,Concluído,Site,PIX
O0011673,C03918,2025-01-01,Concluído,Marketplace,Carteira digital
O0011674,C03918,2025-06-16,Concluído,Site,Carteira digital
O0011675,C03918,2025-03-05,Cancelado,Site,PIX
O0011676,C04570,2024-07-26,Concluído,Site,Cartão
O0011677,C04570,2025-07-04,Concluído,Site,Carteira digital
O0011678,C04570,2023-12-12,Concluído,Site,Cartão
O0011679,C04570,2024-05-17,Concluído,Site,Cartão
O0011680,C04570,2025-05-25,Concluído,Site,Carteira digital
O0011681,C02990,2025-06-12,Concluído,App,Boleto
O0011682,C02990,2024-05-12,Concluído,Site,Carteira digital
O0011683,C02990,2023-11-14,Concluído,Site,Cartão
O0011684,C04797,2025-06-09,Concluído,App,Cartão
O0011685,C04780,2025-08-18,Concluído,App,Carteira digital
O0011686,C04780,2025-02-25,Concluído,Site,Cartão
O0011687,C04780,2024-02-20,Concluído,Marketplace,Cartão
O0011688,C04780,2024-02-26,Concluído,Site,PIX
O0011689,C04780,2025-05-19,Concluído,Site,Cartão
O0011690,C04780,2025-06-20,Concluído,Site,PIX
O0011691,C04780,2024-09-07,Concluído,Site,Cartão
O0011692,C04780,2025-12-15,Concluído,Site,PIX
O0011693,C04780,2025-09-18,Concluído,App,Boleto
O0011694,C04780,2025-05-19,Concluído,App,Carteira digital
O0011695,C04780,2024-11-11,Concluído,Site,Boleto
O0011696,C04780,2024-08-13,Concluído,Site,Boleto
O0011697,C04780,2024-07-21,Concluído,App,Cartão
O0011698,C03496,2025-06-03,Concluído,Site,Cartão
O0011699,C03496,2025-05-25,Concluído,Marketplace,Boleto
O0011700,C03496,2025-06-03,Concluído,Site,Boleto
O0011701,C03496,2025-06-09,Concluído,Site,PIX
O0011702,C02839,2023-03-02,Concluído,App,Carteira digital
O0011703,C02839,2025-04-24,Concluído,Marketplace,Cartão
O0011704,C02839,2025-02-04,Concluído,Site,Cartão
O0011705,C00351,2025-04-30,Concluído,Marketplace,Carteira digital
O0011706,C00351,2024-02-16,Concluído,App,Cartão
O0011707,C00351,2025-02-17,Cancelado,App,Cartão
O0011708,C00351,2024-10-21,Concluído,Site,Cartão
O0011709,C00351,2024-05-28,Concluído,Marketplace,Cartão
O0011710,C00351,2025-05-19,Concluído,Site,Carteira digital
O0011711,C00351,2025-03-13,Concluído,Site,Cartão
O0011712,C00351,2024-08-08,Concluído,App,Cartão
O0011713,C00351,2024-09-10,Concluído,Site,Cartão
O0011714,C00351,2024-02-05,Concluído,Marketplace,Cartão
O0011715,C00351,2024-12-14,Concluído,Site,Cartão
O0011716,C00351,2025-03-24,Concluído,Site,Carteira digital
O0011717,C00351,2025-05-10,Concluído,Marketplace,Cartão
O0011718,C00351,2024-06-21,Concluído,App,Boleto
O0011719,C04901,2023-02-02,Concluído,Site,Cartão
O0011720,C04901,2023-05-18,Concluído,App,Cartão
O0011721,C01611,2023-06-14,Concluído,App,Cartão
O0011722,C01611,2024-07-03,Concluído,Site,Boleto
O0011723,C01168,2023-06-16,Concluído,Site,PIX
O0011724,C01168,2025-01-04,Concluído,App,PIX
O0011725,C01168,2024-12-05,Concluído,Site,Cartão
O0011726,C00377,2024-11-25,Concluído,App,Cartão
O0011727,C00377,2024-07-07,Concluído,Marketplace,PIX
O0011728,C00377,2024-07-20,Concluído,App,PIX
O0011729,C00377,2023-09-04,Concluído,App,Cartão
O0011730,C00377,2025-03-08,Concluído,Site,PIX
O0011731,C00377,2024-12-03,Concluído,Site,Cartão
O0011732,C04760,2025-02-12,Concluído,Site,Cartão
O0011733,C04760,2024-11-23,Devolvido,App,Cartão
O0011734,C04760,2024-08-25,Concluído,App,Cartão
O0011735,C04212,2025-10-22,Concluído,App,Cartão
O0011736,C04212,2025-11-29,Concluído,Marketplace,Carteira digital
O0011737,C04212,2025-08-23,Concluído,Site,PIX
O0011738,C04212,2025-10-29,Concluído,App,Cartão
O0011739,C04915,2025-06-21,Concluído,Site,Cartão
O0011740,C04915,2025-09-16,Concluído,Marketplace,Carteira digital
O0011741,C04915,2025-08-03,Concluído,Site,Carteira digital
O0011742,C04915,2025-08-18,Concluído,Marketplace,Carteira digital
O0011743,C04915,2025-07-06,Concluído,Marketplace,PIX
O0011744,C04915,2025-09-02,Concluído,App,Carteira digital
O0011745,C04915,2025-07-16,Concluído,Site,Cartão
O0011746,C04915,2025-11-11,Concluído,Site,Cartão
O0011747,C04915,2025-11-06,Concluído,Site,Cartão
O0011748,C04915,2025-06-16,Concluído,Marketplace,PIX
O0011749,C04915,2025-12-07,Concluído,App,Cartão
O0011750,C04439,2024-05-24,Concluído,App,Boleto
O0011751,C04805,2024-08-17,Concluído,Marketplace,Cartão
O0011752,C04805,2025-11-01,Concluído,Site,PIX
O0011753,C04258,2025-11-14,Concluído,Site,Cartão
O0011754,C04258,2025-10-15,Concluído,Marketplace,PIX
O0011755,C00606,2025-06-07,Concluído,App,Cartão
O0011756,C00606,2025-10-10,Concluído,App,Cartão
O0011757,C00606,2025-07-25,Concluído,Marketplace,PIX
O0011758,C00118,2024-05-22,Concluído,Site,PIX
O0011759,C00118,2023-05-26,Concluído,Site,PIX
O0011760,C00118,2023-05-31,Concluído,Marketplace,Carteira digital
O0011761,C00118,2025-02-02,Cancelado,Site,Cartão
O0011762,C03939,2023-11-24,Concluído,App,PIX
O0011763,C04079,2025-12-15,Concluído,Site,Cartão
O0011764,C04079,2025-12-29,Concluído,Site,Cartão
O0011765,C04079,2025-12-23,Concluído,App,Cartão
O0011766,C02306,2024-09-07,Concluído,App,Boleto
O0011767,C03088,2025-01-09,Concluído,App,PIX
O0011768,C03088,2024-06-20,Concluído,Marketplace,Carteira digital
O0011769,C03906,2025-03-14,Concluído,Marketplace,PIX
O0011770,C00084,2025-05-31,Concluído,Site,Cartão
O0011771,C00084,2025-04-18,Concluído,Site,Cartão
O0011772,C00084,2024-08-31,Concluído,Site,Cartão
O0011773,C02535,2023-12-04,Concluído,Site,Boleto
O0011774,C02535,2024-08-31,Concluído,App,Cartão
O0011775,C02535,2024-04-02,Cancelado,Site,Cartão
O0011776,C02535,2024-06-06,Concluído,Marketplace,Cartão
O0011777,C02695,2025-12-15,Devolvido,Site,Carteira digital
O0011778,C02695,2025-11-30,Concluído,App,PIX
O0011779,C02695,2025-10-26,Concluído,Site,Cartão
O0011780,C02695,2025-10-31,Concluído,Marketplace,Cartão
O0011781,C02695,2025-11-14,Concluído,Site,Cartão
O0011782,C02229,2023-10-15,Concluído,Marketplace,PIX
O0011783,C03996,2025-03-07,Concluído,Marketplace,PIX
O0011784,C03996,2023-10-07,Concluído,Site,Cartão
O0011785,C01077,2023-09-08,Concluído,Site,Carteira digital
O0011786,C01077,2025-06-12,Concluído,App,Carteira digital
O0011787,C02995,2024-08-31,Concluído,App,Cartão
O0011788,C02609,2025-02-07,Concluído,App,Cartão
O0011789,C02609,2025-06-03,Concluído,App,Carteira digital
O0011790,C02609,2025-09-11,Concluído,Marketplace,Cartão
O0011791,C03511,2024-02-09,Concluído,Site,PIX
O0011792,C00985,2025-12-24,Concluído,Site,Cartão
O0011793,C00985,2024-02-03,Concluído,App,Cartão
O0011794,C00985,2024-03-14,Concluído,App,Boleto
O0011795,C00985,2024-10-15,Concluído,Site,Cartão
O0011796,C00985,2025-05-15,Concluído,Site,Cartão
O0011797,C00985,2025-03-26,Concluído,Site,Cartão
O0011798,C04181,2025-01-18,Concluído,Site,PIX
O0011799,C04181,2025-09-13,Concluído,App,Cartão
O0011800,C04181,2025-04-26,Concluído,App,Cartão
O0011801,C01795,2025-11-16,Concluído,Site,Cartão
O0011802,C04827,2024-09-10,Cancelado,App,Carteira digital
O0011803,C03879,2025-10-03,Concluído,Marketplace,PIX
O0011804,C03879,2025-01-26,Concluído,Site,Cartão
O0011805,C01929,2025-06-16,Concluído,Marketplace,Carteira digital
O0011806,C04808,2023-04-04,Concluído,App,Cartão
O0011807,C03065,2024-08-11,Concluído,Site,Cartão
O0011808,C03065,2025-12-31,Concluído,Site,PIX
O0011809,C02475,2025-11-29,Concluído,App,Cartão
O0011810,C01394,2025-08-26,Cancelado,Site,Cartão
O0011811,C01394,2025-02-23,Concluído,Marketplace,PIX
O0011812,C01632,2025-07-11,Concluído,App,Carteira digital
O0011813,C01632,2024-05-23,Concluído,App,Carteira digital
O0011814,C01632,2025-02-12,Concluído,Site,Boleto
O0011815,C00598,2025-01-16,Concluído,Site,PIX
O0011816,C00598,2025-09-21,Concluído,Site,Boleto
O0011817,C00598,2023-05-02,Concluído,App,PIX
O0011818,C00598,2023-03-02,Concluído,App,Cartão
O0011819,C00598,2023-06-15,Concluído,App,Cartão
O0011820,C02272,2025-02-22,Concluído,App,PIX
O0011821,C00027,2025-10-10,Concluído,Marketplace,PIX
O0011822,C00027,2024-10-09,Concluído,App,Carteira digital
O0011823,C00027,2025-05-03,Concluído,App,PIX
O0011824,C00027,2025-04-15,Cancelado,Site,Cartão
O0011825,C00027,2025-02-21,Concluído,Site,Cartão
O0011826,C00027,2025-10-27,Concluído,App,Cartão
O0011827,C00027,2024-11-16,Concluído,App,Cartão
O0011828,C04855,2024-06-01,Concluído,Marketplace,PIX
O0011829,C04855,2023-08-25,Concluído,Site,Cartão
O0011830,C04855,2025-03-06,Concluído,Site,Cartão
O0011831,C04855,2023-07-25,Concluído,App,Carteira digital
O0011832,C04855,2023-01-07,Concluído,Marketplace,Carteira digital
O0011833,C04855,2024-07-24,Concluído,Marketplace,Cartão
O0011834,C04855,2025-02-13,Concluído,Site,Carteira digital
O0011835,C04855,2023-04-29,Concluído,Site,PIX
O0011836,C04855,2023-04-23,Concluído,Site,Cartão
O0011837,C04855,2023-01-16,Concluído,App,PIX
O0011838,C04855,2025-02-14,Concluído,Site,Carteira digital
O0011839,C00590,2025-04-26,Concluído,Site,Carteira digital
O0011840,C00590,2025-12-20,Concluído,App,Cartão
O0011841,C01673,2023-06-15,Concluído,App,PIX
O0011842,C01673,2024-04-20,Concluído,App,Cartão
O0011843,C01673,2023-05-03,Concluído,Marketplace,Boleto
O0011844,C01673,2024-12-31,Concluído,Site,Cartão
O0011845,C01673,2024-09-17,Concluído,App,Carteira digital
O0011846,C00584,2024-10-18,Concluído,App,Cartão
O0011847,C04926,2023-05-28,Concluído,Site,Cartão
O0011848,C04822,2023-12-30,Concluído,Site,Boleto
O0011849,C04822,2024-10-04,Concluído,Marketplace,Cartão
O0011850,C02824,2024-08-13,Concluído,Site,Carteira digital
O0011851,C02824,2024-09-30,Concluído,Site,Boleto
O0011852,C02824,2024-03-05,Concluído,App,Cartão
O0011853,C02824,2025-02-23,Concluído,Site,Cartão
O0011854,C02824,2024-09-15,Concluído,Site,PIX
O0011855,C02824,2024-09-21,Concluído,Site,Carteira digital
O0011856,C02824,2024-06-11,Concluído,App,Cartão
O0011857,C02824,2025-02-09,Concluído,App,Carteira digital
O0011858,C02824,2024-05-25,Concluído,Site,Cartão
O0011859,C03323,2024-02-12,Concluído,App,Cartão
O0011860,C03323,2025-02-03,Concluído,Site,PIX
O0011861,C03323,2025-09-07,Concluído,App,Carteira digital
O0011862,C03323,2024-02-18,Concluído,Site,Cartão
O0011863,C03696,2025-12-06,Concluído,Marketplace,Cartão
O0011864,C03696,2025-10-25,Concluído,Site,PIX
O0011865,C03696,2025-08-03,Concluído,App,Cartão
O0011866,C03696,2025-08-28,Concluído,Site,Cartão
O0011867,C02262,2024-06-11,Concluído,Site,Carteira digital
O0011868,C02262,2024-11-08,Concluído,Site,Boleto
O0011869,C02262,2025-11-15,Concluído,App,Carteira digital
O0011870,C02262,2024-02-04,Concluído,Site,Carteira digital
O0011871,C02262,2025-04-29,Concluído,Site,Carteira digital
O0011872,C04221,2025-01-27,Concluído,Site,Boleto
O0011873,C04221,2025-12-21,Concluído,App,Carteira digital
O0011874,C04221,2025-04-11,Concluído,App,PIX
O0011875,C04221,2025-10-23,Concluído,Site,Carteira digital
O0011876,C02954,2024-09-01,Concluído,App,Boleto
O0011877,C02954,2025-01-02,Concluído,Site,PIX
O0011878,C02954,2023-12-03,Concluído,App,Cartão
O0011879,C02954,2024-06-27,Concluído,Site,PIX
O0011880,C02954,2025-07-29,Concluído,App,PIX
O0011881,C02954,2023-07-28,Concluído,Site,Carteira digital
O0011882,C02954,2025-01-09,Concluído,Site,Carteira digital
O0011883,C02954,2023-03-14,Concluído,Site,Cartão
O0011884,C02954,2024-08-31,Concluído,Site,PIX
O0011885,C02954,2023-04-12,Concluído,App,PIX
O0011886,C02954,2025-10-03,Concluído,Site,Cartão
O0011887,C02954,2024-08-08,Concluído,Marketplace,Carteira digital
O0011888,C02954,2025-09-15,Concluído,App,Cartão
O0011889,C02954,2024-04-12,Cancelado,Marketplace,Cartão
O0011890,C02954,2023-08-19,Concluído,Marketplace,Carteira digital
O0011891,C03576,2023-03-14,Concluído,Site,PIX
O0011892,C03576,2025-07-30,Concluído,Site,PIX
O0011893,C03576,2023-03-29,Concluído,Site,Cartão
O0011894,C03576,2024-09-26,Concluído,Marketplace,Cartão
O0011895,C03576,2023-08-12,Concluído,Site,PIX
O0011896,C00112,2024-07-19,Concluído,Site,PIX
O0011897,C01813,2024-10-26,Concluído,App,Cartão
O0011898,C01813,2024-11-28,Concluído,Site,PIX
O0011899,C01813,2025-04-02,Concluído,Site,PIX
O0011900,C01813,2025-04-25,Concluído,Marketplace,Cartão
O0011901,C01813,2025-01-27,Concluído,Site,Boleto
O0011902,C01813,2025-07-05,Concluído,Marketplace,Cartão
O0011903,C02214,2025-07-21,Concluído,App,Cartão
O0011904,C02214,2025-05-27,Concluído,Site,Carteira digital
O0011905,C02214,2025-02-23,Concluído,App,Cartão
O0011906,C02214,2025-09-13,Concluído,Site,Cartão
O0011907,C02214,2025-03-01,Concluído,Site,Boleto
O0011908,C02214,2025-04-18,Concluído,Marketplace,Carteira digital
O0011909,C03206,2025-01-31,Concluído,Site,Boleto
O0011910,C01161,2024-06-15,Concluído,Site,Carteira digital
O0011911,C01161,2024-11-25,Concluído,Site,Cartão
O0011912,C02055,2024-07-08,Concluído,App,PIX
O0011913,C01141,2024-05-10,Concluído,Marketplace,Boleto
O0011914,C03767,2025-01-01,Concluído,App,Cartão
O0011915,C03767,2025-06-10,Concluído,Site,Cartão
O0011916,C03767,2023-09-10,Concluído,Marketplace,Boleto
O0011917,C04833,2023-12-07,Concluído,App,Carteira digital
O0011918,C00250,2023-04-11,Concluído,App,Cartão
O0011919,C01219,2023-06-18,Concluído,Site,PIX
O0011920,C01219,2023-08-06,Concluído,Site,Boleto
O0011921,C00839,2025-12-29,Concluído,Site,Cartão
O0011922,C00839,2025-12-08,Concluído,Site,Cartão
O0011923,C00839,2025-06-25,Concluído,Marketplace,PIX
O0011924,C00839,2025-12-14,Concluído,Site,Cartão
O0011925,C00839,2025-06-27,Concluído,Site,Carteira digital
O0011926,C00839,2025-12-28,Concluído,Site,Boleto
O0011927,C01787,2025-11-01,Concluído,Site,Cartão
O0011928,C01787,2025-12-21,Concluído,App,PIX
O0011929,C03630,2025-03-18,Cancelado,Site,Cartão
O0011930,C03630,2025-01-08,Concluído,Marketplace,Cartão
O0011931,C03630,2025-06-16,Devolvido,Site,PIX
O0011932,C00001,2024-10-30,Concluído,Site,Carteira digital
O0011933,C00001,2025-04-12,Concluído,Marketplace,PIX
O0011934,C00001,2025-06-18,Concluído,Site,Cartão
O0011935,C00001,2024-10-28,Concluído,Site,Boleto
O0011936,C02850,2024-10-12,Concluído,Site,Cartão
O0011937,C02850,2023-07-10,Concluído,Site,Cartão
O0011938,C02850,2023-02-24,Concluído,Marketplace,Boleto
O0011939,C00113,2025-05-22,Concluído,Site,Carteira digital
O0011940,C00113,2025-04-29,Concluído,Site,Carteira digital
O0011941,C02344,2024-08-01,Concluído,Site,Cartão
O0011942,C02344,2024-05-14,Concluído,Marketplace,Carteira digital
O0011943,C01506,2025-09-13,Concluído,Marketplace,Cartão
O0011944,C01506,2025-05-24,Concluído,Site,PIX
O0011945,C01506,2025-08-19,Concluído,Site,PIX
O0011946,C02788,2024-01-31,Concluído,App,Boleto
O0011947,C02788,2025-07-08,Concluído,Site,Cartão
O0011948,C02788,2025-01-17,Concluído,App,PIX
O0011949,C02788,2024-07-11,Concluído,App,PIX
O0011950,C03695,2025-12-29,Concluído,App,Cartão
O0011951,C00849,2025-09-05,Concluído,Site,Cartão
O0011952,C00849,2024-03-25,Concluído,Marketplace,Cartão
O0011953,C00849,2024-07-29,Concluído,Site,Cartão
O0011954,C00877,2025-11-24,Concluído,Site,Cartão
O0011955,C01366,2025-08-31,Concluído,App,Cartão
O0011956,C01366,2025-07-19,Concluído,App,PIX
O0011957,C01366,2025-07-21,Concluído,Site,Cartão
O0011958,C01366,2025-08-18,Concluído,Site,Carteira digital
O0011959,C02303,2024-04-14,Concluído,App,Cartão
O0011960,C02303,2024-02-24,Concluído,App,Boleto
O0011961,C02303,2024-11-13,Concluído,Site,Cartão
O0011962,C04267,2023-12-18,Concluído,Site,Cartão
O0011963,C04267,2025-01-19,Concluído,App,Cartão
O0011964,C04267,2023-08-20,Concluído,App,Cartão
O0011965,C01289,2025-08-11,Concluído,Site,Boleto
O0011966,C01289,2025-11-25,Concluído,Site,Cartão
O0011967,C01289,2025-04-19,Concluído,Marketplace,Cartão
O0011968,C02668,2024-08-17,Concluído,Marketplace,Cartão
O0011969,C02668,2025-05-26,Concluído,App,Cartão
O0011970,C02073,2024-01-28,Concluído,Marketplace,Cartão
O0011971,C02192,2023-08-19,Concluído,App,Cartão
O0011972,C02192,2025-05-02,Concluído,Marketplace,PIX
O0011973,C02192,2025-04-21,Concluído,Site,Boleto
O0011974,C02192,2025-01-19,Concluído,App,Cartão
O0011975,C02783,2025-12-04,Concluído,Site,PIX
O0011976,C02783,2025-12-18,Concluído,Marketplace,Cartão
O0011977,C03146,2023-10-29,Concluído,App,Cartão
O0011978,C03146,2025-06-19,Concluído,App,Cartão
O0011979,C03146,2024-06-17,Concluído,Site,PIX
O0011980,C03146,2025-07-03,Concluído,App,Carteira digital
O0011981,C03580,2025-11-25,Concluído,App,Cartão
O0011982,C03580,2025-12-07,Concluído,App,Carteira digital
O0011983,C03580,2025-11-22,Concluído,Site,Carteira digital
O0011984,C03580,2025-12-29,Concluído,Site,Cartão
O0011985,C02985,2025-12-30,Concluído,Marketplace,Cartão
O0011986,C02985,2024-05-21,Concluído,Site,Carteira digital
O0011987,C02985,2024-06-15,Concluído,App,Cartão
O0011988,C02985,2023-07-27,Concluído,App,Cartão
O0011989,C02985,2024-12-09,Concluído,App,Carteira digital
O0011990,C02567,2025-12-17,Concluído,App,Boleto
O0011991,C02567,2025-12-23,Concluído,Site,Cartão
O0011992,C03614,2025-12-09,Concluído,Marketplace,Carteira digital
O0011993,C04831,2024-06-24,Concluído,App,Carteira digital
O0011994,C04831,2024-06-02,Concluído,Marketplace,PIX
O0011995,C01985,2025-06-08,Concluído,App,Cartão
O0011996,C01985,2025-05-08,Concluído,App,Carteira digital
O0011997,C01985,2025-09-26,Concluído,Site,Cartão
O0011998,C03071,2023-03-22,Concluído,Site,Cartão
O0011999,C03071,2025-05-26,Concluído,Site,PIX
O0012000,C04644,2025-06-16,Concluído,Site,Cartão
O0012001,C02958,2023-09-10,Concluído,Marketplace,Cartão
O0012002,C02958,2025-03-13,Concluído,App,Cartão
O0012003,C02958,2023-10-24,Concluído,Site,Cartão
O0012004,C02958,2024-08-10,Concluído,Site,PIX
O0012005,C02563,2025-11-17,Concluído,App,Cartão
O0012006,C02563,2025-10-06,Concluído,Site,Cartão
O0012007,C03285,2025-06-11,Concluído,Site,PIX
O0012008,C03285,2025-02-14,Concluído,Site,Cartão
O0012009,C02279,2023-03-04,Concluído,App,Cartão
O0012010,C00661,2025-07-29,Concluído,Site,Carteira digital
O0012011,C00661,2025-05-14,Concluído,App,PIX
O0012012,C00661,2025-10-16,Concluído,App,Cartão
O0012013,C00661,2025-09-20,Concluído,Site,PIX
O0012014,C00661,2025-04-27,Concluído,Site,Cartão
O0012015,C00661,2025-02-20,Concluído,Site,PIX
O0012016,C04600,2024-12-29,Concluído,App,Boleto
O0012017,C00574,2025-04-08,Concluído,Site,PIX
O0012018,C00574,2024-10-07,Concluído,App,Cartão
O0012019,C04169,2025-05-27,Concluído,Site,PIX
O0012020,C04169,2024-12-07,Concluído,Marketplace,Boleto
O0012021,C04169,2025-08-18,Concluído,Marketplace,PIX
O0012022,C04169,2025-01-21,Concluído,Site,Boleto
O0012023,C04169,2025-09-01,Concluído,Marketplace,Cartão
O0012024,C04169,2025-03-07,Concluído,Site,Cartão
O0012025,C04169,2025-12-26,Concluído,Marketplace,PIX
O0012026,C04169,2024-08-19,Concluído,App,Carteira digital
O0012027,C04169,2024-09-20,Concluído,Site,PIX
O0012028,C04169,2025-08-18,Concluído,Site,PIX
O0012029,C04169,2025-08-25,Devolvido,App,Carteira digital
O0012030,C04169,2025-08-09,Concluído,App,PIX
O0012031,C04169,2025-08-08,Concluído,Site,Cartão
O0012032,C04169,2025-06-29,Concluído,App,PIX
O0012033,C04169,2024-11-15,Concluído,Site,PIX
O0012034,C04169,2024-11-01,Concluído,Site,Cartão
O0012035,C00005,2025-10-30,Concluído,App,Cartão
O0012036,C03733,2024-11-10,Concluído,App,PIX
O0012037,C04473,2024-03-24,Concluído,Site,Cartão
O0012038,C04473,2024-12-25,Concluído,Site,PIX
O0012039,C01641,2025-09-18,Concluído,Marketplace,PIX
O0012040,C01641,2025-04-22,Concluído,Marketplace,Cartão
O0012041,C01641,2024-12-31,Concluído,Marketplace,Cartão
O0012042,C01641,2025-06-29,Concluído,Marketplace,Cartão
O0012043,C01641,2025-02-07,Concluído,App,Cartão
O0012044,C02939,2025-06-12,Concluído,App,Cartão
O0012045,C02939,2025-06-24,Concluído,Marketplace,Cartão
O0012046,C02939,2025-06-03,Concluído,Marketplace,Carteira digital
O0012047,C02939,2025-06-13,Devolvido,Site,Cartão
O0012048,C01062,2023-09-06,Concluído,App,PIX
O0012049,C01062,2024-09-26,Concluído,App,Carteira digital
O0012050,C01062,2023-04-11,Concluído,Site,Boleto
O0012051,C01998,2025-02-25,Concluído,Site,Cartão
O0012052,C01998,2023-02-03,Concluído,Site,Carteira digital
O0012053,C01998,2024-12-28,Concluído,Marketplace,Cartão
O0012054,C04024,2025-07-09,Concluído,Site,Cartão
O0012055,C03504,2024-10-04,Concluído,App,PIX
O0012056,C03504,2024-11-16,Concluído,Site,PIX
O0012057,C03556,2025-07-09,Concluído,Site,PIX
O0012058,C04414,2024-06-03,Concluído,Site,PIX
O0012059,C04414,2024-11-04,Concluído,App,PIX
O0012060,C04414,2025-07-02,Concluído,Marketplace,PIX
O0012061,C03805,2023-01-30,Concluído,Site,PIX
O0012062,C03805,2024-10-27,Concluído,Site,Cartão
O0012063,C03921,2025-03-07,Concluído,Marketplace,Cartão
O0012064,C03198,2025-10-08,Concluído,App,PIX
O0012065,C03198,2025-10-05,Concluído,App,Cartão
O0012066,C03198,2024-08-10,Concluído,Site,PIX
O0012067,C03198,2025-06-06,Concluído,App,Cartão
O0012068,C03198,2025-04-28,Concluído,Site,Carteira digital
O0012069,C03198,2024-04-16,Concluído,Site,PIX
O0012070,C03198,2025-11-25,Concluído,App,Cartão
O0012071,C01759,2025-11-28,Concluído,Site,Cartão
O0012072,C01759,2025-12-29,Concluído,Site,Cartão
O0012073,C01759,2025-12-28,Concluído,Site,Cartão
O0012074,C01759,2025-12-17,Concluído,Marketplace,PIX
O0012075,C01759,2025-12-26,Concluído,App,Boleto
O0012076,C01759,2025-12-05,Concluído,Site,Cartão
O0012077,C00720,2023-01-26,Concluído,Marketplace,Cartão
O0012078,C00720,2023-05-20,Concluído,App,Carteira digital
O0012079,C00720,2025-11-02,Cancelado,Site,Cartão
O0012080,C00720,2024-03-01,Concluído,Marketplace,Cartão
O0012081,C00720,2025-08-19,Concluído,App,PIX
O0012082,C00720,2025-11-19,Concluído,App,Cartão
O0012083,C00720,2023-04-21,Concluído,Site,Cartão
O0012084,C00720,2024-09-21,Concluído,Site,Cartão
O0012085,C00720,2024-01-22,Concluído,Marketplace,PIX
O0012086,C00720,2025-02-27,Concluído,Site,Cartão
O0012087,C00720,2025-08-24,Concluído,Site,PIX
O0012088,C00720,2025-03-08,Concluído,App,Cartão
O0012089,C00720,2023-05-25,Concluído,Marketplace,Cartão
O0012090,C02575,2025-06-20,Concluído,App,Cartão
O0012091,C02575,2025-01-05,Concluído,Marketplace,Cartão
O0012092,C03720,2023-09-14,Concluído,Site,Carteira digital
O0012093,C01804,2025-02-07,Concluído,Site,Cartão
O0012094,C04464,2025-10-13,Concluído,Site,Cartão
O0012095,C04464,2025-09-28,Concluído,Site,Cartão
O0012096,C04464,2023-11-01,Concluído,Marketplace,Carteira digital
O0012097,C01651,2024-09-10,Concluído,Site,PIX
O0012098,C01651,2023-03-01,Devolvido,App,PIX
O0012099,C02735,2025-12-11,Concluído,App,Cartão
O0012100,C02735,2025-12-29,Concluído,Site,Cartão
O0012101,C02735,2025-10-20,Concluído,Marketplace,Cartão
O0012102,C04245,2023-10-14,Concluído,Site,PIX
O0012103,C04245,2024-08-02,Concluído,Site,Carteira digital
O0012104,C04245,2023-09-03,Concluído,Marketplace,Cartão
O0012105,C04245,2023-01-07,Concluído,Marketplace,Boleto
O0012106,C04245,2024-05-31,Concluído,Site,Cartão
O0012107,C01822,2025-08-28,Concluído,Marketplace,Cartão
O0012108,C01822,2025-05-09,Concluído,Site,PIX
O0012109,C01822,2025-09-01,Concluído,Marketplace,Boleto
O0012110,C04394,2024-05-25,Concluído,App,Cartão
O0012111,C04394,2023-04-13,Concluído,Site,PIX
O0012112,C04394,2024-05-05,Concluído,Site,PIX
O0012113,C04394,2024-10-10,Concluído,Site,Cartão
O0012114,C04394,2023-07-18,Concluído,Site,PIX
O0012115,C04394,2024-06-18,Concluído,Site,Cartão
O0012116,C04394,2023-11-24,Cancelado,Site,Cartão
O0012117,C02237,2023-07-04,Concluído,App,PIX
O0012118,C01529,2025-09-17,Concluído,Site,Boleto
O0012119,C01678,2023-01-10,Concluído,Site,Cartão
O0012120,C01678,2024-08-23,Concluído,Site,Cartão
O0012121,C03592,2025-06-18,Concluído,Site,Cartão
O0012122,C02845,2024-02-07,Concluído,App,PIX
O0012123,C02845,2024-10-27,Concluído,App,Cartão
O0012124,C02845,2023-12-17,Concluído,App,Cartão
O0012125,C02845,2025-10-08,Concluído,Marketplace,Boleto
O0012126,C02845,2025-08-25,Concluído,Site,Carteira digital
O0012127,C02845,2023-11-14,Concluído,Site,Cartão
O0012128,C02845,2025-02-25,Concluído,App,Cartão
O0012129,C02845,2024-04-12,Concluído,Marketplace,PIX
O0012130,C02845,2023-05-06,Concluído,App,PIX
O0012131,C02845,2023-11-29,Concluído,Site,Cartão
O0012132,C02845,2023-10-03,Concluído,Site,PIX
O0012133,C02845,2024-03-07,Concluído,App,Boleto
O0012134,C00095,2025-01-18,Concluído,Site,Carteira digital
O0012135,C02182,2025-12-09,Concluído,Site,Cartão
O0012136,C02182,2025-12-06,Concluído,Site,Cartão
O0012137,C02182,2025-12-25,Concluído,App,Cartão
O0012138,C03079,2024-03-26,Concluído,App,Cartão
O0012139,C01723,2025-10-07,Cancelado,Site,PIX
O0012140,C01517,2025-02-08,Concluído,App,Carteira digital
O0012141,C01517,2024-12-17,Concluído,Site,Cartão
O0012142,C00435,2025-08-14,Concluído,Site,Cartão
O0012143,C00435,2025-02-21,Concluído,Site,Cartão
O0012144,C00435,2025-01-29,Concluído,Marketplace,Cartão
O0012145,C04601,2023-07-03,Concluído,App,Cartão
O0012146,C03926,2024-03-16,Concluído,Site,Cartão
O0012147,C04966,2025-06-29,Concluído,App,Cartão
O0012148,C04966,2025-06-11,Concluído,App,PIX
O0012149,C04966,2025-06-14,Concluído,Marketplace,PIX
O0012150,C04966,2025-06-16,Concluído,App,Cartão
O0012151,C04966,2025-06-25,Concluído,App,PIX
O0012152,C04641,2024-02-02,Concluído,App,Carteira digital
O0012153,C04641,2025-05-22,Concluído,App,Carteira digital
O0012154,C04641,2025-05-12,Concluído,Site,Boleto
O0012155,C04641,2024-05-28,Concluído,Site,Cartão
O0012156,C01885,2025-07-26,Concluído,App,Cartão
O0012157,C01897,2025-03-27,Concluído,Marketplace,Carteira digital
O0012158,C01897,2025-11-03,Cancelado,Site,Carteira digital
O0012159,C01897,2025-08-22,Devolvido,App,Carteira digital
O0012160,C01897,2024-11-26,Concluído,Site,Cartão
O0012161,C01897,2025-10-20,Concluído,Site,Cartão
O0012162,C01951,2024-10-12,Concluído,Site,Cartão
O0012163,C01951,2024-08-07,Concluído,Marketplace,Cartão
O0012164,C01951,2025-01-02,Concluído,Site,Cartão
O0012165,C01951,2025-08-03,Concluído,Marketplace,PIX
O0012166,C01951,2024-07-22,Concluído,Marketplace,PIX
O0012167,C02088,2024-02-18,Concluído,Site,Boleto
O0012168,C02088,2023-11-04,Concluído,App,PIX
O0012169,C02088,2023-12-22,Concluído,App,Cartão
O0012170,C02088,2024-02-13,Concluído,Marketplace,Cartão
O0012171,C02088,2024-06-09,Concluído,Site,Cartão
O0012172,C02088,2024-05-07,Concluído,Site,Cartão
O0012173,C02088,2025-12-24,Concluído,Site,Carteira digital
O0012174,C02088,2025-02-04,Concluído,App,PIX
O0012175,C02088,2024-10-10,Concluído,Site,Carteira digital
O0012176,C02088,2025-01-21,Concluído,Marketplace,Cartão
O0012177,C02088,2023-09-19,Concluído,Site,Cartão
O0012178,C02088,2024-10-17,Concluído,Marketplace,PIX
O0012179,C02088,2025-06-22,Concluído,Site,Cartão
O0012180,C02088,2025-04-22,Concluído,App,Cartão
O0012181,C02088,2024-10-29,Concluído,Site,Carteira digital
O0012182,C02088,2025-07-25,Concluído,Site,Cartão
O0012183,C02088,2023-06-25,Concluído,App,Cartão
O0012184,C04354,2023-10-05,Concluído,Site,Cartão
O0012185,C04354,2024-07-12,Concluído,Marketplace,Carteira digital
O0012186,C04354,2023-08-28,Concluído,Marketplace,Cartão
O0012187,C04354,2025-10-29,Concluído,Site,Cartão
O0012188,C04354,2024-11-26,Concluído,Marketplace,Cartão
O0012189,C03789,2025-04-28,Concluído,Site,PIX
O0012190,C02025,2024-11-17,Concluído,Site,Cartão
O0012191,C01022,2025-03-06,Concluído,Site,Cartão
O0012192,C01022,2025-02-17,Concluído,Site,Carteira digital
O0012193,C01962,2024-10-06,Concluído,Site,Cartão
O0012194,C01962,2025-10-23,Concluído,Site,Cartão
O0012195,C01962,2025-03-23,Concluído,Site,PIX
O0012196,C01962,2025-07-03,Concluído,App,Cartão
O0012197,C01962,2025-01-27,Concluído,Site,Cartão
O0012198,C01962,2025-05-15,Cancelado,App,Carteira digital
O0012199,C01962,2025-09-02,Concluído,App,PIX
O0012200,C01962,2024-11-08,Concluído,Site,Cartão
O0012201,C01962,2025-04-22,Concluído,Site,Cartão
O0012202,C01962,2024-11-29,Concluído,App,Cartão
O0012203,C01962,2025-11-28,Concluído,Marketplace,Boleto
O0012204,C03728,2023-03-03,Concluído,Site,Carteira digital
O0012205,C00825,2023-09-24,Concluído,Site,Carteira digital
O0012206,C03976,2023-09-03,Concluído,Site,Carteira digital
O0012207,C03976,2025-06-11,Concluído,Site,Carteira digital
O0012208,C00154,2024-07-11,Concluído,App,Cartão
O0012209,C00154,2024-10-26,Concluído,Site,Carteira digital
O0012210,C00551,2024-12-05,Concluído,App,Cartão
O0012211,C00551,2024-10-03,Concluído,App,Carteira digital
O0012212,C02061,2025-11-22,Concluído,App,Cartão
O0012213,C01838,2024-07-21,Concluído,Site,Cartão
O0012214,C01838,2024-06-29,Concluído,Site,Cartão
O0012215,C01838,2024-06-27,Concluído,Site,PIX
O0012216,C03194,2024-09-02,Concluído,App,PIX
O0012217,C03194,2024-08-28,Concluído,Marketplace,Cartão
O0012218,C03194,2024-11-23,Concluído,Site,Boleto
O0012219,C03194,2025-08-24,Concluído,Marketplace,PIX
O0012220,C02797,2024-12-09,Concluído,Marketplace,Cartão
O0012221,C02797,2025-07-19,Concluído,Marketplace,Carteira digital
O0012222,C02986,2025-03-27,Concluído,Site,PIX
O0012223,C02986,2025-02-11,Concluído,Site,Cartão
O0012224,C02986,2025-05-12,Concluído,Marketplace,Carteira digital
O0012225,C02986,2024-09-16,Concluído,Site,Cartão
O0012226,C03565,2024-07-18,Concluído,Site,Carteira digital
O0012227,C03226,2025-05-01,Concluído,Site,Cartão
O0012228,C03226,2024-12-13,Concluído,Site,Cartão
O0012229,C03226,2025-04-13,Concluído,App,Cartão
O0012230,C03226,2025-03-14,Concluído,Marketplace,PIX
O0012231,C03226,2024-12-20,Concluído,Site,Carteira digital
O0012232,C03226,2025-02-04,Concluído,Site,Cartão
O0012233,C03226,2025-01-25,Concluído,Marketplace,PIX
O0012234,C03226,2024-12-29,Concluído,Site,Cartão
O0012235,C03226,2025-04-15,Concluído,Marketplace,PIX
O0012236,C03226,2025-03-10,Concluído,Site,Boleto
O0012237,C02065,2024-01-15,Concluído,Site,Cartão
O0012238,C02065,2024-11-15,Devolvido,Site,Cartão
O0012239,C02065,2025-12-18,Concluído,Site,Cartão
O0012240,C02065,2023-10-11,Concluído,Site,Cartão
O0012241,C02065,2025-11-03,Concluído,App,Cartão
O0012242,C02065,2024-07-15,Concluído,Site,Cartão
O0012243,C02065,2025-07-02,Concluído,App,Cartão
O0012244,C04788,2025-04-11,Concluído,Site,PIX
O0012245,C04788,2024-12-05,Concluído,Marketplace,Cartão
O0012246,C04788,2025-11-07,Concluído,Marketplace,PIX
O0012247,C03341,2025-06-02,Concluído,Site,PIX
O0012248,C03341,2024-08-21,Concluído,Site,Cartão
O0012249,C02460,2024-07-22,Concluído,App,Cartão
O0012250,C02460,2023-07-22,Concluído,Marketplace,Carteira digital
O0012251,C02460,2023-03-16,Concluído,App,Cartão
O0012252,C03816,2024-08-05,Concluído,Marketplace,PIX
O0012253,C02830,2025-12-18,Concluído,Site,Cartão
O0012254,C02830,2025-09-21,Concluído,Site,Carteira digital
O0012255,C00911,2025-12-31,Concluído,Site,PIX
O0012256,C00911,2025-12-26,Concluído,Site,Carteira digital
O0012257,C00911,2025-10-28,Concluído,Marketplace,Carteira digital
O0012258,C02466,2025-12-16,Concluído,App,PIX
O0012259,C01496,2025-10-17,Concluído,Site,Cartão
O0012260,C01496,2025-06-16,Concluído,Site,Cartão
O0012261,C01496,2025-08-16,Concluído,App,PIX
O0012262,C01496,2025-07-08,Concluído,App,PIX
O0012263,C01196,2024-08-08,Concluído,App,Carteira digital
O0012264,C01196,2025-08-25,Concluído,App,Boleto
O0012265,C02322,2025-08-09,Concluído,Site,Carteira digital
O0012266,C04049,2024-12-29,Concluído,Site,Cartão
O0012267,C04049,2025-01-27,Concluído,Marketplace,Cartão
O0012268,C00700,2025-05-06,Concluído,App,PIX
O0012269,C00700,2025-04-07,Concluído,Marketplace,PIX
O0012270,C00700,2025-08-10,Concluído,Site,Cartão
O0012271,C00700,2025-10-04,Concluído,Marketplace,PIX
O0012272,C00700,2025-06-30,Concluído,App,Cartão
O0012273,C00700,2025-03-24,Concluído,App,PIX
O0012274,C00327,2025-11-07,Concluído,Site,Carteira digital
O0012275,C00327,2025-11-24,Concluído,App,PIX
O0012276,C00327,2025-10-23,Concluído,Site,Carteira digital
O0012277,C00327,2025-12-22,Concluído,Site,Carteira digital
O0012278,C00327,2025-11-04,Concluído,Site,Boleto
O0012279,C00327,2025-10-15,Concluído,Marketplace,Cartão
O0012280,C00327,2025-10-23,Concluído,Marketplace,Cartão
O0012281,C00327,2025-10-26,Concluído,Site,Cartão
O0012282,C00327,2025-11-16,Concluído,Site,PIX
O0012283,C00327,2025-09-28,Concluído,Site,Boleto
O0012284,C00327,2025-10-18,Concluído,Site,Cartão
O0012285,C00327,2025-10-15,Concluído,Site,PIX
O0012286,C00327,2025-11-19,Concluído,Site,PIX
O0012287,C00327,2025-12-17,Concluído,Site,Cartão
O0012288,C00327,2025-11-22,Concluído,Marketplace,Cartão
O0012289,C00327,2025-11-16,Concluído,App,Cartão
O0012290,C00327,2025-12-11,Concluído,Marketplace,Carteira digital
O0012291,C00327,2025-12-25,Concluído,Site,Cartão
O0012292,C02727,2024-06-20,Concluído,Site,Cartão
O0012293,C02727,2023-02-25,Concluído,Site,Cartão
O0012294,C02727,2023-05-09,Concluído,Marketplace,Carteira digital
O0012295,C02727,2025-10-17,Concluído,App,Carteira digital
O0012296,C04547,2025-11-20,Concluído,Marketplace,PIX
O0012297,C01623,2024-07-26,Concluído,Site,Carteira digital
O0012298,C01623,2025-10-21,Concluído,Site,Cartão
O0012299,C01623,2025-01-05,Concluído,Site,Carteira digital
O0012300,C01623,2025-04-17,Concluído,Site,Cartão
O0012301,C01623,2025-04-28,Concluído,Site,PIX
O0012302,C01623,2025-07-03,Concluído,Marketplace,Cartão
O0012303,C01623,2024-01-07,Concluído,Site,PIX
O0012304,C03464,2024-08-01,Concluído,Site,Boleto
O0012305,C01334,2025-07-14,Concluído,App,Boleto
O0012306,C01334,2023-04-11,Concluído,Site,Cartão
O0012307,C01334,2023-06-23,Concluído,Site,Cartão
O0012308,C01334,2025-05-17,Concluído,Marketplace,Cartão
O0012309,C01334,2025-08-31,Devolvido,Site,Cartão
O0012310,C01334,2023-06-14,Concluído,Marketplace,Cartão
O0012311,C01334,2024-06-24,Concluído,Site,PIX
O0012312,C01334,2025-04-25,Cancelado,App,PIX
O0012313,C01334,2025-06-03,Concluído,App,PIX
O0012314,C01334,2025-01-07,Concluído,App,Cartão
O0012315,C01334,2024-10-17,Concluído,App,Cartão
O0012316,C01334,2025-02-09,Concluído,Site,Cartão
O0012317,C01334,2025-03-05,Cancelado,Site,Cartão
O0012318,C01334,2025-02-25,Concluído,Site,Cartão
O0012319,C01334,2024-01-09,Concluído,Site,Cartão
O0012320,C01334,2025-08-22,Concluído,Site,Boleto
O0012321,C01334,2025-04-01,Concluído,Marketplace,Cartão
O0012322,C01334,2025-10-28,Concluído,Site,Carteira digital
O0012323,C01334,2025-06-18,Concluído,Marketplace,PIX
O0012324,C01334,2023-08-11,Concluído,App,Carteira digital
O0012325,C01334,2023-04-08,Concluído,App,Cartão
O0012326,C01334,2025-06-13,Concluído,Marketplace,Boleto
O0012327,C01334,2024-02-06,Concluído,Site,Cartão
O0012328,C01334,2024-02-01,Concluído,Site,PIX
O0012329,C00070,2025-03-07,Concluído,Site,Cartão
O0012330,C00070,2024-06-09,Concluído,Site,Carteira digital
O0012331,C01203,2023-10-19,Concluído,Site,Carteira digital
O0012332,C02426,2024-09-22,Concluído,Marketplace,PIX
O0012333,C04422,2024-10-14,Concluído,Site,Cartão
O0012334,C02532,2025-05-11,Concluído,App,Boleto
O0012335,C02532,2025-04-26,Concluído,Site,Cartão
O0012336,C02532,2024-04-05,Concluído,Site,Boleto
O0012337,C01180,2024-08-20,Concluído,App,PIX
O0012338,C01180,2023-07-11,Concluído,Marketplace,Cartão
O0012339,C01505,2024-07-16,Cancelado,Marketplace,PIX
O0012340,C01505,2024-11-10,Concluído,Site,Cartão
O0012341,C01505,2024-09-09,Concluído,Site,Cartão
O0012342,C01505,2025-03-18,Concluído,Site,Cartão
O0012343,C01505,2025-01-26,Concluído,App,Cartão
O0012344,C01505,2025-01-19,Concluído,App,Cartão
O0012345,C02825,2025-06-06,Concluído,Site,PIX
O0012346,C03610,2024-01-11,Concluído,Site,Cartão
O0012347,C03610,2024-10-26,Concluído,App,Boleto
O0012348,C03610,2024-11-02,Concluído,Site,Cartão
O0012349,C03610,2025-11-01,Concluído,Marketplace,PIX
O0012350,C03610,2025-07-27,Concluído,Site,Cartão
O0012351,C03769,2025-12-11,Concluído,App,Boleto
O0012352,C03544,2025-05-05,Concluído,Site,Carteira digital
O0012353,C03544,2025-01-12,Concluído,App,Cartão
O0012354,C03544,2025-03-07,Concluído,App,Cartão
O0012355,C00960,2025-07-23,Concluído,Site,Cartão
O0012356,C00960,2024-04-25,Concluído,Site,Cartão
O0012357,C00960,2025-02-08,Concluído,App,Carteira digital
O0012358,C01197,2024-05-13,Concluído,Marketplace,Boleto
O0012359,C01197,2024-10-17,Concluído,Marketplace,Carteira digital
O0012360,C04046,2024-03-31,Concluído,Site,Cartão
O0012361,C04046,2024-07-22,Concluído,Site,Cartão
O0012362,C00986,2024-01-13,Concluído,Site,PIX
O0012363,C00986,2024-01-05,Concluído,Marketplace,Boleto
O0012364,C00986,2025-06-07,Concluído,Marketplace,Carteira digital
O0012365,C00986,2023-10-05,Concluído,Marketplace,Boleto
O0012366,C00986,2023-11-22,Concluído,Site,Carteira digital
O0012367,C01981,2025-07-19,Concluído,App,Carteira digital
O0012368,C04123,2024-08-26,Concluído,Site,PIX
O0012369,C01090,2025-08-22,Concluído,Site,Cartão
O0012370,C00626,2025-11-17,Concluído,App,Cartão
O0012371,C00626,2025-04-10,Concluído,Marketplace,Carteira digital
O0012372,C02628,2024-08-17,Concluído,Site,Cartão
O0012373,C02628,2024-02-21,Concluído,Site,PIX
O0012374,C02628,2024-12-28,Concluído,Site,Cartão
O0012375,C02628,2023-12-16,Concluído,App,Carteira digital
O0012376,C02628,2023-05-13,Concluído,Site,PIX
O0012377,C03425,2024-09-27,Concluído,Site,PIX
O0012378,C03425,2025-12-25,Concluído,App,Carteira digital
O0012379,C04072,2025-04-09,Concluído,App,Cartão
O0012380,C04072,2025-04-03,Concluído,Marketplace,Cartão
O0012381,C04072,2025-04-10,Concluído,Site,PIX
O0012382,C04072,2025-05-25,Concluído,Marketplace,Cartão
O0012383,C04072,2025-04-04,Concluído,App,PIX
O0012384,C04594,2025-05-01,Concluído,Site,PIX
O0012385,C04594,2025-04-22,Concluído,Site,Cartão
O0012386,C02994,2025-10-25,Concluído,Site,Cartão
O0012387,C03631,2025-05-11,Cancelado,Site,PIX
O0012388,C03631,2025-05-09,Concluído,App,PIX
O0012389,C00844,2024-06-13,Concluído,App,PIX
O0012390,C00844,2025-04-30,Concluído,Site,Cartão
O0012391,C02889,2024-09-21,Concluído,App,Carteira digital
O0012392,C00433,2025-02-23,Concluído,Marketplace,PIX
O0012393,C00433,2025-05-07,Concluído,Site,Cartão
O0012394,C00433,2023-01-26,Concluído,Site,Cartão
O0012395,C00433,2025-07-21,Concluído,App,Cartão
O0012396,C00433,2025-05-28,Concluído,Site,Cartão
O0012397,C00433,2024-05-29,Concluído,App,Cartão
O0012398,C01489,2023-07-09,Concluído,Marketplace,Carteira digital
O0012399,C02715,2025-12-20,Concluído,Marketplace,Cartão
O0012400,C02715,2025-12-21,Concluído,App,PIX
O0012401,C04813,2025-12-05,Concluído,Site,Carteira digital
O0012402,C01940,2025-12-02,Devolvido,Site,Cartão
O0012403,C01940,2025-09-02,Concluído,Site,Cartão
O0012404,C01940,2025-08-23,Concluído,Marketplace,Cartão
O0012405,C01940,2025-04-06,Concluído,App,PIX
O0012406,C04993,2025-01-27,Concluído,App,Cartão
O0012407,C04993,2024-01-03,Concluído,Site,PIX
O0012408,C03988,2024-11-28,Concluído,App,PIX
O0012409,C03988,2024-02-19,Concluído,Site,Cartão
O0012410,C02603,2025-02-04,Concluído,Site,Cartão
O0012411,C01701,2023-06-19,Concluído,Site,PIX
O0012412,C01701,2024-06-26,Concluído,Marketplace,PIX
O0012413,C01046,2023-03-25,Concluído,Marketplace,Cartão
O0012414,C01046,2025-11-30,Concluído,Site,Carteira digital
O0012415,C01046,2023-12-05,Concluído,Site,PIX
O0012416,C01046,2024-12-04,Concluído,Marketplace,Cartão
O0012417,C01046,2025-11-20,Concluído,App,Cartão
O0012418,C01046,2024-12-02,Concluído,Site,Carteira digital
O0012419,C01046,2023-01-23,Concluído,Site,Cartão
O0012420,C01046,2025-08-04,Concluído,Site,PIX
O0012421,C01046,2023-11-04,Concluído,Site,PIX
O0012422,C01046,2025-11-11,Concluído,Site,Cartão
O0012423,C01046,2025-01-06,Concluído,Site,PIX
O0012424,C02220,2025-08-01,Concluído,App,PIX
O0012425,C02220,2025-06-02,Concluído,Marketplace,Cartão
O0012426,C02220,2025-04-10,Concluído,Site,Cartão
O0012427,C02220,2025-12-11,Concluído,Marketplace,PIX
O0012428,C02220,2025-02-06,Concluído,Marketplace,Cartão
O0012429,C02220,2025-01-21,Concluído,App,Cartão
O0012430,C03212,2024-08-12,Concluído,Site,Cartão
O0012431,C03212,2023-10-29,Concluído,App,PIX
O0012432,C03212,2024-02-01,Concluído,App,Cartão
O0012433,C04316,2025-12-15,Concluído,Site,Carteira digital
O0012434,C01449,2025-02-18,Concluído,Marketplace,Cartão
O0012435,C01449,2023-07-03,Concluído,Marketplace,Cartão
O0012436,C01449,2024-01-21,Concluído,Site,Cartão
O0012437,C01449,2025-11-14,Concluído,App,Boleto
O0012438,C01449,2025-02-15,Concluído,Marketplace,Cartão
O0012439,C01449,2025-09-24,Concluído,Site,Cartão
O0012440,C01449,2025-08-04,Concluído,Site,Carteira digital
O0012441,C01449,2023-11-03,Concluído,Site,Cartão
O0012442,C01449,2024-07-13,Concluído,Site,Cartão
O0012443,C01449,2024-12-28,Concluído,Site,Boleto
O0012444,C01449,2024-06-28,Concluído,Site,Carteira digital
O0012445,C01449,2024-01-22,Concluído,App,Cartão
O0012446,C01449,2023-09-13,Concluído,App,Cartão
O0012447,C01449,2025-03-10,Concluído,App,Cartão
O0012448,C02307,2025-12-12,Concluído,Site,Cartão
O0012449,C04900,2025-12-19,Concluído,Site,Boleto
O0012450,C01270,2025-03-21,Devolvido,Site,Cartão
O0012451,C01006,2025-02-24,Concluído,Site,Carteira digital
O0012452,C01006,2025-07-22,Concluído,Site,Boleto
O0012453,C01006,2025-08-07,Concluído,Site,Cartão
O0012454,C01006,2025-11-05,Concluído,Site,Carteira digital
O0012455,C03984,2025-06-01,Concluído,Site,Cartão
O0012456,C03180,2024-05-16,Concluído,Site,Cartão
O0012457,C03180,2025-07-03,Concluído,Site,PIX
O0012458,C02948,2025-11-11,Concluído,Site,Boleto
O0012459,C02166,2025-10-24,Concluído,App,Cartão
O0012460,C02166,2025-11-14,Concluído,Marketplace,Cartão
O0012461,C03907,2025-04-02,Concluído,App,Carteira digital
O0012462,C03907,2025-03-31,Concluído,Site,Cartão
O0012463,C02899,2025-04-29,Concluído,App,PIX
O0012464,C02899,2024-06-19,Concluído,Marketplace,Cartão
O0012465,C02899,2024-11-02,Concluído,Site,Carteira digital
O0012466,C02899,2024-12-31,Concluído,App,Carteira digital
O0012467,C02899,2025-12-13,Concluído,Site,PIX
O0012468,C02899,2025-07-21,Concluído,Marketplace,Cartão
O0012469,C02899,2025-06-09,Concluído,App,Cartão
O0012470,C02899,2025-02-22,Concluído,Marketplace,PIX
O0012471,C02899,2024-04-13,Concluído,Site,PIX
O0012472,C02899,2023-11-30,Concluído,Site,PIX
O0012473,C02899,2024-06-17,Concluído,App,Cartão
O0012474,C01111,2025-03-04,Concluído,Site,Cartão
O0012475,C01111,2024-04-09,Concluído,Site,PIX
O0012476,C02451,2024-11-12,Concluído,Marketplace,Cartão
O0012477,C01418,2025-11-23,Concluído,Site,Cartão
O0012478,C01418,2025-10-13,Concluído,Site,PIX
O0012479,C03629,2024-12-21,Concluído,Site,PIX
O0012480,C03629,2025-01-17,Concluído,App,Cartão
O0012481,C02079,2024-12-02,Concluído,Site,PIX
O0012482,C01899,2024-04-08,Concluído,Site,Carteira digital
O0012483,C00632,2023-05-06,Concluído,Site,Cartão
O0012484,C00632,2024-11-26,Concluído,Site,Boleto
O0012485,C00632,2024-01-24,Concluído,App,Boleto
O0012486,C03664,2025-10-18,Concluído,Site,Cartão
O0012487,C03664,2025-09-23,Concluído,App,PIX
O0012488,C03664,2025-12-24,Concluído,Marketplace,Carteira digital
O0012489,C03664,2025-08-15,Devolvido,Site,PIX
O0012490,C03664,2025-11-30,Concluído,Site,PIX
O0012491,C01018,2025-07-24,Concluído,Site,Carteira digital
O0012492,C01018,2025-09-03,Concluído,Site,PIX
O0012493,C01018,2025-09-12,Concluído,Site,Carteira digital
O0012494,C04841,2024-01-20,Concluído,Marketplace,Cartão
O0012495,C04841,2025-03-30,Concluído,App,PIX
O0012496,C02612,2025-12-05,Concluído,Site,PIX
O0012497,C02612,2025-10-05,Concluído,App,Boleto
O0012498,C02612,2025-10-09,Concluído,Marketplace,Cartão
O0012499,C00127,2025-04-11,Concluído,App,Cartão
O0012500,C00127,2024-04-15,Concluído,Site,Carteira digital
O0012501,C00127,2025-04-20,Concluído,Site,Cartão
O0012502,C00127,2024-05-03,Devolvido,App,Cartão
O0012503,C00127,2025-04-15,Concluído,Site,Cartão
O0012504,C00127,2024-10-18,Cancelado,Site,Cartão
O0012505,C00963,2024-09-22,Concluído,App,PIX
O0012506,C00963,2023-12-21,Concluído,Site,Cartão
O0012507,C03355,2025-11-30,Concluído,App,Cartão
O0012508,C03279,2024-12-23,Concluído,Site,Carteira digital
O0012509,C03279,2024-11-08,Concluído,Site,Cartão
O0012510,C03279,2023-09-06,Concluído,App,Cartão
O0012511,C03618,2025-05-03,Concluído,App,Cartão
O0012512,C01142,2025-06-12,Concluído,Site,Cartão
O0012513,C01142,2025-12-05,Concluído,Site,PIX
O0012514,C01142,2025-10-30,Concluído,App,Boleto
O0012515,C03745,2024-01-21,Concluído,App,Cartão
O0012516,C04177,2025-06-13,Concluído,App,Cartão
O0012517,C04177,2024-12-22,Concluído,Site,Cartão
O0012518,C04177,2024-04-24,Concluído,Site,Carteira digital
O0012519,C01036,2024-06-17,Concluído,Marketplace,Cartão
O0012520,C02910,2025-01-06,Concluído,Site,PIX
O0012521,C02910,2025-10-26,Concluído,App,Carteira digital
O0012522,C02910,2024-08-28,Concluído,App,Cartão
O0012523,C04266,2023-01-20,Concluído,App,Carteira digital
O0012524,C04266,2024-07-04,Concluído,App,PIX
O0012525,C04266,2023-09-30,Concluído,Site,PIX
O0012526,C02170,2023-12-05,Concluído,Site,Carteira digital
O0012527,C02170,2025-03-08,Concluído,Site,PIX
O0012528,C02170,2025-10-05,Concluído,Marketplace,Cartão
O0012529,C02170,2024-08-10,Concluído,Marketplace,Boleto
O0012530,C02170,2025-04-21,Concluído,Site,Carteira digital
O0012531,C03563,2025-01-30,Concluído,App,Cartão
O0012532,C03563,2025-06-16,Concluído,Site,Cartão
O0012533,C03860,2024-11-21,Concluído,App,Cartão
O0012534,C04171,2025-08-21,Concluído,App,Carteira digital
O0012535,C04171,2025-05-03,Devolvido,Site,Carteira digital
O0012536,C03986,2024-10-31,Concluído,App,Cartão
O0012537,C03986,2025-12-26,Concluído,App,Boleto
O0012538,C02837,2025-03-05,Concluído,Site,Cartão
O0012539,C04885,2025-06-13,Concluído,Site,Cartão
O0012540,C04902,2025-10-11,Concluído,Site,Cartão
O0012541,C04902,2025-11-25,Concluído,App,Cartão
O0012542,C04787,2024-06-24,Concluído,Site,Cartão
O0012543,C04787,2025-04-27,Concluído,Site,PIX
O0012544,C00699,2023-06-21,Concluído,Site,Cartão
O0012545,C00699,2024-04-15,Concluído,Site,PIX
O0012546,C03134,2025-02-23,Concluído,Site,Cartão
O0012547,C05000,2025-07-27,Concluído,Site,Cartão
O0012548,C05000,2025-08-03,Concluído,Site,Cartão
O0012549,C05000,2025-03-21,Concluído,Marketplace,PIX
O0012550,C05000,2025-08-09,Concluído,Site,Cartão
O0012551,C05000,2025-10-02,Concluído,App,Cartão
O0012552,C05000,2025-01-07,Concluído,App,Boleto
O0012553,C05000,2025-06-22,Concluído,Marketplace,Cartão
O0012554,C05000,2024-12-18,Concluído,App,Cartão
O0012555,C05000,2025-05-23,Cancelado,Site,PIX
O0012556,C05000,2024-06-17,Concluído,Site,Cartão
O0012557,C05000,2024-07-03,Concluído,Site,Cartão
O0012558,C05000,2025-02-24,Concluído,Site,Cartão
O0012559,C05000,2025-01-25,Concluído,Site,Cartão
O0012560,C05000,2025-05-29,Concluído,App,Boleto
O0012561,C02430,2024-05-07,Devolvido,Site,Cartão
O0012562,C02430,2025-11-24,Concluído,Site,Cartão
O0012563,C02430,2025-10-27,Concluído,Site,PIX
O0012564,C04309,2025-02-12,Concluído,App,Cartão
O0012565,C03672,2024-10-18,Concluído,App,PIX
O0012566,C03672,2024-12-18,Concluído,Site,Cartão
O0012567,C03672,2024-04-25,Concluído,Marketplace,PIX
O0012568,C03672,2024-02-18,Concluído,Site,PIX
O0012569,C03672,2025-05-28,Concluído,Site,Cartão
O0012570,C03672,2025-06-19,Concluído,Site,PIX
O0012571,C03672,2024-02-18,Concluído,Site,Cartão
O0012572,C03672,2024-09-10,Concluído,Marketplace,Cartão
O0012573,C03672,2024-10-04,Concluído,App,PIX
O0012574,C03672,2025-01-03,Concluído,Marketplace,Cartão
O0012575,C03672,2025-03-16,Concluído,Site,Cartão
O0012576,C03672,2025-03-15,Concluído,Site,PIX
O0012577,C03672,2024-11-14,Concluído,Site,Boleto
O0012578,C03672,2024-05-15,Concluído,Site,Cartão
O0012579,C01346,2025-03-11,Concluído,Marketplace,Cartão
O0012580,C03558,2024-03-05,Concluído,Site,PIX
O0012581,C02319,2025-06-30,Concluído,App,PIX
O0012582,C02319,2025-05-09,Concluído,Marketplace,Carteira digital
O0012583,C02319,2025-06-24,Concluído,Site,PIX
O0012584,C02319,2025-06-18,Concluído,Site,PIX
O0012585,C02319,2025-04-16,Concluído,Site,Cartão
O0012586,C02319,2025-04-04,Concluído,Site,Cartão
O0012587,C02319,2025-06-23,Concluído,Marketplace,PIX
O0012588,C02319,2025-05-19,Concluído,App,PIX
O0012589,C02319,2025-05-15,Concluído,App,Carteira digital
O0012590,C02319,2025-04-19,Concluído,Site,Cartão
O0012591,C02319,2025-04-05,Concluído,Site,PIX
O0012592,C02319,2025-06-24,Concluído,Site,Boleto
O0012593,C02319,2025-05-05,Concluído,Marketplace,Cartão
O0012594,C02319,2025-03-31,Concluído,Site,Carteira digital
O0012595,C01603,2025-06-17,Concluído,App,Cartão
O0012596,C01603,2024-05-06,Concluído,Site,Cartão
O0012597,C01603,2023-03-15,Concluído,Site,PIX
O0012598,C02424,2025-12-24,Concluído,Site,Cartão
O0012599,C02424,2025-11-01,Concluído,Site,Cartão
O0012600,C00820,2025-04-04,Concluído,Marketplace,Cartão
O0012601,C00820,2025-09-29,Concluído,App,PIX
O0012602,C00492,2025-08-26,Concluído,Site,Boleto
O0012603,C00492,2025-06-04,Concluído,App,PIX
O0012604,C00757,2025-12-23,Concluído,Marketplace,Cartão
O0012605,C00281,2023-11-12,Concluído,Site,Cartão
O0012606,C00281,2023-10-25,Concluído,Site,Cartão
O0012607,C02106,2025-11-24,Concluído,Site,PIX
O0012608,C02106,2025-03-27,Concluído,App,Cartão
O0012609,C02106,2025-09-21,Concluído,Marketplace,Cartão
O0012610,C02106,2025-05-24,Concluído,App,PIX
O0012611,C00976,2024-06-02,Cancelado,Site,Cartão
O0012612,C00976,2023-03-23,Concluído,Site,Cartão
O0012613,C00976,2023-04-09,Concluído,Site,PIX
O0012614,C00976,2023-08-29,Concluído,App,Boleto
O0012615,C00976,2024-10-21,Concluído,Site,Cartão
O0012616,C00976,2024-09-07,Concluído,App,PIX
O0012617,C00976,2024-01-27,Concluído,Site,Cartão
O0012618,C00976,2024-11-17,Concluído,App,Cartão
O0012619,C00976,2023-06-18,Devolvido,App,Carteira digital
O0012620,C00976,2023-06-16,Concluído,App,Cartão
O0012621,C03564,2024-03-23,Concluído,Site,Carteira digital
O0012622,C03564,2025-05-23,Concluído,Marketplace,Cartão
O0012623,C03564,2024-09-05,Concluído,Site,Cartão
O0012624,C00955,2024-11-24,Concluído,Marketplace,Cartão
O0012625,C00955,2024-11-18,Concluído,Marketplace,PIX
O0012626,C03421,2025-06-30,Concluído,Site,Carteira digital
O0012627,C01971,2025-02-08,Concluído,Marketplace,Cartão
O0012628,C01971,2024-10-31,Concluído,App,PIX
O0012629,C02967,2025-08-06,Concluído,Marketplace,Cartão
O0012630,C01244,2024-07-09,Concluído,App,PIX
O0012631,C01244,2024-09-26,Concluído,Site,PIX
O0012632,C01244,2025-09-22,Concluído,App,Carteira digital
O0012633,C01244,2024-10-06,Concluído,App,Cartão
O0012634,C00024,2025-10-29,Concluído,Marketplace,Cartão
O0012635,C04722,2025-06-06,Concluído,Site,Cartão
O0012636,C04722,2025-05-05,Concluído,App,Cartão
O0012637,C04722,2025-09-23,Concluído,Site,Carteira digital
O0012638,C00293,2025-01-21,Concluído,Site,PIX
O0012639,C00293,2024-09-20,Concluído,Marketplace,PIX
O0012640,C00293,2024-06-22,Concluído,App,PIX
O0012641,C00293,2025-07-08,Concluído,Site,PIX
O0012642,C00293,2024-09-12,Concluído,App,Cartão
O0012643,C04607,2023-09-30,Concluído,Site,Cartão
O0012644,C04607,2025-03-09,Concluído,Site,Cartão
O0012645,C04874,2025-11-02,Concluído,App,PIX
O0012646,C04874,2025-11-02,Cancelado,App,Boleto
O0012647,C04874,2025-12-28,Concluído,App,Carteira digital
O0012648,C04874,2025-11-01,Concluído,Marketplace,Boleto
O0012649,C00566,2025-12-17,Concluído,Site,Cartão
O0012650,C00566,2025-12-03,Concluído,App,Carteira digital
O0012651,C00566,2025-11-27,Concluído,App,Cartão
O0012652,C03199,2025-07-30,Concluído,App,Cartão
O0012653,C01760,2025-01-19,Concluído,Site,Cartão
O0012654,C01760,2025-05-06,Concluído,App,PIX
O0012655,C01760,2025-07-27,Concluído,App,Cartão
O0012656,C01760,2025-12-16,Concluído,App,Cartão
O0012657,C01760,2025-11-19,Concluído,App,PIX
O0012658,C01760,2025-07-07,Concluído,Site,Boleto
O0012659,C01760,2025-06-24,Concluído,Site,Cartão
O0012660,C04369,2023-12-01,Concluído,App,Cartão
O0012661,C04369,2025-12-05,Concluído,Site,PIX
O0012662,C04369,2025-04-02,Concluído,Site,PIX
O0012663,C04369,2024-02-26,Concluído,Marketplace,PIX
O0012664,C03533,2023-03-06,Concluído,Site,Carteira digital
O0012665,C03533,2025-02-20,Concluído,App,Cartão
O0012666,C03533,2023-12-25,Concluído,App,PIX
O0012667,C03533,2025-06-03,Concluído,App,Carteira digital
O0012668,C03533,2023-06-14,Concluído,Marketplace,Boleto
O0012669,C03533,2023-11-12,Concluído,App,Cartão
O0012670,C01764,2025-03-19,Concluído,App,Cartão
O0012671,C01049,2023-08-18,Concluído,Site,Cartão
O0012672,C01049,2024-09-22,Concluído,App,Cartão
O0012673,C01049,2024-08-20,Concluído,Site,Cartão
O0012674,C04747,2025-06-24,Concluído,Marketplace,Boleto
O0012675,C00193,2025-08-08,Concluído,Marketplace,Cartão
O0012676,C01789,2025-11-22,Concluído,App,Cartão
O0012677,C01789,2025-03-06,Concluído,Site,Carteira digital
O0012678,C00142,2023-10-16,Concluído,Site,Cartão
O0012679,C04271,2024-01-01,Concluído,App,Carteira digital
O0012680,C01473,2023-07-22,Concluído,Site,Cartão
O0012681,C01473,2025-09-01,Concluído,Site,Cartão
O0012682,C02763,2025-09-04,Concluído,Marketplace,Cartão
O0012683,C02763,2024-02-05,Concluído,Site,Cartão
O0012684,C02763,2023-10-05,Concluído,Site,Cartão
O0012685,C03123,2024-09-12,Concluído,App,Cartão
O0012686,C03123,2025-01-20,Concluído,Marketplace,Cartão
O0012687,C04036,2023-11-06,Concluído,Marketplace,Cartão
O0012688,C04036,2023-09-13,Concluído,Marketplace,Cartão
O0012689,C04036,2024-12-14,Concluído,Site,PIX
O0012690,C04036,2023-09-11,Concluído,Site,PIX
O0012691,C04036,2023-01-19,Concluído,Site,Cartão
O0012692,C02821,2024-11-30,Devolvido,App,Cartão
O0012693,C02821,2025-07-25,Concluído,Site,Cartão
O0012694,C02821,2024-09-18,Concluído,Site,Cartão
O0012695,C02821,2024-06-11,Concluído,Site,Cartão
O0012696,C00087,2025-12-09,Concluído,Marketplace,Cartão
O0012697,C00087,2025-12-25,Concluído,Site,PIX
O0012698,C00087,2025-08-05,Concluído,Site,PIX
O0012699,C04657,2024-03-10,Concluído,App,Cartão
O0012700,C04657,2024-01-27,Concluído,Site,Boleto
O0012701,C00821,2025-12-03,Concluído,Site,Boleto
O0012702,C00821,2025-07-26,Concluído,Site,Boleto
O0012703,C02856,2025-09-27,Concluído,Marketplace,Cartão
O0012704,C02851,2025-06-09,Cancelado,App,Cartão
O0012705,C04383,2024-03-26,Concluído,Site,Carteira digital
O0012706,C04383,2025-10-13,Concluído,Site,Cartão
O0012707,C04383,2025-06-23,Concluído,Marketplace,Carteira digital
O0012708,C04383,2025-01-21,Concluído,Marketplace,Boleto
O0012709,C04383,2024-12-12,Concluído,Marketplace,Cartão
O0012710,C04383,2025-04-15,Concluído,App,PIX
O0012711,C02273,2023-07-31,Concluído,App,Cartão
O0012712,C01493,2024-05-22,Concluído,Site,Cartão
O0012713,C00582,2024-09-09,Concluído,App,PIX
O0012714,C00582,2025-09-28,Concluído,Marketplace,Cartão
O0012715,C00556,2023-08-26,Concluído,Site,PIX
O0012716,C01955,2025-09-14,Concluído,Site,Cartão
O0012717,C01955,2025-10-01,Devolvido,Site,Cartão
O0012718,C01955,2025-12-01,Concluído,Marketplace,Cartão
O0012719,C03486,2025-12-15,Concluído,Site,PIX
O0012720,C03486,2025-10-28,Concluído,App,Cartão
O0012721,C00629,2025-07-25,Concluído,Site,PIX
O0012722,C02796,2025-12-26,Concluído,Marketplace,Carteira digital
O0012723,C02796,2025-02-24,Concluído,Marketplace,PIX
O0012724,C02796,2025-11-05,Concluído,App,Cartão
O0012725,C03386,2025-04-30,Concluído,Marketplace,PIX
O0012726,C03386,2024-07-07,Concluído,Marketplace,PIX
O0012727,C02433,2025-10-05,Concluído,App,PIX
O0012728,C02433,2025-07-18,Concluído,Site,Cartão
O0012729,C02433,2025-07-14,Cancelado,App,PIX
O0012730,C02976,2025-05-16,Concluído,Site,PIX
O0012731,C02976,2025-05-29,Concluído,Site,PIX
O0012732,C02976,2025-04-28,Concluído,App,Cartão
O0012733,C02976,2025-08-14,Concluído,Marketplace,Cartão
O0012734,C02976,2025-08-17,Concluído,Marketplace,PIX
O0012735,C02976,2025-12-21,Cancelado,Marketplace,Cartão
O0012736,C02976,2025-09-27,Concluído,Site,Cartão
O0012737,C02976,2025-07-27,Concluído,Site,Cartão
O0012738,C02976,2025-11-16,Concluído,Site,Cartão
O0012739,C02976,2025-09-03,Concluído,Site,PIX
O0012740,C02976,2025-08-06,Concluído,App,PIX
O0012741,C02976,2025-07-03,Concluído,Site,Cartão
O0012742,C02976,2025-05-07,Concluído,Marketplace,Cartão
O0012743,C02976,2025-09-10,Concluído,Site,Cartão
O0012744,C02976,2025-07-11,Concluído,Marketplace,Cartão
O0012745,C02976,2025-08-22,Concluído,Site,Cartão
O0012746,C02570,2025-03-12,Concluído,Site,Cartão
O0012747,C02570,2025-01-18,Concluído,Site,Cartão
O0012748,C02570,2025-03-09,Concluído,Site,Cartão
O0012749,C02570,2025-04-05,Concluído,Site,Cartão
O0012750,C02570,2024-11-26,Concluído,App,Cartão
O0012751,C02570,2024-09-18,Concluído,App,Cartão
O0012752,C03562,2023-02-11,Concluído,Site,Carteira digital
O0012753,C03853,2025-02-21,Concluído,Site,Cartão
O0012754,C03853,2025-03-29,Concluído,Marketplace,Cartão
O0012755,C03853,2025-01-27,Concluído,Site,PIX
O0012756,C03853,2025-08-30,Concluído,Site,Carteira digital
O0012757,C03853,2025-08-23,Concluído,Site,PIX
O0012758,C03220,2024-12-20,Concluído,Site,Boleto
O0012759,C03220,2025-01-09,Concluído,Site,PIX
O0012760,C03220,2024-04-07,Concluído,Site,PIX
O0012761,C03377,2024-02-24,Concluído,App,Cartão
O0012762,C03377,2023-03-05,Concluído,Site,Cartão
O0012763,C04173,2025-05-17,Cancelado,App,PIX
O0012764,C04173,2025-06-20,Concluído,App,Cartão
O0012765,C04173,2025-09-09,Concluído,Site,Carteira digital
O0012766,C03654,2025-06-20,Concluído,Marketplace,PIX
O0012767,C01706,2024-09-08,Concluído,Site,Boleto
O0012768,C03507,2024-12-30,Concluído,App,Carteira digital
O0012769,C03507,2024-09-21,Concluído,Site,PIX
O0012770,C04909,2025-07-04,Concluído,App,Cartão
O0012771,C04909,2025-08-30,Concluído,Marketplace,Cartão
O0012772,C04909,2024-03-17,Concluído,Marketplace,PIX
O0012773,C04909,2024-07-01,Concluído,Site,PIX
O0012774,C04909,2025-07-22,Concluído,Site,Cartão
O0012775,C04909,2024-09-23,Concluído,Site,Cartão
O0012776,C04806,2025-05-08,Concluído,Site,Boleto
O0012777,C04873,2023-07-28,Concluído,Marketplace,Cartão
O0012778,C01558,2025-04-23,Concluído,Site,Cartão
O0012779,C04314,2025-08-29,Concluído,Marketplace,PIX
O0012780,C02389,2024-12-20,Concluído,App,PIX
O0012781,C01245,2025-08-24,Concluído,Marketplace,Cartão
O0012782,C01245,2025-03-16,Concluído,Site,PIX
O0012783,C03609,2023-05-26,Concluído,App,PIX
O0012784,C03609,2023-08-21,Concluído,Site,Carteira digital
O0012785,C03609,2025-11-23,Concluído,Site,Cartão
O0012786,C04081,2025-08-23,Concluído,App,Carteira digital
O0012787,C04081,2025-12-28,Concluído,Site,Cartão
O0012788,C04081,2025-09-21,Concluído,App,Cartão
O0012789,C01356,2025-06-02,Concluído,Marketplace,Cartão
O0012790,C01148,2025-10-08,Concluído,Site,Cartão
O0012791,C01148,2025-05-05,Concluído,App,Boleto
O0012792,C01659,2023-04-09,Concluído,Site,Cartão
O0012793,C01659,2024-09-18,Concluído,Site,Cartão
O0012794,C03241,2025-05-27,Concluído,Site,Cartão
O0012795,C03241,2025-04-28,Concluído,Marketplace,Cartão
O0012796,C03241,2025-07-11,Concluído,Site,Cartão
O0012797,C03241,2025-02-14,Concluído,App,Cartão
O0012798,C04320,2025-07-10,Concluído,Site,PIX
O0012799,C04320,2025-10-19,Concluído,Site,Cartão
O0012800,C02372,2025-07-19,Concluído,Site,Cartão
O0012801,C02372,2025-11-29,Concluído,Site,PIX
O0012802,C02372,2025-08-17,Concluído,Marketplace,PIX
O0012803,C02372,2025-09-02,Concluído,App,PIX
O0012804,C03117,2025-10-28,Concluído,App,Boleto
O0012805,C03117,2025-11-11,Concluído,Site,Boleto
O0012806,C03117,2025-12-17,Concluído,Site,Carteira digital
O0012807,C00063,2023-11-20,Concluído,App,Cartão
O0012808,C00063,2023-09-14,Concluído,Site,Carteira digital
O0012809,C00063,2024-07-12,Concluído,App,Cartão
O0012810,C03625,2025-08-18,Concluído,Marketplace,PIX
O0012811,C01248,2025-02-02,Concluído,Marketplace,Cartão
O0012812,C04022,2023-02-20,Cancelado,Site,Cartão
O0012813,C04022,2024-02-01,Concluído,App,Cartão
O0012814,C00359,2024-03-08,Concluído,Site,Cartão
O0012815,C00359,2025-03-27,Concluído,Site,Carteira digital
O0012816,C00359,2024-04-16,Concluído,Site,PIX
O0012817,C00359,2024-05-28,Concluído,Marketplace,Cartão
O0012818,C00359,2024-12-09,Concluído,Marketplace,Cartão
O0012819,C02411,2025-08-21,Concluído,App,Cartão
O0012820,C02411,2025-11-12,Concluído,Site,Carteira digital
O0012821,C02411,2025-07-30,Concluído,Site,PIX
O0012822,C02411,2025-11-04,Concluído,Site,Cartão
O0012823,C02411,2025-08-10,Concluído,App,Cartão
O0012824,C02411,2025-12-17,Concluído,Site,Cartão
O0012825,C02411,2025-12-24,Concluído,Site,Cartão
O0012826,C04999,2024-01-13,Concluído,Site,Cartão
O0012827,C04842,2024-09-04,Devolvido,Site,Cartão
O0012828,C04842,2024-10-04,Concluído,Marketplace,Cartão
O0012829,C03923,2025-06-05,Concluído,Marketplace,Carteira digital
O0012830,C03923,2024-11-01,Concluído,App,Cartão
O0012831,C03534,2024-03-04,Concluído,Site,PIX
O0012832,C03534,2023-07-09,Concluído,Site,Cartão
O0012833,C02680,2024-04-22,Concluído,App,Cartão
O0012834,C02680,2025-03-23,Concluído,Site,Carteira digital
O0012835,C02680,2025-03-07,Concluído,Marketplace,Cartão
O0012836,C04705,2023-05-20,Concluído,Site,Carteira digital
O0012837,C04705,2024-11-10,Concluído,Site,PIX
O0012838,C04705,2025-02-20,Concluído,App,Cartão
O0012839,C04705,2025-05-16,Concluído,App,Cartão
O0012840,C04705,2024-09-24,Concluído,App,Cartão
O0012841,C04705,2025-06-09,Concluído,App,Cartão
O0012842,C02767,2023-05-02,Concluído,Site,Cartão
O0012843,C01884,2025-11-26,Concluído,Marketplace,Cartão
O0012844,C01884,2025-10-10,Concluído,App,Carteira digital
O0012845,C01884,2025-05-22,Concluído,Marketplace,Carteira digital
O0012846,C02483,2024-11-12,Concluído,Marketplace,Carteira digital
O0012847,C02483,2025-03-24,Concluído,Site,Cartão
O0012848,C02483,2025-10-22,Concluído,Marketplace,Cartão
O0012849,C00394,2025-02-25,Concluído,Site,PIX
O0012850,C00394,2023-05-07,Devolvido,Marketplace,Cartão
O0012851,C00394,2023-04-16,Concluído,Marketplace,Boleto
O0012852,C00394,2024-04-04,Concluído,Site,Cartão
O0012853,C00394,2025-04-23,Concluído,Marketplace,Carteira digital
O0012854,C00394,2023-06-08,Concluído,Site,Cartão
O0012855,C02766,2025-12-26,Concluído,App,Cartão
O0012856,C02766,2025-11-15,Concluído,Site,Cartão
O0012857,C02766,2025-11-18,Concluído,Site,Cartão
O0012858,C02766,2025-12-12,Concluído,Site,PIX
O0012859,C02766,2025-06-21,Concluído,Site,PIX
O0012860,C02766,2025-06-08,Concluído,Site,Cartão
O0012861,C02766,2025-06-06,Concluído,Site,Cartão
O0012862,C02766,2025-04-28,Concluído,App,Cartão
O0012863,C02874,2025-12-26,Concluído,Marketplace,Carteira digital
O0012864,C04673,2025-04-04,Concluído,Marketplace,Cartão
O0012865,C04673,2025-03-09,Concluído,Site,Cartão
O0012866,C03904,2025-12-16,Concluído,Marketplace,Cartão
O0012867,C03904,2025-12-31,Concluído,Site,Cartão
O0012868,C03904,2025-11-27,Concluído,Marketplace,Boleto
O0012869,C00683,2025-01-29,Concluído,Site,PIX
O0012870,C00683,2024-02-14,Concluído,Site,Carteira digital
O0012871,C02126,2025-06-04,Concluído,App,Cartão
O0012872,C02126,2024-09-30,Concluído,App,PIX
O0012873,C02126,2025-02-18,Concluído,Marketplace,PIX
O0012874,C02126,2025-01-02,Concluído,App,Cartão
O0012875,C02126,2025-03-29,Concluído,Site,Cartão
O0012876,C02126,2025-06-21,Concluído,Site,Carteira digital
O0012877,C02126,2023-12-20,Concluído,Site,Carteira digital
O0012878,C02126,2025-06-29,Concluído,App,Carteira digital
O0012879,C02126,2025-01-04,Concluído,App,PIX
O0012880,C02126,2025-02-02,Concluído,Site,Carteira digital
O0012881,C02126,2024-07-21,Cancelado,Marketplace,Cartão
O0012882,C02126,2024-08-13,Concluído,App,Boleto
O0012883,C02126,2025-04-11,Concluído,Site,Cartão
O0012884,C02126,2025-04-13,Concluído,App,Boleto
O0012885,C02126,2024-04-12,Concluído,Site,PIX
O0012886,C02126,2023-11-14,Concluído,Marketplace,Cartão
O0012887,C01012,2025-05-09,Concluído,App,Cartão
O0012888,C03120,2025-08-19,Concluído,Site,Carteira digital
O0012889,C03120,2024-04-19,Cancelado,App,PIX
O0012890,C03120,2025-03-16,Concluído,Site,Cartão
O0012891,C03120,2023-07-06,Concluído,Site,PIX
O0012892,C01636,2025-10-11,Concluído,Marketplace,PIX
O0012893,C04435,2025-12-28,Concluído,App,PIX
O0012894,C04435,2025-12-23,Concluído,Site,PIX
O0012895,C04435,2025-12-22,Concluído,Site,Cartão
O0012896,C04491,2025-03-31,Concluído,Site,Cartão
O0012897,C04262,2025-10-26,Concluído,Site,PIX
O0012898,C02336,2024-12-29,Cancelado,Site,PIX
O0012899,C02336,2025-05-06,Concluído,Marketplace,Cartão
O0012900,C03189,2023-05-11,Concluído,Site,Cartão
O0012901,C03189,2024-03-06,Concluído,Site,Carteira digital
O0012902,C03189,2023-12-05,Concluído,Site,Boleto
O0012903,C03189,2025-04-13,Concluído,Site,PIX
O0012904,C01812,2023-10-29,Concluído,Marketplace,PIX
O0012905,C01812,2024-09-26,Concluído,Marketplace,Cartão
O0012906,C01812,2024-10-30,Concluído,Site,Cartão
O0012907,C01812,2024-01-30,Concluído,Site,PIX
O0012908,C01812,2024-09-25,Concluído,Site,PIX
O0012909,C02709,2025-09-06,Concluído,Site,Cartão
O0012910,C02709,2025-10-02,Concluído,App,Carteira digital
O0012911,C01536,2025-11-15,Concluído,Site,Cartão
O0012912,C01536,2025-12-20,Concluído,Marketplace,Cartão
O0012913,C03774,2023-03-10,Concluído,Site,Cartão
O0012914,C03774,2023-09-18,Concluído,App,Carteira digital
O0012915,C01540,2025-11-23,Concluído,Site,Cartão
O0012916,C01540,2025-11-01,Concluído,Site,PIX
O0012917,C04776,2025-10-29,Concluído,Site,Cartão
O0012918,C00914,2025-05-23,Concluído,Site,Cartão
O0012919,C02802,2025-08-02,Concluído,App,Cartão
O0012920,C02802,2025-06-09,Concluído,App,Cartão
O0012921,C02802,2025-10-01,Concluído,App,PIX
O0012922,C02802,2025-11-07,Concluído,Site,Cartão
O0012923,C02802,2025-11-02,Concluído,Site,Carteira digital
O0012924,C01784,2025-12-17,Concluído,Marketplace,Cartão
O0012925,C01784,2023-10-12,Concluído,Site,PIX
O0012926,C01784,2023-11-10,Concluído,Marketplace,PIX
O0012927,C01784,2024-01-28,Concluído,Site,Cartão
O0012928,C01784,2024-05-30,Concluído,Site,Carteira digital
O0012929,C01119,2025-04-13,Concluído,Site,Cartão
O0012930,C01119,2024-03-15,Concluído,Site,Boleto
O0012931,C01119,2025-03-18,Concluído,Marketplace,PIX
O0012932,C01119,2023-06-20,Concluído,App,Cartão
O0012933,C01119,2024-10-03,Cancelado,App,PIX
O0012934,C01119,2025-11-18,Concluído,Site,Cartão
O0012935,C01119,2023-06-10,Concluído,Site,Cartão
O0012936,C01119,2025-10-02,Concluído,Site,Cartão
O0012937,C01119,2024-03-24,Concluído,Marketplace,Cartão
O0012938,C01119,2024-06-05,Concluído,Site,PIX
O0012939,C01119,2023-12-26,Concluído,Site,Carteira digital
O0012940,C01119,2024-09-04,Concluído,Site,PIX
O0012941,C01119,2023-06-24,Concluído,Marketplace,PIX
O0012942,C04417,2023-12-31,Concluído,Site,Cartão
O0012943,C04417,2023-12-26,Concluído,App,Cartão
O0012944,C03238,2025-11-18,Concluído,Site,Cartão
O0012945,C03238,2025-08-24,Concluído,Site,PIX
O0012946,C03238,2025-08-04,Concluído,App,PIX
O0012947,C03238,2025-07-27,Concluído,Site,Cartão
O0012948,C03238,2025-06-30,Concluído,Site,Cartão
O0012949,C03238,2025-07-20,Concluído,App,PIX
O0012950,C03238,2025-08-10,Concluído,Marketplace,Cartão
O0012951,C03238,2025-07-26,Cancelado,App,Cartão
O0012952,C03238,2025-11-07,Concluído,Marketplace,Cartão
O0012953,C03238,2025-06-14,Concluído,Marketplace,Carteira digital
O0012954,C03238,2025-10-22,Concluído,Marketplace,Carteira digital
O0012955,C03238,2025-09-09,Concluído,Marketplace,PIX
O0012956,C03238,2025-06-12,Concluído,Site,Cartão
O0012957,C03238,2025-06-23,Concluído,Site,Carteira digital
O0012958,C03238,2025-11-17,Concluído,Site,Cartão
O0012959,C03238,2025-07-25,Concluído,Marketplace,PIX
O0012960,C00312,2023-11-05,Concluído,Site,Carteira digital
O0012961,C03115,2025-12-28,Concluído,Site,Cartão
O0012962,C03115,2024-04-09,Concluído,App,Cartão
O0012963,C03115,2024-08-06,Concluído,App,PIX
O0012964,C03115,2025-07-31,Concluído,Site,Cartão
O0012965,C03115,2025-08-15,Concluído,App,Cartão
O0012966,C03115,2025-10-03,Concluído,Site,Cartão
O0012967,C03115,2024-12-21,Concluído,App,Carteira digital
O0012968,C03115,2023-02-01,Concluído,Site,Cartão
O0012969,C03115,2025-01-17,Concluído,App,Cartão
O0012970,C03115,2024-09-12,Concluído,Site,Cartão
O0012971,C03115,2024-11-29,Concluído,Site,PIX
O0012972,C03115,2023-07-11,Concluído,Marketplace,Cartão
O0012973,C03115,2023-05-31,Concluído,Site,PIX
O0012974,C03115,2023-05-14,Concluído,Site,Cartão
O0012975,C03115,2025-12-05,Concluído,Site,PIX
O0012976,C03115,2025-04-04,Concluído,Site,Cartão
O0012977,C03506,2025-11-20,Concluído,Marketplace,Cartão
O0012978,C03506,2025-04-06,Cancelado,Site,Cartão
O0012979,C03506,2025-01-02,Concluído,Site,Cartão
O0012980,C00896,2025-03-04,Concluído,App,PIX
O0012981,C00896,2025-01-29,Concluído,Site,Boleto
O0012982,C00896,2025-05-20,Concluído,Site,Cartão
O0012983,C02435,2024-02-19,Concluído,Site,Cartão
O0012984,C02435,2023-03-05,Concluído,Site,Carteira digital
O0012985,C03059,2025-10-06,Concluído,Site,Carteira digital
O0012986,C02355,2024-02-23,Concluído,App,Cartão
O0012987,C02355,2025-06-29,Concluído,Site,PIX
O0012988,C02355,2024-03-18,Concluído,Site,Cartão
O0012989,C02355,2025-10-29,Concluído,Site,Boleto
O0012990,C03016,2025-11-22,Concluído,Marketplace,Carteira digital
O0012991,C03177,2025-11-07,Concluído,Site,Cartão
O0012992,C03177,2024-10-12,Concluído,Marketplace,Carteira digital
O0012993,C04888,2025-07-24,Concluído,Site,Cartão
O0012994,C04888,2025-10-18,Concluído,Site,Cartão
O0012995,C04888,2025-09-04,Concluído,Site,Cartão
O0012996,C02010,2023-05-20,Concluído,Site,PIX
O0012997,C02010,2023-08-13,Concluído,Marketplace,Boleto
O0012998,C02010,2024-02-12,Concluído,App,Cartão
O0012999,C01534,2023-10-05,Concluído,Site,Cartão
O0013000,C01534,2025-03-12,Concluído,App,Cartão
O0013001,C01534,2025-09-14,Concluído,Site,Boleto
O0013002,C03444,2024-03-05,Concluído,App,Carteira digital
O0013003,C03444,2025-04-15,Concluído,App,Cartão
O0013004,C02841,2023-09-06,Concluído,Site,Boleto
O0013005,C04389,2025-08-16,Concluído,Marketplace,PIX
O0013006,C01722,2024-07-10,Concluído,Marketplace,Cartão
O0013007,C01067,2025-04-10,Concluído,Marketplace,Cartão
O0013008,C02533,2025-03-24,Concluído,Site,PIX
O0013009,C02533,2024-12-06,Concluído,Site,PIX
O0013010,C02533,2025-03-22,Concluído,Site,Cartão
O0013011,C01103,2025-10-08,Concluído,App,Boleto
O0013012,C00925,2024-12-22,Concluído,Marketplace,PIX
O0013013,C01574,2023-04-10,Concluído,App,Cartão
O0013014,C01574,2025-11-03,Concluído,Site,Cartão
O0013015,C01574,2023-10-10,Concluído,Site,Cartão
O0013016,C01574,2025-08-08,Concluído,Site,PIX
O0013017,C01574,2023-10-04,Concluído,Site,Cartão
O0013018,C01574,2024-11-13,Concluído,Marketplace,Cartão
O0013019,C01574,2024-12-05,Concluído,Site,PIX
O0013020,C01574,2025-12-15,Concluído,App,PIX
O0013021,C01574,2025-05-19,Concluído,Site,Carteira digital
O0013022,C01574,2025-02-21,Concluído,Site,Carteira digital
O0013023,C01574,2024-01-19,Concluído,Marketplace,Cartão
O0013024,C01574,2023-05-30,Concluído,App,Cartão
O0013025,C01574,2024-03-09,Concluído,Marketplace,Boleto
O0013026,C01574,2025-02-25,Concluído,Marketplace,Cartão
O0013027,C01574,2024-03-12,Concluído,App,Carteira digital
O0013028,C01574,2025-05-07,Concluído,Site,Cartão
O0013029,C01574,2023-10-31,Concluído,Site,Carteira digital
O0013030,C01574,2024-08-11,Concluído,App,PIX
O0013031,C01574,2023-07-14,Concluído,App,Cartão
O0013032,C01575,2024-10-24,Concluído,Site,Carteira digital
O0013033,C03418,2025-07-12,Concluído,Site,Boleto
O0013034,C03418,2025-10-03,Concluído,Site,PIX
O0013035,C03418,2025-10-17,Concluído,Site,PIX
O0013036,C04488,2025-12-19,Concluído,Marketplace,Cartão
O0013037,C04488,2025-11-26,Concluído,App,Cartão
O0013038,C04991,2025-03-14,Concluído,Marketplace,Cartão
O0013039,C04991,2025-06-21,Concluído,Site,Boleto
O0013040,C04991,2024-07-08,Concluído,Site,Boleto
O0013041,C01212,2025-12-22,Concluído,App,Cartão
O0013042,C00948,2025-08-24,Concluído,Site,PIX
O0013043,C02747,2023-02-27,Concluído,App,Cartão
O0013044,C02747,2023-10-17,Cancelado,App,Carteira digital
O0013045,C04229,2025-07-27,Concluído,Site,Cartão
O0013046,C04229,2025-03-02,Concluído,Site,Boleto
O0013047,C04229,2024-07-07,Concluído,Site,PIX
O0013048,C04229,2024-10-25,Concluído,Site,Cartão
O0013049,C00759,2025-10-22,Concluído,App,Cartão
O0013050,C01767,2024-04-04,Concluído,Site,Carteira digital
O0013051,C01767,2025-06-07,Concluído,Site,Boleto
O0013052,C03314,2025-09-01,Concluído,Marketplace,Cartão
O0013053,C00727,2025-11-23,Concluído,Site,Cartão
O0013054,C00329,2023-03-04,Concluído,App,PIX
O0013055,C00329,2024-05-21,Concluído,App,Carteira digital
O0013056,C00329,2024-12-26,Concluído,Site,Cartão
O0013057,C00329,2023-09-13,Concluído,Site,Cartão
O0013058,C00329,2023-06-25,Concluído,App,PIX
O0013059,C00329,2024-07-13,Concluído,Site,Cartão
O0013060,C00329,2023-12-14,Concluído,Marketplace,PIX
O0013061,C00329,2025-07-08,Concluído,Site,Cartão
O0013062,C00329,2025-02-15,Concluído,Site,Cartão
O0013063,C00329,2024-12-30,Concluído,App,Cartão
O0013064,C00329,2025-05-28,Concluído,Site,Cartão
O0013065,C03237,2024-05-26,Concluído,Site,Cartão
O0013066,C03237,2024-12-05,Concluído,Site,PIX
O0013067,C03484,2025-09-18,Concluído,Site,Cartão
O0013068,C04613,2025-11-25,Concluído,Marketplace,Cartão
O0013069,C02283,2025-09-25,Cancelado,Marketplace,Carteira digital
O0013070,C01562,2023-11-14,Concluído,Site,Cartão
O0013071,C01562,2025-07-30,Concluído,App,Cartão
O0013072,C01562,2025-10-09,Concluído,Site,PIX
O0013073,C04023,2024-07-21,Devolvido,Site,PIX
O0013074,C04853,2025-10-07,Concluído,App,Cartão
O0013075,C03450,2024-11-04,Concluído,Marketplace,Cartão
O0013076,C03450,2025-11-17,Concluído,Marketplace,Carteira digital
O0013077,C03450,2025-04-26,Concluído,Site,PIX
O0013078,C03450,2025-11-15,Concluído,Marketplace,Carteira digital
O0013079,C04796,2024-10-01,Concluído,App,PIX
O0013080,C04796,2025-04-08,Concluído,Marketplace,Cartão
O0013081,C01200,2024-02-19,Concluído,Site,PIX
O0013082,C01200,2023-01-14,Concluído,Site,Cartão
O0013083,C01200,2023-07-15,Concluído,App,Boleto
O0013084,C03708,2025-12-18,Concluído,Marketplace,Cartão
O0013085,C03708,2025-11-15,Concluído,Site,PIX
O0013086,C03708,2025-12-30,Concluído,Site,Carteira digital
O0013087,C04012,2025-11-25,Concluído,Marketplace,PIX
O0013088,C04012,2025-10-29,Concluído,Site,Carteira digital
O0013089,C02645,2025-01-03,Concluído,Marketplace,PIX
O0013090,C04883,2024-02-16,Concluído,Site,PIX
O0013091,C04883,2023-08-24,Concluído,Site,Cartão
O0013092,C02558,2025-05-12,Concluído,App,PIX
O0013093,C02558,2025-06-29,Concluído,Site,Cartão
O0013094,C00735,2025-04-19,Concluído,Site,Cartão
O0013095,C00735,2024-10-19,Concluído,App,Cartão
O0013096,C00735,2025-03-14,Concluído,App,Cartão
O0013097,C00735,2025-09-20,Concluído,Site,Cartão
O0013098,C00735,2023-12-16,Concluído,Site,Boleto
O0013099,C00735,2025-11-18,Concluído,Site,Cartão
O0013100,C00735,2024-04-09,Concluído,Site,Cartão
O0013101,C00735,2024-12-30,Concluído,App,PIX
O0013102,C00735,2025-04-16,Concluído,Site,PIX
O0013103,C00735,2025-02-22,Concluído,App,PIX
O0013104,C00735,2025-09-06,Concluído,Site,Cartão
O0013105,C00735,2025-07-24,Concluído,App,Cartão
O0013106,C04451,2024-01-07,Concluído,App,Carteira digital
O0013107,C04451,2024-05-09,Concluído,Site,Carteira digital
O0013108,C04451,2024-11-19,Concluído,Site,Cartão
O0013109,C04451,2024-02-09,Concluído,Site,Carteira digital
O0013110,C04451,2025-01-05,Concluído,Site,Cartão
O0013111,C02584,2025-02-26,Concluído,Site,Cartão
O0013112,C01386,2025-08-26,Concluído,Marketplace,Cartão
O0013113,C01386,2025-05-28,Concluído,Site,Cartão
O0013114,C01386,2025-05-31,Concluído,Site,PIX
O0013115,C01367,2025-12-17,Concluído,Site,Carteira digital
O0013116,C01367,2025-01-02,Concluído,Marketplace,Cartão
O0013117,C00370,2025-09-11,Concluído,App,Carteira digital
O0013118,C00370,2025-08-31,Concluído,Site,Cartão
O0013119,C01594,2025-07-10,Concluído,App,Carteira digital
O0013120,C01617,2025-09-30,Concluído,Marketplace,Cartão
O0013121,C01617,2023-10-23,Concluído,App,Boleto
O0013122,C01617,2023-12-04,Concluído,Site,Carteira digital
O0013123,C01617,2023-08-31,Concluído,App,Cartão
O0013124,C01617,2025-09-13,Concluído,App,Cartão
O0013125,C04472,2025-07-11,Concluído,Site,Carteira digital
O0013126,C04472,2025-07-06,Concluído,Marketplace,PIX
O0013127,C02120,2024-06-30,Concluído,Marketplace,Carteira digital
O0013128,C00122,2023-05-16,Concluído,Site,Cartão
O0013129,C00122,2025-02-07,Concluído,App,Boleto
O0013130,C00122,2023-11-15,Concluído,App,Cartão
O0013131,C00353,2025-04-16,Concluído,Site,Cartão
O0013132,C02464,2023-09-19,Concluído,App,Cartão
O0013133,C02464,2024-12-22,Concluído,Marketplace,PIX
O0013134,C02464,2025-12-28,Concluído,Site,Cartão
O0013135,C02464,2024-07-26,Concluído,Site,Cartão
O0013136,C02464,2023-06-06,Concluído,App,Cartão
O0013137,C02464,2023-07-05,Concluído,Site,Cartão
O0013138,C02464,2024-04-29,Concluído,Site,Cartão
O0013139,C02464,2023-12-18,Cancelado,App,PIX
O0013140,C02464,2024-02-23,Concluído,Site,PIX
O0013141,C02464,2024-12-08,Concluído,App,PIX
O0013142,C02464,2023-01-23,Concluído,App,PIX
O0013143,C02464,2024-04-12,Concluído,App,PIX
O0013144,C02464,2025-05-12,Concluído,App,PIX
O0013145,C02464,2025-09-29,Concluído,Site,Cartão
O0013146,C02464,2024-02-28,Concluído,Site,PIX
O0013147,C02464,2025-08-19,Concluído,App,Cartão
O0013148,C03855,2025-11-12,Concluído,App,Cartão
O0013149,C03855,2024-11-11,Concluído,App,PIX
O0013150,C02043,2025-09-30,Concluído,Site,Cartão
O0013151,C02043,2025-09-21,Concluído,Site,Cartão
O0013152,C04065,2024-09-27,Concluído,App,Cartão
O0013153,C04065,2024-03-13,Concluído,Site,PIX
O0013154,C04065,2024-03-23,Concluído,App,Cartão
O0013155,C04065,2024-12-05,Concluído,App,PIX
O0013156,C04065,2024-04-05,Concluído,Site,Carteira digital
O0013157,C04065,2024-08-31,Concluído,Site,PIX
O0013158,C04065,2024-11-02,Concluído,Site,Cartão
O0013159,C00181,2024-06-29,Concluído,Site,Cartão
O0013160,C02417,2025-09-12,Concluído,Marketplace,Cartão
O0013161,C02417,2024-10-23,Concluído,App,Carteira digital
O0013162,C02417,2025-01-18,Concluído,Site,Cartão
O0013163,C02417,2025-02-04,Concluído,Site,Boleto
O0013164,C02417,2025-09-21,Concluído,Site,Carteira digital
O0013165,C02417,2025-05-02,Concluído,Marketplace,Carteira digital
O0013166,C02417,2025-11-23,Concluído,Site,Carteira digital
O0013167,C02417,2024-11-13,Concluído,Site,Cartão
O0013168,C02417,2025-08-22,Concluído,Site,Cartão
O0013169,C02417,2025-11-21,Concluído,App,Cartão
O0013170,C02417,2025-04-25,Concluído,App,Cartão
O0013171,C02417,2024-12-08,Concluído,Site,PIX
O0013172,C02417,2025-01-14,Concluído,Site,Boleto
O0013173,C02417,2025-04-15,Concluído,App,Carteira digital
O0013174,C02417,2024-10-13,Cancelado,Site,Cartão
O0013175,C02417,2024-12-01,Concluído,App,Boleto
O0013176,C02417,2024-12-31,Concluído,Marketplace,Boleto
O0013177,C00941,2024-02-24,Concluído,Site,PIX
O0013178,C00684,2024-08-01,Concluído,Marketplace,Cartão
O0013179,C00684,2024-08-31,Concluído,Site,Boleto
O0013180,C04220,2025-12-30,Concluído,App,Carteira digital
O0013181,C04220,2025-11-06,Concluído,App,Cartão
O0013182,C03014,2025-09-19,Concluído,Site,Cartão
O0013183,C03014,2024-08-24,Concluído,Marketplace,Cartão
O0013184,C03014,2024-02-11,Concluído,Marketplace,Cartão
O0013185,C03014,2025-08-03,Concluído,App,Cartão
O0013186,C03306,2025-06-10,Concluído,Site,Cartão
O0013187,C03306,2024-02-02,Concluído,App,Boleto
O0013188,C03606,2024-09-28,Concluído,App,Cartão
O0013189,C03606,2024-11-18,Concluído,Site,Boleto
O0013190,C03606,2024-09-26,Concluído,Marketplace,Cartão
O0013191,C03570,2025-08-21,Concluído,Site,PIX
O0013192,C03570,2025-08-01,Concluído,Site,PIX
O0013193,C03570,2025-10-08,Concluído,Site,Cartão
O0013194,C03570,2025-06-20,Concluído,App,PIX
O0013195,C01680,2025-06-20,Concluído,Site,Cartão
O0013196,C01680,2023-08-08,Concluído,Marketplace,Cartão
O0013197,C01680,2024-11-23,Concluído,App,Cartão
O0013198,C01680,2024-11-02,Concluído,Site,Cartão
O0013199,C01680,2025-04-19,Concluído,Site,Cartão
O0013200,C04168,2025-10-07,Concluído,Site,Boleto
O0013201,C04168,2023-02-06,Concluído,App,Cartão
O0013202,C04086,2024-03-13,Concluído,Site,Cartão
O0013203,C00690,2025-10-24,Concluído,Site,Carteira digital
O0013204,C00108,2025-11-19,Concluído,App,Cartão
O0013205,C00108,2025-10-22,Concluído,Site,Boleto
O0013206,C01692,2025-10-13,Concluído,App,Cartão
O0013207,C03282,2024-08-24,Concluído,Marketplace,Carteira digital
O0013208,C03282,2024-09-25,Concluído,Marketplace,Cartão
O0013209,C03282,2024-12-13,Cancelado,Site,PIX
O0013210,C03282,2025-04-27,Concluído,Marketplace,Cartão
O0013211,C03282,2024-12-07,Concluído,App,Cartão
O0013212,C01087,2025-12-17,Concluído,Site,Cartão
O0013213,C01087,2025-12-28,Concluído,Site,PIX
O0013214,C04953,2024-08-02,Concluído,Site,Cartão
O0013215,C04953,2025-10-06,Concluído,Site,PIX
O0013216,C04953,2024-12-01,Concluído,Marketplace,Carteira digital
O0013217,C04453,2023-04-01,Concluído,Site,Boleto
O0013218,C04006,2025-10-12,Concluído,Marketplace,Cartão
O0013219,C04006,2024-08-17,Concluído,Marketplace,Boleto
O0013220,C04006,2025-01-12,Concluído,App,Cartão
O0013221,C04006,2023-11-17,Cancelado,Site,Cartão
O0013222,C04006,2025-01-28,Concluído,App,Cartão
O0013223,C01681,2025-06-05,Concluído,Site,Cartão
O0013224,C01681,2024-12-29,Concluído,Marketplace,Carteira digital
O0013225,C01681,2025-02-13,Concluído,Site,PIX
O0013226,C00254,2024-05-28,Concluído,App,Cartão
O0013227,C00254,2025-10-26,Concluído,Site,PIX
O0013228,C02770,2025-11-22,Concluído,Site,Carteira digital
O0013229,C02973,2025-08-01,Concluído,Site,Cartão
O0013230,C02973,2025-06-11,Concluído,Site,PIX
O0013231,C02973,2025-06-30,Concluído,Site,PIX
O0013232,C02973,2025-09-06,Concluído,Site,Boleto
O0013233,C02973,2025-01-29,Concluído,Marketplace,PIX
O0013234,C04604,2025-01-01,Concluído,App,Cartão
O0013235,C02249,2025-12-10,Concluído,App,Cartão
O0013236,C04606,2023-06-22,Concluído,Site,Cartão
O0013237,C04606,2025-03-03,Concluído,Marketplace,Cartão
O0013238,C01950,2023-01-06,Concluído,App,Cartão
O0013239,C01950,2024-05-11,Concluído,App,PIX
O0013240,C01994,2024-07-20,Concluído,App,Carteira digital
O0013241,C01994,2024-06-28,Concluído,Marketplace,Cartão
O0013242,C01994,2025-04-25,Concluído,Site,Carteira digital
O0013243,C03748,2025-12-02,Concluído,Site,Cartão
O0013244,C03748,2025-12-24,Concluído,App,Carteira digital
O0013245,C02234,2023-08-03,Concluído,Marketplace,PIX
O0013246,C03449,2025-05-10,Concluído,App,Cartão
O0013247,C04585,2025-09-14,Concluído,Site,Cartão
O0013248,C04585,2024-10-01,Concluído,Site,PIX
O0013249,C04585,2025-09-04,Concluído,Marketplace,PIX
O0013250,C04585,2025-05-12,Concluído,Site,Cartão
O0013251,C04585,2025-05-09,Concluído,App,Cartão
O0013252,C00686,2025-01-27,Concluído,App,Cartão
O0013253,C00686,2024-06-02,Concluído,Site,Cartão
O0013254,C03812,2025-05-11,Cancelado,App,Cartão
O0013255,C03812,2025-11-29,Devolvido,Marketplace,Boleto
O0013256,C03812,2025-12-30,Concluído,App,PIX
O0013257,C03812,2025-04-27,Concluído,Site,PIX
O0013258,C03812,2025-04-07,Concluído,Site,Cartão
O0013259,C03812,2025-10-07,Concluído,Marketplace,Cartão
O0013260,C03812,2025-06-29,Concluído,App,PIX
O0013261,C03796,2024-05-24,Concluído,Site,Cartão
O0013262,C04412,2025-11-27,Concluído,Marketplace,Cartão
O0013263,C04412,2025-11-15,Cancelado,Marketplace,Cartão
O0013264,C04412,2025-12-31,Concluído,Site,Cartão
O0013265,C01512,2024-09-29,Concluído,Site,Cartão
O0013266,C01512,2024-09-15,Concluído,Site,PIX
O0013267,C01512,2025-03-06,Concluído,Site,PIX
O0013268,C01512,2024-11-29,Concluído,App,Cartão
O0013269,C02924,2025-02-21,Concluído,Site,Cartão
O0013270,C02450,2024-11-14,Concluído,App,Cartão
O0013271,C02450,2025-12-27,Concluído,App,Cartão
O0013272,C02450,2024-01-15,Concluído,Marketplace,Cartão
O0013273,C02450,2025-01-02,Concluído,Site,Cartão
O0013274,C02185,2025-04-04,Concluído,App,PIX
O0013275,C02185,2025-06-11,Concluído,Site,PIX
O0013276,C01708,2025-01-15,Concluído,App,Carteira digital
O0013277,C01030,2024-05-06,Concluído,App,Cartão
O0013278,C01030,2023-05-16,Concluído,App,Cartão
O0013279,C01030,2025-01-13,Concluído,Marketplace,Carteira digital
O0013280,C02130,2025-08-12,Concluído,Site,PIX
O0013281,C02130,2025-11-27,Concluído,App,PIX
O0013282,C02135,2023-10-18,Concluído,Site,PIX
O0013283,C02557,2024-12-13,Concluído,Marketplace,Cartão
O0013284,C02557,2025-11-01,Concluído,Site,PIX
O0013285,C02557,2023-03-30,Concluído,Site,Cartão
O0013286,C04706,2025-09-12,Concluído,Site,Cartão
O0013287,C04706,2025-03-09,Concluído,App,Cartão
O0013288,C04706,2025-01-09,Concluído,Site,Cartão
O0013289,C04706,2025-04-02,Concluído,Site,PIX
O0013290,C04706,2025-11-12,Concluído,Site,Carteira digital
O0013291,C04706,2025-07-03,Concluído,Site,Carteira digital
O0013292,C04706,2024-12-30,Concluído,App,Carteira digital
O0013293,C04706,2025-11-05,Cancelado,Marketplace,Cartão
O0013294,C04706,2024-12-17,Concluído,App,Cartão
O0013295,C04706,2025-05-26,Concluído,App,Cartão
O0013296,C00277,2025-11-05,Concluído,Site,Cartão
O0013297,C00277,2023-07-06,Concluído,Site,Carteira digital
O0013298,C00277,2025-04-16,Concluído,Marketplace,PIX
O0013299,C00277,2023-03-17,Concluído,App,Cartão
O0013300,C00277,2025-08-25,Concluído,Marketplace,Cartão
O0013301,C00277,2023-07-22,Concluído,Site,Cartão
O0013302,C00277,2024-07-22,Concluído,Site,Cartão
O0013303,C01208,2024-08-26,Concluído,Marketplace,Cartão
O0013304,C01208,2024-12-30,Concluído,Site,Cartão
O0013305,C01208,2025-02-19,Concluído,App,Carteira digital
O0013306,C01208,2025-01-04,Concluído,App,Cartão
O0013307,C01208,2025-01-10,Concluído,App,Carteira digital
O0013308,C01208,2025-02-05,Concluído,Site,PIX
O0013309,C01208,2025-02-24,Concluído,Site,Carteira digital
O0013310,C02999,2025-12-06,Concluído,App,Cartão
O0013311,C02684,2023-06-25,Concluído,Site,Cartão
O0013312,C02684,2023-12-03,Concluído,Site,Carteira digital
O0013313,C01241,2024-08-24,Concluído,App,Cartão
O0013314,C01241,2024-07-20,Concluído,Marketplace,Cartão
O0013315,C02933,2025-07-07,Concluído,App,Carteira digital
O0013316,C02933,2025-12-18,Concluído,Site,Carteira digital
O0013317,C02933,2024-03-11,Concluído,App,Cartão
O0013318,C02933,2024-10-15,Concluído,Site,Cartão
O0013319,C02933,2024-10-07,Concluído,Site,Cartão
O0013320,C00878,2024-08-27,Concluído,App,Carteira digital
O0013321,C03892,2025-08-28,Concluído,Site,PIX
O0013322,C03777,2024-02-20,Concluído,App,Cartão
O0013323,C01563,2025-11-09,Concluído,Marketplace,Carteira digital
O0013324,C01563,2025-01-15,Concluído,App,Cartão
O0013325,C01563,2024-01-26,Concluído,App,Cartão
O0013326,C00642,2024-05-20,Concluído,Marketplace,Cartão
O0013327,C00642,2024-06-04,Concluído,App,PIX
O0013328,C00952,2024-12-29,Concluído,Marketplace,PIX
O0013329,C04818,2025-05-26,Concluído,Site,Cartão
O0013330,C04818,2023-12-17,Concluído,Site,Carteira digital
O0013331,C00052,2024-03-26,Concluído,Marketplace,Cartão
O0013332,C00052,2025-11-20,Concluído,Site,Cartão
O0013333,C00052,2024-01-09,Concluído,Marketplace,PIX
O0013334,C00740,2023-03-09,Concluído,Marketplace,Cartão
O0013335,C00740,2024-11-11,Concluído,Site,Cartão
O0013336,C02328,2025-06-12,Concluído,Site,PIX
O0013337,C02328,2025-02-22,Concluído,App,PIX
O0013338,C02328,2024-12-09,Concluído,Site,Cartão
O0013339,C02328,2025-06-03,Concluído,App,PIX
O0013340,C00138,2025-11-14,Concluído,Site,Cartão
O0013341,C00138,2025-12-13,Concluído,Site,Cartão
O0013342,C00138,2025-11-19,Concluído,Site,Cartão
O0013343,C01801,2023-03-06,Concluído,Marketplace,Cartão
O0013344,C01801,2024-02-24,Concluído,Site,PIX
O0013345,C01801,2025-03-01,Concluído,App,PIX
O0013346,C01801,2025-11-02,Concluído,Site,Cartão
O0013347,C03106,2024-03-18,Concluído,App,Cartão
O0013348,C03106,2024-04-21,Concluído,Site,PIX
O0013349,C03106,2025-05-06,Concluído,Site,PIX
O0013350,C00908,2024-01-27,Concluído,Site,Cartão
O0013351,C00908,2025-06-04,Concluído,Marketplace,Cartão
O0013352,C00908,2024-09-09,Concluído,Site,PIX
O0013353,C00908,2024-04-05,Concluído,App,Cartão
O0013354,C00908,2025-09-15,Concluído,Site,Cartão
O0013355,C02105,2025-03-23,Concluído,Site,Cartão
O0013356,C02105,2025-09-10,Concluído,Site,Cartão
O0013357,C02105,2025-08-23,Concluído,Site,PIX
O0013358,C00710,2025-10-27,Concluído,App,Carteira digital
O0013359,C00710,2024-08-15,Concluído,Site,Cartão
O0013360,C00710,2025-11-18,Concluído,Site,PIX
O0013361,C00710,2024-04-17,Concluído,Site,Cartão
O0013362,C00710,2025-11-16,Concluído,Marketplace,Cartão
O0013363,C00710,2025-03-08,Concluído,App,Boleto
O0013364,C00710,2025-02-25,Concluído,App,Cartão
O0013365,C00710,2023-11-24,Concluído,Site,Cartão
O0013366,C00710,2024-07-29,Concluído,App,PIX
O0013367,C00710,2025-09-27,Concluído,App,Cartão
O0013368,C00710,2024-02-15,Concluído,Site,PIX
O0013369,C00710,2024-10-05,Concluído,Site,Cartão
O0013370,C00710,2024-07-29,Concluído,App,Cartão
O0013371,C00710,2024-05-14,Concluído,Site,Carteira digital
O0013372,C00710,2025-07-15,Concluído,Marketplace,PIX
O0013373,C01488,2024-03-07,Concluído,Site,PIX
O0013374,C01488,2024-11-11,Concluído,App,Cartão
O0013375,C01488,2025-05-24,Concluído,Site,Cartão
O0013376,C01488,2025-08-30,Concluído,Site,PIX
O0013377,C01488,2024-10-26,Concluído,Site,PIX
O0013378,C01488,2025-11-02,Concluído,Site,Cartão
O0013379,C02181,2025-06-08,Concluído,App,Cartão
O0013380,C02181,2025-01-16,Concluído,App,PIX
O0013381,C02181,2025-04-10,Concluído,Site,PIX
O0013382,C00037,2025-11-26,Concluído,Site,PIX
O0013383,C00037,2025-11-22,Concluído,App,Cartão
O0013384,C00037,2025-04-29,Concluído,App,Carteira digital
O0013385,C00037,2025-07-11,Concluído,App,Cartão
O0013386,C00037,2025-09-15,Concluído,Site,Cartão
O0013387,C02133,2024-06-03,Concluído,App,Cartão
O0013388,C02133,2023-09-19,Concluído,Site,Cartão
O0013389,C02133,2023-12-22,Concluído,Site,Cartão
O0013390,C02133,2024-09-28,Concluído,Site,Cartão
O0013391,C02133,2024-02-29,Concluído,Marketplace,Carteira digital
O0013392,C02133,2025-10-24,Concluído,App,Cartão
O0013393,C03974,2025-10-07,Concluído,Site,Cartão
O0013394,C03974,2025-11-03,Concluído,Site,PIX
O0013395,C02518,2025-10-30,Concluído,Site,PIX
O0013396,C02518,2025-10-25,Concluído,Site,Carteira digital
O0013397,C04502,2025-06-14,Concluído,Site,Cartão
O0013398,C04502,2025-10-18,Devolvido,Site,Cartão
O0013399,C04502,2025-07-04,Concluído,Marketplace,PIX
O0013400,C04502,2025-09-10,Concluído,Site,Cartão
O0013401,C00014,2025-11-30,Concluído,Site,PIX
O0013402,C00014,2025-11-10,Concluído,Site,Cartão
O0013403,C00014,2025-11-19,Concluído,Marketplace,PIX
O0013404,C00014,2025-11-22,Concluído,Site,Carteira digital
O0013405,C00014,2025-12-30,Concluído,Site,Carteira digital
O0013406,C01914,2023-09-10,Concluído,Site,Cartão
O0013407,C04981,2023-12-05,Concluído,App,Boleto
O0013408,C04981,2024-05-25,Concluído,Site,Cartão
O0013409,C01151,2025-04-10,Concluído,Site,Cartão
O0013410,C01151,2024-12-08,Concluído,Site,Cartão
O0013411,C01151,2024-10-19,Concluído,Site,Cartão
O0013412,C01151,2025-12-29,Concluído,Marketplace,Cartão
O0013413,C01151,2025-01-27,Concluído,App,Carteira digital
O0013414,C01151,2025-11-28,Concluído,Marketplace,Cartão
O0013415,C04638,2025-05-09,Concluído,Marketplace,Cartão
O0013416,C04638,2025-01-05,Devolvido,App,PIX
O0013417,C04638,2025-04-26,Concluído,Marketplace,Cartão
O0013418,C01779,2025-03-07,Concluído,Site,Carteira digital
O0013419,C00645,2025-02-14,Concluído,App,Carteira digital
O0013420,C02807,2025-02-25,Concluído,Site,Boleto
O0013421,C02807,2024-10-22,Cancelado,Site,PIX
O0013422,C02807,2025-02-15,Concluído,App,PIX
O0013423,C02807,2025-03-23,Concluído,App,Cartão
O0013424,C02807,2024-12-27,Concluído,Marketplace,Cartão
O0013425,C02807,2024-11-20,Concluído,App,PIX
O0013426,C02807,2024-12-02,Concluído,Site,Boleto
O0013427,C02807,2024-10-24,Concluído,Marketplace,PIX
O0013428,C03214,2024-07-15,Concluído,Site,Cartão
O0013429,C03214,2024-01-22,Concluído,Marketplace,Carteira digital
O0013430,C03214,2024-05-19,Concluído,App,Cartão
O0013431,C03214,2023-06-13,Concluído,Site,Cartão
O0013432,C03651,2024-07-03,Concluído,App,Cartão
O0013433,C03651,2023-08-13,Concluído,Site,Cartão
O0013434,C03651,2023-11-06,Concluído,Site,Carteira digital
O0013435,C03651,2024-05-29,Devolvido,App,PIX
O0013436,C03651,2023-11-20,Cancelado,Site,Cartão
O0013437,C03651,2023-09-13,Concluído,Site,PIX
O0013438,C03651,2023-07-26,Concluído,App,Cartão
O0013439,C03651,2025-04-11,Concluído,Marketplace,PIX
O0013440,C03651,2023-09-10,Concluído,App,Cartão
O0013441,C03651,2024-08-28,Concluído,App,Cartão
O0013442,C03651,2023-08-07,Concluído,Marketplace,Boleto
O0013443,C03651,2025-01-06,Concluído,Marketplace,Carteira digital
O0013444,C03651,2023-04-27,Concluído,App,Cartão
O0013445,C03651,2023-10-23,Concluído,App,Cartão
O0013446,C00126,2025-05-08,Concluído,Site,PIX
O0013447,C00126,2025-05-11,Concluído,Marketplace,Cartão
O0013448,C00126,2025-08-15,Concluído,App,Carteira digital
O0013449,C02227,2025-08-28,Concluído,Marketplace,Boleto
O0013450,C01305,2024-01-07,Concluído,Site,Carteira digital
O0013451,C01305,2025-05-29,Concluído,Site,PIX
O0013452,C01305,2023-03-02,Concluído,Site,Cartão
O0013453,C01653,2023-12-18,Concluído,Site,Boleto
O0013454,C02238,2025-09-08,Concluído,Marketplace,Cartão
O0013455,C02238,2025-09-18,Concluído,App,Cartão
O0013456,C00599,2025-05-08,Concluído,Site,PIX
O0013457,C00599,2025-10-23,Concluído,Marketplace,Cartão
O0013458,C03982,2025-11-24,Concluído,Marketplace,Cartão
O0013459,C03458,2025-07-28,Concluído,Site,PIX
O0013460,C04823,2024-09-15,Concluído,Marketplace,Cartão
O0013461,C04823,2025-06-23,Concluído,Site,Cartão
O0013462,C01664,2024-05-03,Concluído,Marketplace,Cartão
O0013463,C01664,2023-12-21,Concluído,Marketplace,Boleto
O0013464,C01464,2024-08-29,Concluído,App,Carteira digital
O0013465,C01464,2025-05-27,Concluído,Site,Cartão
O0013466,C01464,2024-12-30,Concluído,Site,Cartão
O0013467,C01464,2023-10-13,Cancelado,Marketplace,Cartão
O0013468,C01464,2025-10-26,Concluído,Marketplace,PIX
O0013469,C01464,2024-11-24,Concluído,Site,Boleto
O0013470,C01464,2024-12-22,Concluído,Marketplace,Boleto
O0013471,C02964,2024-05-08,Concluído,App,Cartão
O0013472,C02964,2023-02-10,Concluído,App,Cartão
O0013473,C02964,2025-12-19,Devolvido,Site,Cartão
O0013474,C00086,2024-08-22,Concluído,Marketplace,Boleto
O0013475,C00086,2025-01-03,Concluído,Site,Cartão
O0013476,C01178,2025-06-19,Concluído,Marketplace,PIX
O0013477,C01178,2025-02-16,Concluído,Site,PIX
O0013478,C04109,2025-07-25,Concluído,App,Cartão
O0013479,C04109,2024-12-24,Concluído,Site,Carteira digital
O0013480,C04109,2025-12-24,Concluído,Site,Cartão
O0013481,C02579,2024-08-14,Concluído,Marketplace,PIX
O0013482,C02579,2024-08-29,Concluído,Site,Cartão
O0013483,C02579,2025-08-07,Concluído,Site,Cartão
O0013484,C00240,2024-07-19,Concluído,App,Cartão
O0013485,C00240,2023-07-02,Concluído,Site,PIX
O0013486,C03705,2024-06-22,Concluído,Site,Cartão
O0013487,C03705,2024-07-12,Concluído,Site,Carteira digital
O0013488,C03705,2024-04-22,Concluído,Site,PIX
O0013489,C03705,2025-03-02,Concluído,App,Cartão
O0013490,C03705,2025-01-20,Concluído,Site,Cartão
O0013491,C03705,2025-12-30,Concluído,Marketplace,PIX
O0013492,C03705,2024-10-22,Concluído,App,Cartão
O0013493,C04689,2023-03-10,Concluído,App,Cartão
O0013494,C04689,2023-11-08,Concluído,Site,Cartão
O0013495,C04689,2024-04-16,Concluído,App,Carteira digital
O0013496,C02476,2025-12-25,Concluído,Site,Carteira digital
O0013497,C02476,2025-05-30,Concluído,Marketplace,PIX
O0013498,C02476,2025-10-20,Concluído,Marketplace,PIX
O0013499,C02476,2025-10-21,Concluído,Marketplace,Cartão
O0013500,C02476,2025-11-21,Concluído,Site,Cartão
O0013501,C02476,2025-08-14,Concluído,Marketplace,Carteira digital
O0013502,C02476,2025-07-08,Concluído,Site,PIX
O0013503,C02476,2025-10-02,Concluído,Site,PIX
O0013504,C02476,2025-08-09,Concluído,App,Boleto
O0013505,C02476,2025-07-15,Concluído,App,Cartão
O0013506,C02476,2025-07-18,Concluído,Site,Cartão
O0013507,C02772,2025-04-12,Concluído,Site,PIX
O0013508,C02772,2024-06-28,Concluído,App,Cartão
O0013509,C02772,2025-02-27,Concluído,App,PIX
O0013510,C02772,2024-10-22,Concluído,Site,Cartão
O0013511,C02772,2025-11-02,Concluído,Marketplace,Carteira digital
O0013512,C04386,2025-07-11,Concluído,Site,PIX
O0013513,C04386,2025-04-09,Concluído,App,Cartão
O0013514,C02703,2024-11-29,Concluído,Site,Carteira digital
O0013515,C02703,2025-10-12,Concluído,Site,PIX
O0013516,C02703,2023-08-15,Concluído,App,PIX
O0013517,C02703,2025-08-26,Concluído,Site,Carteira digital
O0013518,C02703,2023-10-11,Concluído,App,PIX
O0013519,C02703,2023-06-19,Concluído,Site,Cartão
O0013520,C02703,2024-02-02,Concluído,App,Cartão
O0013521,C02703,2025-10-26,Concluído,App,PIX
O0013522,C04516,2025-10-28,Concluído,Site,Carteira digital
O0013523,C04516,2025-11-25,Concluído,App,Boleto
O0013524,C04516,2025-11-26,Concluído,Site,Cartão
O0013525,C04516,2025-11-06,Concluído,Marketplace,Cartão
O0013526,C04516,2025-11-11,Concluído,Site,PIX
O0013527,C04516,2025-09-19,Concluído,Marketplace,Cartão
O0013528,C04516,2025-10-13,Concluído,Site,Boleto
O0013529,C04516,2025-09-25,Concluído,Marketplace,Boleto
O0013530,C04516,2025-09-17,Concluído,Marketplace,Boleto
O0013531,C04516,2025-12-14,Concluído,Site,PIX
O0013532,C04516,2025-12-27,Concluído,Site,Cartão
O0013533,C04516,2025-10-27,Concluído,App,Carteira digital
O0013534,C04516,2025-10-17,Concluído,App,Cartão
O0013535,C02151,2025-01-21,Concluído,Site,Carteira digital
O0013536,C00421,2025-12-21,Concluído,Site,Cartão
O0013537,C00421,2024-11-26,Concluído,Marketplace,PIX
O0013538,C00421,2023-05-02,Concluído,App,PIX
O0013539,C00781,2024-07-21,Concluído,Site,Cartão
O0013540,C00781,2025-04-11,Concluído,Site,Cartão
O0013541,C03277,2025-12-15,Concluído,Marketplace,Cartão
O0013542,C03277,2025-09-24,Concluído,Site,Cartão
O0013543,C03277,2025-11-18,Concluído,App,Cartão
O0013544,C04524,2024-12-07,Concluído,Site,PIX
O0013545,C04524,2025-12-08,Concluído,Marketplace,Boleto
O0013546,C04524,2025-12-08,Concluído,Site,Cartão
O0013547,C04524,2024-06-27,Concluído,App,PIX
O0013548,C02918,2025-12-04,Concluído,Site,Cartão
O0013549,C04878,2025-09-29,Concluído,Site,Cartão
O0013550,C02364,2025-12-08,Concluído,Marketplace,Cartão
O0013551,C02364,2025-10-04,Concluído,Marketplace,Cartão
O0013552,C02364,2025-08-24,Concluído,Site,PIX
O0013553,C02364,2025-11-08,Concluído,Marketplace,Boleto
